prompt,name,problem_type,language,parallelism_model,temperature,top_p,do_sample,max_new_tokens,prompted,generated_output,did_build,is_source_valid,best_sequential_runtime,output_idx,virtual_memory_used,max_gpu_memory_usage,max_gpu_utilization,average_gpu_memory_usage,average_gpu_utilization,generation_times
"#include <hpx/hpx_main.hpp>\n\n/* Return the logical XOR reduction of the vector of bools x.\n   Use HPX to reduce in parallel.  Assume HPX has already been initialized.\n   Example:\n\n   input: [false, false, false, true]\n   output: true\n*/\nbool reduceLogicalXOR(std::vector<bool> const& x) {",25_reduce_xor,reduce,cpp,hpx,0.2,0.95,True,2048,False,"bool reduceLogicalXOR(std::vector<bool> const& x) {\n    return hpx::reduce(hpx::execution::par, x.begin(), x.end(), false, std::bit_xor<bool>{});\n}",False,True,,0,N/A,,,,,11.443052053451538
"#include <hpx/hpx_main.hpp>\n\n/* Return the logical XOR reduction of the vector of bools x.\n   Use HPX to reduce in parallel.  Assume HPX has already been initialized.\n   Example:\n\n   input: [false, false, false, true]\n   output: true\n*/\nbool reduceLogicalXOR(std::vector<bool> const& x) {",25_reduce_xor,reduce,cpp,hpx,0.2,0.95,True,2048,False,"bool reduceLogicalXOR(std::vector<bool> const& x) {\n    return hpx::reduce(hpx::execution::par, x.begin(), x.end(), false,\n                       [](bool a, bool b) { return a != b; });\n}",False,True,,1,N/A,,,,,9.283079624176025
"#include <hpx/hpx_main.hpp>\n\n/* Return the logical XOR reduction of the vector of bools x.\n   Use HPX to reduce in parallel.  Assume HPX has already been initialized.\n   Example:\n\n   input: [false, false, false, true]\n   output: true\n*/\nbool reduceLogicalXOR(std::vector<bool> const& x) {",25_reduce_xor,reduce,cpp,hpx,0.2,0.95,True,2048,False,"{\n    return hpx::reduce(hpx::execution::par, x.begin(), x.end(), false,\n                       std::logical_xor<bool>{});\n}",False,True,,2,N/A,,,,,12.257849931716919
"#include <hpx/hpx_main.hpp>\n\n/* Return the logical XOR reduction of the vector of bools x.\n   Use HPX to reduce in parallel.  Assume HPX has already been initialized.\n   Example:\n\n   input: [false, false, false, true]\n   output: true\n*/\nbool reduceLogicalXOR(std::vector<bool> const& x) {",25_reduce_xor,reduce,cpp,hpx,0.2,0.95,True,2048,False,"bool reduceLogicalXOR(std::vector<bool> const& x) {\n    return hpx::reduce(hpx::execution::par, x.begin(), x.end(), false,\n                       [](bool a, bool b) { return a != b; });\n}",False,True,,3,N/A,,,,,10.53567886352539
"#include <hpx/hpx_main.hpp>\n\n/* Return the logical XOR reduction of the vector of bools x.\n   Use HPX to reduce in parallel.  Assume HPX has already been initialized.\n   Example:\n\n   input: [false, false, false, true]\n   output: true\n*/\nbool reduceLogicalXOR(std::vector<bool> const& x) {",25_reduce_xor,reduce,cpp,hpx,0.2,0.95,True,2048,False,"bool reduceLogicalXOR(std::vector<bool> const& x) {\n    return hpx::reduce(hpx::execution::par, x.begin(), x.end(), false,\n                       [](bool a, bool b) { return a ^ b; });\n}",False,True,,4,N/A,,,,,10.91487193107605
"#include <hpx/hpx_main.hpp>\n\n/* Return the logical XOR reduction of the vector of bools x.\n   Use HPX to reduce in parallel.  Assume HPX has already been initialized.\n   Example:\n\n   input: [false, false, false, true]\n   output: true\n*/\nbool reduceLogicalXOR(std::vector<bool> const& x) {",25_reduce_xor,reduce,cpp,hpx,0.2,0.95,True,2048,False,"{\n    return hpx::reduce(hpx::execution::par, x.begin(), x.end(), false,\n        [](bool a, bool b) { return a ^ b; });\n}",False,True,,5,N/A,,,,,7.676056385040283
"#include <hpx/hpx_main.hpp>\n\n/* Return the logical XOR reduction of the vector of bools x.\n   Use HPX to reduce in parallel.  Assume HPX has already been initialized.\n   Example:\n\n   input: [false, false, false, true]\n   output: true\n*/\nbool reduceLogicalXOR(std::vector<bool> const& x) {",25_reduce_xor,reduce,cpp,hpx,0.2,0.95,True,2048,False,"bool reduceLogicalXOR(std::vector<bool> const& x) {\n    return hpx::reduce(hpx::execution::par, x.begin(), x.end(), false,\n                       [](bool a, bool b) { return a ^ b; });\n}",False,True,,6,N/A,,,,,11.377220392227173
"#include <hpx/hpx_main.hpp>\n\n/* Return the logical XOR reduction of the vector of bools x.\n   Use HPX to reduce in parallel.  Assume HPX has already been initialized.\n   Example:\n\n   input: [false, false, false, true]\n   output: true\n*/\nbool reduceLogicalXOR(std::vector<bool> const& x) {",25_reduce_xor,reduce,cpp,hpx,0.2,0.95,True,2048,False,"bool reduceLogicalXOR(std::vector<bool> const& x) {\n    return hpx::reduce(hpx::execution::par, x.begin(), x.end(), false,\n                       [](bool a, bool b) { return a ^ b; });\n}",False,True,,7,N/A,,,,,12.009209394454956
"#include <hpx/hpx_main.hpp>\n\n/* Return the logical XOR reduction of the vector of bools x.\n   Use HPX to reduce in parallel.  Assume HPX has already been initialized.\n   Example:\n\n   input: [false, false, false, true]\n   output: true\n*/\nbool reduceLogicalXOR(std::vector<bool> const& x) {",25_reduce_xor,reduce,cpp,hpx,0.2,0.95,True,2048,False,"bool reduceLogicalXOR(std::vector<bool> const& x) {\n    return hpx::reduce(hpx::execution::par, x.begin(), x.end(), false, std::bit_xor<bool>{});\n}",False,True,,8,N/A,,,,,9.064586639404297
"#include <hpx/hpx_main.hpp>\n\n/* Return the logical XOR reduction of the vector of bools x.\n   Use HPX to reduce in parallel.  Assume HPX has already been initialized.\n   Example:\n\n   input: [false, false, false, true]\n   output: true\n*/\nbool reduceLogicalXOR(std::vector<bool> const& x) {",25_reduce_xor,reduce,cpp,hpx,0.2,0.95,True,2048,False,"bool reduceLogicalXOR(std::vector<bool> const& x) {\n    return hpx::reduce(hpx::execution::par, x.begin(), x.end(), false,\n                       [](bool a, bool b) { return a ^ b; });\n}",False,True,,9,N/A,,,,,8.87949824333191
"#include <hpx/hpx_main.hpp>\n\n/* Return the logical XOR reduction of the vector of bools x.\n   Use HPX to reduce in parallel.  Assume HPX has already been initialized.\n   Example:\n\n   input: [false, false, false, true]\n   output: true\n*/\nbool reduceLogicalXOR(std::vector<bool> const& x) {",25_reduce_xor,reduce,cpp,hpx,0.2,0.95,True,2048,False,"bool reduceLogicalXOR(std::vector<bool> const& x) {\n    return hpx::reduce(hpx::execution::par, x.begin(), x.end(), false,\n                       std::logical_xor<bool>{});\n}",False,True,,10,N/A,,,,,9.393972158432007
"#include <hpx/hpx_main.hpp>\n\n/* Return the logical XOR reduction of the vector of bools x.\n   Use HPX to reduce in parallel.  Assume HPX has already been initialized.\n   Example:\n\n   input: [false, false, false, true]\n   output: true\n*/\nbool reduceLogicalXOR(std::vector<bool> const& x) {",25_reduce_xor,reduce,cpp,hpx,0.2,0.95,True,2048,False,"bool reduceLogicalXOR(std::vector<bool> const& x) {\n    return hpx::reduce(hpx::execution::par, x.begin(), x.end(), false, std::bit_xor<bool>{});\n}",False,True,,11,N/A,,,,,7.905865907669067
"#include <hpx/hpx_main.hpp>\n\n/* Return the logical XOR reduction of the vector of bools x.\n   Use HPX to reduce in parallel.  Assume HPX has already been initialized.\n   Example:\n\n   input: [false, false, false, true]\n   output: true\n*/\nbool reduceLogicalXOR(std::vector<bool> const& x) {",25_reduce_xor,reduce,cpp,hpx,0.2,0.95,True,2048,False,"bool reduceLogicalXOR(std::vector<bool> const& x) {\n    return hpx::reduce(hpx::execution::par, x.begin(), x.end(), false, std::bit_xor<bool>{});\n}",False,True,,12,N/A,,,,,15.018560647964478
"#include <hpx/hpx_main.hpp>\n\n/* Return the logical XOR reduction of the vector of bools x.\n   Use HPX to reduce in parallel.  Assume HPX has already been initialized.\n   Example:\n\n   input: [false, false, false, true]\n   output: true\n*/\nbool reduceLogicalXOR(std::vector<bool> const& x) {",25_reduce_xor,reduce,cpp,hpx,0.2,0.95,True,2048,False,"bool reduceLogicalXOR(std::vector<bool> const& x) {\n    return hpx::reduce(hpx::execution::par, x.begin(), x.end(), false,\n        [](bool a, bool b) { return a ^ b; });\n}",False,True,,13,N/A,,,,,22.380499124526978
"#include <hpx/hpx_main.hpp>\n\n/* Return the logical XOR reduction of the vector of bools x.\n   Use HPX to reduce in parallel.  Assume HPX has already been initialized.\n   Example:\n\n   input: [false, false, false, true]\n   output: true\n*/\nbool reduceLogicalXOR(std::vector<bool> const& x) {",25_reduce_xor,reduce,cpp,hpx,0.2,0.95,True,2048,False,"bool reduceLogicalXOR(std::vector<bool> const& x) {\n    return hpx::reduce(hpx::execution::par, x.begin(), x.end(), false, std::logical_xor<bool>{});\n}",False,True,,14,N/A,,,,,11.152202129364014
"#include <hpx/hpx_main.hpp>\n\n/* Return the logical XOR reduction of the vector of bools x.\n   Use HPX to reduce in parallel.  Assume HPX has already been initialized.\n   Example:\n\n   input: [false, false, false, true]\n   output: true\n*/\nbool reduceLogicalXOR(std::vector<bool> const& x) {",25_reduce_xor,reduce,cpp,hpx,0.2,0.95,True,2048,False,"bool reduceLogicalXOR(std::vector<bool> const& x) {\n    return hpx::reduce(hpx::execution::par, x.begin(), x.end(), false, std::bit_xor<bool>{});\n}",False,True,,15,N/A,,,,,14.786497116088867
"#include <hpx/hpx_main.hpp>\n\n/* Return the logical XOR reduction of the vector of bools x.\n   Use HPX to reduce in parallel.  Assume HPX has already been initialized.\n   Example:\n\n   input: [false, false, false, true]\n   output: true\n*/\nbool reduceLogicalXOR(std::vector<bool> const& x) {",25_reduce_xor,reduce,cpp,hpx,0.2,0.95,True,2048,False,"bool reduceLogicalXOR(std::vector<bool> const& x) {\n    return hpx::reduce(hpx::execution::par, x.begin(), x.end(), false,\n        [](bool a, bool b) { return a ^ b; });\n}",False,True,,16,N/A,,,,,12.096452713012695
"#include <hpx/hpx_main.hpp>\n\n/* Return the logical XOR reduction of the vector of bools x.\n   Use HPX to reduce in parallel.  Assume HPX has already been initialized.\n   Example:\n\n   input: [false, false, false, true]\n   output: true\n*/\nbool reduceLogicalXOR(std::vector<bool> const& x) {",25_reduce_xor,reduce,cpp,hpx,0.2,0.95,True,2048,False,"{\n    return hpx::transform_reduce(\n        hpx::execution::par,\n        x.begin(), x.end(),\n        false,\n        std::bit_xor<bool>(),\n        [](bool v) { return v; }\n    );\n}",False,True,,17,N/A,,,,,16.76518440246582
"#include <hpx/hpx_main.hpp>\n\n/* Return the logical XOR reduction of the vector of bools x.\n   Use HPX to reduce in parallel.  Assume HPX has already been initialized.\n   Example:\n\n   input: [false, false, false, true]\n   output: true\n*/\nbool reduceLogicalXOR(std::vector<bool> const& x) {",25_reduce_xor,reduce,cpp,hpx,0.2,0.95,True,2048,False,"bool reduceLogicalXOR(std::vector<bool> const& x) {\n    return hpx::reduce(hpx::execution::par, x.begin(), x.end(), false,\n        [](bool a, bool b) { return a ^ b; });\n}",False,True,,18,N/A,,,,,11.314266681671143
"#include <hpx/hpx_main.hpp>\n\n/* Return the logical XOR reduction of the vector of bools x.\n   Use HPX to reduce in parallel.  Assume HPX has already been initialized.\n   Example:\n\n   input: [false, false, false, true]\n   output: true\n*/\nbool reduceLogicalXOR(std::vector<bool> const& x) {",25_reduce_xor,reduce,cpp,hpx,0.2,0.95,True,2048,False,"bool reduceLogicalXOR(std::vector<bool> const& x) {\n    return hpx::reduce(hpx::execution::par, x.begin(), x.end(), false, std::logical_xor<bool>());\n}",False,True,,19,N/A,,,,,13.823142290115356
"#include <hpx/hpx_main.hpp>\n\n/* Return the logical XOR reduction of the vector of bools x.\n   Use HPX to reduce in parallel.  Assume HPX has already been initialized.\n   Example:\n\n   input: [false, false, false, true]\n   output: true\n*/\nbool reduceLogicalXOR(std::vector<bool> const& x) {",25_reduce_xor,reduce,cpp,hpx,0.2,0.95,True,2048,False,"bool reduceLogicalXOR(std::vector<bool> const& x) {\n    return hpx::reduce(hpx::execution::par, x.begin(), x.end(), false,\n                       [](bool a, bool b) { return a ^ b; });\n}",False,True,,20,N/A,,,,,10.61606478691101
"#include <hpx/hpx_main.hpp>\n\n/* Return the logical XOR reduction of the vector of bools x.\n   Use HPX to reduce in parallel.  Assume HPX has already been initialized.\n   Example:\n\n   input: [false, false, false, true]\n   output: true\n*/\nbool reduceLogicalXOR(std::vector<bool> const& x) {",25_reduce_xor,reduce,cpp,hpx,0.2,0.95,True,2048,False,"bool reduceLogicalXOR(std::vector<bool> const& x) {\n    return hpx::reduce(hpx::execution::par, x.begin(), x.end(), false, std::logical_xor<bool>{});\n}",False,True,,21,N/A,,,,,15.445272207260132
"#include <hpx/hpx_main.hpp>\n\n/* Return the logical XOR reduction of the vector of bools x.\n   Use HPX to reduce in parallel.  Assume HPX has already been initialized.\n   Example:\n\n   input: [false, false, false, true]\n   output: true\n*/\nbool reduceLogicalXOR(std::vector<bool> const& x) {",25_reduce_xor,reduce,cpp,hpx,0.2,0.95,True,2048,False,"bool reduceLogicalXOR(std::vector<bool> const& x) {\n    return hpx::reduce(hpx::execution::par, x.begin(), x.end(), false, std::bit_xor<bool>{});\n}",False,True,,22,N/A,,,,,14.453847646713257
"#include <hpx/hpx_main.hpp>\n\n/* Return the logical XOR reduction of the vector of bools x.\n   Use HPX to reduce in parallel.  Assume HPX has already been initialized.\n   Example:\n\n   input: [false, false, false, true]\n   output: true\n*/\nbool reduceLogicalXOR(std::vector<bool> const& x) {",25_reduce_xor,reduce,cpp,hpx,0.2,0.95,True,2048,False,"bool reduceLogicalXOR(std::vector<bool> const& x) {\n    return hpx::reduce(hpx::execution::par, x.begin(), x.end(), false, std::logical_xor<bool>{});\n}",False,True,,23,N/A,,,,,16.551824808120728
"#include <hpx/hpx_main.hpp>\n\n/* Return the logical XOR reduction of the vector of bools x.\n   Use HPX to reduce in parallel.  Assume HPX has already been initialized.\n   Example:\n\n   input: [false, false, false, true]\n   output: true\n*/\nbool reduceLogicalXOR(std::vector<bool> const& x) {",25_reduce_xor,reduce,cpp,hpx,0.2,0.95,True,2048,False,"bool reduceLogicalXOR(std::vector<bool> const& x) {\n    return hpx::reduce(hpx::execution::par, x.begin(), x.end(), false, std::logical_xor<bool>{});\n}",False,True,,24,N/A,,,,,17.118876695632935
"#include <hpx/hpx_main.hpp>\n\n/* Return the logical XOR reduction of the vector of bools x.\n   Use HPX to reduce in parallel.  Assume HPX has already been initialized.\n   Example:\n\n   input: [false, false, false, true]\n   output: true\n*/\nbool reduceLogicalXOR(std::vector<bool> const& x) {",25_reduce_xor,reduce,cpp,hpx,0.2,0.95,True,2048,False,"bool reduceLogicalXOR(std::vector<bool> const& x) {\n    return hpx::reduce(hpx::execution::par, x.begin(), x.end(), false, std::bit_xor<bool>{});\n}",False,True,,25,N/A,,,,,13.581937551498413
"#include <hpx/hpx_main.hpp>\n\n/* Return the logical XOR reduction of the vector of bools x.\n   Use HPX to reduce in parallel.  Assume HPX has already been initialized.\n   Example:\n\n   input: [false, false, false, true]\n   output: true\n*/\nbool reduceLogicalXOR(std::vector<bool> const& x) {",25_reduce_xor,reduce,cpp,hpx,0.2,0.95,True,2048,False,"bool reduceLogicalXOR(std::vector<bool> const& x) {\n    return hpx::reduce(hpx::execution::par, x.begin(), x.end(), false, std::bit_xor<bool>{});\n}",False,True,,26,N/A,,,,,16.810002088546753
"#include <hpx/hpx_main.hpp>\n\n/* Return the logical XOR reduction of the vector of bools x.\n   Use HPX to reduce in parallel.  Assume HPX has already been initialized.\n   Example:\n\n   input: [false, false, false, true]\n   output: true\n*/\nbool reduceLogicalXOR(std::vector<bool> const& x) {",25_reduce_xor,reduce,cpp,hpx,0.2,0.95,True,2048,False,"bool reduceLogicalXOR(std::vector<bool> const& x) {\n    return hpx::reduce(hpx::execution::par, x.begin(), x.end(), false, std::bit_xor<bool>{});\n}",False,True,,27,N/A,,,,,13.584961891174316
"#include <hpx/hpx_main.hpp>\n\n/* Return the logical XOR reduction of the vector of bools x.\n   Use HPX to reduce in parallel.  Assume HPX has already been initialized.\n   Example:\n\n   input: [false, false, false, true]\n   output: true\n*/\nbool reduceLogicalXOR(std::vector<bool> const& x) {",25_reduce_xor,reduce,cpp,hpx,0.2,0.95,True,2048,False,"bool reduceLogicalXOR(std::vector<bool> const& x) {\n    return hpx::reduce(hpx::execution::par, x.begin(), x.end(), false, std::logical_xor<bool>{});\n}",False,True,,28,N/A,,,,,7.9509358406066895
"#include <hpx/hpx_main.hpp>\n\n/* Return the logical XOR reduction of the vector of bools x.\n   Use HPX to reduce in parallel.  Assume HPX has already been initialized.\n   Example:\n\n   input: [false, false, false, true]\n   output: true\n*/\nbool reduceLogicalXOR(std::vector<bool> const& x) {",25_reduce_xor,reduce,cpp,hpx,0.2,0.95,True,2048,False,"bool reduceLogicalXOR(std::vector<bool> const& x) {\n    return hpx::reduce(hpx::execution::par, x.begin(), x.end(), false,\n                       [](bool a, bool b) { return a ^ b; });\n}",False,True,,29,N/A,,,,,11.795989513397217
"#include <hpx/hpx_main.hpp>\n\n/* Return the logical XOR reduction of the vector of bools x.\n   Use HPX to reduce in parallel.  Assume HPX has already been initialized.\n   Example:\n\n   input: [false, false, false, true]\n   output: true\n*/\nbool reduceLogicalXOR(std::vector<bool> const& x) {",25_reduce_xor,reduce,cpp,hpx,0.2,0.95,True,2048,False,"bool reduceLogicalXOR(std::vector<bool> const& x) {\n    return hpx::reduce(\n        hpx::execution::par, x.begin(), x.end(), false,\n        [](bool a, bool b) { return a ^ b; });\n}",False,True,,30,N/A,,,,,11.613961219787598
"#include <hpx/hpx_main.hpp>\n\n/* Return the logical XOR reduction of the vector of bools x.\n   Use HPX to reduce in parallel.  Assume HPX has already been initialized.\n   Example:\n\n   input: [false, false, false, true]\n   output: true\n*/\nbool reduceLogicalXOR(std::vector<bool> const& x) {",25_reduce_xor,reduce,cpp,hpx,0.2,0.95,True,2048,False,"bool reduceLogicalXOR(std::vector<bool> const& x) {\n    return hpx::reduce(hpx::execution::par, x.begin(), x.end(), false,\n                       [](bool a, bool b) { return a ^ b; });\n}",False,True,,31,N/A,,,,,12.543999195098877
"#include <hpx/hpx_main.hpp>\n\n/* Return the logical XOR reduction of the vector of bools x.\n   Use HPX to reduce in parallel.  Assume HPX has already been initialized.\n   Example:\n\n   input: [false, false, false, true]\n   output: true\n*/\nbool reduceLogicalXOR(std::vector<bool> const& x) {",25_reduce_xor,reduce,cpp,hpx,0.2,0.95,True,2048,False,"bool reduceLogicalXOR(std::vector<bool> const& x) {\n    return hpx::reduce(hpx::execution::par, x.begin(), x.end(), false,\n        [](bool a, bool b) { return a ^ b; });\n}",False,True,,32,N/A,,,,,11.057699203491211
"#include <hpx/hpx_main.hpp>\n\n/* Return the logical XOR reduction of the vector of bools x.\n   Use HPX to reduce in parallel.  Assume HPX has already been initialized.\n   Example:\n\n   input: [false, false, false, true]\n   output: true\n*/\nbool reduceLogicalXOR(std::vector<bool> const& x) {",25_reduce_xor,reduce,cpp,hpx,0.2,0.95,True,2048,False,"bool reduceLogicalXOR(std::vector<bool> const& x) {\n    return hpx::reduce(hpx::execution::par, x.begin(), x.end(), false, std::logical_xor<bool>{});\n}",False,True,,33,N/A,,,,,12.471673727035522
"#include <hpx/hpx_main.hpp>\n\n/* Return the logical XOR reduction of the vector of bools x.\n   Use HPX to reduce in parallel.  Assume HPX has already been initialized.\n   Example:\n\n   input: [false, false, false, true]\n   output: true\n*/\nbool reduceLogicalXOR(std::vector<bool> const& x) {",25_reduce_xor,reduce,cpp,hpx,0.2,0.95,True,2048,False,"bool reduceLogicalXOR(std::vector<bool> const& x) {\n    return hpx::reduce(hpx::execution::par, x.begin(), x.end(), false,\n                       [](bool a, bool b) { return a ^ b; });\n}",False,True,,34,N/A,,,,,12.552915096282959
"#include <hpx/hpx_main.hpp>\n\n/* Return the logical XOR reduction of the vector of bools x.\n   Use HPX to reduce in parallel.  Assume HPX has already been initialized.\n   Example:\n\n   input: [false, false, false, true]\n   output: true\n*/\nbool reduceLogicalXOR(std::vector<bool> const& x) {",25_reduce_xor,reduce,cpp,hpx,0.2,0.95,True,2048,False,"bool reduceLogicalXOR(std::vector<bool> const& x) {\n    return hpx::reduce(hpx::execution::par, x.begin(), x.end(), false, std::logical_xor<bool>{});\n}",False,True,,35,N/A,,,,,19.554709434509277
"#include <hpx/hpx_main.hpp>\n\n/* Return the logical XOR reduction of the vector of bools x.\n   Use HPX to reduce in parallel.  Assume HPX has already been initialized.\n   Example:\n\n   input: [false, false, false, true]\n   output: true\n*/\nbool reduceLogicalXOR(std::vector<bool> const& x) {",25_reduce_xor,reduce,cpp,hpx,0.2,0.95,True,2048,False,"bool reduceLogicalXOR(std::vector<bool> const& x) {\n    return hpx::reduce(hpx::execution::par, x.begin(), x.end(), false, std::logical_xor<bool>{});\n}",False,True,,36,N/A,,,,,14.766464471817017
"#include <hpx/hpx_main.hpp>\n\n/* Return the logical XOR reduction of the vector of bools x.\n   Use HPX to reduce in parallel.  Assume HPX has already been initialized.\n   Example:\n\n   input: [false, false, false, true]\n   output: true\n*/\nbool reduceLogicalXOR(std::vector<bool> const& x) {",25_reduce_xor,reduce,cpp,hpx,0.2,0.95,True,2048,False,"bool reduceLogicalXOR(std::vector<bool> const& x) {\n    return hpx::transform_reduce(\n        hpx::execution::par, x.begin(), x.end(),\n        false,\n        std::logical_xor<bool>{},\n        [](auto v) { return static_cast<bool>(v); });\n}",False,True,,37,N/A,,,,,13.439296245574951
"#include <hpx/hpx_main.hpp>\n\n/* Return the logical XOR reduction of the vector of bools x.\n   Use HPX to reduce in parallel.  Assume HPX has already been initialized.\n   Example:\n\n   input: [false, false, false, true]\n   output: true\n*/\nbool reduceLogicalXOR(std::vector<bool> const& x) {",25_reduce_xor,reduce,cpp,hpx,0.2,0.95,True,2048,False,"bool reduceLogicalXOR(std::vector<bool> const& x) {\n    return hpx::reduce(hpx::execution::par, x.begin(), x.end(), false, std::bit_xor<bool>{});\n}",False,True,,38,N/A,,,,,7.678962707519531
"#include <hpx/hpx_main.hpp>\n\n/* Return the logical XOR reduction of the vector of bools x.\n   Use HPX to reduce in parallel.  Assume HPX has already been initialized.\n   Example:\n\n   input: [false, false, false, true]\n   output: true\n*/\nbool reduceLogicalXOR(std::vector<bool> const& x) {",25_reduce_xor,reduce,cpp,hpx,0.2,0.95,True,2048,False,"bool reduceLogicalXOR(std::vector<bool> const& x) {\n    return hpx::reduce(hpx::execution::par, x.begin(), x.end(), false,\n                       [](bool a, bool b) { return a ^ b; });\n}",False,True,,39,N/A,,,,,11.87069845199585
"#include <hpx/hpx_main.hpp>\n\n/* Return the logical XOR reduction of the vector of bools x.\n   Use HPX to reduce in parallel.  Assume HPX has already been initialized.\n   Example:\n\n   input: [false, false, false, true]\n   output: true\n*/\nbool reduceLogicalXOR(std::vector<bool> const& x) {",25_reduce_xor,reduce,cpp,hpx,0.2,0.95,True,2048,False,"bool reduceLogicalXOR(std::vector<bool> const& x) {\n    return hpx::reduce(hpx::execution::par, x.begin(), x.end(), false,\n                       [](bool a, bool b) { return a ^ b; });\n}",False,True,,40,N/A,,,,,10.484325408935547
"#include <hpx/hpx_main.hpp>\n\n/* Return the logical XOR reduction of the vector of bools x.\n   Use HPX to reduce in parallel.  Assume HPX has already been initialized.\n   Example:\n\n   input: [false, false, false, true]\n   output: true\n*/\nbool reduceLogicalXOR(std::vector<bool> const& x) {",25_reduce_xor,reduce,cpp,hpx,0.2,0.95,True,2048,False,"bool reduceLogicalXOR(std::vector<bool> const& x) {\n    return hpx::reduce(hpx::execution::par, x.begin(), x.end(), false, std::bit_xor<bool>{});\n}",False,True,,41,N/A,,,,,13.700805425643921
"#include <hpx/hpx_main.hpp>\n\n/* Return the logical XOR reduction of the vector of bools x.\n   Use HPX to reduce in parallel.  Assume HPX has already been initialized.\n   Example:\n\n   input: [false, false, false, true]\n   output: true\n*/\nbool reduceLogicalXOR(std::vector<bool> const& x) {",25_reduce_xor,reduce,cpp,hpx,0.2,0.95,True,2048,False,"bool reduceLogicalXOR(std::vector<bool> const& x) {\n    return hpx::reduce(hpx::execution::par, x.begin(), x.end(), false, std::logical_xor<>());\n}",False,True,,42,N/A,,,,,11.339728355407715
"#include <hpx/hpx_main.hpp>\n\n/* Return the logical XOR reduction of the vector of bools x.\n   Use HPX to reduce in parallel.  Assume HPX has already been initialized.\n   Example:\n\n   input: [false, false, false, true]\n   output: true\n*/\nbool reduceLogicalXOR(std::vector<bool> const& x) {",25_reduce_xor,reduce,cpp,hpx,0.2,0.95,True,2048,False,"bool reduceLogicalXOR(std::vector<bool> const& x) {\n    return hpx::reduce(hpx::execution::par, x.begin(), x.end(), false,\n                       [](bool a, bool b) { return a != b; });\n}",False,True,,43,N/A,,,,,10.682087659835815
"#include <hpx/hpx_main.hpp>\n\n/* Return the logical XOR reduction of the vector of bools x.\n   Use HPX to reduce in parallel.  Assume HPX has already been initialized.\n   Example:\n\n   input: [false, false, false, true]\n   output: true\n*/\nbool reduceLogicalXOR(std::vector<bool> const& x) {",25_reduce_xor,reduce,cpp,hpx,0.2,0.95,True,2048,False,"bool reduceLogicalXOR(std::vector<bool> const& x) {\n    return hpx::transform_reduce(\n        hpx::execution::par, x.begin(), x.end(),\n        false, std::bit_xor<bool>{},\n        [](bool v) { return v; });\n}",False,True,,44,N/A,,,,,9.0587477684021
"#include <hpx/hpx_main.hpp>\n\n/* Return the logical XOR reduction of the vector of bools x.\n   Use HPX to reduce in parallel.  Assume HPX has already been initialized.\n   Example:\n\n   input: [false, false, false, true]\n   output: true\n*/\nbool reduceLogicalXOR(std::vector<bool> const& x) {",25_reduce_xor,reduce,cpp,hpx,0.2,0.95,True,2048,False,"bool reduceLogicalXOR(std::vector<bool> const& x) {\n    return hpx::reduce(hpx::execution::par, x.begin(), x.end(),\n                       false, std::bit_xor<bool>{});\n}",False,True,,45,N/A,,,,,11.062859058380127
"#include <hpx/hpx_main.hpp>\n\n/* Return the logical XOR reduction of the vector of bools x.\n   Use HPX to reduce in parallel.  Assume HPX has already been initialized.\n   Example:\n\n   input: [false, false, false, true]\n   output: true\n*/\nbool reduceLogicalXOR(std::vector<bool> const& x) {",25_reduce_xor,reduce,cpp,hpx,0.2,0.95,True,2048,False,"bool reduceLogicalXOR(std::vector<bool> const& x) {\n    return hpx::reduce(\n        hpx::execution::par,\n        x.begin(), x.end(),\n        false,\n        [](bool a, bool b) { return a ^ b; });\n}",False,True,,46,N/A,,,,,11.270111799240112
"#include <hpx/hpx_main.hpp>\n\n/* Return the logical XOR reduction of the vector of bools x.\n   Use HPX to reduce in parallel.  Assume HPX has already been initialized.\n   Example:\n\n   input: [false, false, false, true]\n   output: true\n*/\nbool reduceLogicalXOR(std::vector<bool> const& x) {",25_reduce_xor,reduce,cpp,hpx,0.2,0.95,True,2048,False,"bool reduceLogicalXOR(std::vector<bool> const& x) {\n    return hpx::transform_reduce(\n        hpx::execution::par,\n        x.begin(), x.end(),\n        false,\n        std::logical_xor<bool>{},\n        [](auto v) { return static_cast<bool>(v); });\n}",False,True,,47,N/A,,,,,12.976326704025269
"#include <hpx/hpx_main.hpp>\n\n/* Return the logical XOR reduction of the vector of bools x.\n   Use HPX to reduce in parallel.  Assume HPX has already been initialized.\n   Example:\n\n   input: [false, false, false, true]\n   output: true\n*/\nbool reduceLogicalXOR(std::vector<bool> const& x) {",25_reduce_xor,reduce,cpp,hpx,0.2,0.95,True,2048,False,"bool reduceLogicalXOR(std::vector<bool> const& x) {\n    return hpx::reduce(hpx::execution::par, x.begin(), x.end(), false, std::bit_xor<bool>{});\n}",False,True,,48,N/A,,,,,9.4734206199646
"#include <hpx/hpx_main.hpp>\n\n/* Return the logical XOR reduction of the vector of bools x.\n   Use HPX to reduce in parallel.  Assume HPX has already been initialized.\n   Example:\n\n   input: [false, false, false, true]\n   output: true\n*/\nbool reduceLogicalXOR(std::vector<bool> const& x) {",25_reduce_xor,reduce,cpp,hpx,0.2,0.95,True,2048,False,"bool reduceLogicalXOR(std::vector<bool> const& x) {\n    return hpx::reduce(hpx::execution::par, x.begin(), x.end(), false, std::logical_xor<bool>{});\n}",False,True,,49,N/A,,,,,11.607759952545166
"#include <hpx/hpx_main.hpp>\n\n/* Return the logical XOR reduction of the vector of bools x.\n   Use HPX to reduce in parallel.  Assume HPX has already been initialized.\n   Example:\n\n   input: [false, false, false, true]\n   output: true\n*/\nbool reduceLogicalXOR(std::vector<bool> const& x) {",25_reduce_xor,reduce,cpp,hpx,0.2,0.95,True,2048,False,"bool reduceLogicalXOR(std::vector<bool> const& x) {\n    return hpx::reduce(hpx::execution::par, x.begin(), x.end(), false, std::logical_xor<bool>{});\n}",False,True,,50,N/A,,,,,11.445064067840576
"#include <hpx/hpx_main.hpp>\n\n/* Return the logical XOR reduction of the vector of bools x.\n   Use HPX to reduce in parallel.  Assume HPX has already been initialized.\n   Example:\n\n   input: [false, false, false, true]\n   output: true\n*/\nbool reduceLogicalXOR(std::vector<bool> const& x) {",25_reduce_xor,reduce,cpp,hpx,0.2,0.95,True,2048,False,"bool reduceLogicalXOR(std::vector<bool> const& x) {\n    return hpx::transform_reduce(\n        hpx::execution::par,\n        x.begin(), x.end(),\n        false,\n        std::logical_xor<bool>{},\n        [](auto b) { return static_cast<bool>(b); });\n}",False,True,,51,N/A,,,,,11.080919742584229
"#include <hpx/hpx_main.hpp>\n\n/* Return the logical XOR reduction of the vector of bools x.\n   Use HPX to reduce in parallel.  Assume HPX has already been initialized.\n   Example:\n\n   input: [false, false, false, true]\n   output: true\n*/\nbool reduceLogicalXOR(std::vector<bool> const& x) {",25_reduce_xor,reduce,cpp,hpx,0.2,0.95,True,2048,False,"bool reduceLogicalXOR(std::vector<bool> const& x) {\n    return hpx::reduce(hpx::execution::par, x.begin(), x.end(), false, std::bit_xor<>{});\n}",False,True,,52,N/A,,,,,8.91951036453247
"#include <hpx/hpx_main.hpp>\n\n/* Return the logical XOR reduction of the vector of bools x.\n   Use HPX to reduce in parallel.  Assume HPX has already been initialized.\n   Example:\n\n   input: [false, false, false, true]\n   output: true\n*/\nbool reduceLogicalXOR(std::vector<bool> const& x) {",25_reduce_xor,reduce,cpp,hpx,0.2,0.95,True,2048,False,"bool reduceLogicalXOR(std::vector<bool> const& x) {\n    return hpx::reduce(hpx::execution::par, x.begin(), x.end(), false, std::logical_xor<bool>{});\n}",False,True,,53,N/A,,,,,8.67544412612915
"#include <hpx/hpx_main.hpp>\n\n/* Return the logical XOR reduction of the vector of bools x.\n   Use HPX to reduce in parallel.  Assume HPX has already been initialized.\n   Example:\n\n   input: [false, false, false, true]\n   output: true\n*/\nbool reduceLogicalXOR(std::vector<bool> const& x) {",25_reduce_xor,reduce,cpp,hpx,0.2,0.95,True,2048,False,"bool reduceLogicalXOR(std::vector<bool> const& x) {\n    return hpx::reduce(hpx::execution::par, x.begin(), x.end(), false, std::logical_xor<bool>{});\n}",False,True,,54,N/A,,,,,7.598459720611572
"#include <hpx/hpx_main.hpp>\n\n/* Return the logical XOR reduction of the vector of bools x.\n   Use HPX to reduce in parallel.  Assume HPX has already been initialized.\n   Example:\n\n   input: [false, false, false, true]\n   output: true\n*/\nbool reduceLogicalXOR(std::vector<bool> const& x) {",25_reduce_xor,reduce,cpp,hpx,0.2,0.95,True,2048,False,"return hpx::reduce(hpx::execution::par, x.begin(), x.end(), false, std::bit_xor<bool>{});",False,True,,55,N/A,,,,,7.507575988769531
"#include <hpx/hpx_main.hpp>\n\n/* Return the logical XOR reduction of the vector of bools x.\n   Use HPX to reduce in parallel.  Assume HPX has already been initialized.\n   Example:\n\n   input: [false, false, false, true]\n   output: true\n*/\nbool reduceLogicalXOR(std::vector<bool> const& x) {",25_reduce_xor,reduce,cpp,hpx,0.2,0.95,True,2048,False,"bool reduceLogicalXOR(std::vector<bool> const& x) {\n    return hpx::reduce(hpx::execution::par, x.begin(), x.end(), false, std::logical_xor<bool>{});\n}",False,True,,56,N/A,,,,,8.629667043685913
"#include <hpx/hpx_main.hpp>\n\n/* Return the logical XOR reduction of the vector of bools x.\n   Use HPX to reduce in parallel.  Assume HPX has already been initialized.\n   Example:\n\n   input: [false, false, false, true]\n   output: true\n*/\nbool reduceLogicalXOR(std::vector<bool> const& x) {",25_reduce_xor,reduce,cpp,hpx,0.2,0.95,True,2048,False,"bool reduceLogicalXOR(std::vector<bool> const& x) {\n    return hpx::reduce(hpx::execution::par, x.begin(), x.end(), false, std::bit_xor<bool>{});\n}",False,True,,57,N/A,,,,,8.064480781555176
"#include <hpx/hpx_main.hpp>\n\n/* Return the logical XOR reduction of the vector of bools x.\n   Use HPX to reduce in parallel.  Assume HPX has already been initialized.\n   Example:\n\n   input: [false, false, false, true]\n   output: true\n*/\nbool reduceLogicalXOR(std::vector<bool> const& x) {",25_reduce_xor,reduce,cpp,hpx,0.2,0.95,True,2048,False,"bool reduceLogicalXOR(std::vector<bool> const& x) {\n    return hpx::reduce(hpx::execution::par, x.begin(), x.end(), false,\n                       [](bool a, bool b) { return a ^ b; });\n}",False,True,,58,N/A,,,,,10.553647518157959
"#include <hpx/hpx_main.hpp>\n\n/* Return the logical XOR reduction of the vector of bools x.\n   Use HPX to reduce in parallel.  Assume HPX has already been initialized.\n   Example:\n\n   input: [false, false, false, true]\n   output: true\n*/\nbool reduceLogicalXOR(std::vector<bool> const& x) {",25_reduce_xor,reduce,cpp,hpx,0.2,0.95,True,2048,False,"bool reduceLogicalXOR(std::vector<bool> const& x) {\n    return hpx::reduce(hpx::execution::par, x.begin(), x.end(), false, std::logical_xor<bool>{});\n}",False,True,,59,N/A,,,,,11.003202199935913
"#include <hpx/hpx_main.hpp>\n\n/* Return the logical XOR reduction of the vector of bools x.\n   Use HPX to reduce in parallel.  Assume HPX has already been initialized.\n   Example:\n\n   input: [false, false, false, true]\n   output: true\n*/\nbool reduceLogicalXOR(std::vector<bool> const& x) {",25_reduce_xor,reduce,cpp,hpx,0.2,0.95,True,2048,False,"bool reduceLogicalXOR(std::vector<bool> const& x) {\n    return hpx::reduce(hpx::execution::par, x.begin(), x.end(), false, std::bit_xor<bool>{});\n}",False,True,,60,N/A,,,,,10.66414999961853
"#include <hpx/hpx_main.hpp>\n\n/* Return the logical XOR reduction of the vector of bools x.\n   Use HPX to reduce in parallel.  Assume HPX has already been initialized.\n   Example:\n\n   input: [false, false, false, true]\n   output: true\n*/\nbool reduceLogicalXOR(std::vector<bool> const& x) {",25_reduce_xor,reduce,cpp,hpx,0.2,0.95,True,2048,False,"bool reduceLogicalXOR(std::vector<bool> const& x) {\n    return hpx::transform_reduce(\n        hpx::execution::par, x.begin(), x.end(), false,\n        [](bool a, bool b) { return a != b; },            // XOR reduce\n        [](bool v) { return static_cast<bool>(v); }        // ensure bool from proxy\n    );\n}",False,True,,61,N/A,,,,,13.045528888702393
"#include <hpx/hpx_main.hpp>\n\n/* Return the logical XOR reduction of the vector of bools x.\n   Use HPX to reduce in parallel.  Assume HPX has already been initialized.\n   Example:\n\n   input: [false, false, false, true]\n   output: true\n*/\nbool reduceLogicalXOR(std::vector<bool> const& x) {",25_reduce_xor,reduce,cpp,hpx,0.2,0.95,True,2048,False,"bool reduceLogicalXOR(std::vector<bool> const& x) {\n    return hpx::reduce(hpx::execution::par, x.begin(), x.end(), false, std::bit_xor<bool>{});\n}",False,True,,62,N/A,,,,,11.668442010879517
"#include <hpx/hpx_main.hpp>\n\n/* Return the logical XOR reduction of the vector of bools x.\n   Use HPX to reduce in parallel.  Assume HPX has already been initialized.\n   Example:\n\n   input: [false, false, false, true]\n   output: true\n*/\nbool reduceLogicalXOR(std::vector<bool> const& x) {",25_reduce_xor,reduce,cpp,hpx,0.2,0.95,True,2048,False,"bool reduceLogicalXOR(std::vector<bool> const& x) {\n    return hpx::reduce(hpx::execution::par, x.begin(), x.end(), false, std::bit_xor<bool>{});\n}",False,True,,63,N/A,,,,,7.698519945144653
"#include <hpx/hpx_main.hpp>\n\n/* Return the logical XOR reduction of the vector of bools x.\n   Use HPX to reduce in parallel.  Assume HPX has already been initialized.\n   Example:\n\n   input: [false, false, false, true]\n   output: true\n*/\nbool reduceLogicalXOR(std::vector<bool> const& x) {",25_reduce_xor,reduce,cpp,hpx,0.2,0.95,True,2048,False,"{\n    return hpx::reduce(hpx::execution::par, x.begin(), x.end(), false, std::logical_xor<bool>{});\n}",False,True,,64,N/A,,,,,8.80549144744873
"#include <hpx/hpx_main.hpp>\n\n/* Return the logical XOR reduction of the vector of bools x.\n   Use HPX to reduce in parallel.  Assume HPX has already been initialized.\n   Example:\n\n   input: [false, false, false, true]\n   output: true\n*/\nbool reduceLogicalXOR(std::vector<bool> const& x) {",25_reduce_xor,reduce,cpp,hpx,0.2,0.95,True,2048,False,"bool reduceLogicalXOR(std::vector<bool> const& x) {\n    return hpx::reduce(hpx::execution::par, x.begin(), x.end(), false, std::logical_xor<bool>());\n}",False,True,,65,N/A,,,,,8.831887483596802
"#include <hpx/hpx_main.hpp>\n\n/* Return the logical XOR reduction of the vector of bools x.\n   Use HPX to reduce in parallel.  Assume HPX has already been initialized.\n   Example:\n\n   input: [false, false, false, true]\n   output: true\n*/\nbool reduceLogicalXOR(std::vector<bool> const& x) {",25_reduce_xor,reduce,cpp,hpx,0.2,0.95,True,2048,False,"bool reduceLogicalXOR(std::vector<bool> const& x) {\n    return hpx::reduce(hpx::execution::par, x.begin(), x.end(), false, std::bit_xor<bool>{});\n}",False,True,,66,N/A,,,,,9.248312711715698
"#include <hpx/hpx_main.hpp>\n\n/* Return the logical XOR reduction of the vector of bools x.\n   Use HPX to reduce in parallel.  Assume HPX has already been initialized.\n   Example:\n\n   input: [false, false, false, true]\n   output: true\n*/\nbool reduceLogicalXOR(std::vector<bool> const& x) {",25_reduce_xor,reduce,cpp,hpx,0.2,0.95,True,2048,False,"bool reduceLogicalXOR(std::vector<bool> const& x) {\n    return hpx::reduce(hpx::execution::par, x.begin(), x.end(), false,\n                       [](bool a, bool b) { return a ^ b; });\n}",False,True,,67,N/A,,,,,9.115679740905762
"#include <hpx/hpx_main.hpp>\n\n/* Return the logical XOR reduction of the vector of bools x.\n   Use HPX to reduce in parallel.  Assume HPX has already been initialized.\n   Example:\n\n   input: [false, false, false, true]\n   output: true\n*/\nbool reduceLogicalXOR(std::vector<bool> const& x) {",25_reduce_xor,reduce,cpp,hpx,0.2,0.95,True,2048,False,"bool reduceLogicalXOR(std::vector<bool> const& x) {\n    return hpx::reduce(hpx::execution::par, x.begin(), x.end(), false, std::logical_xor<bool>{});\n}",False,True,,68,N/A,,,,,9.151222229003906
"#include <hpx/hpx_main.hpp>\n\n/* Return the logical XOR reduction of the vector of bools x.\n   Use HPX to reduce in parallel.  Assume HPX has already been initialized.\n   Example:\n\n   input: [false, false, false, true]\n   output: true\n*/\nbool reduceLogicalXOR(std::vector<bool> const& x) {",25_reduce_xor,reduce,cpp,hpx,0.2,0.95,True,2048,False,"bool reduceLogicalXOR(std::vector<bool> const& x) {\n    return hpx::reduce(hpx::execution::par, x.begin(), x.end(), false,\n                       [](bool a, bool b) { return a ^ b; });\n}",False,True,,69,N/A,,,,,8.505834817886353
"#include <hpx/hpx_main.hpp>\n\n/* Return the logical XOR reduction of the vector of bools x.\n   Use HPX to reduce in parallel.  Assume HPX has already been initialized.\n   Example:\n\n   input: [false, false, false, true]\n   output: true\n*/\nbool reduceLogicalXOR(std::vector<bool> const& x) {",25_reduce_xor,reduce,cpp,hpx,0.2,0.95,True,2048,False,"bool reduceLogicalXOR(std::vector<bool> const& x) {\n    return hpx::reduce(hpx::execution::par, x.begin(), x.end(), false, std::logical_xor<bool>{});\n}",False,True,,70,N/A,,,,,10.005773782730103
"#include <hpx/hpx_main.hpp>\n\n/* Return the logical XOR reduction of the vector of bools x.\n   Use HPX to reduce in parallel.  Assume HPX has already been initialized.\n   Example:\n\n   input: [false, false, false, true]\n   output: true\n*/\nbool reduceLogicalXOR(std::vector<bool> const& x) {",25_reduce_xor,reduce,cpp,hpx,0.2,0.95,True,2048,False,"bool reduceLogicalXOR(std::vector<bool> const& x) {\n    return hpx::reduce(hpx::execution::par, x.begin(), x.end(), false, std::logical_xor<bool>{});\n}",False,True,,71,N/A,,,,,8.449976205825806
"#include <hpx/hpx_main.hpp>\n\n/* Return the logical XOR reduction of the vector of bools x.\n   Use HPX to reduce in parallel.  Assume HPX has already been initialized.\n   Example:\n\n   input: [false, false, false, true]\n   output: true\n*/\nbool reduceLogicalXOR(std::vector<bool> const& x) {",25_reduce_xor,reduce,cpp,hpx,0.2,0.95,True,2048,False,"bool reduceLogicalXOR(std::vector<bool> const& x) {\n    return hpx::reduce(hpx::execution::par, x.begin(), x.end(), false,\n                       [](bool a, bool b) { return a != b; });\n}",False,True,,72,N/A,,,,,9.261223316192627
"#include <hpx/hpx_main.hpp>\n\n/* Return the logical XOR reduction of the vector of bools x.\n   Use HPX to reduce in parallel.  Assume HPX has already been initialized.\n   Example:\n\n   input: [false, false, false, true]\n   output: true\n*/\nbool reduceLogicalXOR(std::vector<bool> const& x) {",25_reduce_xor,reduce,cpp,hpx,0.2,0.95,True,2048,False,"bool reduceLogicalXOR(std::vector<bool> const& x) {\n    return hpx::transform_reduce(\n        hpx::execution::par,\n        x.begin(), x.end(),\n        false,\n        [](bool a, bool b) { return a ^ b; },\n        [](auto v) { return static_cast<bool>(v); });\n}",False,True,,73,N/A,,,,,15.03248929977417
"#include <hpx/hpx_main.hpp>\n\n/* Return the logical XOR reduction of the vector of bools x.\n   Use HPX to reduce in parallel.  Assume HPX has already been initialized.\n   Example:\n\n   input: [false, false, false, true]\n   output: true\n*/\nbool reduceLogicalXOR(std::vector<bool> const& x) {",25_reduce_xor,reduce,cpp,hpx,0.2,0.95,True,2048,False,"bool reduceLogicalXOR(std::vector<bool> const& x) {\n    return hpx::reduce(hpx::execution::par, x.begin(), x.end(), false, std::bit_xor<bool>{});\n}",False,True,,74,N/A,,,,,8.061597347259521
"#include <hpx/hpx_main.hpp>\n\n/* Return the logical XOR reduction of the vector of bools x.\n   Use HPX to reduce in parallel.  Assume HPX has already been initialized.\n   Example:\n\n   input: [false, false, false, true]\n   output: true\n*/\nbool reduceLogicalXOR(std::vector<bool> const& x) {",25_reduce_xor,reduce,cpp,hpx,0.2,0.95,True,2048,False,"bool reduceLogicalXOR(std::vector<bool> const& x) {\n    return std::reduce(hpx::execution::par, x.begin(), x.end(), false, std::bit_xor<bool>{});\n}",False,True,,75,N/A,,,,,9.670141696929932
"#include <hpx/hpx_main.hpp>\n\n/* Return the logical XOR reduction of the vector of bools x.\n   Use HPX to reduce in parallel.  Assume HPX has already been initialized.\n   Example:\n\n   input: [false, false, false, true]\n   output: true\n*/\nbool reduceLogicalXOR(std::vector<bool> const& x) {",25_reduce_xor,reduce,cpp,hpx,0.2,0.95,True,2048,False,"bool reduceLogicalXOR(std::vector<bool> const& x) {\n    return hpx::reduce(\n        hpx::execution::par,\n        x.begin(), x.end(),\n        false,\n        [](bool a, bool b) { return a ^ b; });\n}",False,True,,76,N/A,,,,,10.751278400421143
"#include <hpx/hpx_main.hpp>\n\n/* Return the logical XOR reduction of the vector of bools x.\n   Use HPX to reduce in parallel.  Assume HPX has already been initialized.\n   Example:\n\n   input: [false, false, false, true]\n   output: true\n*/\nbool reduceLogicalXOR(std::vector<bool> const& x) {",25_reduce_xor,reduce,cpp,hpx,0.2,0.95,True,2048,False,"bool reduceLogicalXOR(std::vector<bool> const& x) {\n    return hpx::reduce(hpx::execution::par, x.begin(), x.end(), false, std::bit_xor<bool>{});\n}",False,True,,77,N/A,,,,,8.402881145477295
"#include <hpx/hpx_main.hpp>\n\n/* Return the logical XOR reduction of the vector of bools x.\n   Use HPX to reduce in parallel.  Assume HPX has already been initialized.\n   Example:\n\n   input: [false, false, false, true]\n   output: true\n*/\nbool reduceLogicalXOR(std::vector<bool> const& x) {",25_reduce_xor,reduce,cpp,hpx,0.2,0.95,True,2048,False,"bool reduceLogicalXOR(std::vector<bool> const& x) {\n    return hpx::reduce(hpx::execution::par, x.begin(), x.end(), false, std::bit_xor<bool>{});\n}",False,True,,78,N/A,,,,,11.387571334838867
"#include <hpx/hpx_main.hpp>\n\n/* Return the logical XOR reduction of the vector of bools x.\n   Use HPX to reduce in parallel.  Assume HPX has already been initialized.\n   Example:\n\n   input: [false, false, false, true]\n   output: true\n*/\nbool reduceLogicalXOR(std::vector<bool> const& x) {",25_reduce_xor,reduce,cpp,hpx,0.2,0.95,True,2048,False,"bool reduceLogicalXOR(std::vector<bool> const& x) {\n    return hpx::reduce(hpx::execution::par, x.begin(), x.end(), false, std::logical_xor<bool>{});\n}",False,True,,79,N/A,,,,,8.97992992401123
"#include <hpx/hpx_main.hpp>\n\n/* Return the logical XOR reduction of the vector of bools x.\n   Use HPX to reduce in parallel.  Assume HPX has already been initialized.\n   Example:\n\n   input: [false, false, false, true]\n   output: true\n*/\nbool reduceLogicalXOR(std::vector<bool> const& x) {",25_reduce_xor,reduce,cpp,hpx,0.2,0.95,True,2048,False,"bool reduceLogicalXOR(std::vector<bool> const& x) {\n    return hpx::reduce(hpx::execution::par, x.begin(), x.end(), false, std::logical_xor<bool>{});\n}",False,True,,80,N/A,,,,,9.751095056533813
"#include <hpx/hpx_main.hpp>\n\n/* Return the logical XOR reduction of the vector of bools x.\n   Use HPX to reduce in parallel.  Assume HPX has already been initialized.\n   Example:\n\n   input: [false, false, false, true]\n   output: true\n*/\nbool reduceLogicalXOR(std::vector<bool> const& x) {",25_reduce_xor,reduce,cpp,hpx,0.2,0.95,True,2048,False,"bool reduceLogicalXOR(std::vector<bool> const& x) {\n    return hpx::reduce(hpx::execution::par, x.begin(), x.end(), false,\n                       [](bool a, bool b) { return a != b; });\n}",False,True,,81,N/A,,,,,9.159249782562256
"#include <hpx/hpx_main.hpp>\n\n/* Return the logical XOR reduction of the vector of bools x.\n   Use HPX to reduce in parallel.  Assume HPX has already been initialized.\n   Example:\n\n   input: [false, false, false, true]\n   output: true\n*/\nbool reduceLogicalXOR(std::vector<bool> const& x) {",25_reduce_xor,reduce,cpp,hpx,0.2,0.95,True,2048,False,"bool reduceLogicalXOR(std::vector<bool> const& x) {\n    return hpx::reduce(hpx::execution::par, x.begin(), x.end(),\n                       false, [](bool a, bool b) { return a ^ b; });\n}",False,True,,82,N/A,,,,,9.264888763427734
"#include <hpx/hpx_main.hpp>\n\n/* Return the logical XOR reduction of the vector of bools x.\n   Use HPX to reduce in parallel.  Assume HPX has already been initialized.\n   Example:\n\n   input: [false, false, false, true]\n   output: true\n*/\nbool reduceLogicalXOR(std::vector<bool> const& x) {",25_reduce_xor,reduce,cpp,hpx,0.2,0.95,True,2048,False,"bool reduceLogicalXOR(std::vector<bool> const& x) {\n    return hpx::reduce(hpx::execution::par, x.begin(), x.end(), false,\n        [](bool a, bool b) { return a != b; });\n}",False,True,,83,N/A,,,,,8.548243999481201
"#include <hpx/hpx_main.hpp>\n\n/* Return the logical XOR reduction of the vector of bools x.\n   Use HPX to reduce in parallel.  Assume HPX has already been initialized.\n   Example:\n\n   input: [false, false, false, true]\n   output: true\n*/\nbool reduceLogicalXOR(std::vector<bool> const& x) {",25_reduce_xor,reduce,cpp,hpx,0.2,0.95,True,2048,False,"{\n    return hpx::reduce(hpx::execution::par, x.begin(), x.end(), false,\n                       [](bool a, bool b) { return a != b; });\n}",False,True,,84,N/A,,,,,10.286917924880981
"#include <hpx/hpx_main.hpp>\n\n/* Return the logical XOR reduction of the vector of bools x.\n   Use HPX to reduce in parallel.  Assume HPX has already been initialized.\n   Example:\n\n   input: [false, false, false, true]\n   output: true\n*/\nbool reduceLogicalXOR(std::vector<bool> const& x) {",25_reduce_xor,reduce,cpp,hpx,0.2,0.95,True,2048,False,"bool reduceLogicalXOR(std::vector<bool> const& x) {\n    return hpx::reduce(hpx::execution::par, x.begin(), x.end(), false, std::bit_xor<bool>{});\n}",False,True,,85,N/A,,,,,9.813132524490356
"#include <hpx/hpx_main.hpp>\n\n/* Return the logical XOR reduction of the vector of bools x.\n   Use HPX to reduce in parallel.  Assume HPX has already been initialized.\n   Example:\n\n   input: [false, false, false, true]\n   output: true\n*/\nbool reduceLogicalXOR(std::vector<bool> const& x) {",25_reduce_xor,reduce,cpp,hpx,0.2,0.95,True,2048,False,"bool reduceLogicalXOR(std::vector<bool> const& x) {\n    return hpx::reduce(hpx::execution::par, x.begin(), x.end(), false,\n                       [](bool a, bool b) { return a != b; });\n}",False,True,,86,N/A,,,,,7.023390531539917
"#include <hpx/hpx_main.hpp>\n\n/* Return the logical XOR reduction of the vector of bools x.\n   Use HPX to reduce in parallel.  Assume HPX has already been initialized.\n   Example:\n\n   input: [false, false, false, true]\n   output: true\n*/\nbool reduceLogicalXOR(std::vector<bool> const& x) {",25_reduce_xor,reduce,cpp,hpx,0.2,0.95,True,2048,False,bool reduceLogicalXOR(std,False,False,,87,N/A,,,,,15.508057832717896
"#include <hpx/hpx_main.hpp>\n\n/* Return the logical XOR reduction of the vector of bools x.\n   Use HPX to reduce in parallel.  Assume HPX has already been initialized.\n   Example:\n\n   input: [false, false, false, true]\n   output: true\n*/\nbool reduceLogicalXOR(std::vector<bool> const& x) {",25_reduce_xor,reduce,cpp,hpx,0.2,0.95,True,2048,False,"bool reduceLogicalXOR(std::vector<bool> const& x) {\n    return hpx::reduce(hpx::execution::par, x.begin(), x.end(), false, std::logical_xor<bool>{});\n}",False,True,,88,N/A,,,,,7.525100946426392
"#include <hpx/hpx_main.hpp>\n\n/* Return the logical XOR reduction of the vector of bools x.\n   Use HPX to reduce in parallel.  Assume HPX has already been initialized.\n   Example:\n\n   input: [false, false, false, true]\n   output: true\n*/\nbool reduceLogicalXOR(std::vector<bool> const& x) {",25_reduce_xor,reduce,cpp,hpx,0.2,0.95,True,2048,False,"bool reduceLogicalXOR(std::vector<bool> const& x) {\n    return hpx::reduce(hpx::execution::par, x.begin(), x.end(), false,\n                       [](bool a, bool b) { return a ^ b; });\n}",False,True,,89,N/A,,,,,11.222758769989014
"#include <hpx/hpx_main.hpp>\n\n/* Return the logical XOR reduction of the vector of bools x.\n   Use HPX to reduce in parallel.  Assume HPX has already been initialized.\n   Example:\n\n   input: [false, false, false, true]\n   output: true\n*/\nbool reduceLogicalXOR(std::vector<bool> const& x) {",25_reduce_xor,reduce,cpp,hpx,0.2,0.95,True,2048,False,"bool reduceLogicalXOR(std::vector<bool> const& x) {\n    return hpx::reduce(hpx::execution::par, x.begin(), x.end(), false, std::logical_xor<>{});\n}",False,True,,90,N/A,,,,,13.637019395828247
"#include <hpx/hpx_main.hpp>\n\n/* Return the logical XOR reduction of the vector of bools x.\n   Use HPX to reduce in parallel.  Assume HPX has already been initialized.\n   Example:\n\n   input: [false, false, false, true]\n   output: true\n*/\nbool reduceLogicalXOR(std::vector<bool> const& x) {",25_reduce_xor,reduce,cpp,hpx,0.2,0.95,True,2048,False,"bool reduceLogicalXOR(std::vector<bool> const& x) {\n    return hpx::transform_reduce(\n        hpx::execution::par,\n        x.begin(), x.end(),\n        false,\n        std::logical_xor<bool>{},\n        [](auto v) { return static_cast<bool>(v); });\n}",False,True,,91,N/A,,,,,10.316686630249023
"#include <hpx/hpx_main.hpp>\n\n/* Return the logical XOR reduction of the vector of bools x.\n   Use HPX to reduce in parallel.  Assume HPX has already been initialized.\n   Example:\n\n   input: [false, false, false, true]\n   output: true\n*/\nbool reduceLogicalXOR(std::vector<bool> const& x) {",25_reduce_xor,reduce,cpp,hpx,0.2,0.95,True,2048,False,"bool reduceLogicalXOR(std::vector<bool> const& x) {\n    return hpx::reduce(hpx::execution::par, x.begin(), x.end(), false, std::bit_xor<bool>{});\n}",False,True,,92,N/A,,,,,10.26163101196289
"#include <hpx/hpx_main.hpp>\n\n/* Return the logical XOR reduction of the vector of bools x.\n   Use HPX to reduce in parallel.  Assume HPX has already been initialized.\n   Example:\n\n   input: [false, false, false, true]\n   output: true\n*/\nbool reduceLogicalXOR(std::vector<bool> const& x) {",25_reduce_xor,reduce,cpp,hpx,0.2,0.95,True,2048,False,"bool reduceLogicalXOR(std::vector<bool> const& x) {\n    return hpx::reduce(hpx::execution::par, x.begin(), x.end(), false,\n        [](bool a, bool b) { return a ^ b; });\n}",False,True,,93,N/A,,,,,9.64283537864685
"#include <hpx/hpx_main.hpp>\n\n/* Return the logical XOR reduction of the vector of bools x.\n   Use HPX to reduce in parallel.  Assume HPX has already been initialized.\n   Example:\n\n   input: [false, false, false, true]\n   output: true\n*/\nbool reduceLogicalXOR(std::vector<bool> const& x) {",25_reduce_xor,reduce,cpp,hpx,0.2,0.95,True,2048,False,"bool reduceLogicalXOR(std::vector<bool> const& x) {\n    return hpx::reduce(hpx::execution::par, x.begin(), x.end(), false,\n        [](bool a, bool b) { return a ^ b; });\n}",False,True,,94,N/A,,,,,8.698333501815796
"#include <hpx/hpx_main.hpp>\n\n/* Return the logical XOR reduction of the vector of bools x.\n   Use HPX to reduce in parallel.  Assume HPX has already been initialized.\n   Example:\n\n   input: [false, false, false, true]\n   output: true\n*/\nbool reduceLogicalXOR(std::vector<bool> const& x) {",25_reduce_xor,reduce,cpp,hpx,0.2,0.95,True,2048,False,"bool reduceLogicalXOR(std::vector<bool> const& x) {\n    return hpx::reduce(hpx::execution::par, x.begin(), x.end(), false,\n                       [](bool a, bool b) { return a ^ b; });\n}",False,True,,95,N/A,,,,,13.207542896270752
"#include <hpx/hpx_main.hpp>\n\n/* Return the logical XOR reduction of the vector of bools x.\n   Use HPX to reduce in parallel.  Assume HPX has already been initialized.\n   Example:\n\n   input: [false, false, false, true]\n   output: true\n*/\nbool reduceLogicalXOR(std::vector<bool> const& x) {",25_reduce_xor,reduce,cpp,hpx,0.2,0.95,True,2048,False,"bool reduceLogicalXOR(std::vector<bool> const& x) {\n    return hpx::transform_reduce(\n        hpx::execution::par,\n        x.begin(), x.end(),\n        false,\n        std::logical_xor<bool>{},\n        [](bool b) { return b; });\n}",False,True,,96,N/A,,,,,15.292492389678955
"#include <hpx/hpx_main.hpp>\n\n/* Return the logical XOR reduction of the vector of bools x.\n   Use HPX to reduce in parallel.  Assume HPX has already been initialized.\n   Example:\n\n   input: [false, false, false, true]\n   output: true\n*/\nbool reduceLogicalXOR(std::vector<bool> const& x) {",25_reduce_xor,reduce,cpp,hpx,0.2,0.95,True,2048,False,"bool reduceLogicalXOR(std::vector<bool> const& x) {\n    return hpx::reduce(hpx::execution::par, x.begin(), x.end(), false,\n                       [](bool a, bool b) { return a ^ b; });\n}",False,True,,97,N/A,,,,,10.23539924621582
"#include <hpx/hpx_main.hpp>\n\n/* Return the logical XOR reduction of the vector of bools x.\n   Use HPX to reduce in parallel.  Assume HPX has already been initialized.\n   Example:\n\n   input: [false, false, false, true]\n   output: true\n*/\nbool reduceLogicalXOR(std::vector<bool> const& x) {",25_reduce_xor,reduce,cpp,hpx,0.2,0.95,True,2048,False,"bool reduceLogicalXOR(std::vector<bool> const& x) {\n    return hpx::reduce(hpx::execution::par, x.begin(), x.end(), false,\n                       [](bool a, bool b) { return a ^ b; });\n}",False,True,,98,N/A,,,,,11.5206937789917
"#include <hpx/hpx_main.hpp>\n\n/* Return the logical XOR reduction of the vector of bools x.\n   Use HPX to reduce in parallel.  Assume HPX has already been initialized.\n   Example:\n\n   input: [false, false, false, true]\n   output: true\n*/\nbool reduceLogicalXOR(std::vector<bool> const& x) {",25_reduce_xor,reduce,cpp,hpx,0.2,0.95,True,2048,False,"bool reduceLogicalXOR(std::vector<bool> const& x) {\n    return hpx::reduce(hpx::execution::par, x.begin(), x.end(), false, std::logical_xor<bool>{});\n}",False,True,,99,N/A,,,,,7.782591342926025
"#include <hpx/hpx_main.hpp>\n\n/* Return the product of the vector x with every odd indexed element inverted.\n   i.e. x_0 * 1/x_1 * x_2 * 1/x_3 * x_4 ...\n   Use HPX to compute product in parallel.  Assume HPX has already been initialized.\n   Example:\n\n   input: [4, 2, 10, 4, 5]\n   output: 25\n*/\ndouble productWithInverses(std::vector<double> const& x) {",26_reduce_product_of_inverses,reduce,cpp,hpx,0.2,0.95,True,2048,False,"double productWithInverses(std::vector<double> const& x) {\n    using hpx::execution::par;\n    auto first = hpx::util::counting_iterator<std::size_t>(0);\n    auto last  = hpx::util::counting_iterator<std::size_t>(x.size());\n\n    return hpx::transform_reduce(\n        par, first, last, 1.0, std::multiplies<double>{},\n        [&x](std::size_t i) {\n            double v = x[i];\n            return (i & 1) ? (1.0 / v) : v;\n        });\n}",False,True,,0,N/A,,,,,15.959635257720947
"#include <hpx/hpx_main.hpp>\n\n/* Return the product of the vector x with every odd indexed element inverted.\n   i.e. x_0 * 1/x_1 * x_2 * 1/x_3 * x_4 ...\n   Use HPX to compute product in parallel.  Assume HPX has already been initialized.\n   Example:\n\n   input: [4, 2, 10, 4, 5]\n   output: 25\n*/\ndouble productWithInverses(std::vector<double> const& x) {",26_reduce_product_of_inverses,reduce,cpp,hpx,0.2,0.95,True,2048,False,"double productWithInverses(std::vector<double> const& x) {\n    using hpx::execution::par;\n    std::size_t n = x.size();\n    return hpx::transform_reduce(\n        par,\n        hpx::util::counting_iterator<std::size_t>(0),\n        hpx::util::counting_iterator<std::size_t>(n),\n        1.0,\n        std::multiplies<double>{},\n        [&x](std::size_t i) {\n            double v = x[i];\n            return (i & 1) ? 1.0 / v : v;\n        });\n}",False,True,,1,N/A,,,,,15.692479848861694
"#include <hpx/hpx_main.hpp>\n\n/* Return the product of the vector x with every odd indexed element inverted.\n   i.e. x_0 * 1/x_1 * x_2 * 1/x_3 * x_4 ...\n   Use HPX to compute product in parallel.  Assume HPX has already been initialized.\n   Example:\n\n   input: [4, 2, 10, 4, 5]\n   output: 25\n*/\ndouble productWithInverses(std::vector<double> const& x) {",26_reduce_product_of_inverses,reduce,cpp,hpx,0.2,0.95,True,2048,False,"double productWithInverses(std::vector<double> const& x) {\n    using counting_iterator = hpx::iterators::counting_iterator<std::size_t>;\n    return hpx::transform_reduce(\n        hpx::execution::par,\n        counting_iterator(0), counting_iterator(x.size()),\n        1.0, std::multiplies<double>{},\n        [&x](std::size_t i) {\n            double v = x[i];\n            return (i & 1) ? 1.0 / v : v;\n        });\n}",False,True,,2,N/A,,,,,14.439252138137817
"#include <hpx/hpx_main.hpp>\n\n/* Return the product of the vector x with every odd indexed element inverted.\n   i.e. x_0 * 1/x_1 * x_2 * 1/x_3 * x_4 ...\n   Use HPX to compute product in parallel.  Assume HPX has already been initialized.\n   Example:\n\n   input: [4, 2, 10, 4, 5]\n   output: 25\n*/\ndouble productWithInverses(std::vector<double> const& x) {",26_reduce_product_of_inverses,reduce,cpp,hpx,0.2,0.95,True,2048,False,,False,False,,3,N/A,,,,,15.770089387893677
"#include <hpx/hpx_main.hpp>\n\n/* Return the product of the vector x with every odd indexed element inverted.\n   i.e. x_0 * 1/x_1 * x_2 * 1/x_3 * x_4 ...\n   Use HPX to compute product in parallel.  Assume HPX has already been initialized.\n   Example:\n\n   input: [4, 2, 10, 4, 5]\n   output: 25\n*/\ndouble productWithInverses(std::vector<double> const& x) {",26_reduce_product_of_inverses,reduce,cpp,hpx,0.2,0.95,True,2048,False,,False,False,,4,N/A,,,,,16.046910285949707
"#include <hpx/hpx_main.hpp>\n\n/* Return the product of the vector x with every odd indexed element inverted.\n   i.e. x_0 * 1/x_1 * x_2 * 1/x_3 * x_4 ...\n   Use HPX to compute product in parallel.  Assume HPX has already been initialized.\n   Example:\n\n   input: [4, 2, 10, 4, 5]\n   output: 25\n*/\ndouble productWithInverses(std::vector<double> const& x) {",26_reduce_product_of_inverses,reduce,cpp,hpx,0.2,0.95,True,2048,False,"double productWithInverses(std::vector<double> const& x) {\n    auto first = hpx::util::make_counting_iterator<std::size_t>(0);\n    auto last  = first + x.size();\n\n    return hpx::transform_reduce(\n        hpx::execution::par, first, last, 1.0, std::multiplies<>{},\n        [&x](std::size_t i) {\n            double v = x[i];\n            return (i & 1) ? (1.0 / v) : v;\n        });\n}",False,True,,5,N/A,,,,,14.291919708251953
"#include <hpx/hpx_main.hpp>\n\n/* Return the product of the vector x with every odd indexed element inverted.\n   i.e. x_0 * 1/x_1 * x_2 * 1/x_3 * x_4 ...\n   Use HPX to compute product in parallel.  Assume HPX has already been initialized.\n   Example:\n\n   input: [4, 2, 10, 4, 5]\n   output: 25\n*/\ndouble productWithInverses(std::vector<double> const& x) {",26_reduce_product_of_inverses,reduce,cpp,hpx,0.2,0.95,True,2048,False,"double productWithInverses(std::vector<double> const& x) {\n    using hpx::execution::par;\n    using hpx::util::counting_iterator;\n\n    return hpx::transform_reduce(\n        par,\n        counting_iterator<std::size_t>(0),\n        counting_iterator<std::size_t>(x.size()),\n        1.0,",False,True,,6,N/A,,,,,14.623074054718018
"#include <hpx/hpx_main.hpp>\n\n/* Return the product of the vector x with every odd indexed element inverted.\n   i.e. x_0 * 1/x_1 * x_2 * 1/x_3 * x_4 ...\n   Use HPX to compute product in parallel.  Assume HPX has already been initialized.\n   Example:\n\n   input: [4, 2, 10, 4, 5]\n   output: 25\n*/\ndouble productWithInverses(std::vector<double> const& x) {",26_reduce_product_of_inverses,reduce,cpp,hpx,0.2,0.95,True,2048,False,"double productWithInverses(std::vector<double> const& x) {\n    auto first = hpx::util::make_counting_iterator<std::size_t>(0);\n    auto last  = hpx::util::make_counting_iterator<std::size_t>(x.size());\n\n    return hpx::transform_reduce(\n        hpx::execution::par, first, last,\n        1.0, std::multiplies<double>{},",False,True,,7,N/A,,,,,15.313874006271362
"#include <hpx/hpx_main.hpp>\n\n/* Return the product of the vector x with every odd indexed element inverted.\n   i.e. x_0 * 1/x_1 * x_2 * 1/x_3 * x_4 ...\n   Use HPX to compute product in parallel.  Assume HPX has already been initialized.\n   Example:\n\n   input: [4, 2, 10, 4, 5]\n   output: 25\n*/\ndouble productWithInverses(std::vector<double> const& x) {",26_reduce_product_of_inverses,reduce,cpp,hpx,0.2,0.95,True,2048,False,"double productWithInverses(std::vector<double> const& x) {\n    using hpx::execution::par;\n    using hpx::util::counting_iterator;\n\n    std::size_t n = x.size();\n    return hpx::transform_reduce(\n        par,\n        counting_iterator<std::size_t>(0),\n        counting_iterator<std::size_t>(n),\n        1.0,\n        std::multiplies<double>{},\n        [&x](std::size_t i) {\n            double v = x[i];\n            return (i & 1) ? 1.0 / v : v;\n        });\n}",False,True,,8,N/A,,,,,13.499793529510498
"#include <hpx/hpx_main.hpp>\n\n/* Return the product of the vector x with every odd indexed element inverted.\n   i.e. x_0 * 1/x_1 * x_2 * 1/x_3 * x_4 ...\n   Use HPX to compute product in parallel.  Assume HPX has already been initialized.\n   Example:\n\n   input: [4, 2, 10, 4, 5]\n   output: 25\n*/\ndouble productWithInverses(std::vector<double> const& x) {",26_reduce_product_of_inverses,reduce,cpp,hpx,0.2,0.95,True,2048,False,"double productWithInverses(std::vector<double> const& x) {\n    using counting_it = hpx::util::counting_iterator<std::size_t>;\n    return hpx::transform_reduce(\n        hpx::execution::par,\n        counting_it(0), counting_it(x.size()),\n        1.0, std::multiplies<>(),\n        [&x](std::size_t i) {\n            return (i & 1) ? 1.0 / x[i] : x[i];\n        }\n    );\n}",False,True,,9,N/A,,,,,13.42720627784729
"#include <hpx/hpx_main.hpp>\n\n/* Return the product of the vector x with every odd indexed element inverted.\n   i.e. x_0 * 1/x_1 * x_2 * 1/x_3 * x_4 ...\n   Use HPX to compute product in parallel.  Assume HPX has already been initialized.\n   Example:\n\n   input: [4, 2, 10, 4, 5]\n   output: 25\n*/\ndouble productWithInverses(std::vector<double> const& x) {",26_reduce_product_of_inverses,reduce,cpp,hpx,0.2,0.95,True,2048,False,,False,False,,10,N/A,,,,,15.589364290237427
"#include <hpx/hpx_main.hpp>\n\n/* Return the product of the vector x with every odd indexed element inverted.\n   i.e. x_0 * 1/x_1 * x_2 * 1/x_3 * x_4 ...\n   Use HPX to compute product in parallel.  Assume HPX has already been initialized.\n   Example:\n\n   input: [4, 2, 10, 4, 5]\n   output: 25\n*/\ndouble productWithInverses(std::vector<double> const& x) {",26_reduce_product_of_inverses,reduce,cpp,hpx,0.2,0.95,True,2048,False,"double productWithInverses(std::vector<double> const& x) {\n    using hpx::execution::par;\n    auto first = hpx::util::counting_iterator<std::size_t>(0);\n    auto last  = first + x.size();\n\n    return hpx::transform_reduce(\n        par, first, last, 1.0, std::multiplies<double>{},\n        [&x](std::size_t i) {\n            double v = x[i];\n            return (i & 1) ? 1.0 / v : v;\n        }\n    );\n}",False,True,,11,N/A,,,,,12.556854248046875
"#include <hpx/hpx_main.hpp>\n\n/* Return the product of the vector x with every odd indexed element inverted.\n   i.e. x_0 * 1/x_1 * x_2 * 1/x_3 * x_4 ...\n   Use HPX to compute product in parallel.  Assume HPX has already been initialized.\n   Example:\n\n   input: [4, 2, 10, 4, 5]\n   output: 25\n*/\ndouble productWithInverses(std::vector<double> const& x) {",26_reduce_product_of_inverses,reduce,cpp,hpx,0.2,0.95,True,2048,False,"double productWithInverses(std::vector<double> const& x) {\n    auto first = hpx::make_counting_iterator<std::size_t>(0);\n    auto last  = hpx::make_counting_iterator<std::size_t>(x.size());\n\n    return hpx::transform_reduce(\n        hpx::execution::par,\n        first, last,\n        1.0,\n        std::multiplies<double>{},\n        [&x](std::size_t i) { return (i % 2 == 0) ? x[i] : 1.0 / x[i]; }\n    );\n}",False,True,,12,N/A,,,,,8.70167875289917
"#include <hpx/hpx_main.hpp>\n\n/* Return the product of the vector x with every odd indexed element inverted.\n   i.e. x_0 * 1/x_1 * x_2 * 1/x_3 * x_4 ...\n   Use HPX to compute product in parallel.  Assume HPX has already been initialized.\n   Example:\n\n   input: [4, 2, 10, 4, 5]\n   output: 25\n*/\ndouble productWithInverses(std::vector<double> const& x) {",26_reduce_product_of_inverses,reduce,cpp,hpx,0.2,0.95,True,2048,False,"double productWithInverses(std::vector<double> const& x) {\n    auto first = hpx::util::counting_iterator<std::size_t>(0);\n    auto last  = hpx::util::counting_iterator<std::size_t>(x.size());\n    return hpx::transform_reduce(\n        hpx::execution::par, first, last, 1.0, std::multiplies<double>{},\n        [&x](std::size_t i) { return (i & 1) ? (1.0 / x[i]) : x[i]; });\n}",False,True,,13,N/A,,,,,13.303398370742798
"#include <hpx/hpx_main.hpp>\n\n/* Return the product of the vector x with every odd indexed element inverted.\n   i.e. x_0 * 1/x_1 * x_2 * 1/x_3 * x_4 ...\n   Use HPX to compute product in parallel.  Assume HPX has already been initialized.\n   Example:\n\n   input: [4, 2, 10, 4, 5]\n   output: 25\n*/\ndouble productWithInverses(std::vector<double> const& x) {",26_reduce_product_of_inverses,reduce,cpp,hpx,0.2,0.95,True,2048,False,"double productWithInverses(std::vector<double> const& x) {\n    auto first = hpx::util::counting_iterator<std::size_t>(0);\n    auto last  = first + x.size();\n\n    return hpx::transform_reduce(\n        hpx::execution::par,\n        first, last,\n        1.0,\n        std::multiplies<double>{},\n        [&x",False,True,,14,N/A,,,,,18.26799774169922
"#include <hpx/hpx_main.hpp>\n\n/* Return the product of the vector x with every odd indexed element inverted.\n   i.e. x_0 * 1/x_1 * x_2 * 1/x_3 * x_4 ...\n   Use HPX to compute product in parallel.  Assume HPX has already been initialized.\n   Example:\n\n   input: [4, 2, 10, 4, 5]\n   output: 25\n*/\ndouble productWithInverses(std::vector<double> const& x) {",26_reduce_product_of_inverses,reduce,cpp,hpx,0.2,0.95,True,2048,False,"double productWithInverses(std::vector<double> const& x) {\n    using iter = hpx::util::counting_iterator<std::size_t>;\n    return hpx::transform_reduce(\n        hpx::execution::par, iter(0), iter(x.size()),\n        1.0, std::multiplies<double>{},\n        [&x](std::size_t i) {\n            double v = x[i];\n            return (i & 1) ? (1.0 / v) : v;\n        });\n}",False,True,,15,N/A,,,,,15.090757846832275
"#include <hpx/hpx_main.hpp>\n\n/* Return the product of the vector x with every odd indexed element inverted.\n   i.e. x_0 * 1/x_1 * x_2 * 1/x_3 * x_4 ...\n   Use HPX to compute product in parallel.  Assume HPX has already been initialized.\n   Example:\n\n   input: [4, 2, 10, 4, 5]\n   output: 25\n*/\ndouble productWithInverses(std::vector<double> const& x) {",26_reduce_product_of_inverses,reduce,cpp,hpx,0.2,0.95,True,2048,False,"double productWithInverses(std::vector<double> const& x) {\n    auto first = hpx::util::make_counting_iterator<std::size_t>(0);\n    auto last  = hpx::util::make_counting_iterator<std::size_t>(x.size());\n\n    return hpx::transform_reduce(\n        hpx::execution::par, first, last, 1.0,\n        std::multiplies<double>{},\n        [&x](std::size_t i) {\n            double v = x[i];\n            return (i & 1) ? 1.0 / v : v;\n        });\n}",False,True,,16,N/A,,,,,10.932227611541748
"#include <hpx/hpx_main.hpp>\n\n/* Return the product of the vector x with every odd indexed element inverted.\n   i.e. x_0 * 1/x_1 * x_2 * 1/x_3 * x_4 ...\n   Use HPX to compute product in parallel.  Assume HPX has already been initialized.\n   Example:\n\n   input: [4, 2, 10, 4, 5]\n   output: 25\n*/\ndouble productWithInverses(std::vector<double> const& x) {",26_reduce_product_of_inverses,reduce,cpp,hpx,0.2,0.95,True,2048,False,"double productWithInverses(std::vector<double> const& x) {\n    auto idx_begin = hpx::util::counting_iterator<std::size_t>(0);\n    return hpx::transform_reduce(\n        hpx::execution::par, x.begin(), x.end(), idx_begin, 1.0,\n        std::multiplies<double>{},\n        [](double v, std::size_t i) { return (i & 1) ? (1.0 / v) : v; });\n}",False,True,,17,N/A,,,,,12.821582317352295
"#include <hpx/hpx_main.hpp>\n\n/* Return the product of the vector x with every odd indexed element inverted.\n   i.e. x_0 * 1/x_1 * x_2 * 1/x_3 * x_4 ...\n   Use HPX to compute product in parallel.  Assume HPX has already been initialized.\n   Example:\n\n   input: [4, 2, 10, 4, 5]\n   output: 25\n*/\ndouble productWithInverses(std::vector<double> const& x) {",26_reduce_product_of_inverses,reduce,cpp,hpx,0.2,0.95,True,2048,False,"double productWithInverses(std::vector<double> const& x) {\n    auto first = hpx::util::make_counting_iterator<std::size_t>(0);\n    auto last  = first + x.size();\n\n    return hpx::transform_reduce(\n        hpx::execution::par, first, last, 1.0, std::multiplies<double>{},\n        [&x](std::size_t i) {\n            double v = x[i];\n            return (i & 1) ? 1.0 / v : v;\n        });\n}",False,True,,18,N/A,,,,,11.922555923461914
"#include <hpx/hpx_main.hpp>\n\n/* Return the product of the vector x with every odd indexed element inverted.\n   i.e. x_0 * 1/x_1 * x_2 * 1/x_3 * x_4 ...\n   Use HPX to compute product in parallel.  Assume HPX has already been initialized.\n   Example:\n\n   input: [4, 2, 10, 4, 5]\n   output: 25\n*/\ndouble productWithInverses(std::vector<double> const& x) {",26_reduce_product_of_inverses,reduce,cpp,hpx,0.2,0.95,True,2048,False,,False,False,,19,N/A,,,,,17.960405826568604
"#include <hpx/hpx_main.hpp>\n\n/* Return the product of the vector x with every odd indexed element inverted.\n   i.e. x_0 * 1/x_1 * x_2 * 1/x_3 * x_4 ...\n   Use HPX to compute product in parallel.  Assume HPX has already been initialized.\n   Example:\n\n   input: [4, 2, 10, 4, 5]\n   output: 25\n*/\ndouble productWithInverses(std::vector<double> const& x) {",26_reduce_product_of_inverses,reduce,cpp,hpx,0.2,0.95,True,2048,False,,False,False,,20,N/A,,,,,16.536752462387085
"#include <hpx/hpx_main.hpp>\n\n/* Return the product of the vector x with every odd indexed element inverted.\n   i.e. x_0 * 1/x_1 * x_2 * 1/x_3 * x_4 ...\n   Use HPX to compute product in parallel.  Assume HPX has already been initialized.\n   Example:\n\n   input: [4, 2, 10, 4, 5]\n   output: 25\n*/\ndouble productWithInverses(std::vector<double> const& x) {",26_reduce_product_of_inverses,reduce,cpp,hpx,0.2,0.95,True,2048,False,"double productWithInverses(std::vector<double> const& x) {\n    using hpx::execution::par;\n    using hpx::util::counting_iterator;\n\n    return hpx::transform_reduce(\n        par,\n        counting_iterator<std::size_t>(0),\n        counting_iterator<std::size_t>(x.size()),\n        1.0,\n        std::multiplies<double>{},\n        [&x](std::size_t i) {\n            double xi = x[i];\n            return (i % 2 == 0) ? xi : 1.0 / xi;\n        });\n}",False,True,,21,N/A,,,,,10.632616758346558
"#include <hpx/hpx_main.hpp>\n\n/* Return the product of the vector x with every odd indexed element inverted.\n   i.e. x_0 * 1/x_1 * x_2 * 1/x_3 * x_4 ...\n   Use HPX to compute product in parallel.  Assume HPX has already been initialized.\n   Example:\n\n   input: [4, 2, 10, 4, 5]\n   output: 25\n*/\ndouble productWithInverses(std::vector<double> const& x) {",26_reduce_product_of_inverses,reduce,cpp,hpx,0.2,0.95,True,2048,False,"double productWithInverses(std::vector<double> const& x) {\n    using hpx::execution::par;\n\n    auto first = hpx::util::counting_iterator<std::size_t>(0);\n    auto last  = first + x.size();\n\n    return hpx::transform_reduce(\n        par, first, last, 1.0,\n        std::multiplies<double>{},\n        [&x](std::size_t i) {\n            double v = x[i];\n            return (i & 1) ? 1.0 / v : v;\n        });\n}",False,True,,22,N/A,,,,,12.961158275604248
"#include <hpx/hpx_main.hpp>\n\n/* Return the product of the vector x with every odd indexed element inverted.\n   i.e. x_0 * 1/x_1 * x_2 * 1/x_3 * x_4 ...\n   Use HPX to compute product in parallel.  Assume HPX has already been initialized.\n   Example:\n\n   input: [4, 2, 10, 4, 5]\n   output: 25\n*/\ndouble productWithInverses(std::vector<double> const& x) {",26_reduce_product_of_inverses,reduce,cpp,hpx,0.2,0.95,True,2048,False,,False,False,,23,N/A,,,,,17.8435537815094
"#include <hpx/hpx_main.hpp>\n\n/* Return the product of the vector x with every odd indexed element inverted.\n   i.e. x_0 * 1/x_1 * x_2 * 1/x_3 * x_4 ...\n   Use HPX to compute product in parallel.  Assume HPX has already been initialized.\n   Example:\n\n   input: [4, 2, 10, 4, 5]\n   output: 25\n*/\ndouble productWithInverses(std::vector<double> const& x) {",26_reduce_product_of_inverses,reduce,cpp,hpx,0.2,0.95,True,2048,False,"double productWithInverses(std::vector<double> const& x) {\n    auto first = hpx::util::counting_iterator<std::size_t>(0);\n    auto last  = hpx::util::counting_iterator<std::size_t>(x.size());\n\n    return hpx::transform_reduce(\n        hpx::execution::par,\n        first, last,\n        1.0,\n        std::multiplies<double>{},\n        [&x](std::size_t i) {\n            double v = x[i];\n            return (i & 1) ? 1.0 / v : v;\n        });\n}",False,True,,24,N/A,,,,,15.573359251022339
"#include <hpx/hpx_main.hpp>\n\n/* Return the product of the vector x with every odd indexed element inverted.\n   i.e. x_0 * 1/x_1 * x_2 * 1/x_3 * x_4 ...\n   Use HPX to compute product in parallel.  Assume HPX has already been initialized.\n   Example:\n\n   input: [4, 2, 10, 4, 5]\n   output: 25\n*/\ndouble productWithInverses(std::vector<double> const& x) {",26_reduce_product_of_inverses,reduce,cpp,hpx,0.2,0.95,True,2048,False,"double productWithInverses(std::vector<double> const& x) {\n    using hpx::execution::par;\n\n    auto first = hpx::util::make_counting_iterator(std::size_t{0});\n    auto last  = first + x.size();\n\n    return hpx::transform_reduce(\n        par, first, last, 1.0, std::multiplies<double>{},\n        [&x](std::size_t i) {\n            double v = x[i];\n            return (i & 1) ? 1.0 / v : v;\n        });\n}",False,True,,25,N/A,,,,,14.88633394241333
"#include <hpx/hpx_main.hpp>\n\n/* Return the product of the vector x with every odd indexed element inverted.\n   i.e. x_0 * 1/x_1 * x_2 * 1/x_3 * x_4 ...\n   Use HPX to compute product in parallel.  Assume HPX has already been initialized.\n   Example:\n\n   input: [4, 2, 10, 4, 5]\n   output: 25\n*/\ndouble productWithInverses(std::vector<double> const& x) {",26_reduce_product_of_inverses,reduce,cpp,hpx,0.2,0.95,True,2048,False,,False,False,,26,N/A,,,,,16.427120685577393
"#include <hpx/hpx_main.hpp>\n\n/* Return the product of the vector x with every odd indexed element inverted.\n   i.e. x_0 * 1/x_1 * x_2 * 1/x_3 * x_4 ...\n   Use HPX to compute product in parallel.  Assume HPX has already been initialized.\n   Example:\n\n   input: [4, 2, 10, 4, 5]\n   output: 25\n*/\ndouble productWithInverses(std::vector<double> const& x) {",26_reduce_product_of_inverses,reduce,cpp,hpx,0.2,0.95,True,2048,False,"double productWithInverses(std::vector<double> const& x) {\n    auto first = hpx::util::counting_iterator<std::size_t>(0);\n    auto last  = first + x.size();\n\n    return hpx::transform_reduce(\n        hpx::execution::par, first, last, 1.0, std::multiplies<double>{},\n        [&x](std::size_t i) {\n            double v = x[i];\n            return (i & 1) ? 1.0 / v : v;\n        });\n}",False,True,,27,N/A,,,,,15.976580381393433
"#include <hpx/hpx_main.hpp>\n\n/* Return the product of the vector x with every odd indexed element inverted.\n   i.e. x_0 * 1/x_1 * x_2 * 1/x_3 * x_4 ...\n   Use HPX to compute product in parallel.  Assume HPX has already been initialized.\n   Example:\n\n   input: [4, 2, 10, 4, 5]\n   output: 25\n*/\ndouble productWithInverses(std::vector<double> const& x) {",26_reduce_product_of_inverses,reduce,cpp,hpx,0.2,0.95,True,2048,False,,False,False,,28,N/A,,,,,16.121495723724365
"#include <hpx/hpx_main.hpp>\n\n/* Return the product of the vector x with every odd indexed element inverted.\n   i.e. x_0 * 1/x_1 * x_2 * 1/x_3 * x_4 ...\n   Use HPX to compute product in parallel.  Assume HPX has already been initialized.\n   Example:\n\n   input: [4, 2, 10, 4, 5]\n   output: 25\n*/\ndouble productWithInverses(std::vector<double> const& x) {",26_reduce_product_of_inverses,reduce,cpp,hpx,0.2,0.95,True,2048,False,,False,False,,29,N/A,,,,,19.003047943115234
"#include <hpx/hpx_main.hpp>\n\n/* Return the product of the vector x with every odd indexed element inverted.\n   i.e. x_0 * 1/x_1 * x_2 * 1/x_3 * x_4 ...\n   Use HPX to compute product in parallel.  Assume HPX has already been initialized.\n   Example:\n\n   input: [4, 2, 10, 4, 5]\n   output: 25\n*/\ndouble productWithInverses(std::vector<double> const& x) {",26_reduce_product_of_inverses,reduce,cpp,hpx,0.2,0.95,True,2048,False,,False,False,,30,N/A,,,,,15.991535425186157
"#include <hpx/hpx_main.hpp>\n\n/* Return the product of the vector x with every odd indexed element inverted.\n   i.e. x_0 * 1/x_1 * x_2 * 1/x_3 * x_4 ...\n   Use HPX to compute product in parallel.  Assume HPX has already been initialized.\n   Example:\n\n   input: [4, 2, 10, 4, 5]\n   output: 25\n*/\ndouble productWithInverses(std::vector<double> const& x) {",26_reduce_product_of_inverses,reduce,cpp,hpx,0.2,0.95,True,2048,False,"double productWithInverses(std::vector<double> const& x) {\n    auto first = hpx::make_counting_iterator<std::size_t>(0);\n    auto last  = hpx::make_counting_iterator<std::size_t>(x.size());\n\n    return hpx::transform_reduce(\n        hpx::execution::par,\n        first, last, x.begin(),\n        1.0, std::multiplies<double>{},\n        [](std::size_t i, double v) {\n            return (i & 1) ? 1.0 / v : v;\n        });\n}",False,True,,31,N/A,,,,,10.453449487686157
"#include <hpx/hpx_main.hpp>\n\n/* Return the product of the vector x with every odd indexed element inverted.\n   i.e. x_0 * 1/x_1 * x_2 * 1/x_3 * x_4 ...\n   Use HPX to compute product in parallel.  Assume HPX has already been initialized.\n   Example:\n\n   input: [4, 2, 10, 4, 5]\n   output: 25\n*/\ndouble productWithInverses(std::vector<double> const& x) {",26_reduce_product_of_inverses,reduce,cpp,hpx,0.2,0.95,True,2048,False,"double productWithInverses(std::vector<double> const& x) {\n    using idx_it = hpx::util::counting_iterator<std::size_t>;\n    auto first = idx_it(0);\n    auto last  = first + x.size();\n\n    return hpx::transform_reduce(\n        hpx::execution::par,\n        first, last,\n        1.0,\n        std::multiplies<double>{},\n        [&x](std::size_t i) {\n            double xi = x[i];\n            return (i & 1) ? (1.0 / xi) : xi;\n        });\n}",False,True,,32,N/A,,,,,16.216156721115112
"#include <hpx/hpx_main.hpp>\n\n/* Return the product of the vector x with every odd indexed element inverted.\n   i.e. x_0 * 1/x_1 * x_2 * 1/x_3 * x_4 ...\n   Use HPX to compute product in parallel.  Assume HPX has already been initialized.\n   Example:\n\n   input: [4, 2, 10, 4, 5]\n   output: 25\n*/\ndouble productWithInverses(std::vector<double> const& x) {",26_reduce_product_of_inverses,reduce,cpp,hpx,0.2,0.95,True,2048,False,"double productWithInverses(std::vector<double> const& x) {\n    using hpx::execution::par;\n\n    auto first = hpx::make_counting_iterator<std::size_t>(0);\n    auto last  = hpx::make_counting_iterator<std::size_t>(x.size());\n\n    return hpx::transform_reduce(\n        par, first, last, 1.0, std::multiplies<double>{},\n        [&](std::size_t i) {\n            double v = x[i];\n            return (i & 1) ? 1.0 / v : v;\n        });\n}",False,True,,33,N/A,,,,,11.18463945388794
"#include <hpx/hpx_main.hpp>\n\n/* Return the product of the vector x with every odd indexed element inverted.\n   i.e. x_0 * 1/x_1 * x_2 * 1/x_3 * x_4 ...\n   Use HPX to compute product in parallel.  Assume HPX has already been initialized.\n   Example:\n\n   input: [4, 2, 10, 4, 5]\n   output: 25\n*/\ndouble productWithInverses(std::vector<double> const& x) {",26_reduce_product_of_inverses,reduce,cpp,hpx,0.2,0.95,True,2048,False,,False,False,,34,N/A,,,,,15.00819182395935
"#include <hpx/hpx_main.hpp>\n\n/* Return the product of the vector x with every odd indexed element inverted.\n   i.e. x_0 * 1/x_1 * x_2 * 1/x_3 * x_4 ...\n   Use HPX to compute product in parallel.  Assume HPX has already been initialized.\n   Example:\n\n   input: [4, 2, 10, 4, 5]\n   output: 25\n*/\ndouble productWithInverses(std::vector<double> const& x) {",26_reduce_product_of_inverses,reduce,cpp,hpx,0.2,0.95,True,2048,False,"double productWithInverses(std::vector<double> const& x) {\n    using counting_it = hpx::util::counting_iterator<std::size_t>;\n    return hpx::transform_reduce(\n        hpx::execution::par,\n        counting_it(0), counting_it(x.size()),\n        1.0, std::multiplies<double>{},\n        [&x](std::size_t i) {\n            double v = x[i];\n            return (i & 1) == 0 ? v : 1.0 / v;\n        });\n}",False,True,,35,N/A,,,,,14.864573240280151
"#include <hpx/hpx_main.hpp>\n\n/* Return the product of the vector x with every odd indexed element inverted.\n   i.e. x_0 * 1/x_1 * x_2 * 1/x_3 * x_4 ...\n   Use HPX to compute product in parallel.  Assume HPX has already been initialized.\n   Example:\n\n   input: [4, 2, 10, 4, 5]\n   output: 25\n*/\ndouble productWithInverses(std::vector<double> const& x) {",26_reduce_product_of_inverses,reduce,cpp,hpx,0.2,0.95,True,2048,False,"double productWithInverses(std::vector<double> const& x) {\n    auto first = hpx::make_counting_iterator<std::size_t>(0);\n    auto last  = hpx::make_counting_iterator<std::size_t>(x.size());\n\n    return hpx::transform_reduce(\n        hpx::execution::par, first, last, 1.0, std::multiplies<double>{},\n        [&](std::size_t i) { return (i & 1) == 0 ? x[i] : 1.0 / x[i]; });\n}",False,True,,36,N/A,,,,,18.290611028671265
"#include <hpx/hpx_main.hpp>\n\n/* Return the product of the vector x with every odd indexed element inverted.\n   i.e. x_0 * 1/x_1 * x_2 * 1/x_3 * x_4 ...\n   Use HPX to compute product in parallel.  Assume HPX has already been initialized.\n   Example:\n\n   input: [4, 2, 10, 4, 5]\n   output: 25\n*/\ndouble productWithInverses(std::vector<double> const& x) {",26_reduce_product_of_inverses,reduce,cpp,hpx,0.2,0.95,True,2048,False,"double productWithInverses(std::vector<double> const& x) {\n    auto first = hpx::iterator_support::counting_iterator<std::size_t>(0);\n    auto last  = hpx::iterator_support::counting_iterator<std::size_t>(x.size());\n\n    return hpx::transform_reduce(\n        hpx::execution::par, first, last, 1.0, std::multiplies<double>{},\n        [&x](std::size_t i) { return (i & 1) ? 1.0 / x[i] : x[i]; }\n    );\n}",False,True,,37,N/A,,,,,33.53837013244629
"#include <hpx/hpx_main.hpp>\n\n/* Return the product of the vector x with every odd indexed element inverted.\n   i.e. x_0 * 1/x_1 * x_2 * 1/x_3 * x_4 ...\n   Use HPX to compute product in parallel.  Assume HPX has already been initialized.\n   Example:\n\n   input: [4, 2, 10, 4, 5]\n   output: 25\n*/\ndouble productWithInverses(std::vector<double> const& x) {",26_reduce_product_of_inverses,reduce,cpp,hpx,0.2,0.95,True,2048,False,"double productWithInverses(std::vector<double> const& x) {\n    using it = boost::counting_iterator<std::size_t>;\n    return hpx::transform_reduce(\n        hpx::execution::par,\n        it(0), it(x.size()),\n        1.0,\n        std::multiplies<double>{},\n        [&x](std::size_t i) {\n            double v = x[i];\n            return (i & 1) ? 1.0 / v : v;\n        });\n}",False,True,,38,N/A,,,,,14.479434728622437
"#include <hpx/hpx_main.hpp>\n\n/* Return the product of the vector x with every odd indexed element inverted.\n   i.e. x_0 * 1/x_1 * x_2 * 1/x_3 * x_4 ...\n   Use HPX to compute product in parallel.  Assume HPX has already been initialized.\n   Example:\n\n   input: [4, 2, 10, 4, 5]\n   output: 25\n*/\ndouble productWithInverses(std::vector<double> const& x) {",26_reduce_product_of_inverses,reduce,cpp,hpx,0.2,0.95,True,2048,False,double productWithInverses(std::vector<double> const& x) {\n    auto first = hpx::util::counting_iterator<std::size_t>(,False,True,,39,N/A,,,,,15.510521650314331
"#include <hpx/hpx_main.hpp>\n\n/* Return the product of the vector x with every odd indexed element inverted.\n   i.e. x_0 * 1/x_1 * x_2 * 1/x_3 * x_4 ...\n   Use HPX to compute product in parallel.  Assume HPX has already been initialized.\n   Example:\n\n   input: [4, 2, 10, 4, 5]\n   output: 25\n*/\ndouble productWithInverses(std::vector<double> const& x) {",26_reduce_product_of_inverses,reduce,cpp,hpx,0.2,0.95,True,2048,False,"double productWithInverses(std::vector<double> const& x) {\n    auto first = hpx::util::counting_iterator<std::size_t>(0);\n    auto last  = hpx::util::counting_iterator<std::size_t>(x.size());\n\n    return hpx::transform_reduce(\n        hpx::execution::par, first, last, 1.0,\n        std::multiplies<double>{},\n        [&x](std::size_t i) {\n            double v = x[i];\n            return (i & 1u) ? 1.0 / v : v;\n        });\n}",False,True,,40,N/A,,,,,13.030123710632324
"#include <hpx/hpx_main.hpp>\n\n/* Return the product of the vector x with every odd indexed element inverted.\n   i.e. x_0 * 1/x_1 * x_2 * 1/x_3 * x_4 ...\n   Use HPX to compute product in parallel.  Assume HPX has already been initialized.\n   Example:\n\n   input: [4, 2, 10, 4, 5]\n   output: 25\n*/\ndouble productWithInverses(std::vector<double> const& x) {",26_reduce_product_of_inverses,reduce,cpp,hpx,0.2,0.95,True,2048,False,"double productWithInverses(std::vector<double> const& x) {\n    using iterator = hpx::util::counting_iterator<std::size_t>;\n    iterator first(0), last(x.size());\n    return hpx::transform_reduce(\n        hpx::execution::par, first, last, 1.0, std::multiplies<double>{},\n        [&x](std::size_t i) {\n            double v = x[i];\n            return (i & 1) ? 1.0 / v : v;\n        });\n}",False,True,,41,N/A,,,,,13.35750126838684
"#include <hpx/hpx_main.hpp>\n\n/* Return the product of the vector x with every odd indexed element inverted.\n   i.e. x_0 * 1/x_1 * x_2 * 1/x_3 * x_4 ...\n   Use HPX to compute product in parallel.  Assume HPX has already been initialized.\n   Example:\n\n   input: [4, 2, 10, 4, 5]\n   output: 25\n*/\ndouble productWithInverses(std::vector<double> const& x) {",26_reduce_product_of_inverses,reduce,cpp,hpx,0.2,0.95,True,2048,False,"double productWithInverses(std::vector<double> const& x) {\n    auto first = hpx::util::counting_iterator<std::size_t>(0);\n    auto last  = hpx::util::counting_iterator<std::size_t>(x.size());\n\n    return hpx::transform_reduce(\n        hpx::execution::par, first, last, 1.0, std::multiplies<double>{},\n        [&x](std::size_t i) {\n            double v = x[i];\n            return (i & 1) ? (1.0 / v) : v;\n        });\n}",False,True,,42,N/A,,,,,15.02272081375122
"#include <hpx/hpx_main.hpp>\n\n/* Return the product of the vector x with every odd indexed element inverted.\n   i.e. x_0 * 1/x_1 * x_2 * 1/x_3 * x_4 ...\n   Use HPX to compute product in parallel.  Assume HPX has already been initialized.\n   Example:\n\n   input: [4, 2, 10, 4, 5]\n   output: 25\n*/\ndouble productWithInverses(std::vector<double> const& x) {",26_reduce_product_of_inverses,reduce,cpp,hpx,0.2,0.95,True,2048,False,"double productWithInverses(std::vector<double> const& x) {\n    using hpx::execution::par;\n    using hpx::util::counting_iterator;\n\n    auto first = counting_iterator<std::size_t>(0);\n    auto last  = counting_iterator<std::size_t>(x.size());\n\n    return hpx::transform_reduce(\n        par, first, last, 1.0, std::multiplies<double>{},\n        [&x](std::size_t i) {\n            double v = x[i];\n            return (i & 1) ? 1.0 / v : v;\n        });\n}",False,True,,43,N/A,,,,,13.381606340408325
"#include <hpx/hpx_main.hpp>\n\n/* Return the product of the vector x with every odd indexed element inverted.\n   i.e. x_0 * 1/x_1 * x_2 * 1/x_3 * x_4 ...\n   Use HPX to compute product in parallel.  Assume HPX has already been initialized.\n   Example:\n\n   input: [4, 2, 10, 4, 5]\n   output: 25\n*/\ndouble productWithInverses(std::vector<double> const& x) {",26_reduce_product_of_inverses,reduce,cpp,hpx,0.2,0.95,True,2048,False,,False,False,,44,N/A,,,,,16.862075090408325
"#include <hpx/hpx_main.hpp>\n\n/* Return the product of the vector x with every odd indexed element inverted.\n   i.e. x_0 * 1/x_1 * x_2 * 1/x_3 * x_4 ...\n   Use HPX to compute product in parallel.  Assume HPX has already been initialized.\n   Example:\n\n   input: [4, 2, 10, 4, 5]\n   output: 25\n*/\ndouble productWithInverses(std::vector<double> const& x) {",26_reduce_product_of_inverses,reduce,cpp,hpx,0.2,0.95,True,2048,False,,False,False,,45,N/A,,,,,14.742598056793213
"#include <hpx/hpx_main.hpp>\n\n/* Return the product of the vector x with every odd indexed element inverted.\n   i.e. x_0 * 1/x_1 * x_2 * 1/x_3 * x_4 ...\n   Use HPX to compute product in parallel.  Assume HPX has already been initialized.\n   Example:\n\n   input: [4, 2, 10, 4, 5]\n   output: 25\n*/\ndouble productWithInverses(std::vector<double> const& x) {",26_reduce_product_of_inverses,reduce,cpp,hpx,0.2,0.95,True,2048,False,,False,False,,46,N/A,,,,,15.320457935333252
"#include <hpx/hpx_main.hpp>\n\n/* Return the product of the vector x with every odd indexed element inverted.\n   i.e. x_0 * 1/x_1 * x_2 * 1/x_3 * x_4 ...\n   Use HPX to compute product in parallel.  Assume HPX has already been initialized.\n   Example:\n\n   input: [4, 2, 10, 4, 5]\n   output: 25\n*/\ndouble productWithInverses(std::vector<double> const& x) {",26_reduce_product_of_inverses,reduce,cpp,hpx,0.2,0.95,True,2048,False,"double productWithInverses(std::vector<double> const& x) {\n    auto first = hpx::util::counting_iterator<std::size_t>(0);\n    auto last  = first + x.size();\n\n    return hpx::transform_reduce(\n        hpx::execution::par, first, last, 1.0, std::multiplies<>(),\n        [&x](std::size_t i) {\n            double v = x[i];\n            return (i & 1) ? 1.0 / v : v;\n        });\n}",False,True,,47,N/A,,,,,11.224268674850464
"#include <hpx/hpx_main.hpp>\n\n/* Return the product of the vector x with every odd indexed element inverted.\n   i.e. x_0 * 1/x_1 * x_2 * 1/x_3 * x_4 ...\n   Use HPX to compute product in parallel.  Assume HPX has already been initialized.\n   Example:\n\n   input: [4, 2, 10, 4, 5]\n   output: 25\n*/\ndouble productWithInverses(std::vector<double> const& x) {",26_reduce_product_of_inverses,reduce,cpp,hpx,0.2,0.95,True,2048,False,"double productWithInverses(std::vector<double> const& x) {\n    using hpx::execution::par;\n    using hpx::util::counting_iterator;\n\n    return hpx::transform_reduce(\n        par,\n        counting_iterator<std::size_t>(0),\n        counting_iterator<std::size_t>(x.size()),\n        1.0,\n        std::multiplies<double>{},\n        [&x](std::size_t i) {\n            double v = x[i];\n            return (i & 1) ? 1.0 / v : v;\n        });\n}",False,True,,48,N/A,,,,,11.621596336364746
"#include <hpx/hpx_main.hpp>\n\n/* Return the product of the vector x with every odd indexed element inverted.\n   i.e. x_0 * 1/x_1 * x_2 * 1/x_3 * x_4 ...\n   Use HPX to compute product in parallel.  Assume HPX has already been initialized.\n   Example:\n\n   input: [4, 2, 10, 4, 5]\n   output: 25\n*/\ndouble productWithInverses(std::vector<double> const& x) {",26_reduce_product_of_inverses,reduce,cpp,hpx,0.2,0.95,True,2048,False,"double productWithInverses(std::vector<double> const& x) {\n    auto first = hpx::make_counting_iterator<std::size_t>(0);\n    auto last  = hpx::make_counting_iterator<std::size_t>(x.size());\n    return hpx::transform_reduce(\n        hpx::execution::par, first, last, 1.0, std::multiplies<double>{},\n        [&x](std::size_t i) {\n            double v = x[i];\n            return (i & 1) ? 1.0 / v : v;\n        });\n}",False,True,,49,N/A,,,,,9.541157007217407
"#include <hpx/hpx_main.hpp>\n\n/* Return the product of the vector x with every odd indexed element inverted.\n   i.e. x_0 * 1/x_1 * x_2 * 1/x_3 * x_4 ...\n   Use HPX to compute product in parallel.  Assume HPX has already been initialized.\n   Example:\n\n   input: [4, 2, 10, 4, 5]\n   output: 25\n*/\ndouble productWithInverses(std::vector<double> const& x) {",26_reduce_product_of_inverses,reduce,cpp,hpx,0.2,0.95,True,2048,False,"double productWithInverses(std::vector<double> const& x) {\n    auto first = hpx::util::make_counting_iterator<std::size_t>(0);\n    auto last  = hpx::util::make_counting_iterator<std::size_t>(x.size());\n\n    return hpx::transform_reduce(\n        hpx::execution::par, first, last, 1.0, std::multiplies<double>{},\n        [&x](std::size_t i) {\n            double v = x[i];\n            return (i & 1) ? (1.0 / v) : v;\n        });\n}",False,True,,50,N/A,,,,,15.059515953063965
"#include <hpx/hpx_main.hpp>\n\n/* Return the product of the vector x with every odd indexed element inverted.\n   i.e. x_0 * 1/x_1 * x_2 * 1/x_3 * x_4 ...\n   Use HPX to compute product in parallel.  Assume HPX has already been initialized.\n   Example:\n\n   input: [4, 2, 10, 4, 5]\n   output: 25\n*/\ndouble productWithInverses(std::vector<double> const& x) {",26_reduce_product_of_inverses,reduce,cpp,hpx,0.2,0.95,True,2048,False,,False,False,,51,N/A,,,,,14.791832447052002
"#include <hpx/hpx_main.hpp>\n\n/* Return the product of the vector x with every odd indexed element inverted.\n   i.e. x_0 * 1/x_1 * x_2 * 1/x_3 * x_4 ...\n   Use HPX to compute product in parallel.  Assume HPX has already been initialized.\n   Example:\n\n   input: [4, 2, 10, 4, 5]\n   output: 25\n*/\ndouble productWithInverses(std::vector<double> const& x) {",26_reduce_product_of_inverses,reduce,cpp,hpx,0.2,0.95,True,2048,False,"double productWithInverses(std::vector<double> const& x) {\n    using hpx::execution::par;\n    using hpx::util::counting_iterator;\n\n    auto first = counting_iterator<std::size_t>(0);\n    auto last  = counting_iterator<std::size_t>(x.size());\n\n    return hpx::transform_reduce(\n        par, first, last, 1.0, std::multiplies<double>{},\n        [&](std::size_t i) { return (i & 1) == 0 ? x[i] : 1.0 / x[i]; }\n    );\n}",False,True,,52,N/A,,,,,14.903406858444214
"#include <hpx/hpx_main.hpp>\n\n/* Return the product of the vector x with every odd indexed element inverted.\n   i.e. x_0 * 1/x_1 * x_2 * 1/x_3 * x_4 ...\n   Use HPX to compute product in parallel.  Assume HPX has already been initialized.\n   Example:\n\n   input: [4, 2, 10, 4, 5]\n   output: 25\n*/\ndouble productWithInverses(std::vector<double> const& x) {",26_reduce_product_of_inverses,reduce,cpp,hpx,0.2,0.95,True,2048,False,"double productWithInverses(std::vector<double> const& x) {\n    using it = hpx::util::counting_iterator<std::size_t>;\n    return hpx::transform_reduce(\n        hpx::execution::par,\n        it(0), it(x.size()),\n        1.0, std::multiplies<double>{},\n        [&x](std::size_t i) {\n            double v = x[i];\n            return (i & 1) ? (1.0 / v) : v;\n        });\n}",False,True,,53,N/A,,,,,11.44896912574768
"#include <hpx/hpx_main.hpp>\n\n/* Return the product of the vector x with every odd indexed element inverted.\n   i.e. x_0 * 1/x_1 * x_2 * 1/x_3 * x_4 ...\n   Use HPX to compute product in parallel.  Assume HPX has already been initialized.\n   Example:\n\n   input: [4, 2, 10, 4, 5]\n   output: 25\n*/\ndouble productWithInverses(std::vector<double> const& x) {",26_reduce_product_of_inverses,reduce,cpp,hpx,0.2,0.95,True,2048,False,,False,False,,54,N/A,,,,,14.48744010925293
"#include <hpx/hpx_main.hpp>\n\n/* Return the product of the vector x with every odd indexed element inverted.\n   i.e. x_0 * 1/x_1 * x_2 * 1/x_3 * x_4 ...\n   Use HPX to compute product in parallel.  Assume HPX has already been initialized.\n   Example:\n\n   input: [4, 2, 10, 4, 5]\n   output: 25\n*/\ndouble productWithInverses(std::vector<double> const& x) {",26_reduce_product_of_inverses,reduce,cpp,hpx,0.2,0.95,True,2048,False,"double productWithInverses(std::vector<double> const& x) {\n    auto first = hpx::util::counting_iterator<std::size_t>(0);\n    auto last  = hpx::util::counting_iterator<std::size_t>(x.size());\n\n    return hpx::transform_reduce(\n        hpx::execution::par, first, last, 1.0, std::multiplies<double>{},\n        [&x](std::size_t i) {\n            double v = x[i];\n            return (i & 1) ? 1.0 / v : v;\n        });\n}",False,True,,55,N/A,,,,,13.191961526870728
"#include <hpx/hpx_main.hpp>\n\n/* Return the product of the vector x with every odd indexed element inverted.\n   i.e. x_0 * 1/x_1 * x_2 * 1/x_3 * x_4 ...\n   Use HPX to compute product in parallel.  Assume HPX has already been initialized.\n   Example:\n\n   input: [4, 2, 10, 4, 5]\n   output: 25\n*/\ndouble productWithInverses(std::vector<double> const& x) {",26_reduce_product_of_inverses,reduce,cpp,hpx,0.2,0.95,True,2048,False,,False,False,,56,N/A,,,,,13.346870183944702
"#include <hpx/hpx_main.hpp>\n\n/* Return the product of the vector x with every odd indexed element inverted.\n   i.e. x_0 * 1/x_1 * x_2 * 1/x_3 * x_4 ...\n   Use HPX to compute product in parallel.  Assume HPX has already been initialized.\n   Example:\n\n   input: [4, 2, 10, 4, 5]\n   output: 25\n*/\ndouble productWithInverses(std::vector<double> const& x) {",26_reduce_product_of_inverses,reduce,cpp,hpx,0.2,0.95,True,2048,False,,False,False,,57,N/A,,,,,13.770719051361084
"#include <hpx/hpx_main.hpp>\n\n/* Return the product of the vector x with every odd indexed element inverted.\n   i.e. x_0 * 1/x_1 * x_2 * 1/x_3 * x_4 ...\n   Use HPX to compute product in parallel.  Assume HPX has already been initialized.\n   Example:\n\n   input: [4, 2, 10, 4, 5]\n   output: 25\n*/\ndouble productWithInverses(std::vector<double> const& x) {",26_reduce_product_of_inverses,reduce,cpp,hpx,0.2,0.95,True,2048,False,"double productWithInverses(std::vector<double> const& x) {\n    auto first = hpx::util::counting_iterator<std::size_t>(0);\n    auto last  = first + x.size();\n\n    return hpx::transform_reduce(\n        hpx::execution::par, first, last, 1.0,\n        std::multiplies<double>{},\n        [&x](std::size_t i) {\n            double v = x[i];\n            return (i & 1) ? (1.0 / v) : v;\n        });\n}",False,True,,58,N/A,,,,,12.678030490875244
"#include <hpx/hpx_main.hpp>\n\n/* Return the product of the vector x with every odd indexed element inverted.\n   i.e. x_0 * 1/x_1 * x_2 * 1/x_3 * x_4 ...\n   Use HPX to compute product in parallel.  Assume HPX has already been initialized.\n   Example:\n\n   input: [4, 2, 10, 4, 5]\n   output: 25\n*/\ndouble productWithInverses(std::vector<double> const& x) {",26_reduce_product_of_inverses,reduce,cpp,hpx,0.2,0.95,True,2048,False,,False,False,,59,N/A,,,,,15.42333197593689
"#include <hpx/hpx_main.hpp>\n\n/* Return the product of the vector x with every odd indexed element inverted.\n   i.e. x_0 * 1/x_1 * x_2 * 1/x_3 * x_4 ...\n   Use HPX to compute product in parallel.  Assume HPX has already been initialized.\n   Example:\n\n   input: [4, 2, 10, 4, 5]\n   output: 25\n*/\ndouble productWithInverses(std::vector<double> const& x) {",26_reduce_product_of_inverses,reduce,cpp,hpx,0.2,0.95,True,2048,False,"double productWithInverses(std::vector<double> const& x) {\n    auto first = hpx::make_counting_iterator<std::size_t>(0);\n    auto last  = hpx::make_counting_iterator<std::size_t>(x.size());\n\n    return hpx::transform_reduce(\n        hpx::execution::par, first, last, 1.0,\n        std::multiplies<double>{},\n        [&x](std::size_t i) {\n            return (i & 1) ? (1.0 / x[i]) : x[i];\n        });\n}",False,True,,60,N/A,,,,,7.766707420349121
"#include <hpx/hpx_main.hpp>\n\n/* Return the product of the vector x with every odd indexed element inverted.\n   i.e. x_0 * 1/x_1 * x_2 * 1/x_3 * x_4 ...\n   Use HPX to compute product in parallel.  Assume HPX has already been initialized.\n   Example:\n\n   input: [4, 2, 10, 4, 5]\n   output: 25\n*/\ndouble productWithInverses(std::vector<double> const& x) {",26_reduce_product_of_inverses,reduce,cpp,hpx,0.2,0.95,True,2048,False,"double productWithInverses(std::vector<double> const& x) {\n    auto first = hpx::util::counting_iterator<std::size_t>(0);\n    auto last  = hpx::util::counting_iterator<std::size_t>(x.size());\n\n    return hpx::transform_reduce(\n        hpx::execution::par_unseq, first, last, 1.0, std::multiplies<double>{},\n        [&x",False,True,,61,N/A,,,,,16.202274799346924
"#include <hpx/hpx_main.hpp>\n\n/* Return the product of the vector x with every odd indexed element inverted.\n   i.e. x_0 * 1/x_1 * x_2 * 1/x_3 * x_4 ...\n   Use HPX to compute product in parallel.  Assume HPX has already been initialized.\n   Example:\n\n   input: [4, 2, 10, 4, 5]\n   output: 25\n*/\ndouble productWithInverses(std::vector<double> const& x) {",26_reduce_product_of_inverses,reduce,cpp,hpx,0.2,0.95,True,2048,False,"double productWithInverses(std::vector<double> const& x) {\n    auto first = hpx::util::counting_iterator<std::size_t>(0);\n    auto last  = first + x.size();\n\n    return hpx::transform_reduce(\n        hpx::execution::par, first, last, 1.0,\n        std::multiplies<double>{},\n        [&x](std::size_t i) {\n            double v = x[i];\n            return (i & 1) ? 1.0 / v : v;\n        });\n}",False,True,,62,N/A,,,,,15.236118078231812
"#include <hpx/hpx_main.hpp>\n\n/* Return the product of the vector x with every odd indexed element inverted.\n   i.e. x_0 * 1/x_1 * x_2 * 1/x_3 * x_4 ...\n   Use HPX to compute product in parallel.  Assume HPX has already been initialized.\n   Example:\n\n   input: [4, 2, 10, 4, 5]\n   output: 25\n*/\ndouble productWithInverses(std::vector<double> const& x) {",26_reduce_product_of_inverses,reduce,cpp,hpx,0.2,0.95,True,2048,False,,False,False,,63,N/A,,,,,13.704206466674805
"#include <hpx/hpx_main.hpp>\n\n/* Return the product of the vector x with every odd indexed element inverted.\n   i.e. x_0 * 1/x_1 * x_2 * 1/x_3 * x_4 ...\n   Use HPX to compute product in parallel.  Assume HPX has already been initialized.\n   Example:\n\n   input: [4, 2, 10, 4, 5]\n   output: 25\n*/\ndouble productWithInverses(std::vector<double> const& x) {",26_reduce_product_of_inverses,reduce,cpp,hpx,0.2,0.95,True,2048,False,"double productWithInverses(std::vector<double> const& x) {\n    using hpx::execution::par;\n\n    auto first = hpx::util::make_zip_iterator(\n        hpx::util::counting_iterator<std::size_t>(0), x.begin());\n    auto last = hpx::util::make_zip_iterator(\n        hpx::util::counting_iterator<std::size_t>(x.size()), x.end());\n\n    return hpx::transform_reduce(\n        par, first, last, 1.0, std::multiplies<double>{},\n        [](auto const& t) {\n            auto const& [i, v] = t;\n            return (i & 1) ? 1.0 / v : v;\n        });\n}",False,True,,64,N/A,,,,,12.22649359703064
"#include <hpx/hpx_main.hpp>\n\n/* Return the product of the vector x with every odd indexed element inverted.\n   i.e. x_0 * 1/x_1 * x_2 * 1/x_3 * x_4 ...\n   Use HPX to compute product in parallel.  Assume HPX has already been initialized.\n   Example:\n\n   input: [4, 2, 10, 4, 5]\n   output: 25\n*/\ndouble productWithInverses(std::vector<double> const& x) {",26_reduce_product_of_inverses,reduce,cpp,hpx,0.2,0.95,True,2048,False,,False,False,,65,N/A,,,,,15.219829082489014
"#include <hpx/hpx_main.hpp>\n\n/* Return the product of the vector x with every odd indexed element inverted.\n   i.e. x_0 * 1/x_1 * x_2 * 1/x_3 * x_4 ...\n   Use HPX to compute product in parallel.  Assume HPX has already been initialized.\n   Example:\n\n   input: [4, 2, 10, 4, 5]\n   output: 25\n*/\ndouble productWithInverses(std::vector<double> const& x) {",26_reduce_product_of_inverses,reduce,cpp,hpx,0.2,0.95,True,2048,False,"double productWithInverses(std::vector<double> const& x) {\n    auto first = hpx::util::counting_iterator<std::size_t>(0);\n    auto last  = hpx::util::counting_iterator<std::size_t>(x.size());\n    return hpx::transform_reduce(\n        hpx::execution::par, first, last, 1.0, std::multiplies<double>{},\n        [&x](std::size_t i) noexcept { return (i & 1) ? 1.0 / x[i] : x[i]; });\n}",False,True,,66,N/A,,,,,10.372371912002563
"#include <hpx/hpx_main.hpp>\n\n/* Return the product of the vector x with every odd indexed element inverted.\n   i.e. x_0 * 1/x_1 * x_2 * 1/x_3 * x_4 ...\n   Use HPX to compute product in parallel.  Assume HPX has already been initialized.\n   Example:\n\n   input: [4, 2, 10, 4, 5]\n   output: 25\n*/\ndouble productWithInverses(std::vector<double> const& x) {",26_reduce_product_of_inverses,reduce,cpp,hpx,0.2,0.95,True,2048,False,"double productWithInverses(std::vector<double> const& x) {\n    auto first = hpx::util::counting_iterator<std::size_t>(0);\n    auto last  = first + x.size();\n\n    return hpx::transform_reduce(\n        hpx::execution::par, first, last, 1.0, std::multiplies<double>{},\n        [&](std::size_t i) {\n            double v = x[i];\n            return (i & 1) ? (1.0 / v) : v;\n        });\n}",False,True,,67,N/A,,,,,12.453179836273193
"#include <hpx/hpx_main.hpp>\n\n/* Return the product of the vector x with every odd indexed element inverted.\n   i.e. x_0 * 1/x_1 * x_2 * 1/x_3 * x_4 ...\n   Use HPX to compute product in parallel.  Assume HPX has already been initialized.\n   Example:\n\n   input: [4, 2, 10, 4, 5]\n   output: 25\n*/\ndouble productWithInverses(std::vector<double> const& x) {",26_reduce_product_of_inverses,reduce,cpp,hpx,0.2,0.95,True,2048,False,"double productWithInverses(std::vector<double> const& x) {\n    using iterator = hpx::util::counting_iterator<std::size_t>;\n    return hpx::transform_reduce(\n        hpx::execution::par,\n        iterator(0), iterator(x.size()),\n        1.0,\n        std::multiplies<double>(),\n        [&x](std::size_t i) {\n            double v = x[i];\n            return (i & 1) ? 1.0 / v : v;\n        });\n}",False,True,,68,N/A,,,,,9.72033405303955
"#include <hpx/hpx_main.hpp>\n\n/* Return the product of the vector x with every odd indexed element inverted.\n   i.e. x_0 * 1/x_1 * x_2 * 1/x_3 * x_4 ...\n   Use HPX to compute product in parallel.  Assume HPX has already been initialized.\n   Example:\n\n   input: [4, 2, 10, 4, 5]\n   output: 25\n*/\ndouble productWithInverses(std::vector<double> const& x) {",26_reduce_product_of_inverses,reduce,cpp,hpx,0.2,0.95,True,2048,False,,False,False,,69,N/A,,,,,14.407240390777588
"#include <hpx/hpx_main.hpp>\n\n/* Return the product of the vector x with every odd indexed element inverted.\n   i.e. x_0 * 1/x_1 * x_2 * 1/x_3 * x_4 ...\n   Use HPX to compute product in parallel.  Assume HPX has already been initialized.\n   Example:\n\n   input: [4, 2, 10, 4, 5]\n   output: 25\n*/\ndouble productWithInverses(std::vector<double> const& x) {",26_reduce_product_of_inverses,reduce,cpp,hpx,0.2,0.95,True,2048,False,"double productWithInverses(std::vector<double> const& x) {\n    auto first = hpx::util::make_counting_iterator<std::size_t>(0);\n    auto last  = hpx::util::make_counting_iterator<std::size_t>(x.size());\n\n    return hpx::transform_reduce(\n        hpx::execution::par, first, last, 1.0, std::multiplies<double>(),\n        [&x](std::size_t i) {\n            double v = x[i];\n            return (i & 1) ? 1.0 / v : v;\n        });\n}",False,True,,70,N/A,,,,,11.620966911315918
"#include <hpx/hpx_main.hpp>\n\n/* Return the product of the vector x with every odd indexed element inverted.\n   i.e. x_0 * 1/x_1 * x_2 * 1/x_3 * x_4 ...\n   Use HPX to compute product in parallel.  Assume HPX has already been initialized.\n   Example:\n\n   input: [4, 2, 10, 4, 5]\n   output: 25\n*/\ndouble productWithInverses(std::vector<double> const& x) {",26_reduce_product_of_inverses,reduce,cpp,hpx,0.2,0.95,True,2048,False,"double productWithInverses(std::vector<double> const& x) {\n    using hpx::execution::par;\n    auto first_i = hpx::util::counting_iterator<std::size_t>(0);\n    return hpx::transform_reduce(\n        par, first_i, first_i + x.size(), x.begin(),\n        1.0, std::multiplies<double>{},\n        [](std::size_t i, double v) { return (i & 1) ? 1.0 / v : v; }\n    );\n}",False,True,,71,N/A,,,,,12.471238374710083
"#include <hpx/hpx_main.hpp>\n\n/* Return the product of the vector x with every odd indexed element inverted.\n   i.e. x_0 * 1/x_1 * x_2 * 1/x_3 * x_4 ...\n   Use HPX to compute product in parallel.  Assume HPX has already been initialized.\n   Example:\n\n   input: [4, 2, 10, 4, 5]\n   output: 25\n*/\ndouble productWithInverses(std::vector<double> const& x) {",26_reduce_product_of_inverses,reduce,cpp,hpx,0.2,0.95,True,2048,False,"double productWithInverses(std::vector<double> const& x) {\n    auto first = hpx::util::make_counting_iterator<std::size_t>(0);\n    auto last  = hpx::util::make_counting_iterator<std::size_t>(x.size());\n\n    return hpx::transform_reduce(\n        hpx::execution::par, first, last, 1.0, std::multiplies<double>{},\n        [&x](std::size_t i) {\n            double v = x[i];\n            return (i & 1) ? (1.0 / v) : v;\n        });\n}",False,True,,72,N/A,,,,,13.096628904342651
"#include <hpx/hpx_main.hpp>\n\n/* Return the product of the vector x with every odd indexed element inverted.\n   i.e. x_0 * 1/x_1 * x_2 * 1/x_3 * x_4 ...\n   Use HPX to compute product in parallel.  Assume HPX has already been initialized.\n   Example:\n\n   input: [4, 2, 10, 4, 5]\n   output: 25\n*/\ndouble productWithInverses(std::vector<double> const& x) {",26_reduce_product_of_inverses,reduce,cpp,hpx,0.2,0.95,True,2048,False,,False,False,,73,N/A,,,,,15.682012796401978
"#include <hpx/hpx_main.hpp>\n\n/* Return the product of the vector x with every odd indexed element inverted.\n   i.e. x_0 * 1/x_1 * x_2 * 1/x_3 * x_4 ...\n   Use HPX to compute product in parallel.  Assume HPX has already been initialized.\n   Example:\n\n   input: [4, 2, 10, 4, 5]\n   output: 25\n*/\ndouble productWithInverses(std::vector<double> const& x) {",26_reduce_product_of_inverses,reduce,cpp,hpx,0.2,0.95,True,2048,False,"double productWithInverses(std::vector<double> const& x) {\n    auto first = hpx::util::counting_iterator<std::size_t>(0);\n    auto last  = hpx::util::counting_iterator<std::size_t>(x.size());\n\n    return hpx::transform_reduce(\n        hpx::execution::par,\n        first, last,\n        1.0,\n        std::multiplies<double>{},\n        [&x](std::size_t i) {\n            double v = x[i];\n            return (i & 1) ? (1.0 / v) : v;\n        });\n}",False,True,,74,N/A,,,,,12.083393335342407
"#include <hpx/hpx_main.hpp>\n\n/* Return the product of the vector x with every odd indexed element inverted.\n   i.e. x_0 * 1/x_1 * x_2 * 1/x_3 * x_4 ...\n   Use HPX to compute product in parallel.  Assume HPX has already been initialized.\n   Example:\n\n   input: [4, 2, 10, 4, 5]\n   output: 25\n*/\ndouble productWithInverses(std::vector<double> const& x) {",26_reduce_product_of_inverses,reduce,cpp,hpx,0.2,0.95,True,2048,False,"double productWithInverses(std::vector<double> const& x) {\n    auto first = hpx::util::counting_iterator<std::size_t>(0);\n    auto last  = hpx::util::counting_iterator<std::size_t>(x.size());\n\n    return hpx::transform_reduce(\n        hpx::execution::par, first, last, 1.0, std::multiplies<>{},\n        [&x](std::size_t i) {\n            double v = x[i];\n            return (i & 1) == 0 ? v : 1.0 / v;\n        });\n}",False,True,,75,N/A,,,,,11.98167085647583
"#include <hpx/hpx_main.hpp>\n\n/* Return the product of the vector x with every odd indexed element inverted.\n   i.e. x_0 * 1/x_1 * x_2 * 1/x_3 * x_4 ...\n   Use HPX to compute product in parallel.  Assume HPX has already been initialized.\n   Example:\n\n   input: [4, 2, 10, 4, 5]\n   output: 25\n*/\ndouble productWithInverses(std::vector<double> const& x) {",26_reduce_product_of_inverses,reduce,cpp,hpx,0.2,0.95,True,2048,False,,False,False,,76,N/A,,,,,15.909728288650513
"#include <hpx/hpx_main.hpp>\n\n/* Return the product of the vector x with every odd indexed element inverted.\n   i.e. x_0 * 1/x_1 * x_2 * 1/x_3 * x_4 ...\n   Use HPX to compute product in parallel.  Assume HPX has already been initialized.\n   Example:\n\n   input: [4, 2, 10, 4, 5]\n   output: 25\n*/\ndouble productWithInverses(std::vector<double> const& x) {",26_reduce_product_of_inverses,reduce,cpp,hpx,0.2,0.95,True,2048,False,"double productWithInverses(std::vector<double> const& x) {\n    auto first = hpx::util::counting_iterator<std::size_t>(0);\n    auto last = first + x.size();\n\n    return hpx::transform_reduce(\n        hpx::execution::par, first, last, 1.0, std::multiplies<double>{},\n        [&x](std::size_t i) {\n            double v = x[i];\n            return (i & 1) ? (1.0 / v) : v;\n        });\n}",False,True,,77,N/A,,,,,13.656951665878296
"#include <hpx/hpx_main.hpp>\n\n/* Return the product of the vector x with every odd indexed element inverted.\n   i.e. x_0 * 1/x_1 * x_2 * 1/x_3 * x_4 ...\n   Use HPX to compute product in parallel.  Assume HPX has already been initialized.\n   Example:\n\n   input: [4, 2, 10, 4, 5]\n   output: 25\n*/\ndouble productWithInverses(std::vector<double> const& x) {",26_reduce_product_of_inverses,reduce,cpp,hpx,0.2,0.95,True,2048,False,,False,False,,78,N/A,,,,,15.521193742752075
"#include <hpx/hpx_main.hpp>\n\n/* Return the product of the vector x with every odd indexed element inverted.\n   i.e. x_0 * 1/x_1 * x_2 * 1/x_3 * x_4 ...\n   Use HPX to compute product in parallel.  Assume HPX has already been initialized.\n   Example:\n\n   input: [4, 2, 10, 4, 5]\n   output: 25\n*/\ndouble productWithInverses(std::vector<double> const& x) {",26_reduce_product_of_inverses,reduce,cpp,hpx,0.2,0.95,True,2048,False,"double productWithInverses(std::vector<double> const& x) {\n    auto first = hpx::util::counting_iterator<std::size_t>(0);\n    auto last  = hpx::util::counting_iterator<std::size_t>(x.size());\n\n    return hpx::transform_reduce(\n        hpx::execution::par, first, last, 1.0, std::multiplies<double>{},\n        [&x](std::size_t i) {\n            double v = x[i];\n            return (i & 1) ? (1.0 / v) : v;\n        });\n}",False,True,,79,N/A,,,,,10.326420307159424
"#include <hpx/hpx_main.hpp>\n\n/* Return the product of the vector x with every odd indexed element inverted.\n   i.e. x_0 * 1/x_1 * x_2 * 1/x_3 * x_4 ...\n   Use HPX to compute product in parallel.  Assume HPX has already been initialized.\n   Example:\n\n   input: [4, 2, 10, 4, 5]\n   output: 25\n*/\ndouble productWithInverses(std::vector<double> const& x) {",26_reduce_product_of_inverses,reduce,cpp,hpx,0.2,0.95,True,2048,False,,False,False,,80,N/A,,,,,21.35430645942688
"#include <hpx/hpx_main.hpp>\n\n/* Return the product of the vector x with every odd indexed element inverted.\n   i.e. x_0 * 1/x_1 * x_2 * 1/x_3 * x_4 ...\n   Use HPX to compute product in parallel.  Assume HPX has already been initialized.\n   Example:\n\n   input: [4, 2, 10, 4, 5]\n   output: 25\n*/\ndouble productWithInverses(std::vector<double> const& x) {",26_reduce_product_of_inverses,reduce,cpp,hpx,0.2,0.95,True,2048,False,,False,False,,81,N/A,,,,,14.20994520187378
"#include <hpx/hpx_main.hpp>\n\n/* Return the product of the vector x with every odd indexed element inverted.\n   i.e. x_0 * 1/x_1 * x_2 * 1/x_3 * x_4 ...\n   Use HPX to compute product in parallel.  Assume HPX has already been initialized.\n   Example:\n\n   input: [4, 2, 10, 4, 5]\n   output: 25\n*/\ndouble productWithInverses(std::vector<double> const& x) {",26_reduce_product_of_inverses,reduce,cpp,hpx,0.2,0.95,True,2048,False,"double productWithInverses(std::vector<double> const& x) {\n    auto first = hpx::util::counting_iterator<std::size_t>(0);\n    auto last  = first + x.size();\n\n    return hpx::transform_reduce(\n        hpx::execution::par, first, last, 1.0, std::multiplies<>{},\n        [&x](std::size_t i) {\n            double xi = x[i];\n            return (i & 1) == 0 ? xi : 1.0 / xi;\n        });\n}",False,True,,82,N/A,,,,,11.217197179794312
"#include <hpx/hpx_main.hpp>\n\n/* Return the product of the vector x with every odd indexed element inverted.\n   i.e. x_0 * 1/x_1 * x_2 * 1/x_3 * x_4 ...\n   Use HPX to compute product in parallel.  Assume HPX has already been initialized.\n   Example:\n\n   input: [4, 2, 10, 4, 5]\n   output: 25\n*/\ndouble productWithInverses(std::vector<double> const& x) {",26_reduce_product_of_inverses,reduce,cpp,hpx,0.2,0.95,True,2048,False,,False,False,,83,N/A,,,,,15.727867603302002
"#include <hpx/hpx_main.hpp>\n\n/* Return the product of the vector x with every odd indexed element inverted.\n   i.e. x_0 * 1/x_1 * x_2 * 1/x_3 * x_4 ...\n   Use HPX to compute product in parallel.  Assume HPX has already been initialized.\n   Example:\n\n   input: [4, 2, 10, 4, 5]\n   output: 25\n*/\ndouble productWithInverses(std::vector<double> const& x) {",26_reduce_product_of_inverses,reduce,cpp,hpx,0.2,0.95,True,2048,False,"double productWithInverses(std::vector<double> const& x) {\n    using it = boost::counting_iterator<std::size_t>;\n    return hpx::transform_reduce(\n        hpx::execution::par,\n        it(0), it(x.size()),\n        1.0, std::multiplies<double>{},\n        [&x](std::size_t i) {\n            double v = x[i];\n            return (i & 1) ? 1.0 / v : v;\n        });\n}",False,True,,84,N/A,,,,,13.598094463348389
"#include <hpx/hpx_main.hpp>\n\n/* Return the product of the vector x with every odd indexed element inverted.\n   i.e. x_0 * 1/x_1 * x_2 * 1/x_3 * x_4 ...\n   Use HPX to compute product in parallel.  Assume HPX has already been initialized.\n   Example:\n\n   input: [4, 2, 10, 4, 5]\n   output: 25\n*/\ndouble productWithInverses(std::vector<double> const& x) {",26_reduce_product_of_inverses,reduce,cpp,hpx,0.2,0.95,True,2048,False,,False,False,,85,N/A,,,,,14.575882196426392
"#include <hpx/hpx_main.hpp>\n\n/* Return the product of the vector x with every odd indexed element inverted.\n   i.e. x_0 * 1/x_1 * x_2 * 1/x_3 * x_4 ...\n   Use HPX to compute product in parallel.  Assume HPX has already been initialized.\n   Example:\n\n   input: [4, 2, 10, 4, 5]\n   output: 25\n*/\ndouble productWithInverses(std::vector<double> const& x) {",26_reduce_product_of_inverses,reduce,cpp,hpx,0.2,0.95,True,2048,False,"double productWithInverses(std::vector<double> const& x) {\n    auto first = hpx::util::counting_iterator<std::size_t>(0);\n    auto last  = hpx::util::counting_iterator<std::size_t>(x.size());\n\n    return hpx::transform_reduce(\n        hpx::execution::par, first, last, 1.0, std::multiplies<>{},\n        [&x](std::size_t i) {\n            double v = x[i];\n            return (i & 1) ? 1.0 / v : v;\n        });\n}",False,True,,86,N/A,,,,,14.766170978546143
"#include <hpx/hpx_main.hpp>\n\n/* Return the product of the vector x with every odd indexed element inverted.\n   i.e. x_0 * 1/x_1 * x_2 * 1/x_3 * x_4 ...\n   Use HPX to compute product in parallel.  Assume HPX has already been initialized.\n   Example:\n\n   input: [4, 2, 10, 4, 5]\n   output: 25\n*/\ndouble productWithInverses(std::vector<double> const& x) {",26_reduce_product_of_inverses,reduce,cpp,hpx,0.2,0.95,True,2048,False,double productWithInverses(std::vector<double> const& x) {\n    using hpx::execution::par;\n\n    auto first = hpx::util::counting_iterator<std::size,False,True,,87,N/A,,,,,15.469680786132812
"#include <hpx/hpx_main.hpp>\n\n/* Return the product of the vector x with every odd indexed element inverted.\n   i.e. x_0 * 1/x_1 * x_2 * 1/x_3 * x_4 ...\n   Use HPX to compute product in parallel.  Assume HPX has already been initialized.\n   Example:\n\n   input: [4, 2, 10, 4, 5]\n   output: 25\n*/\ndouble productWithInverses(std::vector<double> const& x) {",26_reduce_product_of_inverses,reduce,cpp,hpx,0.2,0.95,True,2048,False,"double productWithInverses(std::vector<double> const& x) {\n    auto first = hpx::util::counting_iterator<std::size_t>(0);\n    auto last  = hpx::util::counting_iterator<std::size_t>(x.size());\n    return hpx::transform_reduce(\n        hpx::execution::par, first, last, 1.0, std::multiplies<>{},\n        [&x](std::size_t i) {\n            double v = x[i];\n            return (i & 1) ? 1.0 / v : v;\n        });\n}",False,True,,88,N/A,,,,,11.216186761856079
"#include <hpx/hpx_main.hpp>\n\n/* Return the product of the vector x with every odd indexed element inverted.\n   i.e. x_0 * 1/x_1 * x_2 * 1/x_3 * x_4 ...\n   Use HPX to compute product in parallel.  Assume HPX has already been initialized.\n   Example:\n\n   input: [4, 2, 10, 4, 5]\n   output: 25\n*/\ndouble productWithInverses(std::vector<double> const& x) {",26_reduce_product_of_inverses,reduce,cpp,hpx,0.2,0.95,True,2048,False,"double productWithInverses(std::vector<double> const& x) {\n    auto first = hpx::util::counting_iterator<std::size_t>(0);\n    auto last  = hpx::util::counting_iterator<std::size_t>(x.size());\n\n    return hpx::transform_reduce(\n        hpx::execution::par, first, last, 1.0,\n        [](double a, double b) { return a * b; },\n        [&](std::size_t i) {\n            double v = x[i];\n            return (i & 1) ? 1.0 / v : v;\n        });\n}",False,True,,89,N/A,,,,,11.25414228439331
"#include <hpx/hpx_main.hpp>\n\n/* Return the product of the vector x with every odd indexed element inverted.\n   i.e. x_0 * 1/x_1 * x_2 * 1/x_3 * x_4 ...\n   Use HPX to compute product in parallel.  Assume HPX has already been initialized.\n   Example:\n\n   input: [4, 2, 10, 4, 5]\n   output: 25\n*/\ndouble productWithInverses(std::vector<double> const& x) {",26_reduce_product_of_inverses,reduce,cpp,hpx,0.2,0.95,True,2048,False,"double productWithInverses(std::vector<double> const& x) {\n    using hpx::execution::par;\n\n    std::size_t n = x.size();\n    std::size_t pairs = n / 2;\n\n    auto b = hpx::util::counting_iterator<std::size_t>(0);\n    auto e = hpx::util::counting_iterator<std::size_t>(pairs);\n\n    double pair_prod = hpx::transform_reduce(\n        par, b, e, 1.0, std::multiplies<double>{},\n        [&x](std::size_t i) {\n            return x[2 * i] / x[2 * i + 1];\n        });\n\n    if (",False,True,,90,N/A,,,,,13.977798223495483
"#include <hpx/hpx_main.hpp>\n\n/* Return the product of the vector x with every odd indexed element inverted.\n   i.e. x_0 * 1/x_1 * x_2 * 1/x_3 * x_4 ...\n   Use HPX to compute product in parallel.  Assume HPX has already been initialized.\n   Example:\n\n   input: [4, 2, 10, 4, 5]\n   output: 25\n*/\ndouble productWithInverses(std::vector<double> const& x) {",26_reduce_product_of_inverses,reduce,cpp,hpx,0.2,0.95,True,2048,False,,False,False,,91,N/A,,,,,15.259390830993652
"#include <hpx/hpx_main.hpp>\n\n/* Return the product of the vector x with every odd indexed element inverted.\n   i.e. x_0 * 1/x_1 * x_2 * 1/x_3 * x_4 ...\n   Use HPX to compute product in parallel.  Assume HPX has already been initialized.\n   Example:\n\n   input: [4, 2, 10, 4, 5]\n   output: 25\n*/\ndouble productWithInverses(std::vector<double> const& x) {",26_reduce_product_of_inverses,reduce,cpp,hpx,0.2,0.95,True,2048,False,"double productWithInverses(std::vector<double> const& x) {\n    auto first = hpx::util::counting_iterator<std::size_t>(0);\n    auto last  = hpx::util::counting_iterator<std::size_t>(x.size());\n\n    return hpx::transform_reduce(\n        hpx::execution::par, first, last, 1.0, std::multiplies<double>{},\n        [&x](std::size_t i) {\n            double v = x[i];\n            return (i & 1u) ? (1.0 / v) : v;\n        });\n}",False,True,,92,N/A,,,,,13.041626691818237
"#include <hpx/hpx_main.hpp>\n\n/* Return the product of the vector x with every odd indexed element inverted.\n   i.e. x_0 * 1/x_1 * x_2 * 1/x_3 * x_4 ...\n   Use HPX to compute product in parallel.  Assume HPX has already been initialized.\n   Example:\n\n   input: [4, 2, 10, 4, 5]\n   output: 25\n*/\ndouble productWithInverses(std::vector<double> const& x) {",26_reduce_product_of_inverses,reduce,cpp,hpx,0.2,0.95,True,2048,False,,False,False,,93,N/A,,,,,15.673702239990234
"#include <hpx/hpx_main.hpp>\n\n/* Return the product of the vector x with every odd indexed element inverted.\n   i.e. x_0 * 1/x_1 * x_2 * 1/x_3 * x_4 ...\n   Use HPX to compute product in parallel.  Assume HPX has already been initialized.\n   Example:\n\n   input: [4, 2, 10, 4, 5]\n   output: 25\n*/\ndouble productWithInverses(std::vector<double> const& x) {",26_reduce_product_of_inverses,reduce,cpp,hpx,0.2,0.95,True,2048,False,#include <hpx/algorithm.hpp>\n#include <hpx/ex,False,False,,94,N/A,,,,,13.880829811096191
"#include <hpx/hpx_main.hpp>\n\n/* Return the product of the vector x with every odd indexed element inverted.\n   i.e. x_0 * 1/x_1 * x_2 * 1/x_3 * x_4 ...\n   Use HPX to compute product in parallel.  Assume HPX has already been initialized.\n   Example:\n\n   input: [4, 2, 10, 4, 5]\n   output: 25\n*/\ndouble productWithInverses(std::vector<double> const& x) {",26_reduce_product_of_inverses,reduce,cpp,hpx,0.2,0.95,True,2048,False,,False,False,,95,N/A,,,,,14.496298789978027
"#include <hpx/hpx_main.hpp>\n\n/* Return the product of the vector x with every odd indexed element inverted.\n   i.e. x_0 * 1/x_1 * x_2 * 1/x_3 * x_4 ...\n   Use HPX to compute product in parallel.  Assume HPX has already been initialized.\n   Example:\n\n   input: [4, 2, 10, 4, 5]\n   output: 25\n*/\ndouble productWithInverses(std::vector<double> const& x) {",26_reduce_product_of_inverses,reduce,cpp,hpx,0.2,0.95,True,2048,False,"double productWithInverses(std::vector<double> const& x) {\n    using hpx::execution::par;\n    auto first = hpx::util::counting_iterator<std::size_t>(0);\n    auto last  = first + x.size();\n\n    return hpx::transform_reduce(\n        par, first, last, 1.0, std::multiplies<double>{},\n        [&x](std::size_t i) {\n            double xi = x[i];\n            return (i & 1) ? (1.0 / xi) : xi;\n        });\n}",False,True,,96,N/A,,,,,9.835510730743408
"#include <hpx/hpx_main.hpp>\n\n/* Return the product of the vector x with every odd indexed element inverted.\n   i.e. x_0 * 1/x_1 * x_2 * 1/x_3 * x_4 ...\n   Use HPX to compute product in parallel.  Assume HPX has already been initialized.\n   Example:\n\n   input: [4, 2, 10, 4, 5]\n   output: 25\n*/\ndouble productWithInverses(std::vector<double> const& x) {",26_reduce_product_of_inverses,reduce,cpp,hpx,0.2,0.95,True,2048,False,"double productWithInverses(std::vector<double> const& x) {\n    using iter = hpx::util::counting_iterator<std::size_t>;\n    return hpx::transform_reduce(\n        hpx::execution::par,\n        iter(0), iter(x.size()),",False,True,,97,N/A,,,,,14.380728960037231
"#include <hpx/hpx_main.hpp>\n\n/* Return the product of the vector x with every odd indexed element inverted.\n   i.e. x_0 * 1/x_1 * x_2 * 1/x_3 * x_4 ...\n   Use HPX to compute product in parallel.  Assume HPX has already been initialized.\n   Example:\n\n   input: [4, 2, 10, 4, 5]\n   output: 25\n*/\ndouble productWithInverses(std::vector<double> const& x) {",26_reduce_product_of_inverses,reduce,cpp,hpx,0.2,0.95,True,2048,False,"double productWithInverses(std::vector<double> const& x) {\n    auto first = hpx::util::counting_iterator<std::size_t>(0);\n    auto last  = hpx::util::counting_iterator<std::size_t>(x.size());\n    return hpx::transform_reduce(\n        hpx::execution::par, first, last, 1.0, std::multiplies<double>{},\n        [&x](std::size_t i) {\n            double v = x[i];\n            return (i & 1) ? 1.0 / v : v;\n        });\n}",False,True,,98,N/A,,,,,12.001984119415283
"#include <hpx/hpx_main.hpp>\n\n/* Return the product of the vector x with every odd indexed element inverted.\n   i.e. x_0 * 1/x_1 * x_2 * 1/x_3 * x_4 ...\n   Use HPX to compute product in parallel.  Assume HPX has already been initialized.\n   Example:\n\n   input: [4, 2, 10, 4, 5]\n   output: 25\n*/\ndouble productWithInverses(std::vector<double> const& x) {",26_reduce_product_of_inverses,reduce,cpp,hpx,0.2,0.95,True,2048,False,"double productWithInverses(std::vector<double> const& x) {\n    auto first = hpx::util::counting_iterator<std::size_t>(0);\n    auto last  = hpx::util::counting_iterator<std::size_t>(x.size());\n\n    return hpx::transform_reduce(\n        hpx::execution::par, first, last, 1.0, std::multiplies<double>(),\n        [&](std::size_t i) {\n            double v = x[i];\n            return (i % 2 == 0) ? v : 1.0 / v;\n        });\n}",False,True,,99,N/A,,,,,11.424178838729858
"#include <hpx/hpx_main.hpp>\n\n/* Return the average of the vector x.\n   Use HPX to compute in parallel.  Assume HPX has already been initialized.\n   Examples:\n		\n	 input: [1, 8, 4, 5, 1]\n   output: 3.8\n\n   input: [2, 2, 2, 3]\n   output: 2.25\n*/\ndouble average(std::vector<double> const& x) {",27_reduce_average,reduce,cpp,hpx,0.2,0.95,True,2048,False,"double average(std::vector<double> const& x) {\n    if (x.empty()) return 0.0;\n    double sum = hpx::reduce(hpx::execution::par, x.begin(), x.end(), 0.0);\n    return sum / static_cast<double>(x.size());\n}",False,True,,0,N/A,,,,,9.65826678276062
"#include <hpx/hpx_main.hpp>\n\n/* Return the average of the vector x.\n   Use HPX to compute in parallel.  Assume HPX has already been initialized.\n   Examples:\n		\n	 input: [1, 8, 4, 5, 1]\n   output: 3.8\n\n   input: [2, 2, 2, 3]\n   output: 2.25\n*/\ndouble average(std::vector<double> const& x) {",27_reduce_average,reduce,cpp,hpx,0.2,0.95,True,2048,False,"double average(std::vector<double> const& x) {\n    if (x.empty()) return 0.0;\n    double sum = hpx::reduce(hpx::execution::par, x.begin(), x.end(), 0.0);\n    return sum / static_cast<double>(x.size());\n}",False,True,,1,N/A,,,,,9.51944875717163
"#include <hpx/hpx_main.hpp>\n\n/* Return the average of the vector x.\n   Use HPX to compute in parallel.  Assume HPX has already been initialized.\n   Examples:\n		\n	 input: [1, 8, 4, 5, 1]\n   output: 3.8\n\n   input: [2, 2, 2, 3]\n   output: 2.25\n*/\ndouble average(std::vector<double> const& x) {",27_reduce_average,reduce,cpp,hpx,0.2,0.95,True,2048,False,"double average(std::vector<double> const& x) {\n    if (x.empty()) return 0.0;\n    double sum = hpx::reduce(hpx::execution::par, x.begin(), x.end(), 0.0);\n    return sum / static_cast<double>(x.size());\n}",False,True,,2,N/A,,,,,8.203881025314331
"#include <hpx/hpx_main.hpp>\n\n/* Return the average of the vector x.\n   Use HPX to compute in parallel.  Assume HPX has already been initialized.\n   Examples:\n		\n	 input: [1, 8, 4, 5, 1]\n   output: 3.8\n\n   input: [2, 2, 2, 3]\n   output: 2.25\n*/\ndouble average(std::vector<double> const& x) {",27_reduce_average,reduce,cpp,hpx,0.2,0.95,True,2048,False,"double average(std::vector<double> const& x) {\n    if (x.empty()) return 0.0;\n    double sum = hpx::reduce(hpx::execution::par, x.begin(), x.end(), 0.0);\n    return sum / static_cast<double>(x.size());\n}",False,True,,3,N/A,,,,,8.48518681526184
"#include <hpx/hpx_main.hpp>\n\n/* Return the average of the vector x.\n   Use HPX to compute in parallel.  Assume HPX has already been initialized.\n   Examples:\n		\n	 input: [1, 8, 4, 5, 1]\n   output: 3.8\n\n   input: [2, 2, 2, 3]\n   output: 2.25\n*/\ndouble average(std::vector<double> const& x) {",27_reduce_average,reduce,cpp,hpx,0.2,0.95,True,2048,False,"double average(std::vector<double> const& x) {\n    if (x.empty()) return 0.0;\n    double sum = hpx::reduce(hpx::execution::par, x.begin(), x.end(), 0.0);\n    return sum / static_cast<double>(x.size());\n}",False,True,,4,N/A,,,,,8.542336702346802
"#include <hpx/hpx_main.hpp>\n\n/* Return the average of the vector x.\n   Use HPX to compute in parallel.  Assume HPX has already been initialized.\n   Examples:\n		\n	 input: [1, 8, 4, 5, 1]\n   output: 3.8\n\n   input: [2, 2, 2, 3]\n   output: 2.25\n*/\ndouble average(std::vector<double> const& x) {",27_reduce_average,reduce,cpp,hpx,0.2,0.95,True,2048,False,"double average(std::vector<double> const& x) {\n    if (x.empty()) return 0.0;\n    double sum = hpx::reduce(hpx::execution::par, x.begin(), x.end(), 0.0);\n    return sum / static_cast<double>(x.size());\n}",False,True,,5,N/A,,,,,7.517720699310303
"#include <hpx/hpx_main.hpp>\n\n/* Return the average of the vector x.\n   Use HPX to compute in parallel.  Assume HPX has already been initialized.\n   Examples:\n		\n	 input: [1, 8, 4, 5, 1]\n   output: 3.8\n\n   input: [2, 2, 2, 3]\n   output: 2.25\n*/\ndouble average(std::vector<double> const& x) {",27_reduce_average,reduce,cpp,hpx,0.2,0.95,True,2048,False,"double average(std::vector<double> const& x) {\n    if (x.empty()) return 0.0;\n    double sum = hpx::reduce(hpx::execution::par, x.begin(), x.end(), 0.0);\n    return sum / static_cast<double>(x.size());\n}",False,True,,6,N/A,,,,,8.194566011428833
"#include <hpx/hpx_main.hpp>\n\n/* Return the average of the vector x.\n   Use HPX to compute in parallel.  Assume HPX has already been initialized.\n   Examples:\n		\n	 input: [1, 8, 4, 5, 1]\n   output: 3.8\n\n   input: [2, 2, 2, 3]\n   output: 2.25\n*/\ndouble average(std::vector<double> const& x) {",27_reduce_average,reduce,cpp,hpx,0.2,0.95,True,2048,False,"double average(std::vector<double> const& x) {\n    if (x.empty()) return 0.0;\n    double sum = hpx::reduce(hpx::execution::par, x.begin(), x.end(), 0.0);\n    return sum / static_cast<double>(x.size());\n}",False,True,,7,N/A,,,,,8.290864706039429
"#include <hpx/hpx_main.hpp>\n\n/* Return the average of the vector x.\n   Use HPX to compute in parallel.  Assume HPX has already been initialized.\n   Examples:\n		\n	 input: [1, 8, 4, 5, 1]\n   output: 3.8\n\n   input: [2, 2, 2, 3]\n   output: 2.25\n*/\ndouble average(std::vector<double> const& x) {",27_reduce_average,reduce,cpp,hpx,0.2,0.95,True,2048,False,"double average(std::vector<double> const& x) {\n    if (x.empty()) return 0.0;\n    double sum = hpx::reduce(hpx::execution::par, x.begin(), x.end(), 0.0);\n    return sum / static_cast<double>(x.size());\n}",False,True,,8,N/A,,,,,12.351402282714844
"#include <hpx/hpx_main.hpp>\n\n/* Return the average of the vector x.\n   Use HPX to compute in parallel.  Assume HPX has already been initialized.\n   Examples:\n		\n	 input: [1, 8, 4, 5, 1]\n   output: 3.8\n\n   input: [2, 2, 2, 3]\n   output: 2.25\n*/\ndouble average(std::vector<double> const& x) {",27_reduce_average,reduce,cpp,hpx,0.2,0.95,True,2048,False,"double average(std::vector<double> const& x) {\n    if (x.empty()) return 0.0;\n    double sum = hpx::reduce(hpx::execution::par, x.begin(), x.end(), 0.0);\n    return sum / static_cast<double>(x.size());\n}",False,True,,9,N/A,,,,,6.934013843536377
"#include <hpx/hpx_main.hpp>\n\n/* Return the average of the vector x.\n   Use HPX to compute in parallel.  Assume HPX has already been initialized.\n   Examples:\n		\n	 input: [1, 8, 4, 5, 1]\n   output: 3.8\n\n   input: [2, 2, 2, 3]\n   output: 2.25\n*/\ndouble average(std::vector<double> const& x) {",27_reduce_average,reduce,cpp,hpx,0.2,0.95,True,2048,False,"double average(std::vector<double> const& x) {\n    if (x.empty()) return 0.0;\n    double sum = hpx::reduce(hpx::execution::par, x.begin(), x.end(), 0.0);\n    return sum / static_cast<double>(x.size());\n}",False,True,,10,N/A,,,,,8.809030294418335
"#include <hpx/hpx_main.hpp>\n\n/* Return the average of the vector x.\n   Use HPX to compute in parallel.  Assume HPX has already been initialized.\n   Examples:\n		\n	 input: [1, 8, 4, 5, 1]\n   output: 3.8\n\n   input: [2, 2, 2, 3]\n   output: 2.25\n*/\ndouble average(std::vector<double> const& x) {",27_reduce_average,reduce,cpp,hpx,0.2,0.95,True,2048,False,"double average(std::vector<double> const& x) {\n    if (x.empty()) return 0.0;\n    double sum = hpx::reduce(hpx::execution::par, x.begin(), x.end(), 0.0);\n    return sum / static_cast<double>(x.size());\n}",False,True,,11,N/A,,,,,12.203731298446655
"#include <hpx/hpx_main.hpp>\n\n/* Return the average of the vector x.\n   Use HPX to compute in parallel.  Assume HPX has already been initialized.\n   Examples:\n		\n	 input: [1, 8, 4, 5, 1]\n   output: 3.8\n\n   input: [2, 2, 2, 3]\n   output: 2.25\n*/\ndouble average(std::vector<double> const& x) {",27_reduce_average,reduce,cpp,hpx,0.2,0.95,True,2048,False,"double average(std::vector<double> const& x) {\n    if (x.empty()) return 0.0;\n    double sum = hpx::reduce(hpx::execution::par, x.begin(), x.end(), 0.0);\n    return sum / static_cast<double>(x.size());\n}",False,True,,12,N/A,,,,,9.885854244232178
"#include <hpx/hpx_main.hpp>\n\n/* Return the average of the vector x.\n   Use HPX to compute in parallel.  Assume HPX has already been initialized.\n   Examples:\n		\n	 input: [1, 8, 4, 5, 1]\n   output: 3.8\n\n   input: [2, 2, 2, 3]\n   output: 2.25\n*/\ndouble average(std::vector<double> const& x) {",27_reduce_average,reduce,cpp,hpx,0.2,0.95,True,2048,False,"double average(std::vector<double> const& x) {\n    if (x.empty()) return 0.0;\n    double sum = hpx::reduce(hpx::execution::par, x.begin(), x.end(), 0.0);\n    return sum / static_cast<double>(x.size());\n}",False,True,,13,N/A,,,,,7.08979868888855
"#include <hpx/hpx_main.hpp>\n\n/* Return the average of the vector x.\n   Use HPX to compute in parallel.  Assume HPX has already been initialized.\n   Examples:\n		\n	 input: [1, 8, 4, 5, 1]\n   output: 3.8\n\n   input: [2, 2, 2, 3]\n   output: 2.25\n*/\ndouble average(std::vector<double> const& x) {",27_reduce_average,reduce,cpp,hpx,0.2,0.95,True,2048,False,"double average(std::vector<double> const& x) {\n    if (x.empty()) return 0.0;\n    double sum = hpx::reduce(hpx::execution::par, x.begin(), x.end(), 0.0);\n    return sum / static_cast<double>(x.size());\n}",False,True,,14,N/A,,,,,9.810186624526978
"#include <hpx/hpx_main.hpp>\n\n/* Return the average of the vector x.\n   Use HPX to compute in parallel.  Assume HPX has already been initialized.\n   Examples:\n		\n	 input: [1, 8, 4, 5, 1]\n   output: 3.8\n\n   input: [2, 2, 2, 3]\n   output: 2.25\n*/\ndouble average(std::vector<double> const& x) {",27_reduce_average,reduce,cpp,hpx,0.2,0.95,True,2048,False,"double average(std::vector<double> const& x) {\n    if (x.empty()) return 0.0;\n    double sum = hpx::reduce(hpx::execution::par, x.begin(), x.end(), 0.0);\n    return sum / static_cast<double>(x.size());\n}",False,True,,15,N/A,,,,,7.7420735359191895
"#include <hpx/hpx_main.hpp>\n\n/* Return the average of the vector x.\n   Use HPX to compute in parallel.  Assume HPX has already been initialized.\n   Examples:\n		\n	 input: [1, 8, 4, 5, 1]\n   output: 3.8\n\n   input: [2, 2, 2, 3]\n   output: 2.25\n*/\ndouble average(std::vector<double> const& x) {",27_reduce_average,reduce,cpp,hpx,0.2,0.95,True,2048,False,"double average(std::vector<double> const& x) {\n    if (x.empty()) return 0.0;\n    double sum = hpx::reduce(hpx::execution::par, x.begin(), x.end(), 0.0);\n    return sum / static_cast<double>(x.size());\n}",False,True,,16,N/A,,,,,8.004983186721802
"#include <hpx/hpx_main.hpp>\n\n/* Return the average of the vector x.\n   Use HPX to compute in parallel.  Assume HPX has already been initialized.\n   Examples:\n		\n	 input: [1, 8, 4, 5, 1]\n   output: 3.8\n\n   input: [2, 2, 2, 3]\n   output: 2.25\n*/\ndouble average(std::vector<double> const& x) {",27_reduce_average,reduce,cpp,hpx,0.2,0.95,True,2048,False,"double average(std::vector<double> const& x) {\n    if (x.empty()) return std::numeric_limits<double>::quiet_NaN();\n    double sum = hpx::reduce(hpx::execution::par, x.begin(), x.end(), 0.0);\n    return sum / static_cast<double>(x.size());\n}",False,True,,17,N/A,,,,,7.269676208496094
"#include <hpx/hpx_main.hpp>\n\n/* Return the average of the vector x.\n   Use HPX to compute in parallel.  Assume HPX has already been initialized.\n   Examples:\n		\n	 input: [1, 8, 4, 5, 1]\n   output: 3.8\n\n   input: [2, 2, 2, 3]\n   output: 2.25\n*/\ndouble average(std::vector<double> const& x) {",27_reduce_average,reduce,cpp,hpx,0.2,0.95,True,2048,False,"double average(std::vector<double> const& x) {\n    if (x.empty()) return 0.0;\n    double sum = hpx::reduce(hpx::execution::par, x.begin(), x.end(), 0.0);\n    return sum / static_cast<double>(x.size());\n}",False,True,,18,N/A,,,,,9.137792825698853
"#include <hpx/hpx_main.hpp>\n\n/* Return the average of the vector x.\n   Use HPX to compute in parallel.  Assume HPX has already been initialized.\n   Examples:\n		\n	 input: [1, 8, 4, 5, 1]\n   output: 3.8\n\n   input: [2, 2, 2, 3]\n   output: 2.25\n*/\ndouble average(std::vector<double> const& x) {",27_reduce_average,reduce,cpp,hpx,0.2,0.95,True,2048,False,"double average(std::vector<double> const& x) {\n    if (x.empty()) return 0.0;\n    double sum = hpx::reduce(hpx::execution::par, x.begin(), x.end(), 0.0);\n    return sum / x.size();\n}",False,True,,19,N/A,,,,,7.938685655593872
"#include <hpx/hpx_main.hpp>\n\n/* Return the average of the vector x.\n   Use HPX to compute in parallel.  Assume HPX has already been initialized.\n   Examples:\n		\n	 input: [1, 8, 4, 5, 1]\n   output: 3.8\n\n   input: [2, 2, 2, 3]\n   output: 2.25\n*/\ndouble average(std::vector<double> const& x) {",27_reduce_average,reduce,cpp,hpx,0.2,0.95,True,2048,False,"double average(std::vector<double> const& x) {\n    if (x.empty()) return 0.0;\n    double sum = hpx::reduce(hpx::execution::par, x.begin(), x.end(), 0.0);\n    return sum / static_cast<double>(x.size());\n}",False,True,,20,N/A,,,,,9.242820501327515
"#include <hpx/hpx_main.hpp>\n\n/* Return the average of the vector x.\n   Use HPX to compute in parallel.  Assume HPX has already been initialized.\n   Examples:\n		\n	 input: [1, 8, 4, 5, 1]\n   output: 3.8\n\n   input: [2, 2, 2, 3]\n   output: 2.25\n*/\ndouble average(std::vector<double> const& x) {",27_reduce_average,reduce,cpp,hpx,0.2,0.95,True,2048,False,"double average(std::vector<double> const& x) {\n    if (x.empty()) return 0.0;\n    double sum = hpx::reduce(hpx::execution::par, x.begin(), x.end(), 0.0);\n    return sum / static_cast<double>(x.size());\n}",False,True,,21,N/A,,,,,10.168276071548462
"#include <hpx/hpx_main.hpp>\n\n/* Return the average of the vector x.\n   Use HPX to compute in parallel.  Assume HPX has already been initialized.\n   Examples:\n		\n	 input: [1, 8, 4, 5, 1]\n   output: 3.8\n\n   input: [2, 2, 2, 3]\n   output: 2.25\n*/\ndouble average(std::vector<double> const& x) {",27_reduce_average,reduce,cpp,hpx,0.2,0.95,True,2048,False,"double average(std::vector<double> const& x) {\n    if (x.empty()) return 0.0;\n    double sum = hpx::reduce(hpx::execution::par, x.begin(), x.end(), 0.0);\n    return sum / static_cast<double>(x.size());\n}",False,True,,22,N/A,,,,,7.1517791748046875
"#include <hpx/hpx_main.hpp>\n\n/* Return the average of the vector x.\n   Use HPX to compute in parallel.  Assume HPX has already been initialized.\n   Examples:\n		\n	 input: [1, 8, 4, 5, 1]\n   output: 3.8\n\n   input: [2, 2, 2, 3]\n   output: 2.25\n*/\ndouble average(std::vector<double> const& x) {",27_reduce_average,reduce,cpp,hpx,0.2,0.95,True,2048,False,"double average(std::vector<double> const& x) {\n    if (x.empty()) return 0.0;\n    double sum = hpx::reduce(hpx::execution::par, x.begin(), x.end(), 0.0);\n    return sum / static_cast<double>(x.size());\n}",False,True,,23,N/A,,,,,9.05665135383606
"#include <hpx/hpx_main.hpp>\n\n/* Return the average of the vector x.\n   Use HPX to compute in parallel.  Assume HPX has already been initialized.\n   Examples:\n		\n	 input: [1, 8, 4, 5, 1]\n   output: 3.8\n\n   input: [2, 2, 2, 3]\n   output: 2.25\n*/\ndouble average(std::vector<double> const& x) {",27_reduce_average,reduce,cpp,hpx,0.2,0.95,True,2048,False,"double average(std::vector<double> const& x) {\n    if (x.empty()) return std::numeric_limits<double>::quiet_NaN();\n    double sum = hpx::reduce(hpx::execution::par, x.begin(), x.end(), 0.0);\n    return sum / static_cast<double>(x.size());\n}",False,True,,24,N/A,,,,,11.018529653549194
"#include <hpx/hpx_main.hpp>\n\n/* Return the average of the vector x.\n   Use HPX to compute in parallel.  Assume HPX has already been initialized.\n   Examples:\n		\n	 input: [1, 8, 4, 5, 1]\n   output: 3.8\n\n   input: [2, 2, 2, 3]\n   output: 2.25\n*/\ndouble average(std::vector<double> const& x) {",27_reduce_average,reduce,cpp,hpx,0.2,0.95,True,2048,False,"double average(std::vector<double> const& x) {\n    if (x.empty()) return 0.0;\n    double sum = hpx::reduce(hpx::execution::par, x.begin(), x.end(), 0.0);\n    return sum / static_cast<double>(x.size());\n}",False,True,,25,N/A,,,,,9.040732145309448
"#include <hpx/hpx_main.hpp>\n\n/* Return the average of the vector x.\n   Use HPX to compute in parallel.  Assume HPX has already been initialized.\n   Examples:\n		\n	 input: [1, 8, 4, 5, 1]\n   output: 3.8\n\n   input: [2, 2, 2, 3]\n   output: 2.25\n*/\ndouble average(std::vector<double> const& x) {",27_reduce_average,reduce,cpp,hpx,0.2,0.95,True,2048,False,"double average(std::vector<double> const& x) {\n    if (x.empty()) return 0.0;\n    double sum = hpx::reduce(hpx::execution::par, x.begin(), x.end(), 0.0);\n    return sum / static_cast<double>(x.size());\n}",False,True,,26,N/A,,,,,9.150412321090698
"#include <hpx/hpx_main.hpp>\n\n/* Return the average of the vector x.\n   Use HPX to compute in parallel.  Assume HPX has already been initialized.\n   Examples:\n		\n	 input: [1, 8, 4, 5, 1]\n   output: 3.8\n\n   input: [2, 2, 2, 3]\n   output: 2.25\n*/\ndouble average(std::vector<double> const& x) {",27_reduce_average,reduce,cpp,hpx,0.2,0.95,True,2048,False,"double average(std::vector<double> const& x) {\n    if (x.empty()) return 0.0;\n    double sum = hpx::reduce(hpx::execution::par, x.begin(), x.end(), 0.0);\n    return sum / static_cast<double>(x.size());\n}",False,True,,27,N/A,,,,,6.675548315048218
"#include <hpx/hpx_main.hpp>\n\n/* Return the average of the vector x.\n   Use HPX to compute in parallel.  Assume HPX has already been initialized.\n   Examples:\n		\n	 input: [1, 8, 4, 5, 1]\n   output: 3.8\n\n   input: [2, 2, 2, 3]\n   output: 2.25\n*/\ndouble average(std::vector<double> const& x) {",27_reduce_average,reduce,cpp,hpx,0.2,0.95,True,2048,False,"double average(std::vector<double> const& x) {\n    if (x.empty()) return 0.0;\n    double sum = hpx::reduce(hpx::execution::par, x.begin(), x.end(), 0.0);\n    return sum / static_cast<double>(x.size());\n}",False,True,,28,N/A,,,,,9.69386100769043
"#include <hpx/hpx_main.hpp>\n\n/* Return the average of the vector x.\n   Use HPX to compute in parallel.  Assume HPX has already been initialized.\n   Examples:\n		\n	 input: [1, 8, 4, 5, 1]\n   output: 3.8\n\n   input: [2, 2, 2, 3]\n   output: 2.25\n*/\ndouble average(std::vector<double> const& x) {",27_reduce_average,reduce,cpp,hpx,0.2,0.95,True,2048,False,"double average(std::vector<double> const& x) {\n    if (x.empty()) return 0.0;\n    double sum = hpx::reduce(hpx::execution::par, x.begin(), x.end(), 0.0);\n    return sum / static_cast<double>(x.size());\n}",False,True,,29,N/A,,,,,9.154726505279541
"#include <hpx/hpx_main.hpp>\n\n/* Return the average of the vector x.\n   Use HPX to compute in parallel.  Assume HPX has already been initialized.\n   Examples:\n		\n	 input: [1, 8, 4, 5, 1]\n   output: 3.8\n\n   input: [2, 2, 2, 3]\n   output: 2.25\n*/\ndouble average(std::vector<double> const& x) {",27_reduce_average,reduce,cpp,hpx,0.2,0.95,True,2048,False,"double average(std::vector<double> const& x) {\n    if (x.empty()) return 0.0;\n    double sum = hpx::reduce(hpx::execution::par, x.begin(), x.end(), 0.0);\n    return sum / static_cast<double>(x.size());\n}",False,True,,30,N/A,,,,,14.415012836456299
"#include <hpx/hpx_main.hpp>\n\n/* Return the average of the vector x.\n   Use HPX to compute in parallel.  Assume HPX has already been initialized.\n   Examples:\n		\n	 input: [1, 8, 4, 5, 1]\n   output: 3.8\n\n   input: [2, 2, 2, 3]\n   output: 2.25\n*/\ndouble average(std::vector<double> const& x) {",27_reduce_average,reduce,cpp,hpx,0.2,0.95,True,2048,False,"double average(std::vector<double> const& x) {\n    if (x.empty()) return 0.0;\n    double sum = hpx::reduce(hpx::execution::par, x.begin(), x.end(), 0.0);\n    return sum / static_cast<double>(x.size());\n}",False,True,,31,N/A,,,,,8.359029054641724
"#include <hpx/hpx_main.hpp>\n\n/* Return the average of the vector x.\n   Use HPX to compute in parallel.  Assume HPX has already been initialized.\n   Examples:\n		\n	 input: [1, 8, 4, 5, 1]\n   output: 3.8\n\n   input: [2, 2, 2, 3]\n   output: 2.25\n*/\ndouble average(std::vector<double> const& x) {",27_reduce_average,reduce,cpp,hpx,0.2,0.95,True,2048,False,"double average(std::vector<double> const& x) {\n    if (x.empty()) return 0.0;\n    double sum = hpx::reduce(hpx::execution::par, x.begin(), x.end(), 0.0);\n    return sum / static_cast<double>(x.size());\n}",False,True,,32,N/A,,,,,6.934709310531616
"#include <hpx/hpx_main.hpp>\n\n/* Return the average of the vector x.\n   Use HPX to compute in parallel.  Assume HPX has already been initialized.\n   Examples:\n		\n	 input: [1, 8, 4, 5, 1]\n   output: 3.8\n\n   input: [2, 2, 2, 3]\n   output: 2.25\n*/\ndouble average(std::vector<double> const& x) {",27_reduce_average,reduce,cpp,hpx,0.2,0.95,True,2048,False,"double average(std::vector<double> const& x) {\n    if (x.empty()) return 0.0;\n    double sum = hpx::reduce(hpx::execution::par, x.begin(), x.end(), 0.0);\n    return sum / static_cast<double>(x.size());\n}",False,True,,33,N/A,,,,,10.250673532485962
"#include <hpx/hpx_main.hpp>\n\n/* Return the average of the vector x.\n   Use HPX to compute in parallel.  Assume HPX has already been initialized.\n   Examples:\n		\n	 input: [1, 8, 4, 5, 1]\n   output: 3.8\n\n   input: [2, 2, 2, 3]\n   output: 2.25\n*/\ndouble average(std::vector<double> const& x) {",27_reduce_average,reduce,cpp,hpx,0.2,0.95,True,2048,False,"double average(std::vector<double> const& x) {\n    if (x.empty()) return 0.0;\n    double sum = hpx::reduce(hpx::execution::par, x.begin(), x.end(), 0.0);\n    return sum / static_cast<double>(x.size());\n}",False,True,,34,N/A,,,,,10.048394918441772
"#include <hpx/hpx_main.hpp>\n\n/* Return the average of the vector x.\n   Use HPX to compute in parallel.  Assume HPX has already been initialized.\n   Examples:\n		\n	 input: [1, 8, 4, 5, 1]\n   output: 3.8\n\n   input: [2, 2, 2, 3]\n   output: 2.25\n*/\ndouble average(std::vector<double> const& x) {",27_reduce_average,reduce,cpp,hpx,0.2,0.95,True,2048,False,"double average(std::vector<double> const& x) {\n    if (x.empty()) return 0.0;\n    double sum = hpx::reduce(hpx::execution::par, x.begin(), x.end(), 0.0);\n    return sum / x.size();\n}",False,True,,35,N/A,,,,,7.298894166946411
"#include <hpx/hpx_main.hpp>\n\n/* Return the average of the vector x.\n   Use HPX to compute in parallel.  Assume HPX has already been initialized.\n   Examples:\n		\n	 input: [1, 8, 4, 5, 1]\n   output: 3.8\n\n   input: [2, 2, 2, 3]\n   output: 2.25\n*/\ndouble average(std::vector<double> const& x) {",27_reduce_average,reduce,cpp,hpx,0.2,0.95,True,2048,False,"double average(std::vector<double> const& x) {\n    if (x.empty()) return 0.0;\n    double sum = hpx::reduce(hpx::execution::par, x.begin(), x.end(), 0.0);\n    return sum / static_cast<double>(x.size());\n}",False,True,,36,N/A,,,,,11.05557370185852
"#include <hpx/hpx_main.hpp>\n\n/* Return the average of the vector x.\n   Use HPX to compute in parallel.  Assume HPX has already been initialized.\n   Examples:\n		\n	 input: [1, 8, 4, 5, 1]\n   output: 3.8\n\n   input: [2, 2, 2, 3]\n   output: 2.25\n*/\ndouble average(std::vector<double> const& x) {",27_reduce_average,reduce,cpp,hpx,0.2,0.95,True,2048,False,"double average(std::vector<double> const& x) {\n    if (x.empty()) return 0.0;\n    double sum = hpx::reduce(hpx::execution::par, x.begin(), x.end(), 0.0);\n    return sum / static_cast<double>(x.size());\n}",False,True,,37,N/A,,,,,7.125392198562622
"#include <hpx/hpx_main.hpp>\n\n/* Return the average of the vector x.\n   Use HPX to compute in parallel.  Assume HPX has already been initialized.\n   Examples:\n		\n	 input: [1, 8, 4, 5, 1]\n   output: 3.8\n\n   input: [2, 2, 2, 3]\n   output: 2.25\n*/\ndouble average(std::vector<double> const& x) {",27_reduce_average,reduce,cpp,hpx,0.2,0.95,True,2048,False,"double average(std::vector<double> const& x) {\n    if (x.empty()) return 0.0;\n    double sum = hpx::reduce(hpx::execution::par, x.begin(), x.end(), 0.0);\n    return sum / static_cast<double>(x.size());\n}",False,True,,38,N/A,,,,,11.69130277633667
"#include <hpx/hpx_main.hpp>\n\n/* Return the average of the vector x.\n   Use HPX to compute in parallel.  Assume HPX has already been initialized.\n   Examples:\n		\n	 input: [1, 8, 4, 5, 1]\n   output: 3.8\n\n   input: [2, 2, 2, 3]\n   output: 2.25\n*/\ndouble average(std::vector<double> const& x) {",27_reduce_average,reduce,cpp,hpx,0.2,0.95,True,2048,False,"double average(std::vector<double> const& x) {\n    if (x.empty()) return 0.0;\n    double sum = hpx::reduce(hpx::execution::par, x.begin(), x.end(), 0.0);\n    return sum / static_cast<double>(x.size());\n}",False,True,,39,N/A,,,,,9.836380243301392
"#include <hpx/hpx_main.hpp>\n\n/* Return the average of the vector x.\n   Use HPX to compute in parallel.  Assume HPX has already been initialized.\n   Examples:\n		\n	 input: [1, 8, 4, 5, 1]\n   output: 3.8\n\n   input: [2, 2, 2, 3]\n   output: 2.25\n*/\ndouble average(std::vector<double> const& x) {",27_reduce_average,reduce,cpp,hpx,0.2,0.95,True,2048,False,"double average(std::vector<double> const& x) {\n    if (x.empty()) return 0.0;\n    double sum = hpx::reduce(hpx::execution::par, x.begin(), x.end(), 0.0);\n    return sum / static_cast<double>(x.size());\n}",False,True,,40,N/A,,,,,11.007373571395874
"#include <hpx/hpx_main.hpp>\n\n/* Return the average of the vector x.\n   Use HPX to compute in parallel.  Assume HPX has already been initialized.\n   Examples:\n		\n	 input: [1, 8, 4, 5, 1]\n   output: 3.8\n\n   input: [2, 2, 2, 3]\n   output: 2.25\n*/\ndouble average(std::vector<double> const& x) {",27_reduce_average,reduce,cpp,hpx,0.2,0.95,True,2048,False,"double average(std::vector<double> const& x) {\n    if (x.empty()) return 0.0;\n    double sum = hpx::reduce(hpx::execution::par, x.begin(), x.end(), 0.0);\n    return sum / static_cast<double>(x.size());\n}",False,True,,41,N/A,,,,,8.522398710250854
"#include <hpx/hpx_main.hpp>\n\n/* Return the average of the vector x.\n   Use HPX to compute in parallel.  Assume HPX has already been initialized.\n   Examples:\n		\n	 input: [1, 8, 4, 5, 1]\n   output: 3.8\n\n   input: [2, 2, 2, 3]\n   output: 2.25\n*/\ndouble average(std::vector<double> const& x) {",27_reduce_average,reduce,cpp,hpx,0.2,0.95,True,2048,False,"double average(std::vector<double> const& x) {\n    if (x.empty()) return 0.0;\n    double sum = hpx::reduce(hpx::execution::par, x.begin(), x.end(), 0.0);\n    return sum / static_cast<double>(x.size());\n}",False,True,,42,N/A,,,,,9.339323043823242
"#include <hpx/hpx_main.hpp>\n\n/* Return the average of the vector x.\n   Use HPX to compute in parallel.  Assume HPX has already been initialized.\n   Examples:\n		\n	 input: [1, 8, 4, 5, 1]\n   output: 3.8\n\n   input: [2, 2, 2, 3]\n   output: 2.25\n*/\ndouble average(std::vector<double> const& x) {",27_reduce_average,reduce,cpp,hpx,0.2,0.95,True,2048,False,"double average(std::vector<double> const& x) {\n    if (x.empty()) return 0.0;\n    double sum = hpx::reduce(hpx::execution::par, x.begin(), x.end(), 0.0);\n    return sum / static_cast<double>(x.size());\n}",False,True,,43,N/A,,,,,6.509760618209839
"#include <hpx/hpx_main.hpp>\n\n/* Return the average of the vector x.\n   Use HPX to compute in parallel.  Assume HPX has already been initialized.\n   Examples:\n		\n	 input: [1, 8, 4, 5, 1]\n   output: 3.8\n\n   input: [2, 2, 2, 3]\n   output: 2.25\n*/\ndouble average(std::vector<double> const& x) {",27_reduce_average,reduce,cpp,hpx,0.2,0.95,True,2048,False,"double average(std::vector<double> const& x) {\n    if (x.empty()) return 0.0;\n    double sum = hpx::reduce(hpx::execution::par, x.begin(), x.end(), 0.0);\n    return sum / static_cast<double>(x.size());\n}",False,True,,44,N/A,,,,,9.684742450714111
"#include <hpx/hpx_main.hpp>\n\n/* Return the average of the vector x.\n   Use HPX to compute in parallel.  Assume HPX has already been initialized.\n   Examples:\n		\n	 input: [1, 8, 4, 5, 1]\n   output: 3.8\n\n   input: [2, 2, 2, 3]\n   output: 2.25\n*/\ndouble average(std::vector<double> const& x) {",27_reduce_average,reduce,cpp,hpx,0.2,0.95,True,2048,False,"double average(std::vector<double> const& x) {\n    if (x.empty()) return 0.0;\n    double sum = hpx::reduce(hpx::execution::par, x.begin(), x.end(), 0.0);\n    return sum / static_cast<double>(x.size());\n}",False,True,,45,N/A,,,,,8.715340852737427
"#include <hpx/hpx_main.hpp>\n\n/* Return the average of the vector x.\n   Use HPX to compute in parallel.  Assume HPX has already been initialized.\n   Examples:\n		\n	 input: [1, 8, 4, 5, 1]\n   output: 3.8\n\n   input: [2, 2, 2, 3]\n   output: 2.25\n*/\ndouble average(std::vector<double> const& x) {",27_reduce_average,reduce,cpp,hpx,0.2,0.95,True,2048,False,"double average(std::vector<double> const& x) {\n    if (x.empty()) return 0.0;\n    double sum = hpx::reduce(hpx::execution::par, x.begin(), x.end(), 0.0);\n    return sum / static_cast<double>(x.size());\n}",False,True,,46,N/A,,,,,9.78318190574646
"#include <hpx/hpx_main.hpp>\n\n/* Return the average of the vector x.\n   Use HPX to compute in parallel.  Assume HPX has already been initialized.\n   Examples:\n		\n	 input: [1, 8, 4, 5, 1]\n   output: 3.8\n\n   input: [2, 2, 2, 3]\n   output: 2.25\n*/\ndouble average(std::vector<double> const& x) {",27_reduce_average,reduce,cpp,hpx,0.2,0.95,True,2048,False,"double average(std::vector<double> const& x) {\n    if (x.empty()) return 0.0;\n    double sum = hpx::reduce(hpx::execution::par, x.begin(), x.end(), 0.0);\n    return sum / static_cast<double>(x.size());\n}",False,True,,47,N/A,,,,,8.296120405197144
"#include <hpx/hpx_main.hpp>\n\n/* Return the average of the vector x.\n   Use HPX to compute in parallel.  Assume HPX has already been initialized.\n   Examples:\n		\n	 input: [1, 8, 4, 5, 1]\n   output: 3.8\n\n   input: [2, 2, 2, 3]\n   output: 2.25\n*/\ndouble average(std::vector<double> const& x) {",27_reduce_average,reduce,cpp,hpx,0.2,0.95,True,2048,False,"double average(std::vector<double> const& x) {\n    if (x.empty()) return 0.0;\n    double sum = hpx::reduce(hpx::execution::par, x.begin(), x.end(), 0.0);\n    return sum / static_cast<double>(x.size());\n}",False,True,,48,N/A,,,,,8.846093654632568
"#include <hpx/hpx_main.hpp>\n\n/* Return the average of the vector x.\n   Use HPX to compute in parallel.  Assume HPX has already been initialized.\n   Examples:\n		\n	 input: [1, 8, 4, 5, 1]\n   output: 3.8\n\n   input: [2, 2, 2, 3]\n   output: 2.25\n*/\ndouble average(std::vector<double> const& x) {",27_reduce_average,reduce,cpp,hpx,0.2,0.95,True,2048,False,"double average(std::vector<double> const& x) {\n    if (x.empty()) return 0.0;\n    double sum = hpx::reduce(hpx::execution::par, x.begin(), x.end(), 0.0);\n    return sum / static_cast<double>(x.size());\n}",False,True,,49,N/A,,,,,10.068868398666382
"#include <hpx/hpx_main.hpp>\n\n/* Return the average of the vector x.\n   Use HPX to compute in parallel.  Assume HPX has already been initialized.\n   Examples:\n		\n	 input: [1, 8, 4, 5, 1]\n   output: 3.8\n\n   input: [2, 2, 2, 3]\n   output: 2.25\n*/\ndouble average(std::vector<double> const& x) {",27_reduce_average,reduce,cpp,hpx,0.2,0.95,True,2048,False,"double average(std::vector<double> const& x) {\n    if (x.empty()) return 0.0;\n    double sum = hpx::reduce(hpx::execution::par, x.begin(), x.end(), 0.0);\n    return sum / static_cast<double>(x.size());\n}",False,True,,50,N/A,,,,,11.070800542831421
"#include <hpx/hpx_main.hpp>\n\n/* Return the average of the vector x.\n   Use HPX to compute in parallel.  Assume HPX has already been initialized.\n   Examples:\n		\n	 input: [1, 8, 4, 5, 1]\n   output: 3.8\n\n   input: [2, 2, 2, 3]\n   output: 2.25\n*/\ndouble average(std::vector<double> const& x) {",27_reduce_average,reduce,cpp,hpx,0.2,0.95,True,2048,False,"double average(std::vector<double> const& x) {\n    if (x.empty()) return 0.0;\n    double sum = hpx::reduce(hpx::execution::par, x.begin(), x.end(), 0.0);\n    return sum / static_cast<double>(x.size());\n}",False,True,,51,N/A,,,,,10.050250768661499
"#include <hpx/hpx_main.hpp>\n\n/* Return the average of the vector x.\n   Use HPX to compute in parallel.  Assume HPX has already been initialized.\n   Examples:\n		\n	 input: [1, 8, 4, 5, 1]\n   output: 3.8\n\n   input: [2, 2, 2, 3]\n   output: 2.25\n*/\ndouble average(std::vector<double> const& x) {",27_reduce_average,reduce,cpp,hpx,0.2,0.95,True,2048,False,"double average(std::vector<double> const& x) {\n    if (x.empty()) return 0.0;\n    double sum = hpx::reduce(hpx::execution::par, x.begin(), x.end(), 0.0);\n    return sum / static_cast<double>(x.size());\n}",False,True,,52,N/A,,,,,9.80826997756958
"#include <hpx/hpx_main.hpp>\n\n/* Return the average of the vector x.\n   Use HPX to compute in parallel.  Assume HPX has already been initialized.\n   Examples:\n		\n	 input: [1, 8, 4, 5, 1]\n   output: 3.8\n\n   input: [2, 2, 2, 3]\n   output: 2.25\n*/\ndouble average(std::vector<double> const& x) {",27_reduce_average,reduce,cpp,hpx,0.2,0.95,True,2048,False,"double average(std::vector<double> const& x) {\n    if (x.empty()) return 0.0;\n    double sum = hpx::reduce(hpx::execution::par, x.begin(), x.end(), 0.0);\n    return sum / static_cast<double>(x.size());\n}",False,True,,53,N/A,,,,,8.947705030441284
"#include <hpx/hpx_main.hpp>\n\n/* Return the average of the vector x.\n   Use HPX to compute in parallel.  Assume HPX has already been initialized.\n   Examples:\n		\n	 input: [1, 8, 4, 5, 1]\n   output: 3.8\n\n   input: [2, 2, 2, 3]\n   output: 2.25\n*/\ndouble average(std::vector<double> const& x) {",27_reduce_average,reduce,cpp,hpx,0.2,0.95,True,2048,False,"double average(std::vector<double> const& x) {\n    if (x.empty()) return 0.0;\n    double sum = hpx::reduce(hpx::execution::par, x.begin(), x.end(), 0.0);\n    return sum / static_cast<double>(x.size());\n}",False,True,,54,N/A,,,,,7.254558563232422
"#include <hpx/hpx_main.hpp>\n\n/* Return the average of the vector x.\n   Use HPX to compute in parallel.  Assume HPX has already been initialized.\n   Examples:\n		\n	 input: [1, 8, 4, 5, 1]\n   output: 3.8\n\n   input: [2, 2, 2, 3]\n   output: 2.25\n*/\ndouble average(std::vector<double> const& x) {",27_reduce_average,reduce,cpp,hpx,0.2,0.95,True,2048,False,"double average(std::vector<double> const& x) {\n    if (x.empty()) return 0.0;\n    double sum = hpx::reduce(hpx::execution::par, x.begin(), x.end(), 0.0);\n    return sum / static_cast<double>(x.size());\n}",False,True,,55,N/A,,,,,8.277527570724487
"#include <hpx/hpx_main.hpp>\n\n/* Return the average of the vector x.\n   Use HPX to compute in parallel.  Assume HPX has already been initialized.\n   Examples:\n		\n	 input: [1, 8, 4, 5, 1]\n   output: 3.8\n\n   input: [2, 2, 2, 3]\n   output: 2.25\n*/\ndouble average(std::vector<double> const& x) {",27_reduce_average,reduce,cpp,hpx,0.2,0.95,True,2048,False,"double average(std::vector<double> const& x) {\n    if (x.empty()) return 0.0;\n    double sum = hpx::reduce(hpx::execution::par, x.begin(), x.end(), 0.0);\n    return sum / static_cast<double>(x.size());\n}",False,True,,56,N/A,,,,,11.008243560791016
"#include <hpx/hpx_main.hpp>\n\n/* Return the average of the vector x.\n   Use HPX to compute in parallel.  Assume HPX has already been initialized.\n   Examples:\n		\n	 input: [1, 8, 4, 5, 1]\n   output: 3.8\n\n   input: [2, 2, 2, 3]\n   output: 2.25\n*/\ndouble average(std::vector<double> const& x) {",27_reduce_average,reduce,cpp,hpx,0.2,0.95,True,2048,False,"double average(std::vector<double> const& x) {\n    if (x.empty()) return 0.0;\n    double sum = hpx::reduce(hpx::execution::par, x.begin(), x.end(), 0.0);\n    return sum / static_cast<double>(x.size());\n}",False,True,,57,N/A,,,,,9.954846858978271
"#include <hpx/hpx_main.hpp>\n\n/* Return the average of the vector x.\n   Use HPX to compute in parallel.  Assume HPX has already been initialized.\n   Examples:\n		\n	 input: [1, 8, 4, 5, 1]\n   output: 3.8\n\n   input: [2, 2, 2, 3]\n   output: 2.25\n*/\ndouble average(std::vector<double> const& x) {",27_reduce_average,reduce,cpp,hpx,0.2,0.95,True,2048,False,"double average(std::vector<double> const& x) {\n    if (x.empty()) return 0.0;\n    double sum = hpx::reduce(hpx::execution::par, x.begin(), x.end(), 0.0);\n    return sum / static_cast<double>(x.size());\n}",False,True,,58,N/A,,,,,7.243704795837402
"#include <hpx/hpx_main.hpp>\n\n/* Return the average of the vector x.\n   Use HPX to compute in parallel.  Assume HPX has already been initialized.\n   Examples:\n		\n	 input: [1, 8, 4, 5, 1]\n   output: 3.8\n\n   input: [2, 2, 2, 3]\n   output: 2.25\n*/\ndouble average(std::vector<double> const& x) {",27_reduce_average,reduce,cpp,hpx,0.2,0.95,True,2048,False,"double average(std::vector<double> const& x) {\n    if (x.empty()) return 0.0;\n    double sum = hpx::reduce(hpx::execution::par, x.begin(), x.end(), 0.0);\n    return sum / static_cast<double>(x.size());\n}",False,True,,59,N/A,,,,,9.946699619293213
"#include <hpx/hpx_main.hpp>\n\n/* Return the average of the vector x.\n   Use HPX to compute in parallel.  Assume HPX has already been initialized.\n   Examples:\n		\n	 input: [1, 8, 4, 5, 1]\n   output: 3.8\n\n   input: [2, 2, 2, 3]\n   output: 2.25\n*/\ndouble average(std::vector<double> const& x) {",27_reduce_average,reduce,cpp,hpx,0.2,0.95,True,2048,False,"double average(std::vector<double> const& x) {\n    if (x.empty()) return 0.0;\n    double sum = hpx::reduce(hpx::execution::par, x.begin(), x.end(), 0.0);\n    return sum / static_cast<double>(x.size());\n}",False,True,,60,N/A,,,,,13.18422555923462
"#include <hpx/hpx_main.hpp>\n\n/* Return the average of the vector x.\n   Use HPX to compute in parallel.  Assume HPX has already been initialized.\n   Examples:\n		\n	 input: [1, 8, 4, 5, 1]\n   output: 3.8\n\n   input: [2, 2, 2, 3]\n   output: 2.25\n*/\ndouble average(std::vector<double> const& x) {",27_reduce_average,reduce,cpp,hpx,0.2,0.95,True,2048,False,"double average(std::vector<double> const& x) {\n    if (x.empty()) return 0.0;\n    double sum = hpx::reduce(hpx::execution::par, x.begin(), x.end(), 0.0);\n    return sum / static_cast<double>(x.size());\n}",False,True,,61,N/A,,,,,9.249569177627563
"#include <hpx/hpx_main.hpp>\n\n/* Return the average of the vector x.\n   Use HPX to compute in parallel.  Assume HPX has already been initialized.\n   Examples:\n		\n	 input: [1, 8, 4, 5, 1]\n   output: 3.8\n\n   input: [2, 2, 2, 3]\n   output: 2.25\n*/\ndouble average(std::vector<double> const& x) {",27_reduce_average,reduce,cpp,hpx,0.2,0.95,True,2048,False,"double average(std::vector<double> const& x) {\n    if (x.empty()) return 0.0;\n    double sum = hpx::reduce(hpx::execution::par, x.begin(), x.end(), 0.0);\n    return sum / static_cast<double>(x.size());\n}",False,True,,62,N/A,,,,,7.835493803024292
"#include <hpx/hpx_main.hpp>\n\n/* Return the average of the vector x.\n   Use HPX to compute in parallel.  Assume HPX has already been initialized.\n   Examples:\n		\n	 input: [1, 8, 4, 5, 1]\n   output: 3.8\n\n   input: [2, 2, 2, 3]\n   output: 2.25\n*/\ndouble average(std::vector<double> const& x) {",27_reduce_average,reduce,cpp,hpx,0.2,0.95,True,2048,False,"double average(std::vector<double> const& x) {\n    if (x.empty()) return 0.0;\n    double sum = hpx::reduce(hpx::execution::par, x.begin(), x.end(), 0.0);\n    return sum / static_cast<double>(x.size());\n}",False,True,,63,N/A,,,,,7.272711992263794
"#include <hpx/hpx_main.hpp>\n\n/* Return the average of the vector x.\n   Use HPX to compute in parallel.  Assume HPX has already been initialized.\n   Examples:\n		\n	 input: [1, 8, 4, 5, 1]\n   output: 3.8\n\n   input: [2, 2, 2, 3]\n   output: 2.25\n*/\ndouble average(std::vector<double> const& x) {",27_reduce_average,reduce,cpp,hpx,0.2,0.95,True,2048,False,"double average(std::vector<double> const& x) {\n    if (x.empty()) return 0.0;\n    double sum = hpx::reduce(hpx::execution::par, x.begin(), x.end(), 0.0);\n    return sum / static_cast<double>(x.size());\n}",False,True,,64,N/A,,,,,12.420023441314697
"#include <hpx/hpx_main.hpp>\n\n/* Return the average of the vector x.\n   Use HPX to compute in parallel.  Assume HPX has already been initialized.\n   Examples:\n		\n	 input: [1, 8, 4, 5, 1]\n   output: 3.8\n\n   input: [2, 2, 2, 3]\n   output: 2.25\n*/\ndouble average(std::vector<double> const& x) {",27_reduce_average,reduce,cpp,hpx,0.2,0.95,True,2048,False,"double average(std::vector<double> const& x) {\n    if (x.empty()) return 0.0;\n    double sum = hpx::reduce(hpx::execution::par, x.begin(), x.end(), 0.0);\n    return sum / static_cast<double>(x.size());\n}",False,True,,65,N/A,,,,,8.701785564422607
"#include <hpx/hpx_main.hpp>\n\n/* Return the average of the vector x.\n   Use HPX to compute in parallel.  Assume HPX has already been initialized.\n   Examples:\n		\n	 input: [1, 8, 4, 5, 1]\n   output: 3.8\n\n   input: [2, 2, 2, 3]\n   output: 2.25\n*/\ndouble average(std::vector<double> const& x) {",27_reduce_average,reduce,cpp,hpx,0.2,0.95,True,2048,False,"double average(std::vector<double> const& x) {\n    if (x.empty()) return 0.0;\n    double sum = hpx::reduce(hpx::execution::par, x.begin(), x.end(), 0.0);\n    return sum / static_cast<double>(x.size());\n}",False,True,,66,N/A,,,,,8.54666805267334
"#include <hpx/hpx_main.hpp>\n\n/* Return the average of the vector x.\n   Use HPX to compute in parallel.  Assume HPX has already been initialized.\n   Examples:\n		\n	 input: [1, 8, 4, 5, 1]\n   output: 3.8\n\n   input: [2, 2, 2, 3]\n   output: 2.25\n*/\ndouble average(std::vector<double> const& x) {",27_reduce_average,reduce,cpp,hpx,0.2,0.95,True,2048,False,"double average(std::vector<double> const& x) {\n    if (x.empty()) return 0.0;\n    double sum = hpx::reduce(hpx::execution::par, x.begin(), x.end(), 0.0);\n    return sum / static_cast<double>(x.size());\n}",False,True,,67,N/A,,,,,7.034339189529419
"#include <hpx/hpx_main.hpp>\n\n/* Return the average of the vector x.\n   Use HPX to compute in parallel.  Assume HPX has already been initialized.\n   Examples:\n		\n	 input: [1, 8, 4, 5, 1]\n   output: 3.8\n\n   input: [2, 2, 2, 3]\n   output: 2.25\n*/\ndouble average(std::vector<double> const& x) {",27_reduce_average,reduce,cpp,hpx,0.2,0.95,True,2048,False,"double average(std::vector<double> const& x) {\n    if (x.empty()) return 0.0;\n    double sum = hpx::reduce(hpx::execution::par, x.begin(), x.end(), 0.0);\n    return sum / static_cast<double>(x.size());\n}",False,True,,68,N/A,,,,,9.899409294128418
"#include <hpx/hpx_main.hpp>\n\n/* Return the average of the vector x.\n   Use HPX to compute in parallel.  Assume HPX has already been initialized.\n   Examples:\n		\n	 input: [1, 8, 4, 5, 1]\n   output: 3.8\n\n   input: [2, 2, 2, 3]\n   output: 2.25\n*/\ndouble average(std::vector<double> const& x) {",27_reduce_average,reduce,cpp,hpx,0.2,0.95,True,2048,False,"double average(std::vector<double> const& x) {\n    if (x.empty()) return 0.0;\n    double sum = hpx::reduce(hpx::execution::par, x.begin(), x.end(), 0.0);\n    return sum / static_cast<double>(x.size());\n}",False,True,,69,N/A,,,,,7.576884508132935
"#include <hpx/hpx_main.hpp>\n\n/* Return the average of the vector x.\n   Use HPX to compute in parallel.  Assume HPX has already been initialized.\n   Examples:\n		\n	 input: [1, 8, 4, 5, 1]\n   output: 3.8\n\n   input: [2, 2, 2, 3]\n   output: 2.25\n*/\ndouble average(std::vector<double> const& x) {",27_reduce_average,reduce,cpp,hpx,0.2,0.95,True,2048,False,"double average(std::vector<double> const& x) {\n    if (x.empty()) return 0.0;\n    double sum = hpx::reduce(hpx::execution::par, x.begin(), x.end(), 0.0);\n    return sum / static_cast<double>(x.size());\n}",False,True,,70,N/A,,,,,9.653851509094238
"#include <hpx/hpx_main.hpp>\n\n/* Return the average of the vector x.\n   Use HPX to compute in parallel.  Assume HPX has already been initialized.\n   Examples:\n		\n	 input: [1, 8, 4, 5, 1]\n   output: 3.8\n\n   input: [2, 2, 2, 3]\n   output: 2.25\n*/\ndouble average(std::vector<double> const& x) {",27_reduce_average,reduce,cpp,hpx,0.2,0.95,True,2048,False,"double average(std::vector<double> const& x) {\n    if (x.empty()) return 0.0;\n    double sum = hpx::reduce(hpx::execution::par, x.begin(), x.end(), 0.0, std::plus<double>{});\n    return sum / static_cast<double>(x.size());\n}",False,True,,71,N/A,,,,,6.294980764389038
"#include <hpx/hpx_main.hpp>\n\n/* Return the average of the vector x.\n   Use HPX to compute in parallel.  Assume HPX has already been initialized.\n   Examples:\n		\n	 input: [1, 8, 4, 5, 1]\n   output: 3.8\n\n   input: [2, 2, 2, 3]\n   output: 2.25\n*/\ndouble average(std::vector<double> const& x) {",27_reduce_average,reduce,cpp,hpx,0.2,0.95,True,2048,False,"double average(std::vector<double> const& x) {\n    if (x.empty()) return 0.0;\n    double sum = hpx::reduce(hpx::execution::par, x.begin(), x.end(), 0.0);\n    return sum / static_cast<double>(x.size());\n}",False,True,,72,N/A,,,,,7.07145881652832
"#include <hpx/hpx_main.hpp>\n\n/* Return the average of the vector x.\n   Use HPX to compute in parallel.  Assume HPX has already been initialized.\n   Examples:\n		\n	 input: [1, 8, 4, 5, 1]\n   output: 3.8\n\n   input: [2, 2, 2, 3]\n   output: 2.25\n*/\ndouble average(std::vector<double> const& x) {",27_reduce_average,reduce,cpp,hpx,0.2,0.95,True,2048,False,"double average(std::vector<double> const& x) {\n    if (x.empty()) return 0.0;\n    double sum = hpx::reduce(hpx::execution::par, x.begin(), x.end(), 0.0);\n    return sum / static_cast<double>(x.size());\n}",False,True,,73,N/A,,,,,10.052460670471191
"#include <hpx/hpx_main.hpp>\n\n/* Return the average of the vector x.\n   Use HPX to compute in parallel.  Assume HPX has already been initialized.\n   Examples:\n		\n	 input: [1, 8, 4, 5, 1]\n   output: 3.8\n\n   input: [2, 2, 2, 3]\n   output: 2.25\n*/\ndouble average(std::vector<double> const& x) {",27_reduce_average,reduce,cpp,hpx,0.2,0.95,True,2048,False,"double average(std::vector<double> const& x) {\n    if (x.empty()) return 0.0;\n    double sum = hpx::reduce(hpx::execution::par, x.begin(), x.end(), 0.0);\n    return sum / static_cast<double>(x.size());\n}",False,True,,74,N/A,,,,,8.78330373764038
"#include <hpx/hpx_main.hpp>\n\n/* Return the average of the vector x.\n   Use HPX to compute in parallel.  Assume HPX has already been initialized.\n   Examples:\n		\n	 input: [1, 8, 4, 5, 1]\n   output: 3.8\n\n   input: [2, 2, 2, 3]\n   output: 2.25\n*/\ndouble average(std::vector<double> const& x) {",27_reduce_average,reduce,cpp,hpx,0.2,0.95,True,2048,False,"if (x.empty()) return 0.0;\n    double sum = hpx::reduce(hpx::execution::par, x.begin(), x.end(), 0.0);\n    return sum / static_cast<double>(x.size());\n}",False,True,,75,N/A,,,,,6.872487545013428
"#include <hpx/hpx_main.hpp>\n\n/* Return the average of the vector x.\n   Use HPX to compute in parallel.  Assume HPX has already been initialized.\n   Examples:\n		\n	 input: [1, 8, 4, 5, 1]\n   output: 3.8\n\n   input: [2, 2, 2, 3]\n   output: 2.25\n*/\ndouble average(std::vector<double> const& x) {",27_reduce_average,reduce,cpp,hpx,0.2,0.95,True,2048,False,"double average(std::vector<double> const& x) {\n    if (x.empty()) return 0.0;\n    double sum = hpx::reduce(hpx::execution::par, x.begin(), x.end(), 0.0);\n    return sum / static_cast<double>(x.size());\n}",False,True,,76,N/A,,,,,7.397610902786255
"#include <hpx/hpx_main.hpp>\n\n/* Return the average of the vector x.\n   Use HPX to compute in parallel.  Assume HPX has already been initialized.\n   Examples:\n		\n	 input: [1, 8, 4, 5, 1]\n   output: 3.8\n\n   input: [2, 2, 2, 3]\n   output: 2.25\n*/\ndouble average(std::vector<double> const& x) {",27_reduce_average,reduce,cpp,hpx,0.2,0.95,True,2048,False,"double average(std::vector<double> const& x) {\n    if (x.empty()) return 0.0;\n    double sum = hpx::reduce(hpx::execution::par, x.begin(), x.end(), 0.0);\n    return sum / static_cast<double>(x.size());\n}",False,True,,77,N/A,,,,,10.105975866317749
"#include <hpx/hpx_main.hpp>\n\n/* Return the average of the vector x.\n   Use HPX to compute in parallel.  Assume HPX has already been initialized.\n   Examples:\n		\n	 input: [1, 8, 4, 5, 1]\n   output: 3.8\n\n   input: [2, 2, 2, 3]\n   output: 2.25\n*/\ndouble average(std::vector<double> const& x) {",27_reduce_average,reduce,cpp,hpx,0.2,0.95,True,2048,False,"double average(std::vector<double> const& x) {\n    if (x.empty()) return 0.0;\n    double sum = hpx::reduce(hpx::execution::par, x.begin(), x.end(), 0.0);\n    return sum / static_cast<double>(x.size());\n}",False,True,,78,N/A,,,,,8.146876811981201
"#include <hpx/hpx_main.hpp>\n\n/* Return the average of the vector x.\n   Use HPX to compute in parallel.  Assume HPX has already been initialized.\n   Examples:\n		\n	 input: [1, 8, 4, 5, 1]\n   output: 3.8\n\n   input: [2, 2, 2, 3]\n   output: 2.25\n*/\ndouble average(std::vector<double> const& x) {",27_reduce_average,reduce,cpp,hpx,0.2,0.95,True,2048,False,"double average(std::vector<double> const& x) {\n    if (x.empty()) return 0.0;\n    double sum = hpx::reduce(hpx::execution::par, x.begin(), x.end(), 0.0);\n    return sum / static_cast<double>(x.size());\n}",False,True,,79,N/A,,,,,9.05228877067566
"#include <hpx/hpx_main.hpp>\n\n/* Return the average of the vector x.\n   Use HPX to compute in parallel.  Assume HPX has already been initialized.\n   Examples:\n		\n	 input: [1, 8, 4, 5, 1]\n   output: 3.8\n\n   input: [2, 2, 2, 3]\n   output: 2.25\n*/\ndouble average(std::vector<double> const& x) {",27_reduce_average,reduce,cpp,hpx,0.2,0.95,True,2048,False,"double average(std::vector<double> const& x) {\n    if (x.empty()) return 0.0;\n    double sum = hpx::reduce(hpx::execution::par, x.begin(), x.end(), 0.0);\n    return sum / static_cast<double>(x.size());\n}",False,True,,80,N/A,,,,,12.231113195419312
"#include <hpx/hpx_main.hpp>\n\n/* Return the average of the vector x.\n   Use HPX to compute in parallel.  Assume HPX has already been initialized.\n   Examples:\n		\n	 input: [1, 8, 4, 5, 1]\n   output: 3.8\n\n   input: [2, 2, 2, 3]\n   output: 2.25\n*/\ndouble average(std::vector<double> const& x) {",27_reduce_average,reduce,cpp,hpx,0.2,0.95,True,2048,False,"double average(std::vector<double> const& x) {\n    if (x.empty()) return 0.0;\n    double sum = hpx::reduce(hpx::execution::par, x.begin(), x.end(), 0.0);\n    return sum / static_cast<double>(x.size());\n}",False,True,,81,N/A,,,,,8.336053609848022
"#include <hpx/hpx_main.hpp>\n\n/* Return the average of the vector x.\n   Use HPX to compute in parallel.  Assume HPX has already been initialized.\n   Examples:\n		\n	 input: [1, 8, 4, 5, 1]\n   output: 3.8\n\n   input: [2, 2, 2, 3]\n   output: 2.25\n*/\ndouble average(std::vector<double> const& x) {",27_reduce_average,reduce,cpp,hpx,0.2,0.95,True,2048,False,"double average(std::vector<double> const& x) {\n    if (x.empty()) return 0.0;\n    double sum = hpx::reduce(hpx::execution::par, x.begin(), x.end(), 0.0);\n    return sum / static_cast<double>(x.size());\n}",False,True,,82,N/A,,,,,7.7622151374816895
"#include <hpx/hpx_main.hpp>\n\n/* Return the average of the vector x.\n   Use HPX to compute in parallel.  Assume HPX has already been initialized.\n   Examples:\n		\n	 input: [1, 8, 4, 5, 1]\n   output: 3.8\n\n   input: [2, 2, 2, 3]\n   output: 2.25\n*/\ndouble average(std::vector<double> const& x) {",27_reduce_average,reduce,cpp,hpx,0.2,0.95,True,2048,False,"double average(std::vector<double> const& x) {\n    if (x.empty()) return 0.0;\n    double sum = hpx::reduce(hpx::execution::par, x.begin(), x.end(), 0.0);\n    return sum / static_cast<double>(x.size());\n}",False,True,,83,N/A,,,,,8.734964609146118
"#include <hpx/hpx_main.hpp>\n\n/* Return the average of the vector x.\n   Use HPX to compute in parallel.  Assume HPX has already been initialized.\n   Examples:\n		\n	 input: [1, 8, 4, 5, 1]\n   output: 3.8\n\n   input: [2, 2, 2, 3]\n   output: 2.25\n*/\ndouble average(std::vector<double> const& x) {",27_reduce_average,reduce,cpp,hpx,0.2,0.95,True,2048,False,"double average(std::vector<double> const& x) {\n    if (x.empty()) return 0.0;\n    double sum = hpx::reduce(hpx::execution::par, x.begin(), x.end(), 0.0);\n    return sum / static_cast<double>(x.size());\n}",False,True,,84,N/A,,,,,7.2494306564331055
"#include <hpx/hpx_main.hpp>\n\n/* Return the average of the vector x.\n   Use HPX to compute in parallel.  Assume HPX has already been initialized.\n   Examples:\n		\n	 input: [1, 8, 4, 5, 1]\n   output: 3.8\n\n   input: [2, 2, 2, 3]\n   output: 2.25\n*/\ndouble average(std::vector<double> const& x) {",27_reduce_average,reduce,cpp,hpx,0.2,0.95,True,2048,False,"double average(std::vector<double> const& x) {\n    if (x.empty()) return 0.0;\n    double sum = hpx::reduce(hpx::execution::par, x.begin(), x.end(), 0.0);\n    return sum / static_cast<double>(x.size());\n}",False,True,,85,N/A,,,,,10.0775306224823
"#include <hpx/hpx_main.hpp>\n\n/* Return the average of the vector x.\n   Use HPX to compute in parallel.  Assume HPX has already been initialized.\n   Examples:\n		\n	 input: [1, 8, 4, 5, 1]\n   output: 3.8\n\n   input: [2, 2, 2, 3]\n   output: 2.25\n*/\ndouble average(std::vector<double> const& x) {",27_reduce_average,reduce,cpp,hpx,0.2,0.95,True,2048,False,"double average(std::vector<double> const& x) {\n    if (x.empty()) return 0.0;\n    double sum = hpx::reduce(hpx::execution::par, x.begin(), x.end(), 0.0);\n    return sum / static_cast<double>(x.size());\n}",False,True,,86,N/A,,,,,11.891547918319702
"#include <hpx/hpx_main.hpp>\n\n/* Return the average of the vector x.\n   Use HPX to compute in parallel.  Assume HPX has already been initialized.\n   Examples:\n		\n	 input: [1, 8, 4, 5, 1]\n   output: 3.8\n\n   input: [2, 2, 2, 3]\n   output: 2.25\n*/\ndouble average(std::vector<double> const& x) {",27_reduce_average,reduce,cpp,hpx,0.2,0.95,True,2048,False,"double average(std::vector<double> const& x) {\n    if (x.empty()) return 0.0;\n    double sum = hpx::reduce(hpx::execution::par, x.begin(), x.end(), 0.0);\n    return sum / static_cast<double>(x.size());\n}",False,True,,87,N/A,,,,,8.66305661201477
"#include <hpx/hpx_main.hpp>\n\n/* Return the average of the vector x.\n   Use HPX to compute in parallel.  Assume HPX has already been initialized.\n   Examples:\n		\n	 input: [1, 8, 4, 5, 1]\n   output: 3.8\n\n   input: [2, 2, 2, 3]\n   output: 2.25\n*/\ndouble average(std::vector<double> const& x) {",27_reduce_average,reduce,cpp,hpx,0.2,0.95,True,2048,False,"{\n    if (x.empty()) return 0.0;\n    double sum = hpx::reduce(hpx::execution::par, x.begin(), x.end(), 0.0);\n    return sum / static_cast<double>(x.size());\n}",False,True,,88,N/A,,,,,15.382193803787231
"#include <hpx/hpx_main.hpp>\n\n/* Return the average of the vector x.\n   Use HPX to compute in parallel.  Assume HPX has already been initialized.\n   Examples:\n		\n	 input: [1, 8, 4, 5, 1]\n   output: 3.8\n\n   input: [2, 2, 2, 3]\n   output: 2.25\n*/\ndouble average(std::vector<double> const& x) {",27_reduce_average,reduce,cpp,hpx,0.2,0.95,True,2048,False,"double average(std::vector<double> const& x) {\n    if (x.empty()) return 0.0;\n    double sum = hpx::reduce(hpx::execution::par, x.begin(), x.end(), 0.0);\n    return sum / static_cast<double>(x.size());\n}",False,True,,89,N/A,,,,,9.10550308227539
"#include <hpx/hpx_main.hpp>\n\n/* Return the average of the vector x.\n   Use HPX to compute in parallel.  Assume HPX has already been initialized.\n   Examples:\n		\n	 input: [1, 8, 4, 5, 1]\n   output: 3.8\n\n   input: [2, 2, 2, 3]\n   output: 2.25\n*/\ndouble average(std::vector<double> const& x) {",27_reduce_average,reduce,cpp,hpx,0.2,0.95,True,2048,False,"double average(std::vector<double> const& x) {\n    if (x.empty()) return 0.0;\n    double sum = hpx::reduce(hpx::execution::par, x.begin(), x.end(), 0.0);\n    return sum / static_cast<double>(x.size());\n}",False,True,,90,N/A,,,,,9.221460103988647
"#include <hpx/hpx_main.hpp>\n\n/* Return the average of the vector x.\n   Use HPX to compute in parallel.  Assume HPX has already been initialized.\n   Examples:\n		\n	 input: [1, 8, 4, 5, 1]\n   output: 3.8\n\n   input: [2, 2, 2, 3]\n   output: 2.25\n*/\ndouble average(std::vector<double> const& x) {",27_reduce_average,reduce,cpp,hpx,0.2,0.95,True,2048,False,"double average(std::vector<double> const& x) {\n    if (x.empty()) return 0.0;\n    double sum = hpx::reduce(hpx::execution::par, x.begin(), x.end(), 0.0);\n    return sum / static_cast<double>(x.size());\n}",False,True,,91,N/A,,,,,11.731541395187378
"#include <hpx/hpx_main.hpp>\n\n/* Return the average of the vector x.\n   Use HPX to compute in parallel.  Assume HPX has already been initialized.\n   Examples:\n		\n	 input: [1, 8, 4, 5, 1]\n   output: 3.8\n\n   input: [2, 2, 2, 3]\n   output: 2.25\n*/\ndouble average(std::vector<double> const& x) {",27_reduce_average,reduce,cpp,hpx,0.2,0.95,True,2048,False,"double average(std::vector<double> const& x) {\n    if (x.empty()) return 0.0;\n    double sum = hpx::reduce(hpx::execution::par, x.begin(), x.end(), 0.0);\n    return sum / static_cast<double>(x.size());\n}",False,True,,92,N/A,,,,,11.218867301940918
"#include <hpx/hpx_main.hpp>\n\n/* Return the average of the vector x.\n   Use HPX to compute in parallel.  Assume HPX has already been initialized.\n   Examples:\n		\n	 input: [1, 8, 4, 5, 1]\n   output: 3.8\n\n   input: [2, 2, 2, 3]\n   output: 2.25\n*/\ndouble average(std::vector<double> const& x) {",27_reduce_average,reduce,cpp,hpx,0.2,0.95,True,2048,False,"double average(std::vector<double> const& x) {\n    if (x.empty()) return 0.0;\n    double sum = hpx::reduce(hpx::execution::par, x.begin(), x.end(), 0.0);\n    return sum / static_cast<double>(x.size());\n}",False,True,,93,N/A,,,,,9.24744701385498
"#include <hpx/hpx_main.hpp>\n\n/* Return the average of the vector x.\n   Use HPX to compute in parallel.  Assume HPX has already been initialized.\n   Examples:\n		\n	 input: [1, 8, 4, 5, 1]\n   output: 3.8\n\n   input: [2, 2, 2, 3]\n   output: 2.25\n*/\ndouble average(std::vector<double> const& x) {",27_reduce_average,reduce,cpp,hpx,0.2,0.95,True,2048,False,"{\n    if (x.empty()) return 0.0;\n    double sum = hpx::reduce(hpx::execution::par, x.begin(), x.end(), 0.0);\n    return sum / static_cast<double>(x.size());\n}",False,True,,94,N/A,,,,,12.504858255386353
"#include <hpx/hpx_main.hpp>\n\n/* Return the average of the vector x.\n   Use HPX to compute in parallel.  Assume HPX has already been initialized.\n   Examples:\n		\n	 input: [1, 8, 4, 5, 1]\n   output: 3.8\n\n   input: [2, 2, 2, 3]\n   output: 2.25\n*/\ndouble average(std::vector<double> const& x) {",27_reduce_average,reduce,cpp,hpx,0.2,0.95,True,2048,False,"double average(std::vector<double> const& x) {\n    if (x.empty()) return 0.0;\n    double sum = hpx::reduce(hpx::execution::par, x.begin(), x.end(), 0.0);\n    return sum / static_cast<double>(x.size());\n}",False,True,,95,N/A,,,,,10.26288628578186
"#include <hpx/hpx_main.hpp>\n\n/* Return the average of the vector x.\n   Use HPX to compute in parallel.  Assume HPX has already been initialized.\n   Examples:\n		\n	 input: [1, 8, 4, 5, 1]\n   output: 3.8\n\n   input: [2, 2, 2, 3]\n   output: 2.25\n*/\ndouble average(std::vector<double> const& x) {",27_reduce_average,reduce,cpp,hpx,0.2,0.95,True,2048,False,"double average(std::vector<double> const& x) {\n    if (x.empty()) return 0.0;\n    double sum = hpx::reduce(hpx::execution::par, x.begin(), x.end(), 0.0);\n    return sum / static_cast<double>(x.size());\n}",False,True,,96,N/A,,,,,9.831838846206665
"#include <hpx/hpx_main.hpp>\n\n/* Return the average of the vector x.\n   Use HPX to compute in parallel.  Assume HPX has already been initialized.\n   Examples:\n		\n	 input: [1, 8, 4, 5, 1]\n   output: 3.8\n\n   input: [2, 2, 2, 3]\n   output: 2.25\n*/\ndouble average(std::vector<double> const& x) {",27_reduce_average,reduce,cpp,hpx,0.2,0.95,True,2048,False,"double average(std::vector<double> const& x) {\n    if (x.empty()) return 0.0;\n    double sum = hpx::reduce(hpx::execution::par, x.begin(), x.end(), 0.0);\n    return sum / static_cast<double>(x.size());\n}",False,True,,97,N/A,,,,,7.873560667037964
"#include <hpx/hpx_main.hpp>\n\n/* Return the average of the vector x.\n   Use HPX to compute in parallel.  Assume HPX has already been initialized.\n   Examples:\n		\n	 input: [1, 8, 4, 5, 1]\n   output: 3.8\n\n   input: [2, 2, 2, 3]\n   output: 2.25\n*/\ndouble average(std::vector<double> const& x) {",27_reduce_average,reduce,cpp,hpx,0.2,0.95,True,2048,False,"double average(std::vector<double> const& x) {\n    if (x.empty()) return 0.0;\n    double sum = hpx::reduce(hpx::execution::par, x.begin(), x.end(), 0.0);\n    return sum / static_cast<double>(x.size());\n}",False,True,,98,N/A,,,,,7.5615234375
"#include <hpx/hpx_main.hpp>\n\n/* Return the average of the vector x.\n   Use HPX to compute in parallel.  Assume HPX has already been initialized.\n   Examples:\n		\n	 input: [1, 8, 4, 5, 1]\n   output: 3.8\n\n   input: [2, 2, 2, 3]\n   output: 2.25\n*/\ndouble average(std::vector<double> const& x) {",27_reduce_average,reduce,cpp,hpx,0.2,0.95,True,2048,False,"double average(std::vector<double> const& x) {\n    if (x.empty()) return 0.0;\n    double sum = hpx::reduce(hpx::execution::par, x.begin(), x.end(), 0.0);\n    return sum / static_cast<double>(x.size());\n}",False,True,,99,N/A,,,,,10.451631784439087
"#include <hpx/hpx_main.hpp>\n\n/* Return the value of the smallest odd number in the vector x.\n   Use HPX to compute in parallel.  Assume HPX has already been initialized.\n   Examples:\n\n   input: [7, 9, 5, 2, 8, 16, 4, 1]\n   output: 1\n\n   input: [8, 36, 7, 2, 11]\n   output: 7\n*/\nint smallestOdd(std::vector<int> const& x) {",28_reduce_smallest_odd_number,reduce,cpp,hpx,0.2,0.95,True,2048,False,"int smallestOdd(std::vector<int> const& x) {\n    const int INF = std::numeric_limits<int>::max();\n    return hpx::transform_reduce(\n        hpx::execution::par,\n        x.begin(), x.end(),\n        INF,\n        [](int a, int b) { return a < b ? a : b; },\n        [INF](int v) { return (v & 1) ? v : INF; }\n    );\n}",False,True,,0,N/A,,,,,8.70666217803955
"#include <hpx/hpx_main.hpp>\n\n/* Return the value of the smallest odd number in the vector x.\n   Use HPX to compute in parallel.  Assume HPX has already been initialized.\n   Examples:\n\n   input: [7, 9, 5, 2, 8, 16, 4, 1]\n   output: 1\n\n   input: [8, 36, 7, 2, 11]\n   output: 7\n*/\nint smallestOdd(std::vector<int> const& x) {",28_reduce_smallest_odd_number,reduce,cpp,hpx,0.2,0.95,True,2048,False,"int smallestOdd(std::vector<int> const& x) {\n    const int INF = std::numeric_limits<int>::max();\n    return hpx::transform_reduce(\n        hpx::execution::par, x.begin(), x.end(), INF,\n        [](int a, int b) { return a < b ? a : b; },\n        [](int v) { return (v & 1) ? v : std::numeric_limits<int>::max(); });\n}",False,True,,1,N/A,,,,,9.200938940048218
"#include <hpx/hpx_main.hpp>\n\n/* Return the value of the smallest odd number in the vector x.\n   Use HPX to compute in parallel.  Assume HPX has already been initialized.\n   Examples:\n\n   input: [7, 9, 5, 2, 8, 16, 4, 1]\n   output: 1\n\n   input: [8, 36, 7, 2, 11]\n   output: 7\n*/\nint smallestOdd(std::vector<int> const& x) {",28_reduce_smallest_odd_number,reduce,cpp,hpx,0.2,0.95,True,2048,False,"int smallestOdd(std::vector<int> const& x) {\n    const int INF = std::numeric_limits<int>::max();\n    return hpx::transform_reduce(\n        hpx::execution::par, x.begin(), x.end(), INF,\n        [](int a, int b) { return b < a ? b : a; },\n        [INF](int v) { return (v & 1) ? v : INF; });\n}",False,True,,2,N/A,,,,,9.466090440750122
"#include <hpx/hpx_main.hpp>\n\n/* Return the value of the smallest odd number in the vector x.\n   Use HPX to compute in parallel.  Assume HPX has already been initialized.\n   Examples:\n\n   input: [7, 9, 5, 2, 8, 16, 4, 1]\n   output: 1\n\n   input: [8, 36, 7, 2, 11]\n   output: 7\n*/\nint smallestOdd(std::vector<int> const& x) {",28_reduce_smallest_odd_number,reduce,cpp,hpx,0.2,0.95,True,2048,False,,False,False,,3,N/A,,,,,14.175814151763916
"#include <hpx/hpx_main.hpp>\n\n/* Return the value of the smallest odd number in the vector x.\n   Use HPX to compute in parallel.  Assume HPX has already been initialized.\n   Examples:\n\n   input: [7, 9, 5, 2, 8, 16, 4, 1]\n   output: 1\n\n   input: [8, 36, 7, 2, 11]\n   output: 7\n*/\nint smallestOdd(std::vector<int> const& x) {",28_reduce_smallest_odd_number,reduce,cpp,hpx,0.2,0.95,True,2048,False,,False,False,,4,N/A,,,,,14.547784328460693
"#include <hpx/hpx_main.hpp>\n\n/* Return the value of the smallest odd number in the vector x.\n   Use HPX to compute in parallel.  Assume HPX has already been initialized.\n   Examples:\n\n   input: [7, 9, 5, 2, 8, 16, 4, 1]\n   output: 1\n\n   input: [8, 36, 7, 2, 11]\n   output: 7\n*/\nint smallestOdd(std::vector<int> const& x) {",28_reduce_smallest_odd_number,reduce,cpp,hpx,0.2,0.95,True,2048,False,,False,False,,5,N/A,,,,,15.287692546844482
"#include <hpx/hpx_main.hpp>\n\n/* Return the value of the smallest odd number in the vector x.\n   Use HPX to compute in parallel.  Assume HPX has already been initialized.\n   Examples:\n\n   input: [7, 9, 5, 2, 8, 16, 4, 1]\n   output: 1\n\n   input: [8, 36, 7, 2, 11]\n   output: 7\n*/\nint smallestOdd(std::vector<int> const& x) {",28_reduce_smallest_odd_number,reduce,cpp,hpx,0.2,0.95,True,2048,False,"int smallestOdd(std::vector<int> const& x) {\n    const int inf = std::numeric_limits<int>::max();\n    return hpx::transform_reduce(\n        hpx::execution::par,\n        x.begin(), x.end(),\n        inf,\n        [](int a, int b) { return a < b ? a : b; },\n        [inf](int v) { return (v & 1) ? v : inf; }\n    );\n}",False,True,,6,N/A,,,,,9.360105991363525
"#include <hpx/hpx_main.hpp>\n\n/* Return the value of the smallest odd number in the vector x.\n   Use HPX to compute in parallel.  Assume HPX has already been initialized.\n   Examples:\n\n   input: [7, 9, 5, 2, 8, 16, 4, 1]\n   output: 1\n\n   input: [8, 36, 7, 2, 11]\n   output: 7\n*/\nint smallestOdd(std::vector<int> const& x) {",28_reduce_smallest_odd_number,reduce,cpp,hpx,0.2,0.95,True,2048,False,,False,False,,7,N/A,,,,,14.887077569961548
"#include <hpx/hpx_main.hpp>\n\n/* Return the value of the smallest odd number in the vector x.\n   Use HPX to compute in parallel.  Assume HPX has already been initialized.\n   Examples:\n\n   input: [7, 9, 5, 2, 8, 16, 4, 1]\n   output: 1\n\n   input: [8, 36, 7, 2, 11]\n   output: 7\n*/\nint smallestOdd(std::vector<int> const& x) {",28_reduce_smallest_odd_number,reduce,cpp,hpx,0.2,0.95,True,2048,False,"int smallestOdd(std::vector<int> const& x) {\n    const int inf = std::numeric_limits<int>::max();\n    return hpx::transform_reduce(\n        hpx::execution::par, x.begin(), x.end(), inf,\n        [](int a, int b) { return a < b ? a : b; },\n        [inf](int v) { return (v & 1) ? v : inf; });\n}",False,True,,8,N/A,,,,,8.828241348266602
"#include <hpx/hpx_main.hpp>\n\n/* Return the value of the smallest odd number in the vector x.\n   Use HPX to compute in parallel.  Assume HPX has already been initialized.\n   Examples:\n\n   input: [7, 9, 5, 2, 8, 16, 4, 1]\n   output: 1\n\n   input: [8, 36, 7, 2, 11]\n   output: 7\n*/\nint smallestOdd(std::vector<int> const& x) {",28_reduce_smallest_odd_number,reduce,cpp,hpx,0.2,0.95,True,2048,False,"int smallestOdd(std::vector<int> const& x) {\n    const int INF = std::numeric_limits<int>::max();\n    return hpx::transform_reduce(\n        hpx::execution::par, x.begin(), x.end(), INF,\n        [](int a, int b) { return a < b ? a : b; },\n        [INF](int v) { return (v & 1) ? v : INF; }\n    );\n}",False,True,,9,N/A,,,,,7.924342155456543
"#include <hpx/hpx_main.hpp>\n\n/* Return the value of the smallest odd number in the vector x.\n   Use HPX to compute in parallel.  Assume HPX has already been initialized.\n   Examples:\n\n   input: [7, 9, 5, 2, 8, 16, 4, 1]\n   output: 1\n\n   input: [8, 36, 7, 2, 11]\n   output: 7\n*/\nint smallestOdd(std::vector<int> const& x) {",28_reduce_smallest_odd_number,reduce,cpp,hpx,0.2,0.95,True,2048,False,,False,False,,10,N/A,,,,,14.624536275863647
"#include <hpx/hpx_main.hpp>\n\n/* Return the value of the smallest odd number in the vector x.\n   Use HPX to compute in parallel.  Assume HPX has already been initialized.\n   Examples:\n\n   input: [7, 9, 5, 2, 8, 16, 4, 1]\n   output: 1\n\n   input: [8, 36, 7, 2, 11]\n   output: 7\n*/\nint smallestOdd(std::vector<int> const& x) {",28_reduce_smallest_odd_number,reduce,cpp,hpx,0.2,0.95,True,2048,False,"int smallestOdd(std::vector<int> const& x) {\n    int init = std::numeric_limits<int>::max();\n    return hpx::transform_reduce(\n        hpx::execution::par, x.begin(), x.end(), init,\n        [](int a, int b) { return a < b ? a : b; },\n        [](int v) { return (v & 1) ? v : std::numeric_limits<int>::max(); }\n    );\n}",False,True,,11,N/A,,,,,9.808929681777954
"#include <hpx/hpx_main.hpp>\n\n/* Return the value of the smallest odd number in the vector x.\n   Use HPX to compute in parallel.  Assume HPX has already been initialized.\n   Examples:\n\n   input: [7, 9, 5, 2, 8, 16, 4, 1]\n   output: 1\n\n   input: [8, 36, 7, 2, 11]\n   output: 7\n*/\nint smallestOdd(std::vector<int> const& x) {",28_reduce_smallest_odd_number,reduce,cpp,hpx,0.2,0.95,True,2048,False,"int smallestOdd(std::vector<int> const& x) {\n    const int inf = std::numeric_limits<int>::max();\n    return hpx::transform_reduce(\n        hpx::execution::par, x.begin(), x.end(),\n        inf,\n        [](int a, int b) { return a < b ? a : b; },\n        [inf](int v) { return (v & 1) ? v : inf; }\n    );\n}",False,True,,12,N/A,,,,,11.247114419937134
"#include <hpx/hpx_main.hpp>\n\n/* Return the value of the smallest odd number in the vector x.\n   Use HPX to compute in parallel.  Assume HPX has already been initialized.\n   Examples:\n\n   input: [7, 9, 5, 2, 8, 16, 4, 1]\n   output: 1\n\n   input: [8, 36, 7, 2, 11]\n   output: 7\n*/\nint smallestOdd(std::vector<int> const& x) {",28_reduce_smallest_odd_number,reduce,cpp,hpx,0.2,0.95,True,2048,False,"int smallestOdd(std::vector<int> const& x) {\n    int init = std::numeric_limits<int>::max();\n    int result = hpx::transform_reduce(\n        hpx::execution::par,\n        x.begin(), x.end(),\n        init,\n        [](int a, int b) { return a < b ? a : b; },\n        [](int v) { return (v & 1) ? v : std::numeric_limits<int>::max(); }\n    );\n    if (result == init) throw std::runtime_error(""no odd numbers"");\n    return result;\n}",False,True,,13,N/A,,,,,10.49860954284668
"#include <hpx/hpx_main.hpp>\n\n/* Return the value of the smallest odd number in the vector x.\n   Use HPX to compute in parallel.  Assume HPX has already been initialized.\n   Examples:\n\n   input: [7, 9, 5, 2, 8, 16, 4, 1]\n   output: 1\n\n   input: [8, 36, 7, 2, 11]\n   output: 7\n*/\nint smallestOdd(std::vector<int> const& x) {",28_reduce_smallest_odd_number,reduce,cpp,hpx,0.2,0.95,True,2048,False,,False,False,,14,N/A,,,,,15.650175333023071
"#include <hpx/hpx_main.hpp>\n\n/* Return the value of the smallest odd number in the vector x.\n   Use HPX to compute in parallel.  Assume HPX has already been initialized.\n   Examples:\n\n   input: [7, 9, 5, 2, 8, 16, 4, 1]\n   output: 1\n\n   input: [8, 36, 7, 2, 11]\n   output: 7\n*/\nint smallestOdd(std::vector<int> const& x) {",28_reduce_smallest_odd_number,reduce,cpp,hpx,0.2,0.95,True,2048,False,"int smallestOdd(std::vector<int> const& x) {\n    constexpr int INF = std::numeric_limits<int>::max();\n    return hpx::transform_reduce(\n        hpx::execution::par,\n        x.begin(), x.end(),\n        INF,\n        [](int a, int b) { return a < b ? a : b; },\n        [](int v) { return (v & 1) ? v : INF; }\n    );\n}",False,True,,15,N/A,,,,,12.31745171546936
"#include <hpx/hpx_main.hpp>\n\n/* Return the value of the smallest odd number in the vector x.\n   Use HPX to compute in parallel.  Assume HPX has already been initialized.\n   Examples:\n\n   input: [7, 9, 5, 2, 8, 16, 4, 1]\n   output: 1\n\n   input: [8, 36, 7, 2, 11]\n   output: 7\n*/\nint smallestOdd(std::vector<int> const& x) {",28_reduce_smallest_odd_number,reduce,cpp,hpx,0.2,0.95,True,2048,False,"int smallestOdd(std::vector<int> const& x) {\n    return hpx::transform_reduce(\n        hpx::execution::par, x.begin(), x.end(),\n        std::numeric_limits<int>::max(),\n        [](int a, int b) { return a < b ? a : b; },\n        [](int v) { return (v & 1) ? v : std::numeric_limits<int>::max(); }\n    );\n}",False,True,,16,N/A,,,,,15.250244379043579
"#include <hpx/hpx_main.hpp>\n\n/* Return the value of the smallest odd number in the vector x.\n   Use HPX to compute in parallel.  Assume HPX has already been initialized.\n   Examples:\n\n   input: [7, 9, 5, 2, 8, 16, 4, 1]\n   output: 1\n\n   input: [8, 36, 7, 2, 11]\n   output: 7\n*/\nint smallestOdd(std::vector<int> const& x) {",28_reduce_smallest_odd_number,reduce,cpp,hpx,0.2,0.95,True,2048,False,"int smallestOdd(std::vector<int> const& x) {\n    const int INF = std::numeric_limits<int>::max();\n    return hpx::transform_reduce(\n        hpx::execution::par,\n        x.begin(), x.end(),\n        INF,\n        [](int a, int b) { return a < b ? a : b; },\n        [INF](int v) { return (v & 1) ? v : INF; }\n    );\n}",False,True,,17,N/A,,,,,15.182592868804932
"#include <hpx/hpx_main.hpp>\n\n/* Return the value of the smallest odd number in the vector x.\n   Use HPX to compute in parallel.  Assume HPX has already been initialized.\n   Examples:\n\n   input: [7, 9, 5, 2, 8, 16, 4, 1]\n   output: 1\n\n   input: [8, 36, 7, 2, 11]\n   output: 7\n*/\nint smallestOdd(std::vector<int> const& x) {",28_reduce_smallest_odd_number,reduce,cpp,hpx,0.2,0.95,True,2048,False,"int smallestOdd(std::vector<int> const& x) {\n    constexpr int INF = std::numeric_limits<int>::max();\n    return hpx::transform_reduce(\n        hpx::execution::par,\n        x.begin(), x.end(),\n        INF,\n        [](int a, int b) { return a < b ? a : b; },\n        [](int v) { return (v & 1) ? v : std::numeric_limits<int>::max(); }\n    );\n}",False,True,,18,N/A,,,,,13.328720808029175
"#include <hpx/hpx_main.hpp>\n\n/* Return the value of the smallest odd number in the vector x.\n   Use HPX to compute in parallel.  Assume HPX has already been initialized.\n   Examples:\n\n   input: [7, 9, 5, 2, 8, 16, 4, 1]\n   output: 1\n\n   input: [8, 36, 7, 2, 11]\n   output: 7\n*/\nint smallestOdd(std::vector<int> const& x) {",28_reduce_smallest_odd_number,reduce,cpp,hpx,0.2,0.95,True,2048,False,"int smallestOdd(std::vector<int> const& x) {\n    constexpr int INF = std::numeric_limits<int>::max();\n    return hpx::transform_reduce(\n        hpx::execution::par, x.begin(), x.end(), INF,\n        [](int a, int b) { return a < b ? a : b; },\n        [](int v) { return (v & 1) ? v : std::numeric_limits<int>::max(); }\n    );\n}",False,True,,19,N/A,,,,,12.126305341720581
"#include <hpx/hpx_main.hpp>\n\n/* Return the value of the smallest odd number in the vector x.\n   Use HPX to compute in parallel.  Assume HPX has already been initialized.\n   Examples:\n\n   input: [7, 9, 5, 2, 8, 16, 4, 1]\n   output: 1\n\n   input: [8, 36, 7, 2, 11]\n   output: 7\n*/\nint smallestOdd(std::vector<int> const& x) {",28_reduce_smallest_odd_number,reduce,cpp,hpx,0.2,0.95,True,2048,False,"int smallestOdd(std::vector<int> const& x) {\n    struct Acc { bool any; int min; };\n    auto res = hpx::transform_reduce(\n        hpx::execution::par, x.begin(), x.end(),\n        Acc{false, std::numeric_limits<int>::max()},\n        [](Acc a,",False,True,,20,N/A,,,,,17.678769826889038
"#include <hpx/hpx_main.hpp>\n\n/* Return the value of the smallest odd number in the vector x.\n   Use HPX to compute in parallel.  Assume HPX has already been initialized.\n   Examples:\n\n   input: [7, 9, 5, 2, 8, 16, 4, 1]\n   output: 1\n\n   input: [8, 36, 7, 2, 11]\n   output: 7\n*/\nint smallestOdd(std::vector<int> const& x) {",28_reduce_smallest_odd_number,reduce,cpp,hpx,0.2,0.95,True,2048,False,"int smallestOdd(std::vector<int> const& x) {\n    return hpx::transform_reduce(\n        hpx::execution::par,\n        x.begin(), x.end(),\n        std::numeric_limits<int>::max(),\n        [](int a, int b) { return a < b ? a : b; },\n        [](int v) { return (v & 1) ? v : std::numeric_limits<int>::max(); }\n    );\n}",False,True,,21,N/A,,,,,17.148316383361816
"#include <hpx/hpx_main.hpp>\n\n/* Return the value of the smallest odd number in the vector x.\n   Use HPX to compute in parallel.  Assume HPX has already been initialized.\n   Examples:\n\n   input: [7, 9, 5, 2, 8, 16, 4, 1]\n   output: 1\n\n   input: [8, 36, 7, 2, 11]\n   output: 7\n*/\nint smallestOdd(std::vector<int> const& x) {",28_reduce_smallest_odd_number,reduce,cpp,hpx,0.2,0.95,True,2048,False,"int smallestOdd(std::vector<int> const& x) {\n    constexpr int INF = std::numeric_limits<int>::max();\n    return hpx::transform_reduce(\n        hpx::execution::par, x.begin(), x.end(), INF,\n        [](int a, int b) { return a < b ? a : b; },\n        [](int v) { return (v & 1) ? v : std::numeric_limits<int>::max(); }\n    );\n}",False,True,,22,N/A,,,,,15.413177967071533
"#include <hpx/hpx_main.hpp>\n\n/* Return the value of the smallest odd number in the vector x.\n   Use HPX to compute in parallel.  Assume HPX has already been initialized.\n   Examples:\n\n   input: [7, 9, 5, 2, 8, 16, 4, 1]\n   output: 1\n\n   input: [8, 36, 7, 2, 11]\n   output: 7\n*/\nint smallestOdd(std::vector<int> const& x) {",28_reduce_smallest_odd_number,reduce,cpp,hpx,0.2,0.95,True,2048,False,,False,False,,23,N/A,,,,,16.661848306655884
"#include <hpx/hpx_main.hpp>\n\n/* Return the value of the smallest odd number in the vector x.\n   Use HPX to compute in parallel.  Assume HPX has already been initialized.\n   Examples:\n\n   input: [7, 9, 5, 2, 8, 16, 4, 1]\n   output: 1\n\n   input: [8, 36, 7, 2, 11]\n   output: 7\n*/\nint smallestOdd(std::vector<int> const& x) {",28_reduce_smallest_odd_number,reduce,cpp,hpx,0.2,0.95,True,2048,False,"int smallestOdd(std::vector<int> const& x) {\n    return hpx::transform_reduce(\n        hpx::execution::par, x.begin(), x.end(),\n        std::numeric_limits<int>::max(),\n        [](int a, int b) { return a < b ? a : b; },\n        [](int v) { return (v & 1) ? v : std::numeric_limits<int>::max(); }\n    );\n}",False,True,,24,N/A,,,,,17.813413858413696
"#include <hpx/hpx_main.hpp>\n\n/* Return the value of the smallest odd number in the vector x.\n   Use HPX to compute in parallel.  Assume HPX has already been initialized.\n   Examples:\n\n   input: [7, 9, 5, 2, 8, 16, 4, 1]\n   output: 1\n\n   input: [8, 36, 7, 2, 11]\n   output: 7\n*/\nint smallestOdd(std::vector<int> const& x) {",28_reduce_smallest_odd_number,reduce,cpp,hpx,0.2,0.95,True,2048,False,"int smallestOdd(std::vector<int> const& x) {\n    int init = std::numeric_limits<int>::max();\n    int res = hpx::transform_reduce(\n        hpx::execution::par, x.begin(), x.end(), init,\n        [](int a, int b) { return a < b ? a : b; },\n        [](int v) { return (v & 1) ? v : std::numeric_limits<int>::max(); });\n    return res == init ? -1 : res; // returns -1 if no odd number exists\n}",False,True,,25,N/A,,,,,13.628823280334473
"#include <hpx/hpx_main.hpp>\n\n/* Return the value of the smallest odd number in the vector x.\n   Use HPX to compute in parallel.  Assume HPX has already been initialized.\n   Examples:\n\n   input: [7, 9, 5, 2, 8, 16, 4, 1]\n   output: 1\n\n   input: [8, 36, 7, 2, 11]\n   output: 7\n*/\nint smallestOdd(std::vector<int> const& x) {",28_reduce_smallest_odd_number,reduce,cpp,hpx,0.2,0.95,True,2048,False,int smallestOdd(std::vector<int> const& x) {\n    constexpr int INF = std::numeric_limits<int>::max();\n    return,False,False,,26,N/A,,,,,18.424049377441406
"#include <hpx/hpx_main.hpp>\n\n/* Return the value of the smallest odd number in the vector x.\n   Use HPX to compute in parallel.  Assume HPX has already been initialized.\n   Examples:\n\n   input: [7, 9, 5, 2, 8, 16, 4, 1]\n   output: 1\n\n   input: [8, 36, 7, 2, 11]\n   output: 7\n*/\nint smallestOdd(std::vector<int> const& x) {",28_reduce_smallest_odd_number,reduce,cpp,hpx,0.2,0.95,True,2048,False,"int smallestOdd(std::vector<int> const& x) {\n    const int INF = std::numeric_limits<int>::max();\n\n    int res = hpx::transform_reduce(\n        hpx::execution::par, x.begin(), x.end(), INF,\n        [](int a, int b) { return a < b ? a : b; },\n        [INF](int v) { return (v & 1) ? v : INF; });\n\n    return res == INF ? -1 : res; // return -1 if no odd numbers\n}",False,True,,27,N/A,,,,,17.817243337631226
"#include <hpx/hpx_main.hpp>\n\n/* Return the value of the smallest odd number in the vector x.\n   Use HPX to compute in parallel.  Assume HPX has already been initialized.\n   Examples:\n\n   input: [7, 9, 5, 2, 8, 16, 4, 1]\n   output: 1\n\n   input: [8, 36, 7, 2, 11]\n   output: 7\n*/\nint smallestOdd(std::vector<int> const& x) {",28_reduce_smallest_odd_number,reduce,cpp,hpx,0.2,0.95,True,2048,False,"int smallestOdd(std::vector<int> const& x) {\n    const int INF = std::numeric_limits<int>::max();\n    int res = hpx::transform_reduce(\n        hpx::execution::par, x.begin(), x.end(), INF,\n        [](int a, int b) { return std::min(a, b); },\n        [INF](int v) { return (v & 1) ? v : INF; }\n    );\n    if (res == INF) throw std::runtime_error(""no odd numbers"");\n    return res;\n}",False,True,,28,N/A,,,,,13.287688732147217
"#include <hpx/hpx_main.hpp>\n\n/* Return the value of the smallest odd number in the vector x.\n   Use HPX to compute in parallel.  Assume HPX has already been initialized.\n   Examples:\n\n   input: [7, 9, 5, 2, 8, 16, 4, 1]\n   output: 1\n\n   input: [8, 36, 7, 2, 11]\n   output: 7\n*/\nint smallestOdd(std::vector<int> const& x) {",28_reduce_smallest_odd_number,reduce,cpp,hpx,0.2,0.95,True,2048,False,"int smallestOdd(std::vector<int> const& x) {\n    int init = std::numeric_limits<int>::max();\n    return hpx::transform_reduce(\n        hpx::execution::par,\n        x.begin(), x.end(),\n        init,\n        [](int a, int b) { return a < b ? a : b; },\n        [](int v) { return (v & 1) ? v : std::numeric_limits<int>::max(); }\n    );\n}",False,True,,29,N/A,,,,,15.233757734298706
"#include <hpx/hpx_main.hpp>\n\n/* Return the value of the smallest odd number in the vector x.\n   Use HPX to compute in parallel.  Assume HPX has already been initialized.\n   Examples:\n\n   input: [7, 9, 5, 2, 8, 16, 4, 1]\n   output: 1\n\n   input: [8, 36, 7, 2, 11]\n   output: 7\n*/\nint smallestOdd(std::vector<int> const& x) {",28_reduce_smallest_odd_number,reduce,cpp,hpx,0.2,0.95,True,2048,False,,False,False,,30,N/A,,,,,19.659329414367676
"#include <hpx/hpx_main.hpp>\n\n/* Return the value of the smallest odd number in the vector x.\n   Use HPX to compute in parallel.  Assume HPX has already been initialized.\n   Examples:\n\n   input: [7, 9, 5, 2, 8, 16, 4, 1]\n   output: 1\n\n   input: [8, 36, 7, 2, 11]\n   output: 7\n*/\nint smallestOdd(std::vector<int> const& x) {",28_reduce_smallest_odd_number,reduce,cpp,hpx,0.2,0.95,True,2048,False,"int smallestOdd(std::vector<int> const& x) {\n    auto to_candidate = [](int v) {\n        return (v & 1) ? v : std::numeric_limits<int>::max();\n    };\n    return hpx::transform_reduce(\n        hpx::execution::par,\n        x.begin(), x.end(),\n        std::numeric_limits<int>::max(),\n        [](int a, int b) { return a < b ? a : b; },\n        to_candidate\n    );\n}",False,True,,31,N/A,,,,,13.755795955657959
"#include <hpx/hpx_main.hpp>\n\n/* Return the value of the smallest odd number in the vector x.\n   Use HPX to compute in parallel.  Assume HPX has already been initialized.\n   Examples:\n\n   input: [7, 9, 5, 2, 8, 16, 4, 1]\n   output: 1\n\n   input: [8, 36, 7, 2, 11]\n   output: 7\n*/\nint smallestOdd(std::vector<int> const& x) {",28_reduce_smallest_odd_number,reduce,cpp,hpx,0.2,0.95,True,2048,False,"int smallestOdd(std::vector<int> const& x) {\n    int const inf = std::numeric_limits<int>::max();\n    auto reduce_min = [](int a, int b) { return a < b ? a : b; };\n    auto map_odd = [](int v) { return (v & 1) ? v : std::numeric_limits<int>::max(); };\n\n    int res = hpx::transform_reduce(hpx::execution::par,\n                                    x.begin(), x.end(),\n                                    inf, reduce_min, map_odd);\n    return res == inf ? -1 : res; // returns -1 if no odd numbers",False,True,,32,N/A,,,,,16.31031632423401
"#include <hpx/hpx_main.hpp>\n\n/* Return the value of the smallest odd number in the vector x.\n   Use HPX to compute in parallel.  Assume HPX has already been initialized.\n   Examples:\n\n   input: [7, 9, 5, 2, 8, 16, 4, 1]\n   output: 1\n\n   input: [8, 36, 7, 2, 11]\n   output: 7\n*/\nint smallestOdd(std::vector<int> const& x) {",28_reduce_smallest_odd_number,reduce,cpp,hpx,0.2,0.95,True,2048,False,"int smallestOdd(std::vector<int> const& x) {\n    int res = hpx::transform_reduce(\n        hpx::execution::par,\n        x.begin(), x.end(),\n        std::numeric_limits<int>::max(),\n        [](int a, int b) { return a < b ? a : b; },\n        [](int v) { return (v & 1) ? v : std::numeric_limits<int>::max(); });\n    return res == std::numeric_limits<int>::max() ? -1 : res;\n}",False,True,,33,N/A,,,,,14.835575103759766
"#include <hpx/hpx_main.hpp>\n\n/* Return the value of the smallest odd number in the vector x.\n   Use HPX to compute in parallel.  Assume HPX has already been initialized.\n   Examples:\n\n   input: [7, 9, 5, 2, 8, 16, 4, 1]\n   output: 1\n\n   input: [8, 36, 7, 2, 11]\n   output: 7\n*/\nint smallestOdd(std::vector<int> const& x) {",28_reduce_smallest_odd_number,reduce,cpp,hpx,0.2,0.95,True,2048,False,,False,False,,34,N/A,,,,,18.11186385154724
"#include <hpx/hpx_main.hpp>\n\n/* Return the value of the smallest odd number in the vector x.\n   Use HPX to compute in parallel.  Assume HPX has already been initialized.\n   Examples:\n\n   input: [7, 9, 5, 2, 8, 16, 4, 1]\n   output: 1\n\n   input: [8, 36, 7, 2, 11]\n   output: 7\n*/\nint smallestOdd(std::vector<int> const& x) {",28_reduce_smallest_odd_number,reduce,cpp,hpx,0.2,0.95,True,2048,False,int smallestOdd(std::vector,False,False,,35,N/A,,,,,16.313188552856445
"#include <hpx/hpx_main.hpp>\n\n/* Return the value of the smallest odd number in the vector x.\n   Use HPX to compute in parallel.  Assume HPX has already been initialized.\n   Examples:\n\n   input: [7, 9, 5, 2, 8, 16, 4, 1]\n   output: 1\n\n   input: [8, 36, 7, 2, 11]\n   output: 7\n*/\nint smallestOdd(std::vector<int> const& x) {",28_reduce_smallest_odd_number,reduce,cpp,hpx,0.2,0.95,True,2048,False,"int smallestOdd(std::vector<int> const& x) {\n    int inf = std::numeric_limits<int>::max();\n    return hpx::transform_reduce(\n        hpx::execution::par,\n        x.begin(), x.end(),\n        inf,\n        [](int a, int b) { return std::min(a, b); },\n        [inf](int v) { return (v & 1) ? v : inf; }\n    );\n}",False,True,,36,N/A,,,,,10.461177110671997
"#include <hpx/hpx_main.hpp>\n\n/* Return the value of the smallest odd number in the vector x.\n   Use HPX to compute in parallel.  Assume HPX has already been initialized.\n   Examples:\n\n   input: [7, 9, 5, 2, 8, 16, 4, 1]\n   output: 1\n\n   input: [8, 36, 7, 2, 11]\n   output: 7\n*/\nint smallestOdd(std::vector<int> const& x) {",28_reduce_smallest_odd_number,reduce,cpp,hpx,0.2,0.95,True,2048,False,"int smallestOdd(std::vector<int> const& x) {\n    constexpr int INF = std::numeric_limits<int>::max();\n    return hpx::transform_reduce(\n        hpx::execution::par,\n        x.begin(), x.end(),\n        INF,\n        [](int a, int b) { return a < b ? a : b; },\n        [](int v) { return (v & 1) ? v : std::numeric_limits<int>::max(); }\n    );\n}",False,True,,37,N/A,,,,,13.290201425552368
"#include <hpx/hpx_main.hpp>\n\n/* Return the value of the smallest odd number in the vector x.\n   Use HPX to compute in parallel.  Assume HPX has already been initialized.\n   Examples:\n\n   input: [7, 9, 5, 2, 8, 16, 4, 1]\n   output: 1\n\n   input: [8, 36, 7, 2, 11]\n   output: 7\n*/\nint smallestOdd(std::vector<int> const& x) {",28_reduce_smallest_odd_number,reduce,cpp,hpx,0.2,0.95,True,2048,False,"int smallestOdd(std::vector<int> const& x) {\n    int inf = std::numeric_limits<int>::max();\n    return hpx::transform_reduce(\n        hpx::execution::par, x.begin(), x.end(), inf,\n        [](int a, int b) { return a < b ? a : b; },\n        [inf](int v) { return (v & 1) ? v : inf; }\n    );\n}",False,True,,38,N/A,,,,,12.379577159881592
"#include <hpx/hpx_main.hpp>\n\n/* Return the value of the smallest odd number in the vector x.\n   Use HPX to compute in parallel.  Assume HPX has already been initialized.\n   Examples:\n\n   input: [7, 9, 5, 2, 8, 16, 4, 1]\n   output: 1\n\n   input: [8, 36, 7, 2, 11]\n   output: 7\n*/\nint smallestOdd(std::vector<int> const& x) {",28_reduce_smallest_odd_number,reduce,cpp,hpx,0.2,0.95,True,2048,False,,False,False,,39,N/A,,,,,14.58283543586731
"#include <hpx/hpx_main.hpp>\n\n/* Return the value of the smallest odd number in the vector x.\n   Use HPX to compute in parallel.  Assume HPX has already been initialized.\n   Examples:\n\n   input: [7, 9, 5, 2, 8, 16, 4, 1]\n   output: 1\n\n   input: [8, 36, 7, 2, 11]\n   output: 7\n*/\nint smallestOdd(std::vector<int> const& x) {",28_reduce_smallest_odd_number,reduce,cpp,hpx,0.2,0.95,True,2048,False,,False,False,,40,N/A,,,,,14.939140558242798
"#include <hpx/hpx_main.hpp>\n\n/* Return the value of the smallest odd number in the vector x.\n   Use HPX to compute in parallel.  Assume HPX has already been initialized.\n   Examples:\n\n   input: [7, 9, 5, 2, 8, 16, 4, 1]\n   output: 1\n\n   input: [8, 36, 7, 2, 11]\n   output: 7\n*/\nint smallestOdd(std::vector<int> const& x) {",28_reduce_smallest_odd_number,reduce,cpp,hpx,0.2,0.95,True,2048,False,"int smallestOdd(std::vector<int> const& x) {\n    using hpx::execution::par;\n    constexpr int INF = std::numeric_limits<int>::max();\n\n    int res = hpx::transform_reduce(\n        par, x.begin(), x.end(), INF,\n        [](int a, int b) { return a < b ? a : b; },\n        [](int v) { return (v & 1) ? v : std::numeric_limits<int>::max(); });\n\n    if (res == INF) throw std::runtime_error(""no odd numbers in input"");\n    return res;\n}",False,True,,41,N/A,,,,,11.855341911315918
"#include <hpx/hpx_main.hpp>\n\n/* Return the value of the smallest odd number in the vector x.\n   Use HPX to compute in parallel.  Assume HPX has already been initialized.\n   Examples:\n\n   input: [7, 9, 5, 2, 8, 16, 4, 1]\n   output: 1\n\n   input: [8, 36, 7, 2, 11]\n   output: 7\n*/\nint smallestOdd(std::vector<int> const& x) {",28_reduce_smallest_odd_number,reduce,cpp,hpx,0.2,0.95,True,2048,False,,False,False,,42,N/A,,,,,14.459758996963501
"#include <hpx/hpx_main.hpp>\n\n/* Return the value of the smallest odd number in the vector x.\n   Use HPX to compute in parallel.  Assume HPX has already been initialized.\n   Examples:\n\n   input: [7, 9, 5, 2, 8, 16, 4, 1]\n   output: 1\n\n   input: [8, 36, 7, 2, 11]\n   output: 7\n*/\nint smallestOdd(std::vector<int> const& x) {",28_reduce_smallest_odd_number,reduce,cpp,hpx,0.2,0.95,True,2048,False,"int smallestOdd(std::vector<int> const& x) {\n    return hpx::transform_reduce(\n        hpx::execution::par, x.begin(), x.end(),\n        std::numeric_limits<int>::max(),\n        [](int a, int b) { return a < b ? a : b; },\n        [](int v) { return (v & 1) ? v : std::numeric_limits<int>::max(); }\n    );\n}",False,True,,43,N/A,,,,,13.261469602584839
"#include <hpx/hpx_main.hpp>\n\n/* Return the value of the smallest odd number in the vector x.\n   Use HPX to compute in parallel.  Assume HPX has already been initialized.\n   Examples:\n\n   input: [7, 9, 5, 2, 8, 16, 4, 1]\n   output: 1\n\n   input: [8, 36, 7, 2, 11]\n   output: 7\n*/\nint smallestOdd(std::vector<int> const& x) {",28_reduce_smallest_odd_number,reduce,cpp,hpx,0.2,0.95,True,2048,False,"int smallestOdd(std::vector<int> const& x) {\n    auto bin = [](int a, int b) { return (a < b) ? a : b; };\n    auto unary = [](int v) {\n        return (v & 1) ? v : std::numeric_limits<int>::max();\n    };\n    return hpx::transform_reduce(\n        hpx::execution::par, x.begin(), x.end(),\n        std::numeric_limits<int>::max(), bin, unary);\n}",False,True,,44,N/A,,,,,12.04328966140747
"#include <hpx/hpx_main.hpp>\n\n/* Return the value of the smallest odd number in the vector x.\n   Use HPX to compute in parallel.  Assume HPX has already been initialized.\n   Examples:\n\n   input: [7, 9, 5, 2, 8, 16, 4, 1]\n   output: 1\n\n   input: [8, 36, 7, 2, 11]\n   output: 7\n*/\nint smallestOdd(std::vector<int> const& x) {",28_reduce_smallest_odd_number,reduce,cpp,hpx,0.2,0.95,True,2048,False,"int smallestOdd(std::vector<int> const& x) {\n    const int inf = std::numeric_limits<int>::max();\n    int r = hpx::transform_reduce(\n        hpx::execution::par,\n        x.begin(), x.end(),\n        inf,\n        [](int a, int b) { return a < b ? a : b; },\n        [inf](int v) { return (v & 1) ? v : inf; }\n    );\n    if (r == inf) throw std::runtime_error(""no odd numbers"");\n    return r;\n}",False,True,,45,N/A,,,,,13.622589111328125
"#include <hpx/hpx_main.hpp>\n\n/* Return the value of the smallest odd number in the vector x.\n   Use HPX to compute in parallel.  Assume HPX has already been initialized.\n   Examples:\n\n   input: [7, 9, 5, 2, 8, 16, 4, 1]\n   output: 1\n\n   input: [8, 36, 7, 2, 11]\n   output: 7\n*/\nint smallestOdd(std::vector<int> const& x) {",28_reduce_smallest_odd_number,reduce,cpp,hpx,0.2,0.95,True,2048,False,"int smallestOdd(std::vector<int> const& x) {\n    int inf = std::numeric_limits<int>::max();\n    return hpx::transform_reduce(\n        hpx::execution::par, x.begin(), x.end(), inf,\n        [](int a, int b) { return std::min(a, b); },\n        [inf](int v) { return (v & 1) ? v : inf; });\n}",False,True,,46,N/A,,,,,15.346468925476074
"#include <hpx/hpx_main.hpp>\n\n/* Return the value of the smallest odd number in the vector x.\n   Use HPX to compute in parallel.  Assume HPX has already been initialized.\n   Examples:\n\n   input: [7, 9, 5, 2, 8, 16, 4, 1]\n   output: 1\n\n   input: [8, 36, 7, 2, 11]\n   output: 7\n*/\nint smallestOdd(std::vector<int> const& x) {",28_reduce_smallest_odd_number,reduce,cpp,hpx,0.2,0.95,True,2048,False,,False,False,,47,N/A,,,,,15.952237844467163
"#include <hpx/hpx_main.hpp>\n\n/* Return the value of the smallest odd number in the vector x.\n   Use HPX to compute in parallel.  Assume HPX has already been initialized.\n   Examples:\n\n   input: [7, 9, 5, 2, 8, 16, 4, 1]\n   output: 1\n\n   input: [8, 36, 7, 2, 11]\n   output: 7\n*/\nint smallestOdd(std::vector<int> const& x) {",28_reduce_smallest_odd_number,reduce,cpp,hpx,0.2,0.95,True,2048,False,"int smallestOdd(std::vector<int> const& x) {\n    const int inf = std::numeric_limits<int>::max();\n    return hpx::transform_reduce(\n        hpx::execution::par,\n        x.begin(), x.end(),\n        inf,\n        [](int a, int b) { return std::min(a, b); },\n        [](int v) { return (v & 1) ? v : std::numeric_limits<int>::max(); }\n    );\n}",False,True,,48,N/A,,,,,10.731352090835571
"#include <hpx/hpx_main.hpp>\n\n/* Return the value of the smallest odd number in the vector x.\n   Use HPX to compute in parallel.  Assume HPX has already been initialized.\n   Examples:\n\n   input: [7, 9, 5, 2, 8, 16, 4, 1]\n   output: 1\n\n   input: [8, 36, 7, 2, 11]\n   output: 7\n*/\nint smallestOdd(std::vector<int> const& x) {",28_reduce_smallest_odd_number,reduce,cpp,hpx,0.2,0.95,True,2048,False,"{\n    namespace ex = hpx::execution;\n    constexpr int INF = std::numeric_limits<int>::max();\n\n    int ans = hpx::transform_reduce(\n        ex::par, x.begin(), x.end(), INF,\n        [](int a, int b) { return a < b ? a : b; },\n        [](int v) { return (v & 1) ? v : INF; });\n\n    if (ans == INF) throw std::runtime_error(""no odd numbers"");\n    return ans;\n}",False,True,,49,N/A,,,,,9.919218301773071
"#include <hpx/hpx_main.hpp>\n\n/* Return the value of the smallest odd number in the vector x.\n   Use HPX to compute in parallel.  Assume HPX has already been initialized.\n   Examples:\n\n   input: [7, 9, 5, 2, 8, 16, 4, 1]\n   output: 1\n\n   input: [8, 36, 7, 2, 11]\n   output: 7\n*/\nint smallestOdd(std::vector<int> const& x) {",28_reduce_smallest_odd_number,reduce,cpp,hpx,0.2,0.95,True,2048,False,"int smallestOdd(std::vector<int> const& x) {\n    using hpx::execution::par;\n    const int INF = std::numeric_limits<int>::max();\n    return hpx::transform_reduce(\n        par, x.begin(), x.end(), INF,\n        [](int a, int b) { return a < b ? a : b; },\n        [](int v) { return (v & 1) ? v : std::numeric_limits<int>::max(); }\n    );\n}",False,True,,50,N/A,,,,,10.884765148162842
"#include <hpx/hpx_main.hpp>\n\n/* Return the value of the smallest odd number in the vector x.\n   Use HPX to compute in parallel.  Assume HPX has already been initialized.\n   Examples:\n\n   input: [7, 9, 5, 2, 8, 16, 4, 1]\n   output: 1\n\n   input: [8, 36, 7, 2, 11]\n   output: 7\n*/\nint smallestOdd(std::vector<int> const& x) {",28_reduce_smallest_odd_number,reduce,cpp,hpx,0.2,0.95,True,2048,False,"int smallestOdd(std::vector<int> const& x) {\n    constexpr int INF = std::numeric_limits<int>::max();\n    return hpx::transform_reduce(\n        hpx::execution::par, x.begin(), x.end(), INF,\n        [](int a, int b) { return a < b ? a : b; },\n        [](int v) { return (v & 1) ? v : std::numeric_limits<int>::max(); }\n    );\n}",False,True,,51,N/A,,,,,12.050228357315063
"#include <hpx/hpx_main.hpp>\n\n/* Return the value of the smallest odd number in the vector x.\n   Use HPX to compute in parallel.  Assume HPX has already been initialized.\n   Examples:\n\n   input: [7, 9, 5, 2, 8, 16, 4, 1]\n   output: 1\n\n   input: [8, 36, 7, 2, 11]\n   output: 7\n*/\nint smallestOdd(std::vector<int> const& x) {",28_reduce_smallest_odd_number,reduce,cpp,hpx,0.2,0.95,True,2048,False,,False,False,,52,N/A,,,,,16.228813886642456
"#include <hpx/hpx_main.hpp>\n\n/* Return the value of the smallest odd number in the vector x.\n   Use HPX to compute in parallel.  Assume HPX has already been initialized.\n   Examples:\n\n   input: [7, 9, 5, 2, 8, 16, 4, 1]\n   output: 1\n\n   input: [8, 36, 7, 2, 11]\n   output: 7\n*/\nint smallestOdd(std::vector<int> const& x) {",28_reduce_smallest_odd_number,reduce,cpp,hpx,0.2,0.95,True,2048,False,,False,False,,53,N/A,,,,,14.437701940536499
"#include <hpx/hpx_main.hpp>\n\n/* Return the value of the smallest odd number in the vector x.\n   Use HPX to compute in parallel.  Assume HPX has already been initialized.\n   Examples:\n\n   input: [7, 9, 5, 2, 8, 16, 4, 1]\n   output: 1\n\n   input: [8, 36, 7, 2, 11]\n   output: 7\n*/\nint smallestOdd(std::vector<int> const& x) {",28_reduce_smallest_odd_number,reduce,cpp,hpx,0.2,0.95,True,2048,False,"int smallestOdd(std::vector<int> const& x) {\n    constexpr int INF = std::numeric_limits<int>::max();\n    return hpx::transform_reduce(\n        hpx::execution::par, x.begin(), x.end(), INF,\n        [](int a, int b) { return a < b ? a : b; },\n        [](int v) { return (v & 1) ? v : INF; }\n    );\n}",False,True,,54,N/A,,,,,14.583773136138916
"#include <hpx/hpx_main.hpp>\n\n/* Return the value of the smallest odd number in the vector x.\n   Use HPX to compute in parallel.  Assume HPX has already been initialized.\n   Examples:\n\n   input: [7, 9, 5, 2, 8, 16, 4, 1]\n   output: 1\n\n   input: [8, 36, 7, 2, 11]\n   output: 7\n*/\nint smallestOdd(std::vector<int> const& x) {",28_reduce_smallest_odd_number,reduce,cpp,hpx,0.2,0.95,True,2048,False,"int smallestOdd(std::vector<int> const& x) {\n    constexpr int INF = std::numeric_limits<int>::max();\n    auto unary = [](int v) { return (v & 1) ? v : std::numeric_limits<int>::max(); };\n    return hpx::transform_reduce(\n        hpx::execution::par, x.begin(), x.end(), INF,\n        [](int a, int b) { return a < b ? a : b; }, unary);\n}",False,True,,55,N/A,,,,,14.416298627853394
"#include <hpx/hpx_main.hpp>\n\n/* Return the value of the smallest odd number in the vector x.\n   Use HPX to compute in parallel.  Assume HPX has already been initialized.\n   Examples:\n\n   input: [7, 9, 5, 2, 8, 16, 4, 1]\n   output: 1\n\n   input: [8, 36, 7, 2, 11]\n   output: 7\n*/\nint smallestOdd(std::vector<int> const& x) {",28_reduce_smallest_odd_number,reduce,cpp,hpx,0.2,0.95,True,2048,False,,False,False,,56,N/A,,,,,14.171374082565308
"#include <hpx/hpx_main.hpp>\n\n/* Return the value of the smallest odd number in the vector x.\n   Use HPX to compute in parallel.  Assume HPX has already been initialized.\n   Examples:\n\n   input: [7, 9, 5, 2, 8, 16, 4, 1]\n   output: 1\n\n   input: [8, 36, 7, 2, 11]\n   output: 7\n*/\nint smallestOdd(std::vector<int> const& x) {",28_reduce_smallest_odd_number,reduce,cpp,hpx,0.2,0.95,True,2048,False,"int smallestOdd(std::vector<int> const& x) {\n    int inf = std::numeric_limits<int>::max();\n    return hpx::transform_reduce(\n        hpx::execution::par, x.begin(), x.end(), inf,\n        [](int a, int b) { return std::min(a, b); },\n        [inf](int v) { return (v & 1) ? v : inf; }\n    );\n}",False,True,,57,N/A,,,,,12.169109106063843
"#include <hpx/hpx_main.hpp>\n\n/* Return the value of the smallest odd number in the vector x.\n   Use HPX to compute in parallel.  Assume HPX has already been initialized.\n   Examples:\n\n   input: [7, 9, 5, 2, 8, 16, 4, 1]\n   output: 1\n\n   input: [8, 36, 7, 2, 11]\n   output: 7\n*/\nint smallestOdd(std::vector<int> const& x) {",28_reduce_smallest_odd_number,reduce,cpp,hpx,0.2,0.95,True,2048,False,"int smallestOdd(std::vector<int> const& x) {\n    constexpr int INF = std::numeric_limits<int>::max();\n    auto to_odd_or_inf = [](int v) { return (v & 1) ? v : INF; };\n    auto min_reduce = [](int a, int b) { return a < b ? a : b; };\n\n    int res = hpx::transform_reduce(hpx::execution::par, x.begin(), x.end(), INF, min_reduce, to_odd_or_inf);\n    return res == INF ? -1 : res; // return -1 if no odd number exists\n}",False,True,,58,N/A,,,,,8.927783966064453
"#include <hpx/hpx_main.hpp>\n\n/* Return the value of the smallest odd number in the vector x.\n   Use HPX to compute in parallel.  Assume HPX has already been initialized.\n   Examples:\n\n   input: [7, 9, 5, 2, 8, 16, 4, 1]\n   output: 1\n\n   input: [8, 36, 7, 2, 11]\n   output: 7\n*/\nint smallestOdd(std::vector<int> const& x) {",28_reduce_smallest_odd_number,reduce,cpp,hpx,0.2,0.95,True,2048,False,,False,False,,59,N/A,,,,,15.337665319442749
"#include <hpx/hpx_main.hpp>\n\n/* Return the value of the smallest odd number in the vector x.\n   Use HPX to compute in parallel.  Assume HPX has already been initialized.\n   Examples:\n\n   input: [7, 9, 5, 2, 8, 16, 4, 1]\n   output: 1\n\n   input: [8, 36, 7, 2, 11]\n   output: 7\n*/\nint smallestOdd(std::vector<int> const& x) {",28_reduce_smallest_odd_number,reduce,cpp,hpx,0.2,0.95,True,2048,False,"int smallestOdd(std::vector<int> const& x) {\n    const int INF = std::numeric_limits<int>::max();\n    return hpx::transform_reduce(\n        hpx::execution::par, x.begin(), x.end(), INF,\n        [](int a, int b) { return a < b ? a : b; },\n        [INF](int v) { return (v & 1) ? v : INF; });\n}",False,True,,60,N/A,,,,,12.927347898483276
"#include <hpx/hpx_main.hpp>\n\n/* Return the value of the smallest odd number in the vector x.\n   Use HPX to compute in parallel.  Assume HPX has already been initialized.\n   Examples:\n\n   input: [7, 9, 5, 2, 8, 16, 4, 1]\n   output: 1\n\n   input: [8, 36, 7, 2, 11]\n   output: 7\n*/\nint smallestOdd(std::vector<int> const& x) {",28_reduce_smallest_odd_number,reduce,cpp,hpx,0.2,0.95,True,2048,False,"int smallestOdd(std::vector<int> const& x) {\n    constexpr int sentinel = std::numeric_limits<int>::max();\n    int res = hpx::transform_reduce(\n        hpx::execution::par, x.begin(), x.end(), sentinel,\n        [](int a, int b) { return a < b ? a : b; },\n        [](int v) { return (v & 1) ? v : sentinel; }\n    );\n    return res == sentinel ? -1 : res; // returns -1 if no odd numbers\n}",False,True,,61,N/A,,,,,11.660999774932861
"#include <hpx/hpx_main.hpp>\n\n/* Return the value of the smallest odd number in the vector x.\n   Use HPX to compute in parallel.  Assume HPX has already been initialized.\n   Examples:\n\n   input: [7, 9, 5, 2, 8, 16, 4, 1]\n   output: 1\n\n   input: [8, 36, 7, 2, 11]\n   output: 7\n*/\nint smallestOdd(std::vector<int> const& x) {",28_reduce_smallest_odd_number,reduce,cpp,hpx,0.2,0.95,True,2048,False,"int smallestOdd(std::vector<int> const& x) {\n    int INF = std::numeric_limits<int>::max();\n    return hpx::transform_reduce(\n        hpx::execution::par, x.begin(), x.end(), INF,\n        [](int a, int b) { return a < b ? a : b; },\n        [INF](int v) { return (v & 1) ? v : INF; }\n    );\n}",False,True,,62,N/A,,,,,12.157084226608276
"#include <hpx/hpx_main.hpp>\n\n/* Return the value of the smallest odd number in the vector x.\n   Use HPX to compute in parallel.  Assume HPX has already been initialized.\n   Examples:\n\n   input: [7, 9, 5, 2, 8, 16, 4, 1]\n   output: 1\n\n   input: [8, 36, 7, 2, 11]\n   output: 7\n*/\nint smallestOdd(std::vector<int> const& x) {",28_reduce_smallest_odd_number,reduce,cpp,hpx,0.2,0.95,True,2048,False,"int smallestOdd(std::vector<int> const& x) {\n    const int INF = std::numeric_limits<int>::max();\n    return hpx::transform_reduce(\n        hpx::execution::par, x.begin(), x.end(), INF,\n        [](int a, int b) { return std::min(a, b); },\n        [INF](int v) { return (v & 1) ? v : INF; });\n}",False,True,,63,N/A,,,,,8.701812505722046
"#include <hpx/hpx_main.hpp>\n\n/* Return the value of the smallest odd number in the vector x.\n   Use HPX to compute in parallel.  Assume HPX has already been initialized.\n   Examples:\n\n   input: [7, 9, 5, 2, 8, 16, 4, 1]\n   output: 1\n\n   input: [8, 36, 7, 2, 11]\n   output: 7\n*/\nint smallestOdd(std::vector<int> const& x) {",28_reduce_smallest_odd_number,reduce,cpp,hpx,0.2,0.95,True,2048,False,"int smallestOdd(std::vector<int> const& x) {\n    const int inf = std::numeric_limits<int>::max();\n    return hpx::transform_reduce(\n        hpx::execution::par, x.begin(), x.end(), inf,\n        [](int a, int",False,True,,64,N/A,,,,,14.081805944442749
"#include <hpx/hpx_main.hpp>\n\n/* Return the value of the smallest odd number in the vector x.\n   Use HPX to compute in parallel.  Assume HPX has already been initialized.\n   Examples:\n\n   input: [7, 9, 5, 2, 8, 16, 4, 1]\n   output: 1\n\n   input: [8, 36, 7, 2, 11]\n   output: 7\n*/\nint smallestOdd(std::vector<int> const& x) {",28_reduce_smallest_odd_number,reduce,cpp,hpx,0.2,0.95,True,2048,False,"int smallestOdd(std::vector<int> const& x) {\n    constexpr int INF = std::numeric_limits<int>::max();\n    return hpx::transform_reduce(\n        hpx::execution::par, x.begin(), x.end(), INF,\n        [](int a, int b) { return a < b ? a : b; },\n        [](int v) { return (v & 1) ? v : std::numeric_limits<int>::max(); });\n}",False,True,,65,N/A,,,,,12.81967568397522
"#include <hpx/hpx_main.hpp>\n\n/* Return the value of the smallest odd number in the vector x.\n   Use HPX to compute in parallel.  Assume HPX has already been initialized.\n   Examples:\n\n   input: [7, 9, 5, 2, 8, 16, 4, 1]\n   output: 1\n\n   input: [8, 36, 7, 2, 11]\n   output: 7\n*/\nint smallestOdd(std::vector<int> const& x) {",28_reduce_smallest_odd_number,reduce,cpp,hpx,0.2,0.95,True,2048,False,"int smallestOdd(std::vector<int> const& x) {\n    using hpx::execution::par;\n    const int inf = std::numeric_limits<int>::max();\n    return hpx::transform_reduce(\n        par, x.begin(), x.end(),\n        inf,\n        [](int a, int b) { return std::min(a, b); },\n        [inf](int v) { return (v & 1) ? v : inf; }\n    );\n}",False,True,,66,N/A,,,,,10.520557880401611
"#include <hpx/hpx_main.hpp>\n\n/* Return the value of the smallest odd number in the vector x.\n   Use HPX to compute in parallel.  Assume HPX has already been initialized.\n   Examples:\n\n   input: [7, 9, 5, 2, 8, 16, 4, 1]\n   output: 1\n\n   input: [8, 36, 7, 2, 11]\n   output: 7\n*/\nint smallestOdd(std::vector<int> const& x) {",28_reduce_smallest_odd_number,reduce,cpp,hpx,0.2,0.95,True,2048,False,,False,False,,67,N/A,,,,,13.252039670944214
"#include <hpx/hpx_main.hpp>\n\n/* Return the value of the smallest odd number in the vector x.\n   Use HPX to compute in parallel.  Assume HPX has already been initialized.\n   Examples:\n\n   input: [7, 9, 5, 2, 8, 16, 4, 1]\n   output: 1\n\n   input: [8, 36, 7, 2, 11]\n   output: 7\n*/\nint smallestOdd(std::vector<int> const& x) {",28_reduce_smallest_odd_number,reduce,cpp,hpx,0.2,0.95,True,2048,False,"int smallestOdd(std::vector<int> const& x) {\n    const int inf = std::numeric_limits<int>::max();\n    return hpx::transform_reduce(\n        hpx::execution::par, x.begin(), x.end(), inf,\n        [](int a, int b) { return std::min(a, b); },\n        [inf](int v) { return (v & 1) ? v : inf; }\n    );\n}",False,True,,68,N/A,,,,,13.752665042877197
"#include <hpx/hpx_main.hpp>\n\n/* Return the value of the smallest odd number in the vector x.\n   Use HPX to compute in parallel.  Assume HPX has already been initialized.\n   Examples:\n\n   input: [7, 9, 5, 2, 8, 16, 4, 1]\n   output: 1\n\n   input: [8, 36, 7, 2, 11]\n   output: 7\n*/\nint smallestOdd(std::vector<int> const& x) {",28_reduce_smallest_odd_number,reduce,cpp,hpx,0.2,0.95,True,2048,False,"int smallestOdd(std::vector<int> const& x) {\n    namespace ex = hpx::execution;\n    constexpr int inf = std::numeric_limits<int>::max();\n    return hpx::transform_reduce(\n        ex::par, x.cbegin(), x.cend(), inf,\n        [](int a, int b) { return a < b ? a : b; },\n        [](int v) { return (v & 1) ? v : inf; }\n    );\n}",False,True,,69,N/A,,,,,12.343846797943115
"#include <hpx/hpx_main.hpp>\n\n/* Return the value of the smallest odd number in the vector x.\n   Use HPX to compute in parallel.  Assume HPX has already been initialized.\n   Examples:\n\n   input: [7, 9, 5, 2, 8, 16, 4, 1]\n   output: 1\n\n   input: [8, 36, 7, 2, 11]\n   output: 7\n*/\nint smallestOdd(std::vector<int> const& x) {",28_reduce_smallest_odd_number,reduce,cpp,hpx,0.2,0.95,True,2048,False,"int smallestOdd(std::vector<int> const& x) {\n    const int maxv = std::numeric_limits<int>::max();\n    return hpx::transform_reduce(\n        hpx::execution::par, x.begin(), x.end(), maxv,\n        [](int a, int b) { return (a < b) ? a : b; },\n        [maxv](int v) { return (v & 1) ? v : maxv; }\n    );\n}",False,True,,70,N/A,,,,,12.908956050872803
"#include <hpx/hpx_main.hpp>\n\n/* Return the value of the smallest odd number in the vector x.\n   Use HPX to compute in parallel.  Assume HPX has already been initialized.\n   Examples:\n\n   input: [7, 9, 5, 2, 8, 16, 4, 1]\n   output: 1\n\n   input: [8, 36, 7, 2, 11]\n   output: 7\n*/\nint smallestOdd(std::vector<int> const& x) {",28_reduce_smallest_odd_number,reduce,cpp,hpx,0.2,0.95,True,2048,False,,False,False,,71,N/A,,,,,15.775151252746582
"#include <hpx/hpx_main.hpp>\n\n/* Return the value of the smallest odd number in the vector x.\n   Use HPX to compute in parallel.  Assume HPX has already been initialized.\n   Examples:\n\n   input: [7, 9, 5, 2, 8, 16, 4, 1]\n   output: 1\n\n   input: [8, 36, 7, 2, 11]\n   output: 7\n*/\nint smallestOdd(std::vector<int> const& x) {",28_reduce_smallest_odd_number,reduce,cpp,hpx,0.2,0.95,True,2048,False,"int smallestOdd(std::vector<int> const& x) {\n    using hpx::execution::par;\n    const int inf = std::numeric_limits<int>::max();\n\n    return hpx::transform_reduce(\n        par, x.begin(), x.end(), inf,\n        [](int a, int b) { return a < b ? a : b; },\n        [](int v) { return (v & 1) ? v : std::numeric_limits<int>::max(); });\n}",False,True,,72,N/A,,,,,9.496233463287354
"#include <hpx/hpx_main.hpp>\n\n/* Return the value of the smallest odd number in the vector x.\n   Use HPX to compute in parallel.  Assume HPX has already been initialized.\n   Examples:\n\n   input: [7, 9, 5, 2, 8, 16, 4, 1]\n   output: 1\n\n   input: [8, 36, 7, 2, 11]\n   output: 7\n*/\nint smallestOdd(std::vector<int> const& x) {",28_reduce_smallest_odd_number,reduce,cpp,hpx,0.2,0.95,True,2048,False,"int smallestOdd(std::vector<int> const& x) {\n    constexpr int INF = std::numeric_limits<int>::max();\n    return hpx::transform_reduce(\n        hpx::execution::par, x.begin(), x.end(), INF,\n        [](int a, int b) { return std::min(a, b); },\n        [](int v) { return (v & 1) ? v : std::numeric_limits<int>::max(); }\n    );\n}",False,True,,73,N/A,,,,,12.698047876358032
"#include <hpx/hpx_main.hpp>\n\n/* Return the value of the smallest odd number in the vector x.\n   Use HPX to compute in parallel.  Assume HPX has already been initialized.\n   Examples:\n\n   input: [7, 9, 5, 2, 8, 16, 4, 1]\n   output: 1\n\n   input: [8, 36, 7, 2, 11]\n   output: 7\n*/\nint smallestOdd(std::vector<int> const& x) {",28_reduce_smallest_odd_number,reduce,cpp,hpx,0.2,0.95,True,2048,False,"int smallestOdd(std::vector<int> const& x) {\n        int res = hpx::transform_reduce(\n            hpx::execution::par,\n            x.begin(), x.end(),\n            std::numeric_limits<int>::max(),\n            [](int a, int b) { return a < b ? a : b; },\n            [](int v) { return (v & 1) ? v : std::numeric_limits<int>::max(); }\n        );\n        return res;\n    }",False,True,,74,N/A,,,,,15.489571809768677
"#include <hpx/hpx_main.hpp>\n\n/* Return the value of the smallest odd number in the vector x.\n   Use HPX to compute in parallel.  Assume HPX has already been initialized.\n   Examples:\n\n   input: [7, 9, 5, 2, 8, 16, 4, 1]\n   output: 1\n\n   input: [8, 36, 7, 2, 11]\n   output: 7\n*/\nint smallestOdd(std::vector<int> const& x) {",28_reduce_smallest_odd_number,reduce,cpp,hpx,0.2,0.95,True,2048,False,"int smallestOdd(std::vector<int> const& x) {\n    return hpx::transform_reduce(\n        hpx::execution::par, x.begin(), x.end(),\n        std::numeric_limits<int>::max(),\n        [](int a, int b) { return (a < b) ? a : b; },\n        [](int v) { return (v & 1) ? v : std::numeric_limits<int>::max(); }\n    );\n}",False,True,,75,N/A,,,,,11.158548593521118
"#include <hpx/hpx_main.hpp>\n\n/* Return the value of the smallest odd number in the vector x.\n   Use HPX to compute in parallel.  Assume HPX has already been initialized.\n   Examples:\n\n   input: [7, 9, 5, 2, 8, 16, 4, 1]\n   output: 1\n\n   input: [8, 36, 7, 2, 11]\n   output: 7\n*/\nint smallestOdd(std::vector<int> const& x) {",28_reduce_smallest_odd_number,reduce,cpp,hpx,0.2,0.95,True,2048,False,"int smallestOdd(std::vector<int> const& x) {\n    using hpx::execution::par;\n    int init = std::numeric_limits<int>::max();\n    return hpx::transform_reduce(\n        par, x.begin(), x.end(), init,\n        [](int a, int b) { return a < b ? a : b; },\n        [](int v) { return (v & 1) ? v : std::numeric_limits<int>::max(); }\n    );\n}",False,True,,76,N/A,,,,,11.005562543869019
"#include <hpx/hpx_main.hpp>\n\n/* Return the value of the smallest odd number in the vector x.\n   Use HPX to compute in parallel.  Assume HPX has already been initialized.\n   Examples:\n\n   input: [7, 9, 5, 2, 8, 16, 4, 1]\n   output: 1\n\n   input: [8, 36, 7, 2, 11]\n   output: 7\n*/\nint smallestOdd(std::vector<int> const& x) {",28_reduce_smallest_odd_number,reduce,cpp,hpx,0.2,0.95,True,2048,False,"int smallestOdd(std::vector<int> const& x) {\n    constexpr int INF = std::numeric_limits<int>::max();\n    return hpx::transform_reduce(\n        hpx::execution::par,\n        x.begin(), x.end(),\n        INF,\n        [](int a, int b) { return a < b ? a : b; },\n        [](int v) { return (v & 1) ? v : std::numeric_limits<int>::max(); }\n    );\n}",False,True,,77,N/A,,,,,12.661434412002563
"#include <hpx/hpx_main.hpp>\n\n/* Return the value of the smallest odd number in the vector x.\n   Use HPX to compute in parallel.  Assume HPX has already been initialized.\n   Examples:\n\n   input: [7, 9, 5, 2, 8, 16, 4, 1]\n   output: 1\n\n   input: [8, 36, 7, 2, 11]\n   output: 7\n*/\nint smallestOdd(std::vector<int> const& x) {",28_reduce_smallest_odd_number,reduce,cpp,hpx,0.2,0.95,True,2048,False,"int smallestOdd(std::vector<int> const& x) {\n    constexpr int INF = std::numeric_limits<int>::max();\n\n    int result = hpx::transform_reduce(\n        hpx::execution::par,\n        x.begin(), x.end(),\n        INF,\n        [](int a, int b) { return a < b ? a : b; },\n        [](int v) { return (v & 1) ? v : std::numeric_limits<int>::max(); });\n\n    return result == INF ? -1 : result; // return -1 if no odd numbers\n}",False,True,,78,N/A,,,,,12.537805557250977
"#include <hpx/hpx_main.hpp>\n\n/* Return the value of the smallest odd number in the vector x.\n   Use HPX to compute in parallel.  Assume HPX has already been initialized.\n   Examples:\n\n   input: [7, 9, 5, 2, 8, 16, 4, 1]\n   output: 1\n\n   input: [8, 36, 7, 2, 11]\n   output: 7\n*/\nint smallestOdd(std::vector<int> const& x) {",28_reduce_smallest_odd_number,reduce,cpp,hpx,0.2,0.95,True,2048,False,"int smallestOdd(std::vector<int> const& x) {\n    namespace ex = hpx::execution;\n    const int INF = std::numeric_limits<int>::max();\n\n    return hpx::transform_reduce(\n        ex::par, x.begin(), x.end(), INF,\n        [](int a, int b) { return a < b ? a : b; },\n        [INF](int v) { return (v & 1) ? v : INF; }\n    );\n}",False,True,,79,N/A,,,,,10.787843704223633
"#include <hpx/hpx_main.hpp>\n\n/* Return the value of the smallest odd number in the vector x.\n   Use HPX to compute in parallel.  Assume HPX has already been initialized.\n   Examples:\n\n   input: [7, 9, 5, 2, 8, 16, 4, 1]\n   output: 1\n\n   input: [8, 36, 7, 2, 11]\n   output: 7\n*/\nint smallestOdd(std::vector<int> const& x) {",28_reduce_smallest_odd_number,reduce,cpp,hpx,0.2,0.95,True,2048,False,"int smallestOdd(std::vector<int> const& x) {\n    const int inf = std::numeric_limits<int>::max();\n    return hpx::transform_reduce(\n        hpx::execution::par,\n        x.begin(), x.end(),\n        inf,\n        [](int a, int b) { return a < b ? a : b; },\n        [inf](int v) { return (v & 1) ? v : inf; }\n    );\n}",False,True,,80,N/A,,,,,12.037092685699463
"#include <hpx/hpx_main.hpp>\n\n/* Return the value of the smallest odd number in the vector x.\n   Use HPX to compute in parallel.  Assume HPX has already been initialized.\n   Examples:\n\n   input: [7, 9, 5, 2, 8, 16, 4, 1]\n   output: 1\n\n   input: [8, 36, 7, 2, 11]\n   output: 7\n*/\nint smallestOdd(std::vector<int> const& x) {",28_reduce_smallest_odd_number,reduce,cpp,hpx,0.2,0.95,True,2048,False,"int smallestOdd(std::vector<int> const& x) {\n    int const inf = std::numeric_limits<int>::max();\n    int res = hpx::transform_reduce(\n        hpx::execution::par,\n        x.begin(), x.end(),\n        inf,\n        [](int a, int b) { return a < b ? a : b; },\n        [inf](int v) { return (v & 1) ? v : inf; });\n\n    if (res == inf) throw std::runtime_error(""no odd numbers found"");\n    return res;\n}",False,True,,81,N/A,,,,,9.698914527893066
"#include <hpx/hpx_main.hpp>\n\n/* Return the value of the smallest odd number in the vector x.\n   Use HPX to compute in parallel.  Assume HPX has already been initialized.\n   Examples:\n\n   input: [7, 9, 5, 2, 8, 16, 4, 1]\n   output: 1\n\n   input: [8, 36, 7, 2, 11]\n   output: 7\n*/\nint smallestOdd(std::vector<int> const& x) {",28_reduce_smallest_odd_number,reduce,cpp,hpx,0.2,0.95,True,2048,False,"int smallestOdd(std::vector<int> const& x) {\n    using hpx::execution::par;\n    const int INF = std::numeric_limits<int>::max();\n    int res = hpx::transform_reduce(\n        par, x.begin(), x.end(), INF,\n        [](int a, int b) { return a < b ? a : b; },\n        [INF](int v) { return (v & 1) ? v : INF; }\n    );\n    return res == INF ? -1 : res;\n}",False,True,,82,N/A,,,,,11.877626419067383
"#include <hpx/hpx_main.hpp>\n\n/* Return the value of the smallest odd number in the vector x.\n   Use HPX to compute in parallel.  Assume HPX has already been initialized.\n   Examples:\n\n   input: [7, 9, 5, 2, 8, 16, 4, 1]\n   output: 1\n\n   input: [8, 36, 7, 2, 11]\n   output: 7\n*/\nint smallestOdd(std::vector<int> const& x) {",28_reduce_smallest_odd_number,reduce,cpp,hpx,0.2,0.95,True,2048,False,"int smallestOdd(std::vector<int> const& x) {\n    const int inf = std::numeric_limits<int>::max();\n    int res = hpx::transform_reduce(\n        hpx::execution::par, x.begin(), x.end(), inf,\n        [](int a, int b) { return a < b ? a : b; },\n        [inf](int v) { return (v & 1) ? v : inf; });\n    if (res == inf) throw std::runtime_error(""no odd numbers"");\n    return res;\n}",False,True,,83,N/A,,,,,11.439404487609863
"#include <hpx/hpx_main.hpp>\n\n/* Return the value of the smallest odd number in the vector x.\n   Use HPX to compute in parallel.  Assume HPX has already been initialized.\n   Examples:\n\n   input: [7, 9, 5, 2, 8, 16, 4, 1]\n   output: 1\n\n   input: [8, 36, 7, 2, 11]\n   output: 7\n*/\nint smallestOdd(std::vector<int> const& x) {",28_reduce_smallest_odd_number,reduce,cpp,hpx,0.2,0.95,True,2048,False,int smallestOdd(std::vector<int> const& x,False,False,,84,N/A,,,,,13.98696780204773
"#include <hpx/hpx_main.hpp>\n\n/* Return the value of the smallest odd number in the vector x.\n   Use HPX to compute in parallel.  Assume HPX has already been initialized.\n   Examples:\n\n   input: [7, 9, 5, 2, 8, 16, 4, 1]\n   output: 1\n\n   input: [8, 36, 7, 2, 11]\n   output: 7\n*/\nint smallestOdd(std::vector<int> const& x) {",28_reduce_smallest_odd_number,reduce,cpp,hpx,0.2,0.95,True,2048,False,,False,False,,85,N/A,,,,,14.812065839767456
"#include <hpx/hpx_main.hpp>\n\n/* Return the value of the smallest odd number in the vector x.\n   Use HPX to compute in parallel.  Assume HPX has already been initialized.\n   Examples:\n\n   input: [7, 9, 5, 2, 8, 16, 4, 1]\n   output: 1\n\n   input: [8, 36, 7, 2, 11]\n   output: 7\n*/\nint smallestOdd(std::vector<int> const& x) {",28_reduce_smallest_odd_number,reduce,cpp,hpx,0.2,0.95,True,2048,False,"int smallestOdd(std::vector<int> const& x) {\n    return hpx::transform_reduce(\n        hpx::execution::par, x.begin(), x.end(), std::numeric_limits<int>::max(),\n        [](int a, int b) { return a < b ? a : b; },\n        [](int v) { return (v & 1) ? v : std::numeric_limits<int>::max(); });\n}",False,True,,86,N/A,,,,,13.0378098487854
"#include <hpx/hpx_main.hpp>\n\n/* Return the value of the smallest odd number in the vector x.\n   Use HPX to compute in parallel.  Assume HPX has already been initialized.\n   Examples:\n\n   input: [7, 9, 5, 2, 8, 16, 4, 1]\n   output: 1\n\n   input: [8, 36, 7, 2, 11]\n   output: 7\n*/\nint smallestOdd(std::vector<int> const& x) {",28_reduce_smallest_odd_number,reduce,cpp,hpx,0.2,0.95,True,2048,False,"int smallestOdd(std::vector<int> const& x) {\n    int const inf = std::numeric_limits<int>::max();\n    int res = hpx::transform_reduce(\n        hpx::execution::par,\n        x.begin(), x.end(),\n        inf,\n        [](int a, int b) { return std::min(a, b); },\n        [inf](int v) { return (v & 1) ? v : inf; });\n    return res;\n}",False,True,,87,N/A,,,,,14.32571530342102
"#include <hpx/hpx_main.hpp>\n\n/* Return the value of the smallest odd number in the vector x.\n   Use HPX to compute in parallel.  Assume HPX has already been initialized.\n   Examples:\n\n   input: [7, 9, 5, 2, 8, 16, 4, 1]\n   output: 1\n\n   input: [8, 36, 7, 2, 11]\n   output: 7\n*/\nint smallestOdd(std::vector<int> const& x) {",28_reduce_smallest_odd_number,reduce,cpp,hpx,0.2,0.95,True,2048,False,"int smallestOdd(std::vector<int> const& x) {\n    int inf = std::numeric_limits<int>::max();\n    return hpx::transform_reduce(\n        hpx::execution::par, x.begin(), x.end(), inf,\n        [](int a, int b) { return std::min(a, b); },\n        [inf](int v) { return (v & 1) ? v : inf; }\n    );\n}",False,True,,88,N/A,,,,,11.498111963272095
"#include <hpx/hpx_main.hpp>\n\n/* Return the value of the smallest odd number in the vector x.\n   Use HPX to compute in parallel.  Assume HPX has already been initialized.\n   Examples:\n\n   input: [7, 9, 5, 2, 8, 16, 4, 1]\n   output: 1\n\n   input: [8, 36, 7, 2, 11]\n   output: 7\n*/\nint smallestOdd(std::vector<int> const& x) {",28_reduce_smallest_odd_number,reduce,cpp,hpx,0.2,0.95,True,2048,False,,False,False,,89,N/A,,,,,15.530076265335083
"#include <hpx/hpx_main.hpp>\n\n/* Return the value of the smallest odd number in the vector x.\n   Use HPX to compute in parallel.  Assume HPX has already been initialized.\n   Examples:\n\n   input: [7, 9, 5, 2, 8, 16, 4, 1]\n   output: 1\n\n   input: [8, 36, 7, 2, 11]\n   output: 7\n*/\nint smallestOdd(std::vector<int> const& x) {",28_reduce_smallest_odd_number,reduce,cpp,hpx,0.2,0.95,True,2048,False,,False,False,,90,N/A,,,,,15.645397663116455
"#include <hpx/hpx_main.hpp>\n\n/* Return the value of the smallest odd number in the vector x.\n   Use HPX to compute in parallel.  Assume HPX has already been initialized.\n   Examples:\n\n   input: [7, 9, 5, 2, 8, 16, 4, 1]\n   output: 1\n\n   input: [8, 36, 7, 2, 11]\n   output: 7\n*/\nint smallestOdd(std::vector<int> const& x) {",28_reduce_smallest_odd_number,reduce,cpp,hpx,0.2,0.95,True,2048,False,,False,False,,91,N/A,,,,,17.992791414260864
"#include <hpx/hpx_main.hpp>\n\n/* Return the value of the smallest odd number in the vector x.\n   Use HPX to compute in parallel.  Assume HPX has already been initialized.\n   Examples:\n\n   input: [7, 9, 5, 2, 8, 16, 4, 1]\n   output: 1\n\n   input: [8, 36, 7, 2, 11]\n   output: 7\n*/\nint smallestOdd(std::vector<int> const& x) {",28_reduce_smallest_odd_number,reduce,cpp,hpx,0.2,0.95,True,2048,False,,False,False,,92,N/A,,,,,16.757944345474243
"#include <hpx/hpx_main.hpp>\n\n/* Return the value of the smallest odd number in the vector x.\n   Use HPX to compute in parallel.  Assume HPX has already been initialized.\n   Examples:\n\n   input: [7, 9, 5, 2, 8, 16, 4, 1]\n   output: 1\n\n   input: [8, 36, 7, 2, 11]\n   output: 7\n*/\nint smallestOdd(std::vector<int> const& x) {",28_reduce_smallest_odd_number,reduce,cpp,hpx,0.2,0.95,True,2048,False,"int smallestOdd(std::vector<int> const& x) {\n    int inf = std::numeric_limits<int>::max();\n    return hpx::transform_reduce(\n        hpx::execution::par, x.begin(), x.end(),\n        inf,\n        [](int a, int b) { return a < b ? a : b; },\n        [inf](int v) { return (v & 1) ? v : inf; }\n    );\n}",False,True,,93,N/A,,,,,13.10831069946289
"#include <hpx/hpx_main.hpp>\n\n/* Return the value of the smallest odd number in the vector x.\n   Use HPX to compute in parallel.  Assume HPX has already been initialized.\n   Examples:\n\n   input: [7, 9, 5, 2, 8, 16, 4, 1]\n   output: 1\n\n   input: [8, 36, 7, 2, 11]\n   output: 7\n*/\nint smallestOdd(std::vector<int> const& x) {",28_reduce_smallest_odd_number,reduce,cpp,hpx,0.2,0.95,True,2048,False,"int smallestOdd(std::vector<int> const& x) {\n    int init = std::numeric_limits<int>::max();\n    int res = hpx::transform_reduce(\n        hpx::execution::par, x.begin(), x.end(), init,\n        [](int a, int b) { return a < b ? a : b; },\n        [](int v) { return (v & 1) ? v : std::numeric_limits<int>::max(); }\n    );\n    if (res == std::numeric_limits<int>::max())\n        throw std::runtime_error(""no odd numbers"");\n    return res;\n}",False,True,,94,N/A,,,,,16.014815092086792
"#include <hpx/hpx_main.hpp>\n\n/* Return the value of the smallest odd number in the vector x.\n   Use HPX to compute in parallel.  Assume HPX has already been initialized.\n   Examples:\n\n   input: [7, 9, 5, 2, 8, 16, 4, 1]\n   output: 1\n\n   input: [8, 36, 7, 2, 11]\n   output: 7\n*/\nint smallestOdd(std::vector<int> const& x) {",28_reduce_smallest_odd_number,reduce,cpp,hpx,0.2,0.95,True,2048,False,"int smallestOdd(std::vector<int> const& x) {\n    using hpx::execution::par;\n    constexpr int INF = std::numeric_limits<int>::max();\n\n    int res = hpx::transform_reduce(\n        par, x.begin(), x.end(), INF,\n        [](int a, int b) { return a < b ? a : b; },\n        [](int v) { return (v & 1) ? v : INF; });\n\n    if (res == INF) throw std::runtime_error(""no odd numbers"");\n    return res;\n}",False,True,,95,N/A,,,,,14.47391939163208
"#include <hpx/hpx_main.hpp>\n\n/* Return the value of the smallest odd number in the vector x.\n   Use HPX to compute in parallel.  Assume HPX has already been initialized.\n   Examples:\n\n   input: [7, 9, 5, 2, 8, 16, 4, 1]\n   output: 1\n\n   input: [8, 36, 7, 2, 11]\n   output: 7\n*/\nint smallestOdd(std::vector<int> const& x) {",28_reduce_smallest_odd_number,reduce,cpp,hpx,0.2,0.95,True,2048,False,"int smallestOdd(std::vector<int> const& x) {\n    return hpx::transform_reduce(\n        hpx::execution::par, x.begin(), x.end(),\n        std::numeric_limits<int>::max(),\n        [](int a, int b) { return a < b ? a : b; },\n        [](int v) { return (v & 1) ? v : std::numeric_limits<int>::max(); }\n    );\n}",False,True,,96,N/A,,,,,16.467414379119873
"#include <hpx/hpx_main.hpp>\n\n/* Return the value of the smallest odd number in the vector x.\n   Use HPX to compute in parallel.  Assume HPX has already been initialized.\n   Examples:\n\n   input: [7, 9, 5, 2, 8, 16, 4, 1]\n   output: 1\n\n   input: [8, 36, 7, 2, 11]\n   output: 7\n*/\nint smallestOdd(std::vector<int> const& x) {",28_reduce_smallest_odd_number,reduce,cpp,hpx,0.2,0.95,True,2048,False,"int smallestOdd(std::vector<int> const& x) {\n    constexpr int INF = std::numeric_limits<int>::max();\n    return hpx::transform_reduce(\n        hpx::execution::par, x.begin(), x.end(), INF,\n        [](int a, int b) { return a < b ? a : b; },\n        [](int v) { return (v & 1) ? v : std::numeric_limits<int>::max(); }\n    );\n}",False,True,,97,N/A,,,,,12.302261352539062
"#include <hpx/hpx_main.hpp>\n\n/* Return the value of the smallest odd number in the vector x.\n   Use HPX to compute in parallel.  Assume HPX has already been initialized.\n   Examples:\n\n   input: [7, 9, 5, 2, 8, 16, 4, 1]\n   output: 1\n\n   input: [8, 36, 7, 2, 11]\n   output: 7\n*/\nint smallestOdd(std::vector<int> const& x) {",28_reduce_smallest_odd_number,reduce,cpp,hpx,0.2,0.95,True,2048,False,,False,False,,98,N/A,,,,,16.7073757648468
"#include <hpx/hpx_main.hpp>\n\n/* Return the value of the smallest odd number in the vector x.\n   Use HPX to compute in parallel.  Assume HPX has already been initialized.\n   Examples:\n\n   input: [7, 9, 5, 2, 8, 16, 4, 1]\n   output: 1\n\n   input: [8, 36, 7, 2, 11]\n   output: 7\n*/\nint smallestOdd(std::vector<int> const& x) {",28_reduce_smallest_odd_number,reduce,cpp,hpx,0.2,0.95,True,2048,False,"int smallestOdd(std::vector<int> const& x) {\n    const int inf = std::numeric_limits<int>::max();\n    return hpx::transform_reduce(\n        hpx::execution::par,\n        x.begin(), x.end(),\n        inf,\n        [](int a, int b) { return a < b ? a : b; },\n        [inf](int v) { return (v & 1) ? v : inf; }\n    );\n}",False,True,,99,N/A,,,,,13.632169723510742
"#include <hpx/hpx_main.hpp>\n\n/* Return the sum of the minimum value at each index of vectors x and y for all indices.\n   i.e. sum = min(x_0, y_0) + min(x_1, y_1) + min(x_2, y_2) + ...\n   Use HPX to sum in parallel.  Assume HPX has already been initialized.\n   Example:\n\n   input: x=[3, 4, 0, 2, 3], y=[2, 5, 3, 1, 7]\n   output: 10\n*/\ndouble sumOfMinimumElements(std::vector<double> const& x, std::vector<double> const& y) {",29_reduce_sum_of_min_of_pairs,reduce,cpp,hpx,0.2,0.95,True,2048,False,"double sumOfMinimumElements(std::vector<double> const& x, std::vector<double> const& y) {\n    std::size_t n = std::min(x.size(), y.size());\n    return hpx::transform_reduce(\n        hpx::execution::par, x.begin(), x.begin() + n, y.begin(), 0.0,\n        std::plus<>(),\n        [](double a, double b) { return std::min(a, b); }\n    );\n}",False,True,,0,N/A,,,,,9.182897806167603
"#include <hpx/hpx_main.hpp>\n\n/* Return the sum of the minimum value at each index of vectors x and y for all indices.\n   i.e. sum = min(x_0, y_0) + min(x_1, y_1) + min(x_2, y_2) + ...\n   Use HPX to sum in parallel.  Assume HPX has already been initialized.\n   Example:\n\n   input: x=[3, 4, 0, 2, 3], y=[2, 5, 3, 1, 7]\n   output: 10\n*/\ndouble sumOfMinimumElements(std::vector<double> const& x, std::vector<double> const& y) {",29_reduce_sum_of_min_of_pairs,reduce,cpp,hpx,0.2,0.95,True,2048,False,"double sumOfMinimumElements(std::vector<double> const& x, std::vector<double> const& y) {\n    if (x.size() != y.size()) throw std::invalid_argument(""x and y must have the same size"");\n    return hpx::transform_reduce(hpx::execution::par,\n                                 x.begin(), x.end(), y.begin(),\n                                 0.0,\n                                 std::plus<double>{},\n                                 [](double a, double b) { return a < b ? a : b; });\n}",False,True,,1,N/A,,,,,9.571016073226929
"#include <hpx/hpx_main.hpp>\n\n/* Return the sum of the minimum value at each index of vectors x and y for all indices.\n   i.e. sum = min(x_0, y_0) + min(x_1, y_1) + min(x_2, y_2) + ...\n   Use HPX to sum in parallel.  Assume HPX has already been initialized.\n   Example:\n\n   input: x=[3, 4, 0, 2, 3], y=[2, 5, 3, 1, 7]\n   output: 10\n*/\ndouble sumOfMinimumElements(std::vector<double> const& x, std::vector<double> const& y) {",29_reduce_sum_of_min_of_pairs,reduce,cpp,hpx,0.2,0.95,True,2048,False,"double sumOfMinimumElements(std::vector<double> const& x, std::vector<double> const& y) {\n    std::size_t n = std::min(x.size(), y.size());\n    return hpx::transform_reduce(\n        hpx::execution::par,\n        x.begin(), x.begin() + n,\n        y.begin(),\n        0.0,\n        [](double a, double b) { return a + b; },\n        [](double a, double b) { return std::min(a, b); }\n    );\n}",False,True,,2,N/A,,,,,13.564971685409546
"#include <hpx/hpx_main.hpp>\n\n/* Return the sum of the minimum value at each index of vectors x and y for all indices.\n   i.e. sum = min(x_0, y_0) + min(x_1, y_1) + min(x_2, y_2) + ...\n   Use HPX to sum in parallel.  Assume HPX has already been initialized.\n   Example:\n\n   input: x=[3, 4, 0, 2, 3], y=[2, 5, 3, 1, 7]\n   output: 10\n*/\ndouble sumOfMinimumElements(std::vector<double> const& x, std::vector<double> const& y) {",29_reduce_sum_of_min_of_pairs,reduce,cpp,hpx,0.2,0.95,True,2048,False,"double sumOfMinimumElements(std::vector<double> const& x, std::vector<double> const& y) {\n    std::size_t n = std::min(x.size(), y.size());\n    auto first = hpx::util::counting_iterator<std::size_t>(0);\n    auto last  = hpx::util::counting_iterator<std::size_t>(n);\n\n    return hpx::transform_reduce(\n        hpx::execution::par,\n        first, last,\n        0.0,\n        std::plus<double>(),\n        [&](std::size_t i) { return std::min(x[i], y[i]); }\n    );\n}",False,True,,3,N/A,,,,,10.751981735229492
"#include <hpx/hpx_main.hpp>\n\n/* Return the sum of the minimum value at each index of vectors x and y for all indices.\n   i.e. sum = min(x_0, y_0) + min(x_1, y_1) + min(x_2, y_2) + ...\n   Use HPX to sum in parallel.  Assume HPX has already been initialized.\n   Example:\n\n   input: x=[3, 4, 0, 2, 3], y=[2, 5, 3, 1, 7]\n   output: 10\n*/\ndouble sumOfMinimumElements(std::vector<double> const& x, std::vector<double> const& y) {",29_reduce_sum_of_min_of_pairs,reduce,cpp,hpx,0.2,0.95,True,2048,False,"double sumOfMinimumElements(std::vector<double> const& x, std::vector<double> const& y) {\n    if (x.size() != y.size()) throw std::invalid_argument(""Vectors must have the same length"");\n    return hpx::transform_reduce(\n        hpx::execution::par_unseq,\n        x.begin(), x.end(), y.begin(),\n        0.0,\n        [](double a, double b) { return a + b; },\n        [](double a, double b) { return a < b ? a : b; }\n    );\n}",False,True,,4,N/A,,,,,11.764107942581177
"#include <hpx/hpx_main.hpp>\n\n/* Return the sum of the minimum value at each index of vectors x and y for all indices.\n   i.e. sum = min(x_0, y_0) + min(x_1, y_1) + min(x_2, y_2) + ...\n   Use HPX to sum in parallel.  Assume HPX has already been initialized.\n   Example:\n\n   input: x=[3, 4, 0, 2, 3], y=[2, 5, 3, 1, 7]\n   output: 10\n*/\ndouble sumOfMinimumElements(std::vector<double> const& x, std::vector<double> const& y) {",29_reduce_sum_of_min_of_pairs,reduce,cpp,hpx,0.2,0.95,True,2048,False,"double sumOfMinimumElements(std::vector<double> const& x, std::vector<double> const& y) {\n    if (x.size() != y.size())\n        throw std::invalid_argument(""x and y must have the same length"");\n\n    return hpx::transform_reduce(\n        hpx::execution::par,\n        x.begin(), x.end(), y.begin(),\n        0.0,\n        std::plus<double>{},\n        [](double a, double b) { return std::min(a, b); }\n    );\n}",False,True,,5,N/A,,,,,10.271988868713379
"#include <hpx/hpx_main.hpp>\n\n/* Return the sum of the minimum value at each index of vectors x and y for all indices.\n   i.e. sum = min(x_0, y_0) + min(x_1, y_1) + min(x_2, y_2) + ...\n   Use HPX to sum in parallel.  Assume HPX has already been initialized.\n   Example:\n\n   input: x=[3, 4, 0, 2, 3], y=[2, 5, 3, 1, 7]\n   output: 10\n*/\ndouble sumOfMinimumElements(std::vector<double> const& x, std::vector<double> const& y) {",29_reduce_sum_of_min_of_pairs,reduce,cpp,hpx,0.2,0.95,True,2048,False,"double sumOfMinimumElements(std::vector<double> const& x, std::vector<double> const& y) {\n    std::size_t n = std::min(x.size(), y.size());\n    return hpx::transform_reduce(\n        hpx::execution::par,\n        hpx::make_counting_iterator<std::size_t>(0),\n        hpx::make_counting_iterator<std::size_t>(n),\n        0.0,\n        std::plus<double>{},\n        [&x, &y](std::size_t i) { return std::min(x[i], y[i]); });\n}",False,True,,6,N/A,,,,,10.900850772857666
"#include <hpx/hpx_main.hpp>\n\n/* Return the sum of the minimum value at each index of vectors x and y for all indices.\n   i.e. sum = min(x_0, y_0) + min(x_1, y_1) + min(x_2, y_2) + ...\n   Use HPX to sum in parallel.  Assume HPX has already been initialized.\n   Example:\n\n   input: x=[3, 4, 0, 2, 3], y=[2, 5, 3, 1, 7]\n   output: 10\n*/\ndouble sumOfMinimumElements(std::vector<double> const& x, std::vector<double> const& y) {",29_reduce_sum_of_min_of_pairs,reduce,cpp,hpx,0.2,0.95,True,2048,False,"double sumOfMinimumElements(std::vector<double> const& x, std::vector<double> const& y) {\n    if (x.size() != y.size())\n        throw std::invalid_argument(""x and y must have same size"");\n\n    return hpx::transform_reduce(\n        hpx::execution::par, x.begin(), x.end(), y.begin(), 0.0,\n        std::plus<double>{},\n        [](double a, double b) { return (a < b) ? a : b; });\n}",False,True,,7,N/A,,,,,8.261506795883179
"#include <hpx/hpx_main.hpp>\n\n/* Return the sum of the minimum value at each index of vectors x and y for all indices.\n   i.e. sum = min(x_0, y_0) + min(x_1, y_1) + min(x_2, y_2) + ...\n   Use HPX to sum in parallel.  Assume HPX has already been initialized.\n   Example:\n\n   input: x=[3, 4, 0, 2, 3], y=[2, 5, 3, 1, 7]\n   output: 10\n*/\ndouble sumOfMinimumElements(std::vector<double> const& x, std::vector<double> const& y) {",29_reduce_sum_of_min_of_pairs,reduce,cpp,hpx,0.2,0.95,True,2048,False,"double sumOfMinimumElements(std::vector<double> const& x, std::vector<double> const& y) {\n    assert(x.size() == y.size());\n    std::size_t n = x.size();\n\n    return hpx::transform_reduce(\n        hpx::execution::par,\n        hpx::util::counting_iterator<std::size_t>(0),\n        hpx::util::counting_iterator<std::size_t>(n),\n        0.0,\n        std::plus<double>(),\n        [&x, &y](std::size_t i) { return std::min(x[i], y[i]); });\n}",False,True,,8,N/A,,,,,13.34339165687561
"#include <hpx/hpx_main.hpp>\n\n/* Return the sum of the minimum value at each index of vectors x and y for all indices.\n   i.e. sum = min(x_0, y_0) + min(x_1, y_1) + min(x_2, y_2) + ...\n   Use HPX to sum in parallel.  Assume HPX has already been initialized.\n   Example:\n\n   input: x=[3, 4, 0, 2, 3], y=[2, 5, 3, 1, 7]\n   output: 10\n*/\ndouble sumOfMinimumElements(std::vector<double> const& x, std::vector<double> const& y) {",29_reduce_sum_of_min_of_pairs,reduce,cpp,hpx,0.2,0.95,True,2048,False,"double sumOfMinimumElements(std::vector<double> const& x, std::vector<double> const& y) {\n    if (x.size() != y.size())\n        throw std::invalid_argument(""x and y must have the same length"");\n\n    return hpx::transform_reduce(\n        hpx::execution::par,\n        x.begin(), x.end(),\n        y.begin(),\n        0.0,\n        std::plus<double>{},\n        [](double a, double b) { return (a < b) ? a : b; }\n    );\n}",False,True,,9,N/A,,,,,9.830266237258911
"#include <hpx/hpx_main.hpp>\n\n/* Return the sum of the minimum value at each index of vectors x and y for all indices.\n   i.e. sum = min(x_0, y_0) + min(x_1, y_1) + min(x_2, y_2) + ...\n   Use HPX to sum in parallel.  Assume HPX has already been initialized.\n   Example:\n\n   input: x=[3, 4, 0, 2, 3], y=[2, 5, 3, 1, 7]\n   output: 10\n*/\ndouble sumOfMinimumElements(std::vector<double> const& x, std::vector<double> const& y) {",29_reduce_sum_of_min_of_pairs,reduce,cpp,hpx,0.2,0.95,True,2048,False,"double sumOfMinimumElements(std::vector<double> const& x, std::vector<double> const& y) {\n    if (x.size() != y.size())\n        throw std::invalid_argument(""x and y must have the same size"");\n    return hpx::transform_reduce(\n        hpx::execution::par,\n        x.begin(), x.end(), y.begin(),\n        0.0,\n        std::plus<double>{},\n        [](double xi, double yi) { return std::min(xi, yi); }\n    );\n}",False,True,,10,N/A,,,,,8.496354579925537
"#include <hpx/hpx_main.hpp>\n\n/* Return the sum of the minimum value at each index of vectors x and y for all indices.\n   i.e. sum = min(x_0, y_0) + min(x_1, y_1) + min(x_2, y_2) + ...\n   Use HPX to sum in parallel.  Assume HPX has already been initialized.\n   Example:\n\n   input: x=[3, 4, 0, 2, 3], y=[2, 5, 3, 1, 7]\n   output: 10\n*/\ndouble sumOfMinimumElements(std::vector<double> const& x, std::vector<double> const& y) {",29_reduce_sum_of_min_of_pairs,reduce,cpp,hpx,0.2,0.95,True,2048,False,"double sumOfMinimumElements(std::vector<double> const& x, std::vector<double> const& y) {\n    std::size_t n = std::min(x.size(), y.size());\n    return hpx::transform_reduce(\n        hpx::execution::par, x.begin(), x.begin() + n, y.begin(), 0.0,\n        std::plus<>(), [](double a, double b) { return std::min(a, b); });\n}",False,True,,11,N/A,,,,,10.262217283248901
"#include <hpx/hpx_main.hpp>\n\n/* Return the sum of the minimum value at each index of vectors x and y for all indices.\n   i.e. sum = min(x_0, y_0) + min(x_1, y_1) + min(x_2, y_2) + ...\n   Use HPX to sum in parallel.  Assume HPX has already been initialized.\n   Example:\n\n   input: x=[3, 4, 0, 2, 3], y=[2, 5, 3, 1, 7]\n   output: 10\n*/\ndouble sumOfMinimumElements(std::vector<double> const& x, std::vector<double> const& y) {",29_reduce_sum_of_min_of_pairs,reduce,cpp,hpx,0.2,0.95,True,2048,False,"double sumOfMinimumElements(std::vector<double> const& x, std::vector<double> const& y) {\n    std::size_t n = std::min(x.size(), y.size());\n    return hpx::transform_reduce(\n        hpx::execution::par,\n        x.begin(), x.begin() + n,\n        y.begin(),\n        0.0,\n        std::plus<double>{},\n        [](double a, double b) { return std::min(a, b); }\n    );\n}",False,True,,12,N/A,,,,,10.056557655334473
"#include <hpx/hpx_main.hpp>\n\n/* Return the sum of the minimum value at each index of vectors x and y for all indices.\n   i.e. sum = min(x_0, y_0) + min(x_1, y_1) + min(x_2, y_2) + ...\n   Use HPX to sum in parallel.  Assume HPX has already been initialized.\n   Example:\n\n   input: x=[3, 4, 0, 2, 3], y=[2, 5, 3, 1, 7]\n   output: 10\n*/\ndouble sumOfMinimumElements(std::vector<double> const& x, std::vector<double> const& y) {",29_reduce_sum_of_min_of_pairs,reduce,cpp,hpx,0.2,0.95,True,2048,False,"double sumOfMinimumElements(std::vector<double> const& x, std::vector<double> const& y) {\n    using hpx::execution::par;\n    auto n = std::min(x.size(), y.size());\n    return hpx::transform_reduce(par,\n        x.begin(), x.begin() + n, y.begin(),\n        0.0, std::plus<double>{},\n        [](double a, double b) { return std::min(a, b); });\n}",False,True,,13,N/A,,,,,12.338024616241455
"#include <hpx/hpx_main.hpp>\n\n/* Return the sum of the minimum value at each index of vectors x and y for all indices.\n   i.e. sum = min(x_0, y_0) + min(x_1, y_1) + min(x_2, y_2) + ...\n   Use HPX to sum in parallel.  Assume HPX has already been initialized.\n   Example:\n\n   input: x=[3, 4, 0, 2, 3], y=[2, 5, 3, 1, 7]\n   output: 10\n*/\ndouble sumOfMinimumElements(std::vector<double> const& x, std::vector<double> const& y) {",29_reduce_sum_of_min_of_pairs,reduce,cpp,hpx,0.2,0.95,True,2048,False,"double sumOfMinimumElements(std::vector<double> const& x, std::vector<double> const& y) {\n    std::size_t n = std::min(x.size(), y.size());\n    return hpx::transform_reduce(\n        hpx::execution::par,\n        hpx::counting_iterator<std::size_t>(0),\n        hpx::counting_iterator<std::size_t>(n),\n        0.0,\n        std::plus<double>{},\n        [&](std::size_t i) { return std::min(x[i], y[i]); }\n    );\n}",False,True,,14,N/A,,,,,9.754854440689087
"#include <hpx/hpx_main.hpp>\n\n/* Return the sum of the minimum value at each index of vectors x and y for all indices.\n   i.e. sum = min(x_0, y_0) + min(x_1, y_1) + min(x_2, y_2) + ...\n   Use HPX to sum in parallel.  Assume HPX has already been initialized.\n   Example:\n\n   input: x=[3, 4, 0, 2, 3], y=[2, 5, 3, 1, 7]\n   output: 10\n*/\ndouble sumOfMinimumElements(std::vector<double> const& x, std::vector<double> const& y) {",29_reduce_sum_of_min_of_pairs,reduce,cpp,hpx,0.2,0.95,True,2048,False,"double sumOfMinimumElements(std::vector<double> const& x, std::vector<double> const& y) {\n    if (x.size() != y.size())\n        throw std::invalid_argument(""x and y must have the same size"");\n\n    auto first = hpx::make_zip_iterator(x.begin(), y.begin());\n    auto last  = hpx::make_zip_iterator(x.end(),   y.end());\n\n    return hpx::transform_reduce(\n        hpx::execution::par, first, last, 0.0, std::plus<double>{},\n        [](auto const& t) { return std::min(hpx::get<0>(t), hpx::get<1>(t)); }\n    );\n}",False,True,,15,N/A,,,,,15.89488673210144
"#include <hpx/hpx_main.hpp>\n\n/* Return the sum of the minimum value at each index of vectors x and y for all indices.\n   i.e. sum = min(x_0, y_0) + min(x_1, y_1) + min(x_2, y_2) + ...\n   Use HPX to sum in parallel.  Assume HPX has already been initialized.\n   Example:\n\n   input: x=[3, 4, 0, 2, 3], y=[2, 5, 3, 1, 7]\n   output: 10\n*/\ndouble sumOfMinimumElements(std::vector<double> const& x, std::vector<double> const& y) {",29_reduce_sum_of_min_of_pairs,reduce,cpp,hpx,0.2,0.95,True,2048,False,"double sumOfMinimumElements(std::vector<double> const& x, std::vector<double> const& y) {\n    std::size_t n = std::min(x.size(), y.size());\n    return hpx::transform_reduce(\n        hpx::execution::par,\n        x.begin(), x.begin() + static_cast<std::ptrdiff_t>(n),\n        y.begin(),\n        0.0,\n        std::plus<double>{},\n        [](double a, double b) { return std::min(a, b); }\n    );\n}",False,True,,16,N/A,,,,,12.48488450050354
"#include <hpx/hpx_main.hpp>\n\n/* Return the sum of the minimum value at each index of vectors x and y for all indices.\n   i.e. sum = min(x_0, y_0) + min(x_1, y_1) + min(x_2, y_2) + ...\n   Use HPX to sum in parallel.  Assume HPX has already been initialized.\n   Example:\n\n   input: x=[3, 4, 0, 2, 3], y=[2, 5, 3, 1, 7]\n   output: 10\n*/\ndouble sumOfMinimumElements(std::vector<double> const& x, std::vector<double> const& y) {",29_reduce_sum_of_min_of_pairs,reduce,cpp,hpx,0.2,0.95,True,2048,False,,False,False,,17,N/A,,,,,19.09506893157959
"#include <hpx/hpx_main.hpp>\n\n/* Return the sum of the minimum value at each index of vectors x and y for all indices.\n   i.e. sum = min(x_0, y_0) + min(x_1, y_1) + min(x_2, y_2) + ...\n   Use HPX to sum in parallel.  Assume HPX has already been initialized.\n   Example:\n\n   input: x=[3, 4, 0, 2, 3], y=[2, 5, 3, 1, 7]\n   output: 10\n*/\ndouble sumOfMinimumElements(std::vector<double> const& x, std::vector<double> const& y) {",29_reduce_sum_of_min_of_pairs,reduce,cpp,hpx,0.2,0.95,True,2048,False,"double sumOfMinimumElements(std::vector<double> const& x,",False,False,,18,N/A,,,,,24.29348111152649
"#include <hpx/hpx_main.hpp>\n\n/* Return the sum of the minimum value at each index of vectors x and y for all indices.\n   i.e. sum = min(x_0, y_0) + min(x_1, y_1) + min(x_2, y_2) + ...\n   Use HPX to sum in parallel.  Assume HPX has already been initialized.\n   Example:\n\n   input: x=[3, 4, 0, 2, 3], y=[2, 5, 3, 1, 7]\n   output: 10\n*/\ndouble sumOfMinimumElements(std::vector<double> const& x, std::vector<double> const& y) {",29_reduce_sum_of_min_of_pairs,reduce,cpp,hpx,0.2,0.95,True,2048,False,"double sumOfMinimumElements(std::vector<double> const& x, std::vector<double> const& y) {\n    std::size_t n = std::min(x.size(), y.size());\n    return hpx::transform_reduce(\n        hpx::execution::par,\n        x.begin(), x.begin() + n,\n        y.begin(),\n        0.0,\n        std::plus<double>{},\n        [](double a, double b) { return std::min(a, b); });\n}",False,True,,19,N/A,,,,,14.912251234054565
"#include <hpx/hpx_main.hpp>\n\n/* Return the sum of the minimum value at each index of vectors x and y for all indices.\n   i.e. sum = min(x_0, y_0) + min(x_1, y_1) + min(x_2, y_2) + ...\n   Use HPX to sum in parallel.  Assume HPX has already been initialized.\n   Example:\n\n   input: x=[3, 4, 0, 2, 3], y=[2, 5, 3, 1, 7]\n   output: 10\n*/\ndouble sumOfMinimumElements(std::vector<double> const& x, std::vector<double> const& y) {",29_reduce_sum_of_min_of_pairs,reduce,cpp,hpx,0.2,0.95,True,2048,False,"double sumOfMinimumElements(std::vector<double> const& x, std::vector<double> const& y) {\n    return hpx::transform_reduce(\n        hpx::execution::par, x.begin(), x.end(), y.begin(),\n        0.0,\n        [](double a, double b) { return a + b; },\n        [](double a, double b) { return a < b ? a : b; }\n    );\n}",False,True,,20,N/A,,,,,14.452775716781616
"#include <hpx/hpx_main.hpp>\n\n/* Return the sum of the minimum value at each index of vectors x and y for all indices.\n   i.e. sum = min(x_0, y_0) + min(x_1, y_1) + min(x_2, y_2) + ...\n   Use HPX to sum in parallel.  Assume HPX has already been initialized.\n   Example:\n\n   input: x=[3, 4, 0, 2, 3], y=[2, 5, 3, 1, 7]\n   output: 10\n*/\ndouble sumOfMinimumElements(std::vector<double> const& x, std::vector<double> const& y) {",29_reduce_sum_of_min_of_pairs,reduce,cpp,hpx,0.2,0.95,True,2048,False,"double sumOfMinimumElements(std::vector<double> const& x, std::vector<double> const& y) {\n    const std::size_t n = std::min(x.size(), y.size());\n    return hpx::transform_reduce(\n        hpx::execution::par,\n        x.begin(), x.begin() + n, y.begin(),\n        0.0,\n        std::plus<double>{},\n        [](double xi, double yi) { return std::min(xi, yi); }\n    );\n}",False,True,,21,N/A,,,,,8.934795618057251
"#include <hpx/hpx_main.hpp>\n\n/* Return the sum of the minimum value at each index of vectors x and y for all indices.\n   i.e. sum = min(x_0, y_0) + min(x_1, y_1) + min(x_2, y_2) + ...\n   Use HPX to sum in parallel.  Assume HPX has already been initialized.\n   Example:\n\n   input: x=[3, 4, 0, 2, 3], y=[2, 5, 3, 1, 7]\n   output: 10\n*/\ndouble sumOfMinimumElements(std::vector<double> const& x, std::vector<double> const& y) {",29_reduce_sum_of_min_of_pairs,reduce,cpp,hpx,0.2,0.95,True,2048,False,"double sumOfMinimumElements(std::vector<double> const& x, std::vector<double> const& y) {\n    std::size_t n = std::min(x.size(), y.size());\n    auto first = hpx::util::counting_iterator<std::size_t>(0);\n    auto last  = first + n;\n\n    return hpx::transform_reduce(\n        hpx::execution::par, first, last, 0.0, std::plus<double>{},\n        [&](std::size_t i) { return std::min(x[i], y[i]); }\n    );\n}",False,True,,22,N/A,,,,,12.460184812545776
"#include <hpx/hpx_main.hpp>\n\n/* Return the sum of the minimum value at each index of vectors x and y for all indices.\n   i.e. sum = min(x_0, y_0) + min(x_1, y_1) + min(x_2, y_2) + ...\n   Use HPX to sum in parallel.  Assume HPX has already been initialized.\n   Example:\n\n   input: x=[3, 4, 0, 2, 3], y=[2, 5, 3, 1, 7]\n   output: 10\n*/\ndouble sumOfMinimumElements(std::vector<double> const& x, std::vector<double> const& y) {",29_reduce_sum_of_min_of_pairs,reduce,cpp,hpx,0.2,0.95,True,2048,False,"double sumOfMinimumElements(std::vector<double> const& x, std::vector<double> const& y) {\n    if (x.size() != y.size())\n        throw std::invalid_argument(""x and y must have the same size"");\n\n    return hpx::transform_reduce(\n        hpx::execution::par,\n        x.begin(), x.end(), y.begin(),\n        0.0, std::plus<double>{},\n        [](double a, double b) { return std::min(a, b); });\n}",False,True,,23,N/A,,,,,12.649253606796265
"#include <hpx/hpx_main.hpp>\n\n/* Return the sum of the minimum value at each index of vectors x and y for all indices.\n   i.e. sum = min(x_0, y_0) + min(x_1, y_1) + min(x_2, y_2) + ...\n   Use HPX to sum in parallel.  Assume HPX has already been initialized.\n   Example:\n\n   input: x=[3, 4, 0, 2, 3], y=[2, 5, 3, 1, 7]\n   output: 10\n*/\ndouble sumOfMinimumElements(std::vector<double> const& x, std::vector<double> const& y) {",29_reduce_sum_of_min_of_pairs,reduce,cpp,hpx,0.2,0.95,True,2048,False,"double sumOfMinimumElements(std::vector<double> const& x, std::vector<double> const& y) {\n    std::size_t n = std::min(x.size(), y.size());\n    return hpx::transform_reduce(\n        hpx::execution::par,\n        x.begin(), x.begin() + n, y.begin(),\n        0.0,\n        std::plus<>(),\n        [](double a, double b) { return std::min(a, b); }\n    );\n}",False,True,,24,N/A,,,,,11.159097909927368
"#include <hpx/hpx_main.hpp>\n\n/* Return the sum of the minimum value at each index of vectors x and y for all indices.\n   i.e. sum = min(x_0, y_0) + min(x_1, y_1) + min(x_2, y_2) + ...\n   Use HPX to sum in parallel.  Assume HPX has already been initialized.\n   Example:\n\n   input: x=[3, 4, 0, 2, 3], y=[2, 5, 3, 1, 7]\n   output: 10\n*/\ndouble sumOfMinimumElements(std::vector<double> const& x, std::vector<double> const& y) {",29_reduce_sum_of_min_of_pairs,reduce,cpp,hpx,0.2,0.95,True,2048,False,"double sumOfMinimumElements(std::vector<double> const& x, std::vector<double> const& y) {\n    if (x.size() != y.size())\n        throw std::invalid_argument(""x and y must have the same size"");\n\n    return hpx::transform_reduce(\n        hpx::execution::par,\n        x.begin(), x.end(), y.begin(),\n        0.0,\n        std::plus<double>(),\n        [](double a, double b) { return std::min(a, b); }\n    );\n}",False,True,,25,N/A,,,,,8.160540580749512
"#include <hpx/hpx_main.hpp>\n\n/* Return the sum of the minimum value at each index of vectors x and y for all indices.\n   i.e. sum = min(x_0, y_0) + min(x_1, y_1) + min(x_2, y_2) + ...\n   Use HPX to sum in parallel.  Assume HPX has already been initialized.\n   Example:\n\n   input: x=[3, 4, 0, 2, 3], y=[2, 5, 3, 1, 7]\n   output: 10\n*/\ndouble sumOfMinimumElements(std::vector<double> const& x, std::vector<double> const& y) {",29_reduce_sum_of_min_of_pairs,reduce,cpp,hpx,0.2,0.95,True,2048,False,"double sumOfMinimumElements(std::vector<double> const& x, std::vector<double> const& y) {\n    std::size_t n = std::min(x.size(), y.size());\n    return hpx::transform_reduce(\n        hpx::execution::par,\n        x.begin(), x.begin() + n, y.begin(),\n        0.0,\n        std::plus<double>{},\n        [](double a, double b) { return std::min(a, b); }\n    );\n}",False,True,,26,N/A,,,,,13.398446321487427
"#include <hpx/hpx_main.hpp>\n\n/* Return the sum of the minimum value at each index of vectors x and y for all indices.\n   i.e. sum = min(x_0, y_0) + min(x_1, y_1) + min(x_2, y_2) + ...\n   Use HPX to sum in parallel.  Assume HPX has already been initialized.\n   Example:\n\n   input: x=[3, 4, 0, 2, 3], y=[2, 5, 3, 1, 7]\n   output: 10\n*/\ndouble sumOfMinimumElements(std::vector<double> const& x, std::vector<double> const& y) {",29_reduce_sum_of_min_of_pairs,reduce,cpp,hpx,0.2,0.95,True,2048,False,"double sumOfMinimumElements(std::vector<double> const& x, std::vector<double> const& y) {\n    if (x.size() != y.size())\n        throw std::invalid_argument(""x and y must have the same size"");\n\n    auto n = x.size();\n    auto first = hpx::util::counting_iterator<std::size_t>(0);\n    auto last  = hpx::util::counting_iterator<std::size_t>(n);\n\n    return hpx::transform_reduce(\n        hpx::execution::par, first, last, 0.0,\n        std::plus<double>{},\n        [&x, &y](std::size_t i) noexcept {\n            double xi = x[i], yi = y[i];\n            return xi < yi ? xi : yi;\n        });\n}",False,True,,27,N/A,,,,,12.553773403167725
"#include <hpx/hpx_main.hpp>\n\n/* Return the sum of the minimum value at each index of vectors x and y for all indices.\n   i.e. sum = min(x_0, y_0) + min(x_1, y_1) + min(x_2, y_2) + ...\n   Use HPX to sum in parallel.  Assume HPX has already been initialized.\n   Example:\n\n   input: x=[3, 4, 0, 2, 3], y=[2, 5, 3, 1, 7]\n   output: 10\n*/\ndouble sumOfMinimumElements(std::vector<double> const& x, std::vector<double> const& y) {",29_reduce_sum_of_min_of_pairs,reduce,cpp,hpx,0.2,0.95,True,2048,False,"double sumOfMinimumElements(std::vector<double> const& x, std::vector<double> const& y) {\n    assert(x.size() == y.size());\n    return hpx::transform_reduce(\n        hpx::execution::par,\n        x.begin(), x.end(), y.begin(),\n        0.0,\n        std::plus<double>{},\n        [](double a, double b) { return std::min(a, b); }\n    );\n}",False,True,,28,N/A,,,,,6.523343324661255
"#include <hpx/hpx_main.hpp>\n\n/* Return the sum of the minimum value at each index of vectors x and y for all indices.\n   i.e. sum = min(x_0, y_0) + min(x_1, y_1) + min(x_2, y_2) + ...\n   Use HPX to sum in parallel.  Assume HPX has already been initialized.\n   Example:\n\n   input: x=[3, 4, 0, 2, 3], y=[2, 5, 3, 1, 7]\n   output: 10\n*/\ndouble sumOfMinimumElements(std::vector<double> const& x, std::vector<double> const& y) {",29_reduce_sum_of_min_of_pairs,reduce,cpp,hpx,0.2,0.95,True,2048,False,"double sumOfMinimumElements(std::vector<double> const& x, std::vector<double> const& y) {\n    auto n = std::min(x.size(), y.size());\n    return hpx::transform_reduce(\n        hpx::execution::par,\n        x.begin(), x.begin() + n, y.begin(),\n        0.0, std::plus<double>{},\n        [](double a, double b) { return a < b ? a : b; }\n    );\n}",False,True,,29,N/A,,,,,10.343998670578003
"#include <hpx/hpx_main.hpp>\n\n/* Return the sum of the minimum value at each index of vectors x and y for all indices.\n   i.e. sum = min(x_0, y_0) + min(x_1, y_1) + min(x_2, y_2) + ...\n   Use HPX to sum in parallel.  Assume HPX has already been initialized.\n   Example:\n\n   input: x=[3, 4, 0, 2, 3], y=[2, 5, 3, 1, 7]\n   output: 10\n*/\ndouble sumOfMinimumElements(std::vector<double> const& x, std::vector<double> const& y) {",29_reduce_sum_of_min_of_pairs,reduce,cpp,hpx,0.2,0.95,True,2048,False,"double sumOfMinimumElements(std::vector<double> const& x, std::vector<double> const& y) {\n    std::size_t n = std::min(x.size(), y.size());\n    return hpx::transform_reduce(\n        hpx::execution::par,\n        x.begin(), x.begin() + n, y.begin(),\n        0.0,\n        std::plus<>(),\n        [](double a, double b) { return (std::min)(a, b); }\n    );\n}",False,True,,30,N/A,,,,,11.504011631011963
"#include <hpx/hpx_main.hpp>\n\n/* Return the sum of the minimum value at each index of vectors x and y for all indices.\n   i.e. sum = min(x_0, y_0) + min(x_1, y_1) + min(x_2, y_2) + ...\n   Use HPX to sum in parallel.  Assume HPX has already been initialized.\n   Example:\n\n   input: x=[3, 4, 0, 2, 3], y=[2, 5, 3, 1, 7]\n   output: 10\n*/\ndouble sumOfMinimumElements(std::vector<double> const& x, std::vector<double> const& y) {",29_reduce_sum_of_min_of_pairs,reduce,cpp,hpx,0.2,0.95,True,2048,False,"double sumOfMinimumElements(std::vector<double> const& x, std::vector<double> const& y) {\n    if (x.size() != y.size())\n        throw std::invalid_argument(""x and y must have the same size"");\n\n    return hpx::transform_reduce(\n        hpx::execution::par,\n        x.begin(), x.end(), y.begin(),\n        0.0,\n        std::plus<>(),\n        [](double a, double b) { return std::min(a, b); }\n    );\n}",False,True,,31,N/A,,,,,8.62847375869751
"#include <hpx/hpx_main.hpp>\n\n/* Return the sum of the minimum value at each index of vectors x and y for all indices.\n   i.e. sum = min(x_0, y_0) + min(x_1, y_1) + min(x_2, y_2) + ...\n   Use HPX to sum in parallel.  Assume HPX has already been initialized.\n   Example:\n\n   input: x=[3, 4, 0, 2, 3], y=[2, 5, 3, 1, 7]\n   output: 10\n*/\ndouble sumOfMinimumElements(std::vector<double> const& x, std::vector<double> const& y) {",29_reduce_sum_of_min_of_pairs,reduce,cpp,hpx,0.2,0.95,True,2048,False,"double sumOfMinimumElements(std::vector<double> const& x, std::vector<double> const& y) {\n    if (x.size() != y.size()) {\n        throw std::invalid_argument(""x and y must have the same size"");\n    }\n\n    return hpx::transform_reduce(\n        hpx::execution::par,\n        x.begin(), x.end(), y.begin(),\n        0.0,\n        std::plus<double>{},\n        [](double a, double b) { return std::min(a, b); }\n    );\n}",False,True,,32,N/A,,,,,10.679549217224121
"#include <hpx/hpx_main.hpp>\n\n/* Return the sum of the minimum value at each index of vectors x and y for all indices.\n   i.e. sum = min(x_0, y_0) + min(x_1, y_1) + min(x_2, y_2) + ...\n   Use HPX to sum in parallel.  Assume HPX has already been initialized.\n   Example:\n\n   input: x=[3, 4, 0, 2, 3], y=[2, 5, 3, 1, 7]\n   output: 10\n*/\ndouble sumOfMinimumElements(std::vector<double> const& x, std::vector<double> const& y) {",29_reduce_sum_of_min_of_pairs,reduce,cpp,hpx,0.2,0.95,True,2048,False,,False,False,,33,N/A,,,,,14.667616367340088
"#include <hpx/hpx_main.hpp>\n\n/* Return the sum of the minimum value at each index of vectors x and y for all indices.\n   i.e. sum = min(x_0, y_0) + min(x_1, y_1) + min(x_2, y_2) + ...\n   Use HPX to sum in parallel.  Assume HPX has already been initialized.\n   Example:\n\n   input: x=[3, 4, 0, 2, 3], y=[2, 5, 3, 1, 7]\n   output: 10\n*/\ndouble sumOfMinimumElements(std::vector<double> const& x, std::vector<double> const& y) {",29_reduce_sum_of_min_of_pairs,reduce,cpp,hpx,0.2,0.95,True,2048,False,"double sumOfMinimumElements(std::vector<double> const& x, std::vector<double> const& y) {\n    auto n = std::min(x.size(), y.size());\n    return hpx::transform_reduce(\n        hpx::execution::par,\n        x.begin(), x.begin() + n, y.begin(),\n        0.0,\n        std::plus<double>{},\n        [](double a, double b) { return std::min(a, b); });\n}",False,True,,34,N/A,,,,,11.491972923278809
"#include <hpx/hpx_main.hpp>\n\n/* Return the sum of the minimum value at each index of vectors x and y for all indices.\n   i.e. sum = min(x_0, y_0) + min(x_1, y_1) + min(x_2, y_2) + ...\n   Use HPX to sum in parallel.  Assume HPX has already been initialized.\n   Example:\n\n   input: x=[3, 4, 0, 2, 3], y=[2, 5, 3, 1, 7]\n   output: 10\n*/\ndouble sumOfMinimumElements(std::vector<double> const& x, std::vector<double> const& y) {",29_reduce_sum_of_min_of_pairs,reduce,cpp,hpx,0.2,0.95,True,2048,False,"double sumOfMinimumElements(std::vector<double> const& x, std::vector<double> const& y) {\n    assert(x.size() == y.size());\n    return hpx::transform_reduce(\n        hpx::execution::par,\n        x.begin(), x.end(), y.begin(),\n        0.0, std::plus<>(),\n        [](double a, double b) { return std::min(a, b); });\n}",False,True,,35,N/A,,,,,9.873973369598389
"#include <hpx/hpx_main.hpp>\n\n/* Return the sum of the minimum value at each index of vectors x and y for all indices.\n   i.e. sum = min(x_0, y_0) + min(x_1, y_1) + min(x_2, y_2) + ...\n   Use HPX to sum in parallel.  Assume HPX has already been initialized.\n   Example:\n\n   input: x=[3, 4, 0, 2, 3], y=[2, 5, 3, 1, 7]\n   output: 10\n*/\ndouble sumOfMinimumElements(std::vector<double> const& x, std::vector<double> const& y) {",29_reduce_sum_of_min_of_pairs,reduce,cpp,hpx,0.2,0.95,True,2048,False,"double sumOfMinimumElements(std::vector<double> const& x, std::vector<double> const& y) {\n    if (x.size() != y.size())\n        throw std::invalid_argument(""vectors must have the same size"");\n\n    return hpx::transform_reduce(\n        hpx::execution::par,\n        x.begin(), x.end(), y.begin(),\n        0.0,\n        std::plus<>(),\n        [](double a, double b) { return std::min(a, b); }\n    );\n}",False,True,,36,N/A,,,,,11.142280101776123
"#include <hpx/hpx_main.hpp>\n\n/* Return the sum of the minimum value at each index of vectors x and y for all indices.\n   i.e. sum = min(x_0, y_0) + min(x_1, y_1) + min(x_2, y_2) + ...\n   Use HPX to sum in parallel.  Assume HPX has already been initialized.\n   Example:\n\n   input: x=[3, 4, 0, 2, 3], y=[2, 5, 3, 1, 7]\n   output: 10\n*/\ndouble sumOfMinimumElements(std::vector<double> const& x, std::vector<double> const& y) {",29_reduce_sum_of_min_of_pairs,reduce,cpp,hpx,0.2,0.95,True,2048,False,"double sumOfMinimumElements(std::vector<double> const& x, std::vector<double> const& y) {\n    if (x.size() != y.size())\n        throw std::invalid_argument(""Vectors must have the same size"");\n    return hpx::transform_reduce(\n        hpx::execution::par,\n        x.begin(), x.end(),\n        y.begin(),\n        0.0,\n        std::plus<>{},\n        [](double a, double b) { return std::min(a, b); }\n    );\n}",False,True,,37,N/A,,,,,10.070952653884888
"#include <hpx/hpx_main.hpp>\n\n/* Return the sum of the minimum value at each index of vectors x and y for all indices.\n   i.e. sum = min(x_0, y_0) + min(x_1, y_1) + min(x_2, y_2) + ...\n   Use HPX to sum in parallel.  Assume HPX has already been initialized.\n   Example:\n\n   input: x=[3, 4, 0, 2, 3], y=[2, 5, 3, 1, 7]\n   output: 10\n*/\ndouble sumOfMinimumElements(std::vector<double> const& x, std::vector<double> const& y) {",29_reduce_sum_of_min_of_pairs,reduce,cpp,hpx,0.2,0.95,True,2048,False,"double sumOfMinimumElements(std::vector<double> const& x, std::vector<double> const& y) {\n    std::size_t n = std::min(x.size(), y.size());\n    return hpx::transform_reduce(\n        hpx::execution::par,\n        x.begin(), x.begin() + n, y.begin(),\n        0.0,\n        std::plus<double>{},\n        [](double a, double b) { return std::min(a, b); }\n    );\n}",False,True,,38,N/A,,,,,10.131237030029297
"#include <hpx/hpx_main.hpp>\n\n/* Return the sum of the minimum value at each index of vectors x and y for all indices.\n   i.e. sum = min(x_0, y_0) + min(x_1, y_1) + min(x_2, y_2) + ...\n   Use HPX to sum in parallel.  Assume HPX has already been initialized.\n   Example:\n\n   input: x=[3, 4, 0, 2, 3], y=[2, 5, 3, 1, 7]\n   output: 10\n*/\ndouble sumOfMinimumElements(std::vector<double> const& x, std::vector<double> const& y) {",29_reduce_sum_of_min_of_pairs,reduce,cpp,hpx,0.2,0.95,True,2048,False,,False,False,,39,N/A,,,,,14.134310007095337
"#include <hpx/hpx_main.hpp>\n\n/* Return the sum of the minimum value at each index of vectors x and y for all indices.\n   i.e. sum = min(x_0, y_0) + min(x_1, y_1) + min(x_2, y_2) + ...\n   Use HPX to sum in parallel.  Assume HPX has already been initialized.\n   Example:\n\n   input: x=[3, 4, 0, 2, 3], y=[2, 5, 3, 1, 7]\n   output: 10\n*/\ndouble sumOfMinimumElements(std::vector<double> const& x, std::vector<double> const& y) {",29_reduce_sum_of_min_of_pairs,reduce,cpp,hpx,0.2,0.95,True,2048,False,"double sumOfMinimumElements(std::vector<double> const& x, std::vector<double> const& y) {\n    if (x.size() != y.size())\n        throw std::invalid_argument(""x and y must have the same size"");\n\n    auto first = hpx::util::make_counting_iterator<std::size_t>(0);\n    auto last  = first + x.size();\n\n    return hpx::transform_reduce(\n        hpx::execution::par, first, last, 0.0, std::plus<double>{},\n        [&x, &y](std::size_t i) { return std::min(x[i], y[i]); });\n}",False,True,,40,N/A,,,,,11.082468509674072
"#include <hpx/hpx_main.hpp>\n\n/* Return the sum of the minimum value at each index of vectors x and y for all indices.\n   i.e. sum = min(x_0, y_0) + min(x_1, y_1) + min(x_2, y_2) + ...\n   Use HPX to sum in parallel.  Assume HPX has already been initialized.\n   Example:\n\n   input: x=[3, 4, 0, 2, 3], y=[2, 5, 3, 1, 7]\n   output: 10\n*/\ndouble sumOfMinimumElements(std::vector<double> const& x, std::vector<double> const& y) {",29_reduce_sum_of_min_of_pairs,reduce,cpp,hpx,0.2,0.95,True,2048,False,"double sumOfMinimumElements(std::vector<double> const& x, std::vector<double> const& y) {\n    return hpx::transform_reduce(\n        hpx::execution::par, x.begin(), x.end(), y.begin(), 0.0,\n        std::plus<>(), [](double a, double b) { return std::min(a, b); });\n}",False,True,,41,N/A,,,,,9.577001810073853
"#include <hpx/hpx_main.hpp>\n\n/* Return the sum of the minimum value at each index of vectors x and y for all indices.\n   i.e. sum = min(x_0, y_0) + min(x_1, y_1) + min(x_2, y_2) + ...\n   Use HPX to sum in parallel.  Assume HPX has already been initialized.\n   Example:\n\n   input: x=[3, 4, 0, 2, 3], y=[2, 5, 3, 1, 7]\n   output: 10\n*/\ndouble sumOfMinimumElements(std::vector<double> const& x, std::vector<double> const& y) {",29_reduce_sum_of_min_of_pairs,reduce,cpp,hpx,0.2,0.95,True,2048,False,"double sumOfMinimumElements(std::vector<double> const& x, std::vector<double> const& y) {\n    auto n = std::min(x.size(), y.size());\n    return hpx::transform_reduce(\n        hpx::execution::par,\n        x.begin(), x.begin() + n, y.begin(),\n        0.0,\n        std::plus<double>{},\n        [](double a, double b) { return std::min(a, b); });\n}",False,True,,42,N/A,,,,,8.756461143493652
"#include <hpx/hpx_main.hpp>\n\n/* Return the sum of the minimum value at each index of vectors x and y for all indices.\n   i.e. sum = min(x_0, y_0) + min(x_1, y_1) + min(x_2, y_2) + ...\n   Use HPX to sum in parallel.  Assume HPX has already been initialized.\n   Example:\n\n   input: x=[3, 4, 0, 2, 3], y=[2, 5, 3, 1, 7]\n   output: 10\n*/\ndouble sumOfMinimumElements(std::vector<double> const& x, std::vector<double> const& y) {",29_reduce_sum_of_min_of_pairs,reduce,cpp,hpx,0.2,0.95,True,2048,False,"double sumOfMinimumElements(std::vector<double> const& x, std::vector<double> const& y) {\n    if (x.size() != y.size())\n        throw std::invalid_argument(""x and y must have the same size"");\n\n    return hpx::transform_reduce(\n        hpx::execution::par, x.begin(), x.end(), y.begin(), 0.0,\n        std::plus<double>{},\n        [](double a, double b) { return std::min(a, b); });\n}",False,True,,43,N/A,,,,,6.854612112045288
"#include <hpx/hpx_main.hpp>\n\n/* Return the sum of the minimum value at each index of vectors x and y for all indices.\n   i.e. sum = min(x_0, y_0) + min(x_1, y_1) + min(x_2, y_2) + ...\n   Use HPX to sum in parallel.  Assume HPX has already been initialized.\n   Example:\n\n   input: x=[3, 4, 0, 2, 3], y=[2, 5, 3, 1, 7]\n   output: 10\n*/\ndouble sumOfMinimumElements(std::vector<double> const& x, std::vector<double> const& y) {",29_reduce_sum_of_min_of_pairs,reduce,cpp,hpx,0.2,0.95,True,2048,False,"double sumOfMinimumElements(std::vector<double> const& x, std::vector<double> const& y) {\n    if (x.size() != y.size())\n        throw std::invalid_argument(""Vectors must be the same size"");\n    return hpx::transform_reduce(\n        hpx::execution::par_unseq,\n        x.begin(), x.end(), y.begin(),\n        0.0, std::plus<double>{},\n        [](double a, double b) { return std::min(a, b); }\n    );\n}",False,True,,44,N/A,,,,,12.86181378364563
"#include <hpx/hpx_main.hpp>\n\n/* Return the sum of the minimum value at each index of vectors x and y for all indices.\n   i.e. sum = min(x_0, y_0) + min(x_1, y_1) + min(x_2, y_2) + ...\n   Use HPX to sum in parallel.  Assume HPX has already been initialized.\n   Example:\n\n   input: x=[3, 4, 0, 2, 3], y=[2, 5, 3, 1, 7]\n   output: 10\n*/\ndouble sumOfMinimumElements(std::vector<double> const& x, std::vector<double> const& y) {",29_reduce_sum_of_min_of_pairs,reduce,cpp,hpx,0.2,0.95,True,2048,False,"double sumOfMinimumElements(std::vector<double> const& x, std::vector<double> const& y) {\n    std::size_t n = std::min(x.size(), y.size());\n    return hpx::transform_reduce(\n        hpx::execution::par,\n        x.begin(), x.begin() + n,\n        y.begin(),\n        0.0,\n        std::plus<double>{},\n        [](double a, double b) noexcept { return a < b ? a : b; });\n}",False,True,,45,N/A,,,,,9.273674249649048
"#include <hpx/hpx_main.hpp>\n\n/* Return the sum of the minimum value at each index of vectors x and y for all indices.\n   i.e. sum = min(x_0, y_0) + min(x_1, y_1) + min(x_2, y_2) + ...\n   Use HPX to sum in parallel.  Assume HPX has already been initialized.\n   Example:\n\n   input: x=[3, 4, 0, 2, 3], y=[2, 5, 3, 1, 7]\n   output: 10\n*/\ndouble sumOfMinimumElements(std::vector<double> const& x, std::vector<double> const& y) {",29_reduce_sum_of_min_of_pairs,reduce,cpp,hpx,0.2,0.95,True,2048,False,"double sumOfMinimumElements(std::vector<double> const& x, std::vector<double> const& y) {\n    std::size_t n = x.size() < y.size() ? x.size() : y.size();\n    return hpx::transform_reduce(\n        hpx::execution::par,\n        x.begin(), x.begin() + n, y.begin(),\n        0.0,\n        [](double a, double b) { return a + b; },\n        [](double a, double b) { return a < b ? a : b; }\n    );\n}",False,True,,46,N/A,,,,,11.797967672348022
"#include <hpx/hpx_main.hpp>\n\n/* Return the sum of the minimum value at each index of vectors x and y for all indices.\n   i.e. sum = min(x_0, y_0) + min(x_1, y_1) + min(x_2, y_2) + ...\n   Use HPX to sum in parallel.  Assume HPX has already been initialized.\n   Example:\n\n   input: x=[3, 4, 0, 2, 3], y=[2, 5, 3, 1, 7]\n   output: 10\n*/\ndouble sumOfMinimumElements(std::vector<double> const& x, std::vector<double> const& y) {",29_reduce_sum_of_min_of_pairs,reduce,cpp,hpx,0.2,0.95,True,2048,False,"double sumOfMinimumElements(std::vector<double> const& x, std::vector<double> const& y) {\n    if (x.size() != y.size())\n        throw std::invalid_argument(""x and y must have the same size"");\n    return hpx::transform_reduce(\n        hpx::execution::par,\n        x.begin(), x.end(), y.begin(),\n        0.0,\n        std::plus<double>{},\n        [](double a, double b) { return std::min(a, b); }\n    );\n}",False,True,,47,N/A,,,,,10.304164171218872
"#include <hpx/hpx_main.hpp>\n\n/* Return the sum of the minimum value at each index of vectors x and y for all indices.\n   i.e. sum = min(x_0, y_0) + min(x_1, y_1) + min(x_2, y_2) + ...\n   Use HPX to sum in parallel.  Assume HPX has already been initialized.\n   Example:\n\n   input: x=[3, 4, 0, 2, 3], y=[2, 5, 3, 1, 7]\n   output: 10\n*/\ndouble sumOfMinimumElements(std::vector<double> const& x, std::vector<double> const& y) {",29_reduce_sum_of_min_of_pairs,reduce,cpp,hpx,0.2,0.95,True,2048,False,"double sumOfMinimumElements(std::vector<double> const& x, std::vector<double> const& y) {\n    return hpx::transform_reduce(\n        hpx::execution::par,\n        x.begin(), x.end(),\n        y.begin(),\n        0.0,\n        std::plus<>(),\n        [](double a, double b) { return std::min(a, b); }\n    );\n}",False,True,,48,N/A,,,,,7.294764995574951
"#include <hpx/hpx_main.hpp>\n\n/* Return the sum of the minimum value at each index of vectors x and y for all indices.\n   i.e. sum = min(x_0, y_0) + min(x_1, y_1) + min(x_2, y_2) + ...\n   Use HPX to sum in parallel.  Assume HPX has already been initialized.\n   Example:\n\n   input: x=[3, 4, 0, 2, 3], y=[2, 5, 3, 1, 7]\n   output: 10\n*/\ndouble sumOfMinimumElements(std::vector<double> const& x, std::vector<double> const& y) {",29_reduce_sum_of_min_of_pairs,reduce,cpp,hpx,0.2,0.95,True,2048,False,"double sumOfMinimumElements(std::vector<double> const& x, std::vector<double> const& y) {\n    std::size_t n = std::min(x.size(), y.size());\n    return hpx::transform_reduce(\n        hpx::execution::par,\n        x.begin(), x.begin() + n, y.begin(),\n        0.0, std::plus<>(),\n        [](double a, double b) { return std::min(a, b); }\n    );\n}",False,True,,49,N/A,,,,,11.228753805160522
"#include <hpx/hpx_main.hpp>\n\n/* Return the sum of the minimum value at each index of vectors x and y for all indices.\n   i.e. sum = min(x_0, y_0) + min(x_1, y_1) + min(x_2, y_2) + ...\n   Use HPX to sum in parallel.  Assume HPX has already been initialized.\n   Example:\n\n   input: x=[3, 4, 0, 2, 3], y=[2, 5, 3, 1, 7]\n   output: 10\n*/\ndouble sumOfMinimumElements(std::vector<double> const& x, std::vector<double> const& y) {",29_reduce_sum_of_min_of_pairs,reduce,cpp,hpx,0.2,0.95,True,2048,False,"double sumOfMinimumElements(std::vector<double> const& x, std::vector<double> const& y) {\n    const std::size_t n = std::min(x.size(), y.size());\n    return hpx::transform_reduce(\n        hpx::execution::par,\n        x.begin(), x.begin() + n,\n        y.begin(),\n        0.0,\n        std::plus<>(),\n        [](double a, double b) { return std::min(a, b); }\n    );\n}",False,True,,50,N/A,,,,,10.36018419265747
"#include <hpx/hpx_main.hpp>\n\n/* Return the sum of the minimum value at each index of vectors x and y for all indices.\n   i.e. sum = min(x_0, y_0) + min(x_1, y_1) + min(x_2, y_2) + ...\n   Use HPX to sum in parallel.  Assume HPX has already been initialized.\n   Example:\n\n   input: x=[3, 4, 0, 2, 3], y=[2, 5, 3, 1, 7]\n   output: 10\n*/\ndouble sumOfMinimumElements(std::vector<double> const& x, std::vector<double> const& y) {",29_reduce_sum_of_min_of_pairs,reduce,cpp,hpx,0.2,0.95,True,2048,False,,False,False,,51,N/A,,,,,14.432769298553467
"#include <hpx/hpx_main.hpp>\n\n/* Return the sum of the minimum value at each index of vectors x and y for all indices.\n   i.e. sum = min(x_0, y_0) + min(x_1, y_1) + min(x_2, y_2) + ...\n   Use HPX to sum in parallel.  Assume HPX has already been initialized.\n   Example:\n\n   input: x=[3, 4, 0, 2, 3], y=[2, 5, 3, 1, 7]\n   output: 10\n*/\ndouble sumOfMinimumElements(std::vector<double> const& x, std::vector<double> const& y) {",29_reduce_sum_of_min_of_pairs,reduce,cpp,hpx,0.2,0.95,True,2048,False,"double sumOfMinimumElements(std::vector<double> const& x, std::vector<double> const& y) {\n    if (x.size() != y.size()) throw std::invalid_argument(""size mismatch"");\n\n    auto first = hpx::make_zip_iterator(x.begin(), y.begin());\n    auto last  = hpx::make_zip_iterator(x.end(), y.end());\n\n    return hpx::transform_reduce(\n        hpx::execution::par, first, last, 0.0, std::plus<double>{},\n        [](auto const& t) {\n            auto const& a = hpx::get<0>(t);\n            auto const& b = hpx::get<1>(t);\n            return std::min(a, b);\n        });\n}",False,True,,52,N/A,,,,,11.776070594787598
"#include <hpx/hpx_main.hpp>\n\n/* Return the sum of the minimum value at each index of vectors x and y for all indices.\n   i.e. sum = min(x_0, y_0) + min(x_1, y_1) + min(x_2, y_2) + ...\n   Use HPX to sum in parallel.  Assume HPX has already been initialized.\n   Example:\n\n   input: x=[3, 4, 0, 2, 3], y=[2, 5, 3, 1, 7]\n   output: 10\n*/\ndouble sumOfMinimumElements(std::vector<double> const& x, std::vector<double> const& y) {",29_reduce_sum_of_min_of_pairs,reduce,cpp,hpx,0.2,0.95,True,2048,False,"double sumOfMinimumElements(std::vector<double> const& x, std::vector<double> const& y) {\n    const std::size_t n = std::min(x.size(), y.size());\n    return hpx::transform_reduce(\n        hpx::execution::par,\n        x.begin(), x.begin() + n, y.begin(),\n        0.0, std::plus<double>{},\n        [](double a, double b) noexcept { return a < b ? a : b; });\n}",False,True,,53,N/A,,,,,10.804300785064697
"#include <hpx/hpx_main.hpp>\n\n/* Return the sum of the minimum value at each index of vectors x and y for all indices.\n   i.e. sum = min(x_0, y_0) + min(x_1, y_1) + min(x_2, y_2) + ...\n   Use HPX to sum in parallel.  Assume HPX has already been initialized.\n   Example:\n\n   input: x=[3, 4, 0, 2, 3], y=[2, 5, 3, 1, 7]\n   output: 10\n*/\ndouble sumOfMinimumElements(std::vector<double> const& x, std::vector<double> const& y) {",29_reduce_sum_of_min_of_pairs,reduce,cpp,hpx,0.2,0.95,True,2048,False,"double sumOfMinimumElements(std::vector<double> const& x, std::vector<double> const& y) {\n    const std::size_t n = std::min(x.size(), y.size());\n    return hpx::transform_reduce(\n        hpx::execution::par,\n        x.begin(), x.begin() + n, y.begin(),\n        0.0,\n        std::plus<double>{},\n        [](double a, double b) { return std::min(a, b); }\n    );\n}",False,True,,54,N/A,,,,,11.483025550842285
"#include <hpx/hpx_main.hpp>\n\n/* Return the sum of the minimum value at each index of vectors x and y for all indices.\n   i.e. sum = min(x_0, y_0) + min(x_1, y_1) + min(x_2, y_2) + ...\n   Use HPX to sum in parallel.  Assume HPX has already been initialized.\n   Example:\n\n   input: x=[3, 4, 0, 2, 3], y=[2, 5, 3, 1, 7]\n   output: 10\n*/\ndouble sumOfMinimumElements(std::vector<double> const& x, std::vector<double> const& y) {",29_reduce_sum_of_min_of_pairs,reduce,cpp,hpx,0.2,0.95,True,2048,False,"{\n    if (x.size() != y.size())\n        throw std::invalid_argument(""x and y must have the same size"");\n\n    return hpx::transform_reduce(\n        hpx::execution::par,\n        x.begin(), x.end(),\n        y.begin(),\n        0.0,\n        std::plus<>(),\n        [](double a, double b) { return std::min(a, b); });\n}",False,True,,55,N/A,,,,,11.782386541366577
"#include <hpx/hpx_main.hpp>\n\n/* Return the sum of the minimum value at each index of vectors x and y for all indices.\n   i.e. sum = min(x_0, y_0) + min(x_1, y_1) + min(x_2, y_2) + ...\n   Use HPX to sum in parallel.  Assume HPX has already been initialized.\n   Example:\n\n   input: x=[3, 4, 0, 2, 3], y=[2, 5, 3, 1, 7]\n   output: 10\n*/\ndouble sumOfMinimumElements(std::vector<double> const& x, std::vector<double> const& y) {",29_reduce_sum_of_min_of_pairs,reduce,cpp,hpx,0.2,0.95,True,2048,False,"double sumOfMinimumElements(std::vector<double> const& x, std::vector<double> const& y) {\n    std::size_t n = std::min(x.size(), y.size());\n    return hpx::transform_reduce(\n        hpx::execution::par,\n        x.begin(), x.begin() + n,\n        y.begin(),\n        0.0,\n        std::plus<double>{},\n        [](double a, double b) { return a < b ? a : b; }\n    );\n}",False,True,,56,N/A,,,,,8.32137680053711
"#include <hpx/hpx_main.hpp>\n\n/* Return the sum of the minimum value at each index of vectors x and y for all indices.\n   i.e. sum = min(x_0, y_0) + min(x_1, y_1) + min(x_2, y_2) + ...\n   Use HPX to sum in parallel.  Assume HPX has already been initialized.\n   Example:\n\n   input: x=[3, 4, 0, 2, 3], y=[2, 5, 3, 1, 7]\n   output: 10\n*/\ndouble sumOfMinimumElements(std::vector<double> const& x, std::vector<double> const& y) {",29_reduce_sum_of_min_of_pairs,reduce,cpp,hpx,0.2,0.95,True,2048,False,"double sumOfMinimumElements(std::vector<double> const& x, std::vector<double> const& y) {\n    if (x.size() != y.size())\n        throw std::invalid_argument(""x and y must have the same length"");\n\n    return hpx::transform_reduce(\n        hpx::execution::par,\n        x.begin(), x.end(), y.begin(),\n        0.0,\n        [](double a, double b) { return a + b; },\n        [](double a, double b) { return (a < b) ? a : b; });\n}",False,True,,57,N/A,,,,,9.526631593704224
"#include <hpx/hpx_main.hpp>\n\n/* Return the sum of the minimum value at each index of vectors x and y for all indices.\n   i.e. sum = min(x_0, y_0) + min(x_1, y_1) + min(x_2, y_2) + ...\n   Use HPX to sum in parallel.  Assume HPX has already been initialized.\n   Example:\n\n   input: x=[3, 4, 0, 2, 3], y=[2, 5, 3, 1, 7]\n   output: 10\n*/\ndouble sumOfMinimumElements(std::vector<double> const& x, std::vector<double> const& y) {",29_reduce_sum_of_min_of_pairs,reduce,cpp,hpx,0.2,0.95,True,2048,False,"double sumOfMinimumElements(std::vector<double> const& x, std::vector<double> const& y) {\n    return hpx::transform_reduce(\n        hpx::execution::par,\n        x.begin(), x.end(), y.begin(),\n        0.0,\n        std::plus<double>{},\n        [](double a, double b) { return a < b ? a : b; }\n    );\n}",False,True,,58,N/A,,,,,10.731180667877197
"#include <hpx/hpx_main.hpp>\n\n/* Return the sum of the minimum value at each index of vectors x and y for all indices.\n   i.e. sum = min(x_0, y_0) + min(x_1, y_1) + min(x_2, y_2) + ...\n   Use HPX to sum in parallel.  Assume HPX has already been initialized.\n   Example:\n\n   input: x=[3, 4, 0, 2, 3], y=[2, 5, 3, 1, 7]\n   output: 10\n*/\ndouble sumOfMinimumElements(std::vector<double> const& x, std::vector<double> const& y) {",29_reduce_sum_of_min_of_pairs,reduce,cpp,hpx,0.2,0.95,True,2048,False,"double sumOfMinimumElements(std::vector<double> const& x, std::vector<double> const& y) {\n    std::size_t n = std::min(x.size(), y.size());\n    return hpx::transform_reduce(\n        hpx::execution::par,\n        x.begin(), x.begin() + n, y.begin(),\n        0.0,\n        std::plus<double>{},\n        [](double a, double b) { return std::min(a, b); }\n    );\n}",False,True,,59,N/A,,,,,11.58270525932312
"#include <hpx/hpx_main.hpp>\n\n/* Return the sum of the minimum value at each index of vectors x and y for all indices.\n   i.e. sum = min(x_0, y_0) + min(x_1, y_1) + min(x_2, y_2) + ...\n   Use HPX to sum in parallel.  Assume HPX has already been initialized.\n   Example:\n\n   input: x=[3, 4, 0, 2, 3], y=[2, 5, 3, 1, 7]\n   output: 10\n*/\ndouble sumOfMinimumElements(std::vector<double> const& x, std::vector<double> const& y) {",29_reduce_sum_of_min_of_pairs,reduce,cpp,hpx,0.2,0.95,True,2048,False,"double sumOfMinimumElements(std::vector<double> const& x, std::vector<double> const& y) {\n    std::size_t n = std::min(x.size(), y.size());\n    return hpx::transform_reduce(\n        hpx::execution::par,\n        x.begin(), x.begin() + n,\n        y.begin(),\n        0.0,\n        std::plus<double>{},\n        [](double a, double b) { return std::min(a, b); }\n    );\n}",False,True,,60,N/A,,,,,13.337690591812134
"#include <hpx/hpx_main.hpp>\n\n/* Return the sum of the minimum value at each index of vectors x and y for all indices.\n   i.e. sum = min(x_0, y_0) + min(x_1, y_1) + min(x_2, y_2) + ...\n   Use HPX to sum in parallel.  Assume HPX has already been initialized.\n   Example:\n\n   input: x=[3, 4, 0, 2, 3], y=[2, 5, 3, 1, 7]\n   output: 10\n*/\ndouble sumOfMinimumElements(std::vector<double> const& x, std::vector<double> const& y) {",29_reduce_sum_of_min_of_pairs,reduce,cpp,hpx,0.2,0.95,True,2048,False,"double sumOfMinimumElements(std::vector<double> const& x, std::vector<double> const& y) {\n    std::size_t n = std::min(x.size(), y.size());\n    auto first = hpx::util::counting_iterator<std::size_t>(0);\n    auto last  = hpx::util::counting_iterator<std::size_t>(n);\n\n    return hpx::transform_reduce(\n        hpx::execution::par, first, last, 0.0, std::plus<double>(),\n        [&](std::size_t i) { return std::min(x[i], y[i]); });\n}",False,True,,61,N/A,,,,,9.401941537857056
"#include <hpx/hpx_main.hpp>\n\n/* Return the sum of the minimum value at each index of vectors x and y for all indices.\n   i.e. sum = min(x_0, y_0) + min(x_1, y_1) + min(x_2, y_2) + ...\n   Use HPX to sum in parallel.  Assume HPX has already been initialized.\n   Example:\n\n   input: x=[3, 4, 0, 2, 3], y=[2, 5, 3, 1, 7]\n   output: 10\n*/\ndouble sumOfMinimumElements(std::vector<double> const& x, std::vector<double> const& y) {",29_reduce_sum_of_min_of_pairs,reduce,cpp,hpx,0.2,0.95,True,2048,False,"double sumOfMinimumElements(std::vector<double> const& x, std::vector<double> const& y) {\n    if (x.size() != y.size())\n        throw std::invalid_argument(""Vectors must be the same size"");\n    return hpx::transform_reduce(\n        hpx::execution::par,\n        x.begin(), x.end(), y.begin(),\n        0.0,\n        std::plus<double>{},\n        [](double a, double b) { return std::min(a, b); }\n    );\n}",False,True,,62,N/A,,,,,10.139668941497803
"#include <hpx/hpx_main.hpp>\n\n/* Return the sum of the minimum value at each index of vectors x and y for all indices.\n   i.e. sum = min(x_0, y_0) + min(x_1, y_1) + min(x_2, y_2) + ...\n   Use HPX to sum in parallel.  Assume HPX has already been initialized.\n   Example:\n\n   input: x=[3, 4, 0, 2, 3], y=[2, 5, 3, 1, 7]\n   output: 10\n*/\ndouble sumOfMinimumElements(std::vector<double> const& x, std::vector<double> const& y) {",29_reduce_sum_of_min_of_pairs,reduce,cpp,hpx,0.2,0.95,True,2048,False,"double sumOfMinimumElements(std::vector<double> const& x, std::vector<double> const& y) {\n    const std::size_t n = std::min(x.size(), y.size());\n    return hpx::transform_reduce(\n        hpx::execution::par,\n        x.begin(), x.begin() + n, y.begin(),\n        0.0,\n        std::plus<double>{},\n        [](double a, double b) { return a < b ? a : b; });\n}",False,True,,63,N/A,,,,,12.3083176612854
"#include <hpx/hpx_main.hpp>\n\n/* Return the sum of the minimum value at each index of vectors x and y for all indices.\n   i.e. sum = min(x_0, y_0) + min(x_1, y_1) + min(x_2, y_2) + ...\n   Use HPX to sum in parallel.  Assume HPX has already been initialized.\n   Example:\n\n   input: x=[3, 4, 0, 2, 3], y=[2, 5, 3, 1, 7]\n   output: 10\n*/\ndouble sumOfMinimumElements(std::vector<double> const& x, std::vector<double> const& y) {",29_reduce_sum_of_min_of_pairs,reduce,cpp,hpx,0.2,0.95,True,2048,False,"double sumOfMinimumElements(std::vector<double> const& x, std::vector<double> const& y) {\n    std::size_t n = std::min(x.size(), y.size());\n    return hpx::transform_reduce(\n        hpx::execution::par,\n        x.begin(), x.begin() + n,\n        y.begin(),\n        0.0,\n        std::plus<double>(),\n        [](double a, double b) { return std::min(a, b); }\n    );\n}",False,True,,64,N/A,,,,,9.59494400024414
"#include <hpx/hpx_main.hpp>\n\n/* Return the sum of the minimum value at each index of vectors x and y for all indices.\n   i.e. sum = min(x_0, y_0) + min(x_1, y_1) + min(x_2, y_2) + ...\n   Use HPX to sum in parallel.  Assume HPX has already been initialized.\n   Example:\n\n   input: x=[3, 4, 0, 2, 3], y=[2, 5, 3, 1, 7]\n   output: 10\n*/\ndouble sumOfMinimumElements(std::vector<double> const& x, std::vector<double> const& y) {",29_reduce_sum_of_min_of_pairs,reduce,cpp,hpx,0.2,0.95,True,2048,False,"double sumOfMinimumElements(std::vector<double> const& x, std::vector<double> const& y) {\n    std::size_t n = std::min(x.size(), y.size());\n    return hpx::transform_reduce(\n        hpx::execution::par,\n        x.begin(), x.begin() + n, y.begin(),\n        0.0, std::plus<>(),\n        [](double a, double b) { return std::min(a, b); }\n    );\n}",False,True,,65,N/A,,,,,10.18523621559143
"#include <hpx/hpx_main.hpp>\n\n/* Return the sum of the minimum value at each index of vectors x and y for all indices.\n   i.e. sum = min(x_0, y_0) + min(x_1, y_1) + min(x_2, y_2) + ...\n   Use HPX to sum in parallel.  Assume HPX has already been initialized.\n   Example:\n\n   input: x=[3, 4, 0, 2, 3], y=[2, 5, 3, 1, 7]\n   output: 10\n*/\ndouble sumOfMinimumElements(std::vector<double> const& x, std::vector<double> const& y) {",29_reduce_sum_of_min_of_pairs,reduce,cpp,hpx,0.2,0.95,True,2048,False,,False,False,,66,N/A,,,,,14.034810543060303
"#include <hpx/hpx_main.hpp>\n\n/* Return the sum of the minimum value at each index of vectors x and y for all indices.\n   i.e. sum = min(x_0, y_0) + min(x_1, y_1) + min(x_2, y_2) + ...\n   Use HPX to sum in parallel.  Assume HPX has already been initialized.\n   Example:\n\n   input: x=[3, 4, 0, 2, 3], y=[2, 5, 3, 1, 7]\n   output: 10\n*/\ndouble sumOfMinimumElements(std::vector<double> const& x, std::vector<double> const& y) {",29_reduce_sum_of_min_of_pairs,reduce,cpp,hpx,0.2,0.95,True,2048,False,,False,False,,67,N/A,,,,,15.58797287940979
"#include <hpx/hpx_main.hpp>\n\n/* Return the sum of the minimum value at each index of vectors x and y for all indices.\n   i.e. sum = min(x_0, y_0) + min(x_1, y_1) + min(x_2, y_2) + ...\n   Use HPX to sum in parallel.  Assume HPX has already been initialized.\n   Example:\n\n   input: x=[3, 4, 0, 2, 3], y=[2, 5, 3, 1, 7]\n   output: 10\n*/\ndouble sumOfMinimumElements(std::vector<double> const& x, std::vector<double> const& y) {",29_reduce_sum_of_min_of_pairs,reduce,cpp,hpx,0.2,0.95,True,2048,False,"double sumOfMinimumElements(std::vector<double> const& x, std::vector<double> const& y) {\n    if (x.size() != y.size())\n        throw std::invalid_argument(""x and y must have the same size"");\n\n    return hpx::transform_reduce(\n        hpx::execution::par,\n        x.begin(), x.end(), y.begin(),\n        0.0,\n        std::plus<double>{},\n        [](double a, double b) { return std::min(a, b); });\n}",False,True,,68,N/A,,,,,10.281707525253296
"#include <hpx/hpx_main.hpp>\n\n/* Return the sum of the minimum value at each index of vectors x and y for all indices.\n   i.e. sum = min(x_0, y_0) + min(x_1, y_1) + min(x_2, y_2) + ...\n   Use HPX to sum in parallel.  Assume HPX has already been initialized.\n   Example:\n\n   input: x=[3, 4, 0, 2, 3], y=[2, 5, 3, 1, 7]\n   output: 10\n*/\ndouble sumOfMinimumElements(std::vector<double> const& x, std::vector<double> const& y) {",29_reduce_sum_of_min_of_pairs,reduce,cpp,hpx,0.2,0.95,True,2048,False,,False,False,,69,N/A,,,,,14.834786891937256
"#include <hpx/hpx_main.hpp>\n\n/* Return the sum of the minimum value at each index of vectors x and y for all indices.\n   i.e. sum = min(x_0, y_0) + min(x_1, y_1) + min(x_2, y_2) + ...\n   Use HPX to sum in parallel.  Assume HPX has already been initialized.\n   Example:\n\n   input: x=[3, 4, 0, 2, 3], y=[2, 5, 3, 1, 7]\n   output: 10\n*/\ndouble sumOfMinimumElements(std::vector<double> const& x, std::vector<double> const& y) {",29_reduce_sum_of_min_of_pairs,reduce,cpp,hpx,0.2,0.95,True,2048,False,"double sumOfMinimumElements(std::vector<double> const& x, std::vector<double> const& y) {\n    if (x.size() != y.size())\n        throw std::invalid_argument(""x and y must be the same size"");\n\n    std::size_t n = x.size();\n    using hpx::execution::par;\n\n    return hpx::transform_reduce(\n        par,\n        hpx::util::counting_iterator<std::size_t>(0),\n        hpx::util::counting_iterator<std::size_t>(n),\n        0.0,\n        std::plus<double>{},\n        [&](std::size_t i) { return std::min(x[i], y[i]); }\n    );\n}",False,True,,70,N/A,,,,,13.877850770950317
"#include <hpx/hpx_main.hpp>\n\n/* Return the sum of the minimum value at each index of vectors x and y for all indices.\n   i.e. sum = min(x_0, y_0) + min(x_1, y_1) + min(x_2, y_2) + ...\n   Use HPX to sum in parallel.  Assume HPX has already been initialized.\n   Example:\n\n   input: x=[3, 4, 0, 2, 3], y=[2, 5, 3, 1, 7]\n   output: 10\n*/\ndouble sumOfMinimumElements(std::vector<double> const& x, std::vector<double> const& y) {",29_reduce_sum_of_min_of_pairs,reduce,cpp,hpx,0.2,0.95,True,2048,False,"double sumOfMinimumElements(std::vector<double> const& x, std::vector<double> const& y) {\n    auto n = std::min(x.size(), y.size());\n    return hpx::transform_reduce(\n        hpx::execution::par,\n        x.begin(), x.begin() + n,\n        y.begin(),\n        0.0,\n        std::plus<>(),\n        [](double a, double b) { return a < b ? a : b; }\n    );\n}",False,True,,71,N/A,,,,,9.661103010177612
"#include <hpx/hpx_main.hpp>\n\n/* Return the sum of the minimum value at each index of vectors x and y for all indices.\n   i.e. sum = min(x_0, y_0) + min(x_1, y_1) + min(x_2, y_2) + ...\n   Use HPX to sum in parallel.  Assume HPX has already been initialized.\n   Example:\n\n   input: x=[3, 4, 0, 2, 3], y=[2, 5, 3, 1, 7]\n   output: 10\n*/\ndouble sumOfMinimumElements(std::vector<double> const& x, std::vector<double> const& y) {",29_reduce_sum_of_min_of_pairs,reduce,cpp,hpx,0.2,0.95,True,2048,False,"double sumOfMinimumElements(std::vector<double> const& x, std::vector<double> const& y) {\n    if (x.size() != y.size())\n        throw std::invalid_argument(""Vectors must have the same size."");\n\n    const std::size_t n = x.size();\n\n    return hpx::transform_reduce(\n        hpx::execution::par,\n        hpx::util::make_counting_iterator<std::size_t>(0),\n        hpx::util::make_counting_iterator<std::size_t>(n),\n        0.0,\n        std::plus<double>{},\n        [&](std::size_t i) { return std::min(x[i], y[i]); });\n}",False,True,,72,N/A,,,,,12.177433729171753
"#include <hpx/hpx_main.hpp>\n\n/* Return the sum of the minimum value at each index of vectors x and y for all indices.\n   i.e. sum = min(x_0, y_0) + min(x_1, y_1) + min(x_2, y_2) + ...\n   Use HPX to sum in parallel.  Assume HPX has already been initialized.\n   Example:\n\n   input: x=[3, 4, 0, 2, 3], y=[2, 5, 3, 1, 7]\n   output: 10\n*/\ndouble sumOfMinimumElements(std::vector<double> const& x, std::vector<double> const& y) {",29_reduce_sum_of_min_of_pairs,reduce,cpp,hpx,0.2,0.95,True,2048,False,"double sumOfMinimumElements(std::vector<double> const& x, std::vector<double> const& y) {\n    std::size_t n = std::min(x.size(), y.size());\n    return hpx::transform_reduce(\n        hpx::execution::par,\n        x.begin(), x.begin() + n, y.begin(),\n        0.0,\n        std::plus<double>{},\n        [](double a, double b) { return a < b ? a : b; });\n}",False,True,,73,N/A,,,,,10.428782939910889
"#include <hpx/hpx_main.hpp>\n\n/* Return the sum of the minimum value at each index of vectors x and y for all indices.\n   i.e. sum = min(x_0, y_0) + min(x_1, y_1) + min(x_2, y_2) + ...\n   Use HPX to sum in parallel.  Assume HPX has already been initialized.\n   Example:\n\n   input: x=[3, 4, 0, 2, 3], y=[2, 5, 3, 1, 7]\n   output: 10\n*/\ndouble sumOfMinimumElements(std::vector<double> const& x, std::vector<double> const& y) {",29_reduce_sum_of_min_of_pairs,reduce,cpp,hpx,0.2,0.95,True,2048,False,"double sumOfMinimumElements(std::vector<double> const& x, std::vector<double> const& y) {\n    using hpx::execution::par;\n    const std::size_t n = std::min(x.size(), y.size());\n    return hpx::ranges::transform_reduce(\n        par,\n        x.begin(), x.begin() + n,\n        y.begin(),\n        0.0,\n        std::plus<double>{},\n        [](double a, double b) { return std::min(a, b); });\n}",False,True,,74,N/A,,,,,11.19040036201477
"#include <hpx/hpx_main.hpp>\n\n/* Return the sum of the minimum value at each index of vectors x and y for all indices.\n   i.e. sum = min(x_0, y_0) + min(x_1, y_1) + min(x_2, y_2) + ...\n   Use HPX to sum in parallel.  Assume HPX has already been initialized.\n   Example:\n\n   input: x=[3, 4, 0, 2, 3], y=[2, 5, 3, 1, 7]\n   output: 10\n*/\ndouble sumOfMinimumElements(std::vector<double> const& x, std::vector<double> const& y) {",29_reduce_sum_of_min_of_pairs,reduce,cpp,hpx,0.2,0.95,True,2048,False,"double sumOfMinimumElements(std::vector<double> const& x, std::vector<double> const& y) {\n    if (x.size() != y.size())\n        throw std::invalid_argument(""x and y must have the same size"");\n    return hpx::transform_reduce(\n        hpx::execution::par,\n        x.begin(), x.end(), y.begin(),\n        0.0,\n        std::plus<double>{},\n        [](double a, double b) { return std::min(a, b); }\n    );\n}",False,True,,75,N/A,,,,,9.662150382995605
"#include <hpx/hpx_main.hpp>\n\n/* Return the sum of the minimum value at each index of vectors x and y for all indices.\n   i.e. sum = min(x_0, y_0) + min(x_1, y_1) + min(x_2, y_2) + ...\n   Use HPX to sum in parallel.  Assume HPX has already been initialized.\n   Example:\n\n   input: x=[3, 4, 0, 2, 3], y=[2, 5, 3, 1, 7]\n   output: 10\n*/\ndouble sumOfMinimumElements(std::vector<double> const& x, std::vector<double> const& y) {",29_reduce_sum_of_min_of_pairs,reduce,cpp,hpx,0.2,0.95,True,2048,False,"double sumOfMinimumElements(std::vector<double> const& x, std::vector<double> const& y) {\n    std::size_t n = x.size() < y.size() ? x.size() : y.size();\n    return hpx::transform_reduce(\n        hpx::execution::par,\n        x.begin(), x.begin() + n, y.begin(),\n        0.0,\n        std::plus<double>{},\n        [](double xi, double yi) { return xi < yi ? xi : yi; });\n}",False,True,,76,N/A,,,,,9.2101731300354
"#include <hpx/hpx_main.hpp>\n\n/* Return the sum of the minimum value at each index of vectors x and y for all indices.\n   i.e. sum = min(x_0, y_0) + min(x_1, y_1) + min(x_2, y_2) + ...\n   Use HPX to sum in parallel.  Assume HPX has already been initialized.\n   Example:\n\n   input: x=[3, 4, 0, 2, 3], y=[2, 5, 3, 1, 7]\n   output: 10\n*/\ndouble sumOfMinimumElements(std::vector<double> const& x, std::vector<double> const& y) {",29_reduce_sum_of_min_of_pairs,reduce,cpp,hpx,0.2,0.95,True,2048,False,"double sumOfMinimumElements(std::vector<double> const& x, std::vector<double> const& y) {\n    using hpx::execution::par;\n\n    std::size_t n = std::min(x.size(), y.size());\n    auto first = hpx::util::make_counting_iterator<std::size_t>(0);\n    auto last  = hpx::util::make_counting_iterator<std::size_t>(n);\n\n    return hpx::transform_reduce(\n        par, first, last, 0.0, std::plus<>(),\n        [&](std::size_t i) { return std::min(x[i], y[i]); }\n    );\n}",False,True,,77,N/A,,,,,11.590807914733887
"#include <hpx/hpx_main.hpp>\n\n/* Return the sum of the minimum value at each index of vectors x and y for all indices.\n   i.e. sum = min(x_0, y_0) + min(x_1, y_1) + min(x_2, y_2) + ...\n   Use HPX to sum in parallel.  Assume HPX has already been initialized.\n   Example:\n\n   input: x=[3, 4, 0, 2, 3], y=[2, 5, 3, 1, 7]\n   output: 10\n*/\ndouble sumOfMinimumElements(std::vector<double> const& x, std::vector<double> const& y) {",29_reduce_sum_of_min_of_pairs,reduce,cpp,hpx,0.2,0.95,True,2048,False,"double sumOfMinimumElements(std::vector<double> const& x, std::vector<double> const& y) {\n    if (x.size() != y.size())\n        throw std::invalid_argument(""x and y must have the same size"");\n\n    return hpx::transform_reduce(\n        hpx::execution::par,\n        x.begin(), x.end(),\n        y.begin(),\n        0.0,\n        std::plus<double>(),\n        [](double xi, double yi) { return std::min(xi, yi); }\n    );\n}",False,True,,78,N/A,,,,,9.173869848251343
"#include <hpx/hpx_main.hpp>\n\n/* Return the sum of the minimum value at each index of vectors x and y for all indices.\n   i.e. sum = min(x_0, y_0) + min(x_1, y_1) + min(x_2, y_2) + ...\n   Use HPX to sum in parallel.  Assume HPX has already been initialized.\n   Example:\n\n   input: x=[3, 4, 0, 2, 3], y=[2, 5, 3, 1, 7]\n   output: 10\n*/\ndouble sumOfMinimumElements(std::vector<double> const& x, std::vector<double> const& y) {",29_reduce_sum_of_min_of_pairs,reduce,cpp,hpx,0.2,0.95,True,2048,False,"double sumOfMinimumElements(std::vector<double> const& x, std::vector<double> const& y) {\n    if (x.size() != y.size())\n        throw std::invalid_argument(""x and y must have the same size"");\n\n    std::size_t n = x.size();\n    using hpx::execution::par;\n\n    return hpx::transform_reduce(\n        par,\n        hpx::make_counting_iterator<std::size_t>(0),\n        hpx::make_counting_iterator<std::size_t>(n),\n        0.0,\n        std::plus<double>{},\n        [&](std::size_t i) { return std::min(x[i], y[i]); }\n    );\n}",False,True,,79,N/A,,,,,13.387762069702148
"#include <hpx/hpx_main.hpp>\n\n/* Return the sum of the minimum value at each index of vectors x and y for all indices.\n   i.e. sum = min(x_0, y_0) + min(x_1, y_1) + min(x_2, y_2) + ...\n   Use HPX to sum in parallel.  Assume HPX has already been initialized.\n   Example:\n\n   input: x=[3, 4, 0, 2, 3], y=[2, 5, 3, 1, 7]\n   output: 10\n*/\ndouble sumOfMinimumElements(std::vector<double> const& x, std::vector<double> const& y) {",29_reduce_sum_of_min_of_pairs,reduce,cpp,hpx,0.2,0.95,True,2048,False,"double sumOfMinimumElements(std::vector<double> const& x, std::vector<double> const& y) {\n    auto n = std::min(x.size(), y.size());\n    return hpx::transform_reduce(\n        hpx::execution::par,\n        x.begin(), x.begin() + n, y.begin(),\n        0.0,\n        std::plus<>(),\n        [](double a, double b) { return std::min(a, b); });\n}",False,True,,80,N/A,,,,,13.76520323753357
"#include <hpx/hpx_main.hpp>\n\n/* Return the sum of the minimum value at each index of vectors x and y for all indices.\n   i.e. sum = min(x_0, y_0) + min(x_1, y_1) + min(x_2, y_2) + ...\n   Use HPX to sum in parallel.  Assume HPX has already been initialized.\n   Example:\n\n   input: x=[3, 4, 0, 2, 3], y=[2, 5, 3, 1, 7]\n   output: 10\n*/\ndouble sumOfMinimumElements(std::vector<double> const& x, std::vector<double> const& y) {",29_reduce_sum_of_min_of_pairs,reduce,cpp,hpx,0.2,0.95,True,2048,False,"double sumOfMinimumElements(std::vector<double> const& x, std::vector<double> const& y) {\n    std::size_t n = std::min(x.size(), y.size());\n    return hpx::transform_reduce(\n        hpx::execution::par,\n        hpx::util::counting_iterator<std::size_t>(0),\n        hpx::util::counting_iterator<std::size_t>(n),\n        0.0,\n        std::plus<>{},\n        [&](std::size_t i) { return (std::min)(x[i], y[i]); }\n    );\n}",False,True,,81,N/A,,,,,12.610452890396118
"#include <hpx/hpx_main.hpp>\n\n/* Return the sum of the minimum value at each index of vectors x and y for all indices.\n   i.e. sum = min(x_0, y_0) + min(x_1, y_1) + min(x_2, y_2) + ...\n   Use HPX to sum in parallel.  Assume HPX has already been initialized.\n   Example:\n\n   input: x=[3, 4, 0, 2, 3], y=[2, 5, 3, 1, 7]\n   output: 10\n*/\ndouble sumOfMinimumElements(std::vector<double> const& x, std::vector<double> const& y) {",29_reduce_sum_of_min_of_pairs,reduce,cpp,hpx,0.2,0.95,True,2048,False,"double sumOfMinimumElements(std::vector<double> const& x, std::vector<double> const& y) {\n    using hpx::execution::par;\n    using hpx::util::counting_iterator;\n\n    std::size_t n = std::min(x.size(), y.size());\n    return hpx::transform_reduce(\n        par,\n        counting_iterator<std::size_t>(0),\n        counting_iterator<std::size_t>(n),\n        0.0,\n        std::plus<double>{},\n        [&](std::size_t i) { return (x[i] < y[i]) ? x[i] : y[i]; }\n    );\n}",False,True,,82,N/A,,,,,12.529457330703735
"#include <hpx/hpx_main.hpp>\n\n/* Return the sum of the minimum value at each index of vectors x and y for all indices.\n   i.e. sum = min(x_0, y_0) + min(x_1, y_1) + min(x_2, y_2) + ...\n   Use HPX to sum in parallel.  Assume HPX has already been initialized.\n   Example:\n\n   input: x=[3, 4, 0, 2, 3], y=[2, 5, 3, 1, 7]\n   output: 10\n*/\ndouble sumOfMinimumElements(std::vector<double> const& x, std::vector<double> const& y) {",29_reduce_sum_of_min_of_pairs,reduce,cpp,hpx,0.2,0.95,True,2048,False,#include <hpx/execution.hpp>\n#include <,False,False,,83,N/A,,,,,15.91156005859375
"#include <hpx/hpx_main.hpp>\n\n/* Return the sum of the minimum value at each index of vectors x and y for all indices.\n   i.e. sum = min(x_0, y_0) + min(x_1, y_1) + min(x_2, y_2) + ...\n   Use HPX to sum in parallel.  Assume HPX has already been initialized.\n   Example:\n\n   input: x=[3, 4, 0, 2, 3], y=[2, 5, 3, 1, 7]\n   output: 10\n*/\ndouble sumOfMinimumElements(std::vector<double> const& x, std::vector<double> const& y) {",29_reduce_sum_of_min_of_pairs,reduce,cpp,hpx,0.2,0.95,True,2048,False,"double sumOfMinimumElements(std::vector<double> const& x, std::vector<double> const& y) {\n    if (x.size() != y.size())\n        throw std::invalid_argument(""x and y must have the same size"");\n\n    return hpx::transform_reduce(\n        hpx::execution::par,\n        x.begin(), x.end(),\n        y.begin(),\n        0.0,\n        std::plus<double>(),\n        [](double xi, double yi) { return std::min(xi, yi); });\n}",False,True,,84,N/A,,,,,10.326006889343262
"#include <hpx/hpx_main.hpp>\n\n/* Return the sum of the minimum value at each index of vectors x and y for all indices.\n   i.e. sum = min(x_0, y_0) + min(x_1, y_1) + min(x_2, y_2) + ...\n   Use HPX to sum in parallel.  Assume HPX has already been initialized.\n   Example:\n\n   input: x=[3, 4, 0, 2, 3], y=[2, 5, 3, 1, 7]\n   output: 10\n*/\ndouble sumOfMinimumElements(std::vector<double> const& x, std::vector<double> const& y) {",29_reduce_sum_of_min_of_pairs,reduce,cpp,hpx,0.2,0.95,True,2048,False,"double sumOfMinimumElements(std::vector<double> const& x, std::vector<double> const& y) {\n    if (x.size() != y.size())\n        throw std::invalid_argument(""Vectors must have the same size"");\n\n    return hpx::transform_reduce(\n        hpx::execution::par,\n        x.begin(), x.end(), y.begin(),\n        0.0,\n        std::plus<double>{},\n        [](double a, double b) { return std::min(a, b); });\n}",False,True,,85,N/A,,,,,7.594088554382324
"#include <hpx/hpx_main.hpp>\n\n/* Return the sum of the minimum value at each index of vectors x and y for all indices.\n   i.e. sum = min(x_0, y_0) + min(x_1, y_1) + min(x_2, y_2) + ...\n   Use HPX to sum in parallel.  Assume HPX has already been initialized.\n   Example:\n\n   input: x=[3, 4, 0, 2, 3], y=[2, 5, 3, 1, 7]\n   output: 10\n*/\ndouble sumOfMinimumElements(std::vector<double> const& x, std::vector<double> const& y) {",29_reduce_sum_of_min_of_pairs,reduce,cpp,hpx,0.2,0.95,True,2048,False,"double sumOfMinimumElements(std::vector<double> const& x, std::vector<double> const& y) {\n    if (x.size() != y.size())\n        throw std::invalid_argument(""Vectors must have the same size"");\n\n    return hpx::transform_reduce(\n        hpx::execution::par,\n        x.begin(), x.end(), y.begin(),\n        0.0, std::plus<>(),\n        [](double a, double b) { return a < b ? a : b; }\n    );\n}",False,True,,86,N/A,,,,,9.715162992477417
"#include <hpx/hpx_main.hpp>\n\n/* Return the sum of the minimum value at each index of vectors x and y for all indices.\n   i.e. sum = min(x_0, y_0) + min(x_1, y_1) + min(x_2, y_2) + ...\n   Use HPX to sum in parallel.  Assume HPX has already been initialized.\n   Example:\n\n   input: x=[3, 4, 0, 2, 3], y=[2, 5, 3, 1, 7]\n   output: 10\n*/\ndouble sumOfMinimumElements(std::vector<double> const& x, std::vector<double> const& y) {",29_reduce_sum_of_min_of_pairs,reduce,cpp,hpx,0.2,0.95,True,2048,False,"double sumOfMinimumElements(std::vector<double> const& x, std::vector<double> const& y) {\n    std::size_t n = std::min(x.size(), y.size());\n    return hpx::ranges::transform_reduce(\n        hpx::execution::par,\n        x.begin(), x.begin() + n, y.begin(),\n        0.0,\n        std::plus<double>{},\n        [](double a, double b) { return std::min(a, b); }\n    );\n}",False,True,,87,N/A,,,,,12.220243453979492
"#include <hpx/hpx_main.hpp>\n\n/* Return the sum of the minimum value at each index of vectors x and y for all indices.\n   i.e. sum = min(x_0, y_0) + min(x_1, y_1) + min(x_2, y_2) + ...\n   Use HPX to sum in parallel.  Assume HPX has already been initialized.\n   Example:\n\n   input: x=[3, 4, 0, 2, 3], y=[2, 5, 3, 1, 7]\n   output: 10\n*/\ndouble sumOfMinimumElements(std::vector<double> const& x, std::vector<double> const& y) {",29_reduce_sum_of_min_of_pairs,reduce,cpp,hpx,0.2,0.95,True,2048,False,"double sumOfMinimumElements(std::vector<double> const& x, std::vector<double> const& y) {\n    std::size_t n = std::min(x.size(), y.size());\n    return hpx::transform_reduce(\n        hpx::execution::par,\n        x.begin(), x.begin() + n, y.begin(),\n        0.0,\n        std::plus<double>{},\n        [](double a, double b) { return std::min(a, b); }\n    );\n}",False,True,,88,N/A,,,,,11.517568588256836
"#include <hpx/hpx_main.hpp>\n\n/* Return the sum of the minimum value at each index of vectors x and y for all indices.\n   i.e. sum = min(x_0, y_0) + min(x_1, y_1) + min(x_2, y_2) + ...\n   Use HPX to sum in parallel.  Assume HPX has already been initialized.\n   Example:\n\n   input: x=[3, 4, 0, 2, 3], y=[2, 5, 3, 1, 7]\n   output: 10\n*/\ndouble sumOfMinimumElements(std::vector<double> const& x, std::vector<double> const& y) {",29_reduce_sum_of_min_of_pairs,reduce,cpp,hpx,0.2,0.95,True,2048,False,"double sumOfMinimumElements(std::vector<double> const& x, std::vector<double> const& y) {\n    return hpx::transform_reduce(\n        hpx::execution::par,\n        x.begin(), x.end(), y.begin(),\n        0.0,\n        std::plus<double>{},\n        [](double xi, double yi) { return xi < yi ? xi : yi; }\n    );\n}",False,True,,89,N/A,,,,,9.05361795425415
"#include <hpx/hpx_main.hpp>\n\n/* Return the sum of the minimum value at each index of vectors x and y for all indices.\n   i.e. sum = min(x_0, y_0) + min(x_1, y_1) + min(x_2, y_2) + ...\n   Use HPX to sum in parallel.  Assume HPX has already been initialized.\n   Example:\n\n   input: x=[3, 4, 0, 2, 3], y=[2, 5, 3, 1, 7]\n   output: 10\n*/\ndouble sumOfMinimumElements(std::vector<double> const& x, std::vector<double> const& y) {",29_reduce_sum_of_min_of_pairs,reduce,cpp,hpx,0.2,0.95,True,2048,False,"double sumOfMinimumElements(std::vector<double> const& x, std::vector<double> const& y) {\n    std::size_t n = std::min(x.size(), y.size());\n    return hpx::transform_reduce(\n        hpx::execution::par,\n        x.begin(), x.begin() + n,\n        y.begin(),\n        0.0,\n        std::plus<double>(),\n        [](double a, double b) { return std::min(a, b); }\n    );\n}",False,True,,90,N/A,,,,,12.368764877319336
"#include <hpx/hpx_main.hpp>\n\n/* Return the sum of the minimum value at each index of vectors x and y for all indices.\n   i.e. sum = min(x_0, y_0) + min(x_1, y_1) + min(x_2, y_2) + ...\n   Use HPX to sum in parallel.  Assume HPX has already been initialized.\n   Example:\n\n   input: x=[3, 4, 0, 2, 3], y=[2, 5, 3, 1, 7]\n   output: 10\n*/\ndouble sumOfMinimumElements(std::vector<double> const& x, std::vector<double> const& y) {",29_reduce_sum_of_min_of_pairs,reduce,cpp,hpx,0.2,0.95,True,2048,False,"double sumOfMinimumElements(std::vector<double> const& x, std::vector<double> const& y) {\n    auto first = hpx::util::make_zip_iterator(x.begin(), y.begin());\n    auto last  = hpx::util::make_zip_iterator(x.end(), y.end());\n    return hpx::transform_reduce(\n        hpx::execution::par, first, last, 0.0, std::plus<double>{},\n        [](auto const& t) {\n            auto const& [a, b] = t;\n            return (std::min)(a, b);\n        });\n}",False,True,,91,N/A,,,,,15.551848888397217
"#include <hpx/hpx_main.hpp>\n\n/* Return the sum of the minimum value at each index of vectors x and y for all indices.\n   i.e. sum = min(x_0, y_0) + min(x_1, y_1) + min(x_2, y_2) + ...\n   Use HPX to sum in parallel.  Assume HPX has already been initialized.\n   Example:\n\n   input: x=[3, 4, 0, 2, 3], y=[2, 5, 3, 1, 7]\n   output: 10\n*/\ndouble sumOfMinimumElements(std::vector<double> const& x, std::vector<double> const& y) {",29_reduce_sum_of_min_of_pairs,reduce,cpp,hpx,0.2,0.95,True,2048,False,"double sumOfMinimumElements(std::vector<double> const& x, std::vector<double> const& y) {\n    if (x.size() != y.size()) {\n        throw std::invalid_argument(""Vectors must have the same size"");\n    }\n\n    return hpx::transform_reduce(\n        hpx::execution::par,\n        x.begin(), x.end(), y.begin(),\n        0.0,\n        std::plus<double>(),\n        [](double a, double b) { return std::min(a, b); }\n    );\n}",False,True,,92,N/A,,,,,8.45246934890747
"#include <hpx/hpx_main.hpp>\n\n/* Return the sum of the minimum value at each index of vectors x and y for all indices.\n   i.e. sum = min(x_0, y_0) + min(x_1, y_1) + min(x_2, y_2) + ...\n   Use HPX to sum in parallel.  Assume HPX has already been initialized.\n   Example:\n\n   input: x=[3, 4, 0, 2, 3], y=[2, 5, 3, 1, 7]\n   output: 10\n*/\ndouble sumOfMinimumElements(std::vector<double> const& x, std::vector<double> const& y) {",29_reduce_sum_of_min_of_pairs,reduce,cpp,hpx,0.2,0.95,True,2048,False,"double sumOfMinimumElements(std::vector<double> const& x, std::vector<double> const& y) {\n    std::size_t n = std::min(x.size(), y.size());\n    auto first = hpx::util::make_counting_iterator<std::size_t>(0);\n    auto last  = hpx::util::make_counting_iterator<std::size_t>(n);\n    return hpx::transform_reduce(hpx::execution::par, first, last, 0.0,\n        std::plus<>{},\n        [&](std::size_t i) { return std::min(x[i], y[i]); });\n}",False,True,,93,N/A,,,,,11.191530466079712
"#include <hpx/hpx_main.hpp>\n\n/* Return the sum of the minimum value at each index of vectors x and y for all indices.\n   i.e. sum = min(x_0, y_0) + min(x_1, y_1) + min(x_2, y_2) + ...\n   Use HPX to sum in parallel.  Assume HPX has already been initialized.\n   Example:\n\n   input: x=[3, 4, 0, 2, 3], y=[2, 5, 3, 1, 7]\n   output: 10\n*/\ndouble sumOfMinimumElements(std::vector<double> const& x, std::vector<double> const& y) {",29_reduce_sum_of_min_of_pairs,reduce,cpp,hpx,0.2,0.95,True,2048,False,"double sumOfMinimumElements(std::vector<double> const& x, std::vector<double> const& y) {\n    if (x.size() != y.size())\n        throw std::invalid_argument(""x and y must have same size"");\n\n    return hpx::transform_reduce(\n        hpx::execution::par,\n        x.begin(), x.end(),\n        y.begin(),\n        0.0,\n        std::plus<>{},\n        [](double a, double b) { return std::min(a, b); }\n    );\n}",False,True,,94,N/A,,,,,10.523773431777954
"#include <hpx/hpx_main.hpp>\n\n/* Return the sum of the minimum value at each index of vectors x and y for all indices.\n   i.e. sum = min(x_0, y_0) + min(x_1, y_1) + min(x_2, y_2) + ...\n   Use HPX to sum in parallel.  Assume HPX has already been initialized.\n   Example:\n\n   input: x=[3, 4, 0, 2, 3], y=[2, 5, 3, 1, 7]\n   output: 10\n*/\ndouble sumOfMinimumElements(std::vector<double> const& x, std::vector<double> const& y) {",29_reduce_sum_of_min_of_pairs,reduce,cpp,hpx,0.2,0.95,True,2048,False,"double sumOfMinimumElements(std::vector<double> const& x, std::vector<double> const& y) {\n    if (x.size() != y.size())\n        throw std::invalid_argument(""x and y must have the same size"");\n\n    return hpx::transform_reduce(\n        hpx::execution::par,\n        x.begin(), x.end(), y.begin(),\n        0.0,\n        std::plus<double>{},\n        [](double a, double b) { return std::min(a, b); }\n    );\n}",False,True,,95,N/A,,,,,7.787926912307739
"#include <hpx/hpx_main.hpp>\n\n/* Return the sum of the minimum value at each index of vectors x and y for all indices.\n   i.e. sum = min(x_0, y_0) + min(x_1, y_1) + min(x_2, y_2) + ...\n   Use HPX to sum in parallel.  Assume HPX has already been initialized.\n   Example:\n\n   input: x=[3, 4, 0, 2, 3], y=[2, 5, 3, 1, 7]\n   output: 10\n*/\ndouble sumOfMinimumElements(std::vector<double> const& x, std::vector<double> const& y) {",29_reduce_sum_of_min_of_pairs,reduce,cpp,hpx,0.2,0.95,True,2048,False,"double sumOfMinimumElements(std::vector<double> const& x, std::vector<double> const& y) {\n    return hpx::transform_reduce(\n        hpx::execution::par,\n        x.begin(), x.end(), y.begin(),\n        0.0,\n        [](double a, double b) { return a + b; },\n        [](double a, double b) { return a < b ? a : b; }\n    );\n}",False,True,,96,N/A,,,,,13.612809896469116
"#include <hpx/hpx_main.hpp>\n\n/* Return the sum of the minimum value at each index of vectors x and y for all indices.\n   i.e. sum = min(x_0, y_0) + min(x_1, y_1) + min(x_2, y_2) + ...\n   Use HPX to sum in parallel.  Assume HPX has already been initialized.\n   Example:\n\n   input: x=[3, 4, 0, 2, 3], y=[2, 5, 3, 1, 7]\n   output: 10\n*/\ndouble sumOfMinimumElements(std::vector<double> const& x, std::vector<double> const& y) {",29_reduce_sum_of_min_of_pairs,reduce,cpp,hpx,0.2,0.95,True,2048,False,"double sumOfMinimumElements(std::vector<double> const& x, std::vector<double> const& y) {\n    std::size_t n = std::min(x.size(), y.size());\n    auto first = hpx::util::counting_iterator<std::size_t>(0);\n    auto last  = first + n;\n\n    return hpx::transform_reduce(\n        hpx::execution::par,\n        first, last,\n        0.0,\n        std::plus<double>(),\n        [&](std::size_t i) { return std::min(x[i], y[i]); }\n    );\n}",False,True,,97,N/A,,,,,12.55832576751709
"#include <hpx/hpx_main.hpp>\n\n/* Return the sum of the minimum value at each index of vectors x and y for all indices.\n   i.e. sum = min(x_0, y_0) + min(x_1, y_1) + min(x_2, y_2) + ...\n   Use HPX to sum in parallel.  Assume HPX has already been initialized.\n   Example:\n\n   input: x=[3, 4, 0, 2, 3], y=[2, 5, 3, 1, 7]\n   output: 10\n*/\ndouble sumOfMinimumElements(std::vector<double> const& x, std::vector<double> const& y) {",29_reduce_sum_of_min_of_pairs,reduce,cpp,hpx,0.2,0.95,True,2048,False,"double sumOfMinimumElements(std::vector<double> const& x, std::vector<double> const& y) {\n    if (x.size() != y.size()) {\n        throw std::invalid_argument(""Vectors must have the same size"");\n    }\n\n    return hpx::transform_reduce(\n        hpx::execution::par,\n        x.begin(), x.end(), y.begin(),\n        0.0,\n        std::plus<double>(),\n        [](double a, double b) { return std::min(a, b); }\n    );\n}",False,True,,98,N/A,,,,,7.030195236206055
"#include <hpx/hpx_main.hpp>\n\n/* Return the sum of the minimum value at each index of vectors x and y for all indices.\n   i.e. sum = min(x_0, y_0) + min(x_1, y_1) + min(x_2, y_2) + ...\n   Use HPX to sum in parallel.  Assume HPX has already been initialized.\n   Example:\n\n   input: x=[3, 4, 0, 2, 3], y=[2, 5, 3, 1, 7]\n   output: 10\n*/\ndouble sumOfMinimumElements(std::vector<double> const& x, std::vector<double> const& y) {",29_reduce_sum_of_min_of_pairs,reduce,cpp,hpx,0.2,0.95,True,2048,False,"double sumOfMinimumElements(std::vector<double> const& x, std::vector<double> const& y) {\n    std::size_t n = x.size() < y.size() ? x.size() : y.size();\n    return hpx::transform_reduce(\n        hpx::execution::par,\n        x.begin(), x.begin() + n,\n        y.begin",False,True,,99,N/A,,,,,14.153067350387573
