prompt,name,problem_type,language,parallelism_model,temperature,top_p,do_sample,max_new_tokens,prompted,generated_output,did_build,is_source_valid,best_sequential_runtime,output_idx,virtual_memory_used,max_gpu_memory_usage,max_gpu_utilization,average_gpu_memory_usage,average_gpu_utilization,generation_times
"#include <hpx/hpx_main.hpp>\n\n/* Return the logical XOR reduction of the vector of bools x.\n   Use HPX to reduce in parallel.  Assume HPX has already been initialized.\n   Example:\n\n   input: [false, false, false, true]\n   output: true\n*/\nbool reduceLogicalXOR(std::vector<bool> const& x) {",25_reduce_xor,reduce,cpp,hpx,0.2,0.95,True,2048,False,"bool reduceLogicalXOR(std::vector<bool> const& x) {\n    return hpx::reduce(hpx::execution::par, x.begin(), x.end(), false, std::logical_xor<bool>{});\n}",False,True,,0,N/A,,,,,4.946435213088989
"#include <hpx/hpx_main.hpp>\n\n/* Return the logical XOR reduction of the vector of bools x.\n   Use HPX to reduce in parallel.  Assume HPX has already been initialized.\n   Example:\n\n   input: [false, false, false, true]\n   output: true\n*/\nbool reduceLogicalXOR(std::vector<bool> const& x) {",25_reduce_xor,reduce,cpp,hpx,0.2,0.95,True,2048,False,"bool reduceLogicalXOR(std::vector<bool> const& x) {\n    return hpx::reduce(hpx::execution::par, x.begin(), x.end(), false, std::logical_xor<bool>{});\n}",False,True,,1,N/A,,,,,4.397691249847412
"#include <hpx/hpx_main.hpp>\n\n/* Return the logical XOR reduction of the vector of bools x.\n   Use HPX to reduce in parallel.  Assume HPX has already been initialized.\n   Example:\n\n   input: [false, false, false, true]\n   output: true\n*/\nbool reduceLogicalXOR(std::vector<bool> const& x) {",25_reduce_xor,reduce,cpp,hpx,0.2,0.95,True,2048,False,"bool reduceLogicalXOR(std::vector<bool> const& x) {\n    return hpx::reduce(hpx::execution::par, x.begin(), x.end(), false, std::logical_xor<bool>{});\n}",False,True,,2,N/A,,,,,4.467758417129517
"#include <hpx/hpx_main.hpp>\n\n/* Return the logical XOR reduction of the vector of bools x.\n   Use HPX to reduce in parallel.  Assume HPX has already been initialized.\n   Example:\n\n   input: [false, false, false, true]\n   output: true\n*/\nbool reduceLogicalXOR(std::vector<bool> const& x) {",25_reduce_xor,reduce,cpp,hpx,0.2,0.95,True,2048,False,"bool reduceLogicalXOR(std::vector<bool> const& x) {\n    return hpx::reduce(hpx::execution::par, x.begin(), x.end(), false, std::bit_xor<bool>{});\n}",False,True,,3,N/A,,,,,5.331856966018677
"#include <hpx/hpx_main.hpp>\n\n/* Return the logical XOR reduction of the vector of bools x.\n   Use HPX to reduce in parallel.  Assume HPX has already been initialized.\n   Example:\n\n   input: [false, false, false, true]\n   output: true\n*/\nbool reduceLogicalXOR(std::vector<bool> const& x) {",25_reduce_xor,reduce,cpp,hpx,0.2,0.95,True,2048,False,"bool reduceLogicalXOR(std::vector<bool> const& x) {\n    return hpx::reduce(hpx::execution::par, x.begin(), x.end(), false, std::bit_xor<bool>{});\n}",False,True,,4,N/A,,,,,4.114070892333984
"#include <hpx/hpx_main.hpp>\n\n/* Return the logical XOR reduction of the vector of bools x.\n   Use HPX to reduce in parallel.  Assume HPX has already been initialized.\n   Example:\n\n   input: [false, false, false, true]\n   output: true\n*/\nbool reduceLogicalXOR(std::vector<bool> const& x) {",25_reduce_xor,reduce,cpp,hpx,0.2,0.95,True,2048,False,"bool reduceLogicalXOR(std::vector<bool> const& x) {\n    using hpx::execution::par;\n    return hpx::reduce(par, x.begin(), x.end(), false,\n        [](bool a, bool b) { return a != b; });\n}",False,True,,5,N/A,,,,,4.937928676605225
"#include <hpx/hpx_main.hpp>\n\n/* Return the logical XOR reduction of the vector of bools x.\n   Use HPX to reduce in parallel.  Assume HPX has already been initialized.\n   Example:\n\n   input: [false, false, false, true]\n   output: true\n*/\nbool reduceLogicalXOR(std::vector<bool> const& x) {",25_reduce_xor,reduce,cpp,hpx,0.2,0.95,True,2048,False,"bool reduceLogicalXOR(std::vector<bool> const& x) {\n    return hpx::reduce(hpx::execution::par, x.begin(), x.end(), false, std::bit_xor<bool>{});\n}",False,True,,6,N/A,,,,,4.3048319816589355
"#include <hpx/hpx_main.hpp>\n\n/* Return the logical XOR reduction of the vector of bools x.\n   Use HPX to reduce in parallel.  Assume HPX has already been initialized.\n   Example:\n\n   input: [false, false, false, true]\n   output: true\n*/\nbool reduceLogicalXOR(std::vector<bool> const& x) {",25_reduce_xor,reduce,cpp,hpx,0.2,0.95,True,2048,False,"bool reduceLogicalXOR(std::vector<bool> const& x) {\n    return hpx::reduce(hpx::execution::par, x.begin(), x.end(), false,\n        [](bool a, bool b) noexcept { return a ^ b; });\n}",False,True,,7,N/A,,,,,4.464428901672363
"#include <hpx/hpx_main.hpp>\n\n/* Return the logical XOR reduction of the vector of bools x.\n   Use HPX to reduce in parallel.  Assume HPX has already been initialized.\n   Example:\n\n   input: [false, false, false, true]\n   output: true\n*/\nbool reduceLogicalXOR(std::vector<bool> const& x) {",25_reduce_xor,reduce,cpp,hpx,0.2,0.95,True,2048,False,"bool reduceLogicalXOR(std::vector<bool> const& x) {\n    return hpx::reduce(hpx::execution::par, x.begin(), x.end(), false,\n        [](bool a, bool b) { return a ^ b; });\n}",False,True,,8,N/A,,,,,4.099697828292847
"#include <hpx/hpx_main.hpp>\n\n/* Return the logical XOR reduction of the vector of bools x.\n   Use HPX to reduce in parallel.  Assume HPX has already been initialized.\n   Example:\n\n   input: [false, false, false, true]\n   output: true\n*/\nbool reduceLogicalXOR(std::vector<bool> const& x) {",25_reduce_xor,reduce,cpp,hpx,0.2,0.95,True,2048,False,"bool reduceLogicalXOR(std::vector<bool> const& x) {\n    return hpx::reduce(hpx::execution::par, x.begin(), x.end(), false,\n        [](bool a, bool b) { return a != b; });\n}",False,True,,9,N/A,,,,,3.745619773864746
"#include <hpx/hpx_main.hpp>\n\n/* Return the logical XOR reduction of the vector of bools x.\n   Use HPX to reduce in parallel.  Assume HPX has already been initialized.\n   Example:\n\n   input: [false, false, false, true]\n   output: true\n*/\nbool reduceLogicalXOR(std::vector<bool> const& x) {",25_reduce_xor,reduce,cpp,hpx,0.2,0.95,True,2048,False,"bool reduceLogicalXOR(std::vector<bool> const& x) {\n    return hpx::reduce(hpx::execution::par, x.begin(), x.end(), false, std::bit_xor<bool>{});\n}",False,True,,10,N/A,,,,,3.871018171310425
"#include <hpx/hpx_main.hpp>\n\n/* Return the logical XOR reduction of the vector of bools x.\n   Use HPX to reduce in parallel.  Assume HPX has already been initialized.\n   Example:\n\n   input: [false, false, false, true]\n   output: true\n*/\nbool reduceLogicalXOR(std::vector<bool> const& x) {",25_reduce_xor,reduce,cpp,hpx,0.2,0.95,True,2048,False,"bool reduceLogicalXOR(std::vector<bool> const& x) {\n    return hpx::reduce(hpx::execution::par, x.begin(), x.end(), false, std::logical_xor<bool>{});\n}",False,True,,11,N/A,,,,,4.998361587524414
"#include <hpx/hpx_main.hpp>\n\n/* Return the logical XOR reduction of the vector of bools x.\n   Use HPX to reduce in parallel.  Assume HPX has already been initialized.\n   Example:\n\n   input: [false, false, false, true]\n   output: true\n*/\nbool reduceLogicalXOR(std::vector<bool> const& x) {",25_reduce_xor,reduce,cpp,hpx,0.2,0.95,True,2048,False,"bool reduceLogicalXOR(std::vector<bool> const& x) {\n    return hpx::reduce(hpx::execution::par, x.begin(), x.end(), false, std::logical_xor<bool>());\n}",False,True,,12,N/A,,,,,2.9852190017700195
"#include <hpx/hpx_main.hpp>\n\n/* Return the logical XOR reduction of the vector of bools x.\n   Use HPX to reduce in parallel.  Assume HPX has already been initialized.\n   Example:\n\n   input: [false, false, false, true]\n   output: true\n*/\nbool reduceLogicalXOR(std::vector<bool> const& x) {",25_reduce_xor,reduce,cpp,hpx,0.2,0.95,True,2048,False,"bool reduceLogicalXOR(std::vector<bool> const& x) {\n    return hpx::reduce(hpx::execution::par, x.begin(), x.end(), false,\n        [](bool a, bool b) { return a ^ b; });\n}",False,True,,13,N/A,,,,,5.626171112060547
"#include <hpx/hpx_main.hpp>\n\n/* Return the logical XOR reduction of the vector of bools x.\n   Use HPX to reduce in parallel.  Assume HPX has already been initialized.\n   Example:\n\n   input: [false, false, false, true]\n   output: true\n*/\nbool reduceLogicalXOR(std::vector<bool> const& x) {",25_reduce_xor,reduce,cpp,hpx,0.2,0.95,True,2048,False,"{\n    return hpx::reduce(hpx::execution::par, x.begin(), x.end(), false, std::bit_xor<bool>{});\n}",False,True,,14,N/A,,,,,3.526346206665039
"#include <hpx/hpx_main.hpp>\n\n/* Return the logical XOR reduction of the vector of bools x.\n   Use HPX to reduce in parallel.  Assume HPX has already been initialized.\n   Example:\n\n   input: [false, false, false, true]\n   output: true\n*/\nbool reduceLogicalXOR(std::vector<bool> const& x) {",25_reduce_xor,reduce,cpp,hpx,0.2,0.95,True,2048,False,"bool reduceLogicalXOR(std::vector<bool> const& x) {\n    return hpx::reduce(hpx::execution::par, x.begin(), x.end(), false, std::bit_xor<bool>());\n}",False,True,,15,N/A,,,,,4.061432361602783
"#include <hpx/hpx_main.hpp>\n\n/* Return the logical XOR reduction of the vector of bools x.\n   Use HPX to reduce in parallel.  Assume HPX has already been initialized.\n   Example:\n\n   input: [false, false, false, true]\n   output: true\n*/\nbool reduceLogicalXOR(std::vector<bool> const& x) {",25_reduce_xor,reduce,cpp,hpx,0.2,0.95,True,2048,False,"bool reduceLogicalXOR(std::vector<bool> const& x) {\n    return hpx::reduce(hpx::execution::par, x.begin(), x.end(), false, std::bit_xor<bool>{});\n}",False,True,,16,N/A,,,,,53.76716089248657
"#include <hpx/hpx_main.hpp>\n\n/* Return the logical XOR reduction of the vector of bools x.\n   Use HPX to reduce in parallel.  Assume HPX has already been initialized.\n   Example:\n\n   input: [false, false, false, true]\n   output: true\n*/\nbool reduceLogicalXOR(std::vector<bool> const& x) {",25_reduce_xor,reduce,cpp,hpx,0.2,0.95,True,2048,False,"bool reduceLogicalXOR(std::vector<bool> const& x) {\n    return hpx::reduce(hpx::execution::par, x.begin(), x.end(), false, std::bit_xor<bool>{});\n}",False,True,,17,N/A,,,,,4.6186957359313965
"#include <hpx/hpx_main.hpp>\n\n/* Return the logical XOR reduction of the vector of bools x.\n   Use HPX to reduce in parallel.  Assume HPX has already been initialized.\n   Example:\n\n   input: [false, false, false, true]\n   output: true\n*/\nbool reduceLogicalXOR(std::vector<bool> const& x) {",25_reduce_xor,reduce,cpp,hpx,0.2,0.95,True,2048,False,"bool reduceLogicalXOR(std::vector<bool> const& x) {\n    return hpx::reduce(hpx::execution::par, x.begin(), x.end(), false, std::logical_xor<bool>{});\n}",False,True,,18,N/A,,,,,3.6617202758789062
"#include <hpx/hpx_main.hpp>\n\n/* Return the logical XOR reduction of the vector of bools x.\n   Use HPX to reduce in parallel.  Assume HPX has already been initialized.\n   Example:\n\n   input: [false, false, false, true]\n   output: true\n*/\nbool reduceLogicalXOR(std::vector<bool> const& x) {",25_reduce_xor,reduce,cpp,hpx,0.2,0.95,True,2048,False,"bool reduceLogicalXOR(std::vector<bool> const& x) {\n    return hpx::reduce(hpx::execution::par, x.begin(), x.end(), false, std::bit_xor<bool>());\n}",False,True,,19,N/A,,,,,4.100542783737183
"#include <hpx/hpx_main.hpp>\n\n/* Return the logical XOR reduction of the vector of bools x.\n   Use HPX to reduce in parallel.  Assume HPX has already been initialized.\n   Example:\n\n   input: [false, false, false, true]\n   output: true\n*/\nbool reduceLogicalXOR(std::vector<bool> const& x) {",25_reduce_xor,reduce,cpp,hpx,0.2,0.95,True,2048,False,"bool reduceLogicalXOR(std::vector<bool> const& x) {\n    return hpx::reduce(hpx::execution::par, x.begin(), x.end(), false, std::bit_xor<bool>{});\n}",False,True,,20,N/A,,,,,3.644517421722412
"#include <hpx/hpx_main.hpp>\n\n/* Return the logical XOR reduction of the vector of bools x.\n   Use HPX to reduce in parallel.  Assume HPX has already been initialized.\n   Example:\n\n   input: [false, false, false, true]\n   output: true\n*/\nbool reduceLogicalXOR(std::vector<bool> const& x) {",25_reduce_xor,reduce,cpp,hpx,0.2,0.95,True,2048,False,"bool reduceLogicalXOR(std::vector<bool> const& x) {\n    return hpx::reduce(hpx::execution::par, x.begin(), x.end(), false, std::bit_xor<bool>{});\n}",False,True,,21,N/A,,,,,4.093829870223999
"#include <hpx/hpx_main.hpp>\n\n/* Return the logical XOR reduction of the vector of bools x.\n   Use HPX to reduce in parallel.  Assume HPX has already been initialized.\n   Example:\n\n   input: [false, false, false, true]\n   output: true\n*/\nbool reduceLogicalXOR(std::vector<bool> const& x) {",25_reduce_xor,reduce,cpp,hpx,0.2,0.95,True,2048,False,"bool reduceLogicalXOR(std::vector<bool> const& x) {\n    return hpx::reduce(hpx::execution::par, x.begin(), x.end(), false, std::logical_xor<bool>{});\n}",False,True,,22,N/A,,,,,5.49086332321167
"#include <hpx/hpx_main.hpp>\n\n/* Return the logical XOR reduction of the vector of bools x.\n   Use HPX to reduce in parallel.  Assume HPX has already been initialized.\n   Example:\n\n   input: [false, false, false, true]\n   output: true\n*/\nbool reduceLogicalXOR(std::vector<bool> const& x) {",25_reduce_xor,reduce,cpp,hpx,0.2,0.95,True,2048,False,"bool reduceLogicalXOR(std::vector<bool> const& x) {\n    return hpx::reduce(hpx::execution::par, x.begin(), x.end(), false, std::logical_xor<bool>());\n}",False,True,,23,N/A,,,,,4.749395132064819
"#include <hpx/hpx_main.hpp>\n\n/* Return the logical XOR reduction of the vector of bools x.\n   Use HPX to reduce in parallel.  Assume HPX has already been initialized.\n   Example:\n\n   input: [false, false, false, true]\n   output: true\n*/\nbool reduceLogicalXOR(std::vector<bool> const& x) {",25_reduce_xor,reduce,cpp,hpx,0.2,0.95,True,2048,False,"bool reduceLogicalXOR(std::vector<bool> const& x) {\n    return hpx::reduce(hpx::execution::par, x.begin(), x.end(), false, std::bit_xor<bool>());\n}",False,True,,24,N/A,,,,,5.0571630001068115
"#include <hpx/hpx_main.hpp>\n\n/* Return the logical XOR reduction of the vector of bools x.\n   Use HPX to reduce in parallel.  Assume HPX has already been initialized.\n   Example:\n\n   input: [false, false, false, true]\n   output: true\n*/\nbool reduceLogicalXOR(std::vector<bool> const& x) {",25_reduce_xor,reduce,cpp,hpx,0.2,0.95,True,2048,False,"return hpx::reduce(\n        hpx::execution::par, x.begin(), x.end(), false,\n        [](bool a, bool b) { return a ^ b; }\n    );",False,True,,25,N/A,,,,,4.232994794845581
"#include <hpx/hpx_main.hpp>\n\n/* Return the logical XOR reduction of the vector of bools x.\n   Use HPX to reduce in parallel.  Assume HPX has already been initialized.\n   Example:\n\n   input: [false, false, false, true]\n   output: true\n*/\nbool reduceLogicalXOR(std::vector<bool> const& x) {",25_reduce_xor,reduce,cpp,hpx,0.2,0.95,True,2048,False,"return hpx::reduce(hpx::execution::par, x.begin(), x.end(), false, std::bit_xor<bool>{});",False,True,,26,N/A,,,,,3.3447136878967285
"#include <hpx/hpx_main.hpp>\n\n/* Return the logical XOR reduction of the vector of bools x.\n   Use HPX to reduce in parallel.  Assume HPX has already been initialized.\n   Example:\n\n   input: [false, false, false, true]\n   output: true\n*/\nbool reduceLogicalXOR(std::vector<bool> const& x) {",25_reduce_xor,reduce,cpp,hpx,0.2,0.95,True,2048,False,"bool reduceLogicalXOR(std::vector<bool> const& x) {\n    return hpx::reduce(hpx::execution::par, x.begin(), x.end(), false, std::logical_xor<bool>{});\n}",False,True,,27,N/A,,,,,4.314047813415527
"#include <hpx/hpx_main.hpp>\n\n/* Return the logical XOR reduction of the vector of bools x.\n   Use HPX to reduce in parallel.  Assume HPX has already been initialized.\n   Example:\n\n   input: [false, false, false, true]\n   output: true\n*/\nbool reduceLogicalXOR(std::vector<bool> const& x) {",25_reduce_xor,reduce,cpp,hpx,0.2,0.95,True,2048,False,"bool reduceLogicalXOR(std::vector<bool> const& x) {\n    return hpx::reduce(hpx::execution::par, x.begin(), x.end(), false, std::bit_xor<bool>{});\n}",False,True,,28,N/A,,,,,4.519439458847046
"#include <hpx/hpx_main.hpp>\n\n/* Return the logical XOR reduction of the vector of bools x.\n   Use HPX to reduce in parallel.  Assume HPX has already been initialized.\n   Example:\n\n   input: [false, false, false, true]\n   output: true\n*/\nbool reduceLogicalXOR(std::vector<bool> const& x) {",25_reduce_xor,reduce,cpp,hpx,0.2,0.95,True,2048,False,"bool reduceLogicalXOR(std::vector<bool> const& x) {\n    return hpx::reduce(hpx::execution::par, x.begin(), x.end(), false, std::bit_xor<bool>());\n}",False,True,,29,N/A,,,,,2.9845337867736816
"#include <hpx/hpx_main.hpp>\n\n/* Return the logical XOR reduction of the vector of bools x.\n   Use HPX to reduce in parallel.  Assume HPX has already been initialized.\n   Example:\n\n   input: [false, false, false, true]\n   output: true\n*/\nbool reduceLogicalXOR(std::vector<bool> const& x) {",25_reduce_xor,reduce,cpp,hpx,0.2,0.95,True,2048,False,"bool reduceLogicalXOR(std::vector<bool> const& x) {\n    return hpx::reduce(\n        hpx::execution::par, x.begin(), x.end(), false,\n        [](bool a, bool b) { return std::logical_xor<bool>{}(a, b); });\n}",False,True,,30,N/A,,,,,6.18811559677124
"#include <hpx/hpx_main.hpp>\n\n/* Return the logical XOR reduction of the vector of bools x.\n   Use HPX to reduce in parallel.  Assume HPX has already been initialized.\n   Example:\n\n   input: [false, false, false, true]\n   output: true\n*/\nbool reduceLogicalXOR(std::vector<bool> const& x) {",25_reduce_xor,reduce,cpp,hpx,0.2,0.95,True,2048,False,"bool reduceLogicalXOR(std::vector<bool> const& x) {\n    return hpx::reduce(hpx::execution::par, x.begin(), x.end(), false,\n        [](bool a, bool b) { return a != b; });\n}",False,True,,31,N/A,,,,,5.084813117980957
"#include <hpx/hpx_main.hpp>\n\n/* Return the logical XOR reduction of the vector of bools x.\n   Use HPX to reduce in parallel.  Assume HPX has already been initialized.\n   Example:\n\n   input: [false, false, false, true]\n   output: true\n*/\nbool reduceLogicalXOR(std::vector<bool> const& x) {",25_reduce_xor,reduce,cpp,hpx,0.2,0.95,True,2048,False,"return hpx::reduce(hpx::execution::par, x.begin(), x.end(), false, std::bit_xor<bool>{});",False,True,,32,N/A,,,,,4.829467535018921
"#include <hpx/hpx_main.hpp>\n\n/* Return the logical XOR reduction of the vector of bools x.\n   Use HPX to reduce in parallel.  Assume HPX has already been initialized.\n   Example:\n\n   input: [false, false, false, true]\n   output: true\n*/\nbool reduceLogicalXOR(std::vector<bool> const& x) {",25_reduce_xor,reduce,cpp,hpx,0.2,0.95,True,2048,False,"bool reduceLogicalXOR(std::vector<bool> const& x) {\n    return hpx::reduce(hpx::execution::par, x.begin(), x.end(), false, std::bit_xor<bool>{});\n}",False,True,,33,N/A,,,,,4.241324186325073
"#include <hpx/hpx_main.hpp>\n\n/* Return the logical XOR reduction of the vector of bools x.\n   Use HPX to reduce in parallel.  Assume HPX has already been initialized.\n   Example:\n\n   input: [false, false, false, true]\n   output: true\n*/\nbool reduceLogicalXOR(std::vector<bool> const& x) {",25_reduce_xor,reduce,cpp,hpx,0.2,0.95,True,2048,False,"bool reduceLogicalXOR(std::vector<bool> const& x) {\n    return hpx::reduce(hpx::execution::par, x.begin(), x.end(), false, std::bit_xor<bool>{});\n}",False,True,,34,N/A,,,,,5.173836946487427
"#include <hpx/hpx_main.hpp>\n\n/* Return the logical XOR reduction of the vector of bools x.\n   Use HPX to reduce in parallel.  Assume HPX has already been initialized.\n   Example:\n\n   input: [false, false, false, true]\n   output: true\n*/\nbool reduceLogicalXOR(std::vector<bool> const& x) {",25_reduce_xor,reduce,cpp,hpx,0.2,0.95,True,2048,False,"return hpx::reduce(hpx::execution::par, x.begin(), x.end(), false, std::logical_xor<bool>{});",False,True,,35,N/A,,,,,4.161689519882202
"#include <hpx/hpx_main.hpp>\n\n/* Return the logical XOR reduction of the vector of bools x.\n   Use HPX to reduce in parallel.  Assume HPX has already been initialized.\n   Example:\n\n   input: [false, false, false, true]\n   output: true\n*/\nbool reduceLogicalXOR(std::vector<bool> const& x) {",25_reduce_xor,reduce,cpp,hpx,0.2,0.95,True,2048,False,"bool reduceLogicalXOR(std::vector<bool> const& x) {\n    return hpx::reduce(hpx::execution::par, x.begin(), x.end(), false, std::logical_xor<bool>{});\n}",False,True,,36,N/A,,,,,3.9971680641174316
"#include <hpx/hpx_main.hpp>\n\n/* Return the logical XOR reduction of the vector of bools x.\n   Use HPX to reduce in parallel.  Assume HPX has already been initialized.\n   Example:\n\n   input: [false, false, false, true]\n   output: true\n*/\nbool reduceLogicalXOR(std::vector<bool> const& x) {",25_reduce_xor,reduce,cpp,hpx,0.2,0.95,True,2048,False,"bool reduceLogicalXOR(std::vector<bool> const& x) {\n    return hpx::ranges::transform_reduce(\n        hpx::execution::par,\n        x,\n        false,                      // identity\n        std::bit_xor<bool>{},       // reduction (XOR)\n        [](bool v) { return v; }    // ensure proxy -> bool\n    );\n}",False,True,,37,N/A,,,,,3.9206600189208984
"#include <hpx/hpx_main.hpp>\n\n/* Return the logical XOR reduction of the vector of bools x.\n   Use HPX to reduce in parallel.  Assume HPX has already been initialized.\n   Example:\n\n   input: [false, false, false, true]\n   output: true\n*/\nbool reduceLogicalXOR(std::vector<bool> const& x) {",25_reduce_xor,reduce,cpp,hpx,0.2,0.95,True,2048,False,"bool reduceLogicalXOR(std::vector<bool> const& x) {\n    return hpx::reduce(hpx::execution::par, x.begin(), x.end(), false,\n                       [](bool a, bool b) { return a ^ b; });\n}",False,True,,38,N/A,,,,,4.901298522949219
"#include <hpx/hpx_main.hpp>\n\n/* Return the logical XOR reduction of the vector of bools x.\n   Use HPX to reduce in parallel.  Assume HPX has already been initialized.\n   Example:\n\n   input: [false, false, false, true]\n   output: true\n*/\nbool reduceLogicalXOR(std::vector<bool> const& x) {",25_reduce_xor,reduce,cpp,hpx,0.2,0.95,True,2048,False,"bool reduceLogicalXOR(std::vector<bool> const& x) {\n    return hpx::reduce(hpx::execution::par, x.begin(), x.end(),\n                       false, std::bit_xor<bool>());\n}",False,True,,39,N/A,,,,,4.9381279945373535
"#include <hpx/hpx_main.hpp>\n\n/* Return the logical XOR reduction of the vector of bools x.\n   Use HPX to reduce in parallel.  Assume HPX has already been initialized.\n   Example:\n\n   input: [false, false, false, true]\n   output: true\n*/\nbool reduceLogicalXOR(std::vector<bool> const& x) {",25_reduce_xor,reduce,cpp,hpx,0.2,0.95,True,2048,False,"bool reduceLogicalXOR(std::vector<bool> const& x) {\n    return hpx::reduce(hpx::execution::par, x.begin(), x.end(), false, std::logical_xor<bool>{});\n}",False,True,,40,N/A,,,,,4.9438652992248535
"#include <hpx/hpx_main.hpp>\n\n/* Return the logical XOR reduction of the vector of bools x.\n   Use HPX to reduce in parallel.  Assume HPX has already been initialized.\n   Example:\n\n   input: [false, false, false, true]\n   output: true\n*/\nbool reduceLogicalXOR(std::vector<bool> const& x) {",25_reduce_xor,reduce,cpp,hpx,0.2,0.95,True,2048,False,"bool reduceLogicalXOR(std::vector<bool> const& x) {\n    return hpx::reduce(hpx::execution::par, x.begin(), x.end(), false,\n                       [](bool a, bool b) { return a ^ b; });\n}",False,True,,41,N/A,,,,,4.255223989486694
"#include <hpx/hpx_main.hpp>\n\n/* Return the logical XOR reduction of the vector of bools x.\n   Use HPX to reduce in parallel.  Assume HPX has already been initialized.\n   Example:\n\n   input: [false, false, false, true]\n   output: true\n*/\nbool reduceLogicalXOR(std::vector<bool> const& x) {",25_reduce_xor,reduce,cpp,hpx,0.2,0.95,True,2048,False,"bool reduceLogicalXOR(std::vector<bool> const& x) {\n    return hpx::reduce(hpx::execution::par, x.begin(), x.end(), false, std::bit_xor<bool>());\n}",False,True,,42,N/A,,,,,3.6934568881988525
"#include <hpx/hpx_main.hpp>\n\n/* Return the logical XOR reduction of the vector of bools x.\n   Use HPX to reduce in parallel.  Assume HPX has already been initialized.\n   Example:\n\n   input: [false, false, false, true]\n   output: true\n*/\nbool reduceLogicalXOR(std::vector<bool> const& x) {",25_reduce_xor,reduce,cpp,hpx,0.2,0.95,True,2048,False,"bool reduceLogicalXOR(std::vector<bool> const& x) {\n    return hpx::reduce(hpx::execution::par, x.begin(), x.end(), false, std::bit_xor<bool>{});\n}",False,True,,43,N/A,,,,,4.671888828277588
"#include <hpx/hpx_main.hpp>\n\n/* Return the logical XOR reduction of the vector of bools x.\n   Use HPX to reduce in parallel.  Assume HPX has already been initialized.\n   Example:\n\n   input: [false, false, false, true]\n   output: true\n*/\nbool reduceLogicalXOR(std::vector<bool> const& x) {",25_reduce_xor,reduce,cpp,hpx,0.2,0.95,True,2048,False,"return hpx::reduce(hpx::execution::par, x.begin(), x.end(), false, std::bit_xor<bool>{});",False,True,,44,N/A,,,,,3.8012442588806152
"#include <hpx/hpx_main.hpp>\n\n/* Return the logical XOR reduction of the vector of bools x.\n   Use HPX to reduce in parallel.  Assume HPX has already been initialized.\n   Example:\n\n   input: [false, false, false, true]\n   output: true\n*/\nbool reduceLogicalXOR(std::vector<bool> const& x) {",25_reduce_xor,reduce,cpp,hpx,0.2,0.95,True,2048,False,"bool reduceLogicalXOR(std::vector<bool> const& x) {\n    return hpx::reduce(hpx::execution::par, x.begin(), x.end(), false,\n        [](bool a, bool b) noexcept { return a ^ b; });\n}",False,True,,45,N/A,,,,,4.00900673866272
"#include <hpx/hpx_main.hpp>\n\n/* Return the logical XOR reduction of the vector of bools x.\n   Use HPX to reduce in parallel.  Assume HPX has already been initialized.\n   Example:\n\n   input: [false, false, false, true]\n   output: true\n*/\nbool reduceLogicalXOR(std::vector<bool> const& x) {",25_reduce_xor,reduce,cpp,hpx,0.2,0.95,True,2048,False,"return hpx::reduce(hpx::execution::par, x.begin(), x.end(), false, std::bit_xor<bool>{});",False,True,,46,N/A,,,,,4.71436882019043
"#include <hpx/hpx_main.hpp>\n\n/* Return the logical XOR reduction of the vector of bools x.\n   Use HPX to reduce in parallel.  Assume HPX has already been initialized.\n   Example:\n\n   input: [false, false, false, true]\n   output: true\n*/\nbool reduceLogicalXOR(std::vector<bool> const& x) {",25_reduce_xor,reduce,cpp,hpx,0.2,0.95,True,2048,False,"bool reduceLogicalXOR(std::vector<bool> const& x) {\n    return hpx::transform_reduce(\n        hpx::execution::par, x.begin(), x.end(),\n        false, std::logical_xor<bool>{},\n        [](bool b) { return b; }\n    );\n}",False,True,,47,N/A,,,,,8.443735122680664
"#include <hpx/hpx_main.hpp>\n\n/* Return the logical XOR reduction of the vector of bools x.\n   Use HPX to reduce in parallel.  Assume HPX has already been initialized.\n   Example:\n\n   input: [false, false, false, true]\n   output: true\n*/\nbool reduceLogicalXOR(std::vector<bool> const& x) {",25_reduce_xor,reduce,cpp,hpx,0.2,0.95,True,2048,False,"bool reduceLogicalXOR(std::vector<bool> const& x) {\n    return hpx::transform_reduce(\n        hpx::execution::par, x.begin(), x.end(), false,\n        std::bit_xor<bool>{},\n        [](auto v) { return static_cast<bool>(v); });\n}",False,True,,48,N/A,,,,,9.329960107803345
"#include <hpx/hpx_main.hpp>\n\n/* Return the logical XOR reduction of the vector of bools x.\n   Use HPX to reduce in parallel.  Assume HPX has already been initialized.\n   Example:\n\n   input: [false, false, false, true]\n   output: true\n*/\nbool reduceLogicalXOR(std::vector<bool> const& x) {",25_reduce_xor,reduce,cpp,hpx,0.2,0.95,True,2048,False,"bool reduceLogicalXOR(std::vector<bool> const& x) {\n    return hpx::reduce(hpx::execution::par, x.begin(), x.end(), false, std::logical_xor<bool>{});\n}",False,True,,49,N/A,,,,,4.91503119468689
"#include <hpx/hpx_main.hpp>\n\n/* Return the logical XOR reduction of the vector of bools x.\n   Use HPX to reduce in parallel.  Assume HPX has already been initialized.\n   Example:\n\n   input: [false, false, false, true]\n   output: true\n*/\nbool reduceLogicalXOR(std::vector<bool> const& x) {",25_reduce_xor,reduce,cpp,hpx,0.2,0.95,True,2048,False,"bool reduceLogicalXOR(std::vector<bool> const& x) {\n    return hpx::reduce(hpx::execution::par, x.begin(), x.end(), false,\n                       [](bool a, bool b) { return a ^ b; });\n}",False,True,,50,N/A,,,,,6.554887294769287
"#include <hpx/hpx_main.hpp>\n\n/* Return the logical XOR reduction of the vector of bools x.\n   Use HPX to reduce in parallel.  Assume HPX has already been initialized.\n   Example:\n\n   input: [false, false, false, true]\n   output: true\n*/\nbool reduceLogicalXOR(std::vector<bool> const& x) {",25_reduce_xor,reduce,cpp,hpx,0.2,0.95,True,2048,False,"bool reduceLogicalXOR(std::vector<bool> const& x) {\n    return hpx::reduce(hpx::execution::par, x.begin(), x.end(), false, std::logical_xor<bool>{});\n}",False,True,,51,N/A,,,,,3.63527512550354
"#include <hpx/hpx_main.hpp>\n\n/* Return the logical XOR reduction of the vector of bools x.\n   Use HPX to reduce in parallel.  Assume HPX has already been initialized.\n   Example:\n\n   input: [false, false, false, true]\n   output: true\n*/\nbool reduceLogicalXOR(std::vector<bool> const& x) {",25_reduce_xor,reduce,cpp,hpx,0.2,0.95,True,2048,False,"bool reduceLogicalXOR(std::vector<bool> const& x) {\n    return hpx::reduce(hpx::execution::par, x.begin(), x.end(), false, std::bit_xor<bool>{});\n}",False,True,,52,N/A,,,,,5.627715587615967
"#include <hpx/hpx_main.hpp>\n\n/* Return the logical XOR reduction of the vector of bools x.\n   Use HPX to reduce in parallel.  Assume HPX has already been initialized.\n   Example:\n\n   input: [false, false, false, true]\n   output: true\n*/\nbool reduceLogicalXOR(std::vector<bool> const& x) {",25_reduce_xor,reduce,cpp,hpx,0.2,0.95,True,2048,False,"bool reduceLogicalXOR(std::vector<bool> const& x) {\n    return hpx::reduce(hpx::execution::par, x.begin(), x.end(), false, std::logical_xor<bool>{});\n}",False,True,,53,N/A,,,,,6.5246148109436035
"#include <hpx/hpx_main.hpp>\n\n/* Return the logical XOR reduction of the vector of bools x.\n   Use HPX to reduce in parallel.  Assume HPX has already been initialized.\n   Example:\n\n   input: [false, false, false, true]\n   output: true\n*/\nbool reduceLogicalXOR(std::vector<bool> const& x) {",25_reduce_xor,reduce,cpp,hpx,0.2,0.95,True,2048,False,"bool reduceLogicalXOR(std::vector<bool> const& x) {\n    return hpx::transform_reduce(\n        hpx::execution::par,\n        x.begin(), x.end(),\n        false,\n        std::bit_xor<bool>{},\n        [](auto b) { return static_cast<bool>(b); }\n    );\n}",False,True,,54,N/A,,,,,8.010860204696655
"#include <hpx/hpx_main.hpp>\n\n/* Return the logical XOR reduction of the vector of bools x.\n   Use HPX to reduce in parallel.  Assume HPX has already been initialized.\n   Example:\n\n   input: [false, false, false, true]\n   output: true\n*/\nbool reduceLogicalXOR(std::vector<bool> const& x) {",25_reduce_xor,reduce,cpp,hpx,0.2,0.95,True,2048,False,"bool reduceLogicalXOR(std::vector<bool> const& x) {\n    return hpx::reduce(hpx::execution::par, x.begin(), x.end(), false, std::bit_xor<bool>());\n}",False,True,,55,N/A,,,,,5.068282127380371
"#include <hpx/hpx_main.hpp>\n\n/* Return the logical XOR reduction of the vector of bools x.\n   Use HPX to reduce in parallel.  Assume HPX has already been initialized.\n   Example:\n\n   input: [false, false, false, true]\n   output: true\n*/\nbool reduceLogicalXOR(std::vector<bool> const& x) {",25_reduce_xor,reduce,cpp,hpx,0.2,0.95,True,2048,False,"bool reduceLogicalXOR(std::vector<bool> const& x) {\n    return hpx::reduce(hpx::execution::par, x.begin(), x.end(), false, std::logical_xor<bool>());\n}",False,True,,56,N/A,,,,,5.339698076248169
"#include <hpx/hpx_main.hpp>\n\n/* Return the logical XOR reduction of the vector of bools x.\n   Use HPX to reduce in parallel.  Assume HPX has already been initialized.\n   Example:\n\n   input: [false, false, false, true]\n   output: true\n*/\nbool reduceLogicalXOR(std::vector<bool> const& x) {",25_reduce_xor,reduce,cpp,hpx,0.2,0.95,True,2048,False,"bool reduceLogicalXOR(std::vector<bool> const& x) {\n    return hpx::reduce(\n        hpx::execution::par, x.begin(), x.end(), false, std::logical_xor<bool>());\n}",False,True,,57,N/A,,,,,4.053418397903442
"#include <hpx/hpx_main.hpp>\n\n/* Return the logical XOR reduction of the vector of bools x.\n   Use HPX to reduce in parallel.  Assume HPX has already been initialized.\n   Example:\n\n   input: [false, false, false, true]\n   output: true\n*/\nbool reduceLogicalXOR(std::vector<bool> const& x) {",25_reduce_xor,reduce,cpp,hpx,0.2,0.95,True,2048,False,"bool reduceLogicalXOR(std::vector<bool> const& x) {\n    return hpx::reduce(hpx::execution::par, x.begin(), x.end(), false,\n        [](bool a, bool b) { return a ^ b; });\n}",False,True,,58,N/A,,,,,4.233330249786377
"#include <hpx/hpx_main.hpp>\n\n/* Return the logical XOR reduction of the vector of bools x.\n   Use HPX to reduce in parallel.  Assume HPX has already been initialized.\n   Example:\n\n   input: [false, false, false, true]\n   output: true\n*/\nbool reduceLogicalXOR(std::vector<bool> const& x) {",25_reduce_xor,reduce,cpp,hpx,0.2,0.95,True,2048,False,"bool reduceLogicalXOR(std::vector<bool> const& x) {\n    return hpx::reduce(hpx::execution::par, x.begin(), x.end(), false, std::logical_xor<bool>{});\n}",False,True,,59,N/A,,,,,4.936921119689941
"#include <hpx/hpx_main.hpp>\n\n/* Return the logical XOR reduction of the vector of bools x.\n   Use HPX to reduce in parallel.  Assume HPX has already been initialized.\n   Example:\n\n   input: [false, false, false, true]\n   output: true\n*/\nbool reduceLogicalXOR(std::vector<bool> const& x) {",25_reduce_xor,reduce,cpp,hpx,0.2,0.95,True,2048,False,"{\n    return hpx::reduce(hpx::execution::par, x.begin(), x.end(), false, std::bit_xor<bool>{});\n}",False,True,,60,N/A,,,,,3.146456480026245
"#include <hpx/hpx_main.hpp>\n\n/* Return the logical XOR reduction of the vector of bools x.\n   Use HPX to reduce in parallel.  Assume HPX has already been initialized.\n   Example:\n\n   input: [false, false, false, true]\n   output: true\n*/\nbool reduceLogicalXOR(std::vector<bool> const& x) {",25_reduce_xor,reduce,cpp,hpx,0.2,0.95,True,2048,False,"bool reduceLogicalXOR(std::vector<bool> const& x) {\n    return hpx::reduce(hpx::execution::par, x.begin(), x.end(), false, std::bit_xor<bool>{});\n}",False,True,,61,N/A,,,,,4.016550302505493
"#include <hpx/hpx_main.hpp>\n\n/* Return the logical XOR reduction of the vector of bools x.\n   Use HPX to reduce in parallel.  Assume HPX has already been initialized.\n   Example:\n\n   input: [false, false, false, true]\n   output: true\n*/\nbool reduceLogicalXOR(std::vector<bool> const& x) {",25_reduce_xor,reduce,cpp,hpx,0.2,0.95,True,2048,False,"bool reduceLogicalXOR(std::vector<bool> const& x) {\n    return hpx::reduce(hpx::execution::par, x.begin(), x.end(), false, std::logical_xor<bool>{});\n}",False,True,,62,N/A,,,,,5.287633180618286
"#include <hpx/hpx_main.hpp>\n\n/* Return the logical XOR reduction of the vector of bools x.\n   Use HPX to reduce in parallel.  Assume HPX has already been initialized.\n   Example:\n\n   input: [false, false, false, true]\n   output: true\n*/\nbool reduceLogicalXOR(std::vector<bool> const& x) {",25_reduce_xor,reduce,cpp,hpx,0.2,0.95,True,2048,False,"bool reduceLogicalXOR(std::vector<bool> const& x) {\n    return hpx::reduce(hpx::execution::par, x.begin(), x.end(), false, std::logical_xor<bool>{});\n}",False,True,,63,N/A,,,,,3.4198057651519775
"#include <hpx/hpx_main.hpp>\n\n/* Return the logical XOR reduction of the vector of bools x.\n   Use HPX to reduce in parallel.  Assume HPX has already been initialized.\n   Example:\n\n   input: [false, false, false, true]\n   output: true\n*/\nbool reduceLogicalXOR(std::vector<bool> const& x) {",25_reduce_xor,reduce,cpp,hpx,0.2,0.95,True,2048,False,"bool reduceLogicalXOR(std::vector<bool> const& x) {\n    std::size_t ones = hpx::ranges::count(hpx::execution::par, x, true);\n    return (ones & 1) != 0;\n}",False,True,,64,N/A,,,,,5.579587459564209
"#include <hpx/hpx_main.hpp>\n\n/* Return the logical XOR reduction of the vector of bools x.\n   Use HPX to reduce in parallel.  Assume HPX has already been initialized.\n   Example:\n\n   input: [false, false, false, true]\n   output: true\n*/\nbool reduceLogicalXOR(std::vector<bool> const& x) {",25_reduce_xor,reduce,cpp,hpx,0.2,0.95,True,2048,False,"return hpx::transform_reduce(\n        hpx::execution::par, x.begin(), x.end(), false,\n        std::bit_xor<bool>{},\n        [](bool b) { return b; }\n    );",False,True,,65,N/A,,,,,4.704519748687744
"#include <hpx/hpx_main.hpp>\n\n/* Return the logical XOR reduction of the vector of bools x.\n   Use HPX to reduce in parallel.  Assume HPX has already been initialized.\n   Example:\n\n   input: [false, false, false, true]\n   output: true\n*/\nbool reduceLogicalXOR(std::vector<bool> const& x) {",25_reduce_xor,reduce,cpp,hpx,0.2,0.95,True,2048,False,"bool reduceLogicalXOR(std::vector<bool> const& x) {\n    return hpx::reduce(hpx::execution::par, x.begin(), x.end(), false,\n                       [](bool a, bool b) { return a ^ b; });\n}",False,True,,66,N/A,,,,,4.909587144851685
"#include <hpx/hpx_main.hpp>\n\n/* Return the logical XOR reduction of the vector of bools x.\n   Use HPX to reduce in parallel.  Assume HPX has already been initialized.\n   Example:\n\n   input: [false, false, false, true]\n   output: true\n*/\nbool reduceLogicalXOR(std::vector<bool> const& x) {",25_reduce_xor,reduce,cpp,hpx,0.2,0.95,True,2048,False,"bool reduceLogicalXOR(std::vector<bool> const& x) {\n    return hpx::reduce(hpx::execution::par, x.begin(), x.end(), false,\n                       std::logical_xor<bool>());\n}",False,True,,67,N/A,,,,,3.9506521224975586
"#include <hpx/hpx_main.hpp>\n\n/* Return the logical XOR reduction of the vector of bools x.\n   Use HPX to reduce in parallel.  Assume HPX has already been initialized.\n   Example:\n\n   input: [false, false, false, true]\n   output: true\n*/\nbool reduceLogicalXOR(std::vector<bool> const& x) {",25_reduce_xor,reduce,cpp,hpx,0.2,0.95,True,2048,False,"return hpx::reduce(hpx::execution::par, x.begin(), x.end(), false, std::logical_xor<bool>{});",False,True,,68,N/A,,,,,3.4237117767333984
"#include <hpx/hpx_main.hpp>\n\n/* Return the logical XOR reduction of the vector of bools x.\n   Use HPX to reduce in parallel.  Assume HPX has already been initialized.\n   Example:\n\n   input: [false, false, false, true]\n   output: true\n*/\nbool reduceLogicalXOR(std::vector<bool> const& x) {",25_reduce_xor,reduce,cpp,hpx,0.2,0.95,True,2048,False,"{\n    return hpx::transform_reduce(\n        hpx::execution::par, x.begin(), x.end(),\n        false, std::bit_xor<bool>{},\n        [](bool b) { return b; });\n}",False,True,,69,N/A,,,,,4.9128334522247314
"#include <hpx/hpx_main.hpp>\n\n/* Return the logical XOR reduction of the vector of bools x.\n   Use HPX to reduce in parallel.  Assume HPX has already been initialized.\n   Example:\n\n   input: [false, false, false, true]\n   output: true\n*/\nbool reduceLogicalXOR(std::vector<bool> const& x) {",25_reduce_xor,reduce,cpp,hpx,0.2,0.95,True,2048,False,"bool reduceLogicalXOR(std::vector<bool> const& x) {\n    return hpx::transform_reduce(\n        hpx::execution::par,\n        x.begin(), x.end(),\n        false,\n        [](bool a, bool b) { return a ^ b; },\n        [](auto v) { return static_cast<bool>(v); });\n}",False,True,,70,N/A,,,,,5.5831239223480225
"#include <hpx/hpx_main.hpp>\n\n/* Return the logical XOR reduction of the vector of bools x.\n   Use HPX to reduce in parallel.  Assume HPX has already been initialized.\n   Example:\n\n   input: [false, false, false, true]\n   output: true\n*/\nbool reduceLogicalXOR(std::vector<bool> const& x) {",25_reduce_xor,reduce,cpp,hpx,0.2,0.95,True,2048,False,"bool reduceLogicalXOR(std::vector<bool> const& x) {\n    return hpx::reduce(\n        hpx::execution::par, x.begin(), x.end(), false,\n        [](bool a, bool b) { return a ^ static_cast<bool>(b); }\n    );\n}",False,True,,71,N/A,,,,,5.1538777351379395
"#include <hpx/hpx_main.hpp>\n\n/* Return the logical XOR reduction of the vector of bools x.\n   Use HPX to reduce in parallel.  Assume HPX has already been initialized.\n   Example:\n\n   input: [false, false, false, true]\n   output: true\n*/\nbool reduceLogicalXOR(std::vector<bool> const& x) {",25_reduce_xor,reduce,cpp,hpx,0.2,0.95,True,2048,False,"bool reduceLogicalXOR(std::vector<bool> const& x) {\n    return hpx::reduce(hpx::execution::par, x.begin(), x.end(), false,\n                       [](bool a, bool b) { return a ^ b; });\n}",False,True,,72,N/A,,,,,6.366410732269287
"#include <hpx/hpx_main.hpp>\n\n/* Return the logical XOR reduction of the vector of bools x.\n   Use HPX to reduce in parallel.  Assume HPX has already been initialized.\n   Example:\n\n   input: [false, false, false, true]\n   output: true\n*/\nbool reduceLogicalXOR(std::vector<bool> const& x) {",25_reduce_xor,reduce,cpp,hpx,0.2,0.95,True,2048,False,"bool reduceLogicalXOR(std::vector<bool> const& x) {\n    return hpx::reduce(hpx::execution::par, x.begin(), x.end(), false, std::logical_xor<bool>{});\n}",False,True,,73,N/A,,,,,3.2037835121154785
"#include <hpx/hpx_main.hpp>\n\n/* Return the logical XOR reduction of the vector of bools x.\n   Use HPX to reduce in parallel.  Assume HPX has already been initialized.\n   Example:\n\n   input: [false, false, false, true]\n   output: true\n*/\nbool reduceLogicalXOR(std::vector<bool> const& x) {",25_reduce_xor,reduce,cpp,hpx,0.2,0.95,True,2048,False,"bool reduceLogicalXOR(std::vector<bool> const& x) {\n    return hpx::ranges::transform_reduce(\n        hpx::execution::par, x, false, std::bit_xor<bool>(),\n        [](bool v) { return v; });\n}",False,True,,74,N/A,,,,,5.59248685836792
"#include <hpx/hpx_main.hpp>\n\n/* Return the logical XOR reduction of the vector of bools x.\n   Use HPX to reduce in parallel.  Assume HPX has already been initialized.\n   Example:\n\n   input: [false, false, false, true]\n   output: true\n*/\nbool reduceLogicalXOR(std::vector<bool> const& x) {",25_reduce_xor,reduce,cpp,hpx,0.2,0.95,True,2048,False,"bool reduceLogicalXOR(std::vector<bool> const& x) {\n    return hpx::reduce(hpx::execution::par, x.begin(), x.end(), false, std::bit_xor<bool>());\n}",False,True,,75,N/A,,,,,5.13763165473938
"#include <hpx/hpx_main.hpp>\n\n/* Return the logical XOR reduction of the vector of bools x.\n   Use HPX to reduce in parallel.  Assume HPX has already been initialized.\n   Example:\n\n   input: [false, false, false, true]\n   output: true\n*/\nbool reduceLogicalXOR(std::vector<bool> const& x) {",25_reduce_xor,reduce,cpp,hpx,0.2,0.95,True,2048,False,"bool reduceLogicalXOR(std::vector<bool> const& x) {\n    return hpx::reduce(hpx::execution::par, x.begin(), x.end(), false, std::logical_xor<bool>{});\n}",False,True,,76,N/A,,,,,5.486401319503784
"#include <hpx/hpx_main.hpp>\n\n/* Return the logical XOR reduction of the vector of bools x.\n   Use HPX to reduce in parallel.  Assume HPX has already been initialized.\n   Example:\n\n   input: [false, false, false, true]\n   output: true\n*/\nbool reduceLogicalXOR(std::vector<bool> const& x) {",25_reduce_xor,reduce,cpp,hpx,0.2,0.95,True,2048,False,"bool reduceLogicalXOR(std::vector<bool> const& x) {\n    return hpx::reduce(hpx::execution::par, x.begin(), x.end(), false,\n                       [](bool a, bool b) { return a ^ b; });\n}",False,True,,77,N/A,,,,,4.034773588180542
"#include <hpx/hpx_main.hpp>\n\n/* Return the logical XOR reduction of the vector of bools x.\n   Use HPX to reduce in parallel.  Assume HPX has already been initialized.\n   Example:\n\n   input: [false, false, false, true]\n   output: true\n*/\nbool reduceLogicalXOR(std::vector<bool> const& x) {",25_reduce_xor,reduce,cpp,hpx,0.2,0.95,True,2048,False,"bool reduceLogicalXOR(std::vector<bool> const& x) {\n    return hpx::reduce(hpx::execution::par, x.begin(), x.end(), false, std::bit_xor<bool>{});\n}",False,True,,78,N/A,,,,,4.790661573410034
"#include <hpx/hpx_main.hpp>\n\n/* Return the logical XOR reduction of the vector of bools x.\n   Use HPX to reduce in parallel.  Assume HPX has already been initialized.\n   Example:\n\n   input: [false, false, false, true]\n   output: true\n*/\nbool reduceLogicalXOR(std::vector<bool> const& x) {",25_reduce_xor,reduce,cpp,hpx,0.2,0.95,True,2048,False,"return hpx::reduce(hpx::execution::par, x.begin(), x.end(), false, std::bit_xor<bool>{});",False,True,,79,N/A,,,,,4.2697913646698
"#include <hpx/hpx_main.hpp>\n\n/* Return the logical XOR reduction of the vector of bools x.\n   Use HPX to reduce in parallel.  Assume HPX has already been initialized.\n   Example:\n\n   input: [false, false, false, true]\n   output: true\n*/\nbool reduceLogicalXOR(std::vector<bool> const& x) {",25_reduce_xor,reduce,cpp,hpx,0.2,0.95,True,2048,False,"return hpx::transform_reduce(\n        hpx::execution::par,\n        x.begin(), x.end(),\n        false,\n        std::bit_xor<bool>{},\n        [](auto b) { return static_cast<bool>(b); });",False,True,,80,N/A,,,,,3.7715280055999756
"#include <hpx/hpx_main.hpp>\n\n/* Return the logical XOR reduction of the vector of bools x.\n   Use HPX to reduce in parallel.  Assume HPX has already been initialized.\n   Example:\n\n   input: [false, false, false, true]\n   output: true\n*/\nbool reduceLogicalXOR(std::vector<bool> const& x) {",25_reduce_xor,reduce,cpp,hpx,0.2,0.95,True,2048,False,"{\n    return hpx::reduce(\n        hpx::execution::par, x.begin(), x.end(), false,\n        [](bool a, bool b) { return a ^ b; }\n    );\n}",False,True,,81,N/A,,,,,4.673038482666016
"#include <hpx/hpx_main.hpp>\n\n/* Return the logical XOR reduction of the vector of bools x.\n   Use HPX to reduce in parallel.  Assume HPX has already been initialized.\n   Example:\n\n   input: [false, false, false, true]\n   output: true\n*/\nbool reduceLogicalXOR(std::vector<bool> const& x) {",25_reduce_xor,reduce,cpp,hpx,0.2,0.95,True,2048,False,"bool reduceLogicalXOR(std::vector<bool> const& x) {\n    return hpx::reduce(hpx::execution::par, x.begin(), x.end(), false, std::bit_xor<bool>{});\n}",False,True,,82,N/A,,,,,4.451436281204224
"#include <hpx/hpx_main.hpp>\n\n/* Return the logical XOR reduction of the vector of bools x.\n   Use HPX to reduce in parallel.  Assume HPX has already been initialized.\n   Example:\n\n   input: [false, false, false, true]\n   output: true\n*/\nbool reduceLogicalXOR(std::vector<bool> const& x) {",25_reduce_xor,reduce,cpp,hpx,0.2,0.95,True,2048,False,"bool reduceLogicalXOR(std::vector<bool> const& x) {\n    return hpx::reduce(hpx::execution::par, x.begin(), x.end(), false, std::logical_xor<bool>());\n}",False,True,,83,N/A,,,,,4.08806300163269
"#include <hpx/hpx_main.hpp>\n\n/* Return the logical XOR reduction of the vector of bools x.\n   Use HPX to reduce in parallel.  Assume HPX has already been initialized.\n   Example:\n\n   input: [false, false, false, true]\n   output: true\n*/\nbool reduceLogicalXOR(std::vector<bool> const& x) {",25_reduce_xor,reduce,cpp,hpx,0.2,0.95,True,2048,False,"bool reduceLogicalXOR(std::vector<bool> const& x) {\n    return hpx::reduce(hpx::execution::par, x.begin(), x.end(), false, std::bit_xor<bool>{});\n}",False,True,,84,N/A,,,,,3.665456771850586
"#include <hpx/hpx_main.hpp>\n\n/* Return the logical XOR reduction of the vector of bools x.\n   Use HPX to reduce in parallel.  Assume HPX has already been initialized.\n   Example:\n\n   input: [false, false, false, true]\n   output: true\n*/\nbool reduceLogicalXOR(std::vector<bool> const& x) {",25_reduce_xor,reduce,cpp,hpx,0.2,0.95,True,2048,False,"bool reduceLogicalXOR(std::vector<bool> const& x) {\n    return hpx::reduce(\n        hpx::execution::par, x.begin(), x.end(), false, std::bit_xor<bool>());\n}",False,True,,85,N/A,,,,,3.3684136867523193
"#include <hpx/hpx_main.hpp>\n\n/* Return the logical XOR reduction of the vector of bools x.\n   Use HPX to reduce in parallel.  Assume HPX has already been initialized.\n   Example:\n\n   input: [false, false, false, true]\n   output: true\n*/\nbool reduceLogicalXOR(std::vector<bool> const& x) {",25_reduce_xor,reduce,cpp,hpx,0.2,0.95,True,2048,False,"bool reduceLogicalXOR(std::vector<bool> const& x) {\n    return hpx::reduce(hpx::execution::par, x.begin(), x.end(), false,\n        [](bool a, bool b) { return a ^ b; });\n}",False,True,,86,N/A,,,,,4.589473009109497
"#include <hpx/hpx_main.hpp>\n\n/* Return the logical XOR reduction of the vector of bools x.\n   Use HPX to reduce in parallel.  Assume HPX has already been initialized.\n   Example:\n\n   input: [false, false, false, true]\n   output: true\n*/\nbool reduceLogicalXOR(std::vector<bool> const& x) {",25_reduce_xor,reduce,cpp,hpx,0.2,0.95,True,2048,False,"bool reduceLogicalXOR(std::vector<bool> const& x) {\n    return hpx::reduce(hpx::execution::par, x.begin(), x.end(), false, std::logical_xor<bool>());\n}",False,True,,87,N/A,,,,,4.102820634841919
"#include <hpx/hpx_main.hpp>\n\n/* Return the logical XOR reduction of the vector of bools x.\n   Use HPX to reduce in parallel.  Assume HPX has already been initialized.\n   Example:\n\n   input: [false, false, false, true]\n   output: true\n*/\nbool reduceLogicalXOR(std::vector<bool> const& x) {",25_reduce_xor,reduce,cpp,hpx,0.2,0.95,True,2048,False,"return hpx::reduce(hpx::execution::par, x.begin(), x.end(), false, std::bit_xor<bool>{});",False,True,,88,N/A,,,,,3.549400806427002
"#include <hpx/hpx_main.hpp>\n\n/* Return the logical XOR reduction of the vector of bools x.\n   Use HPX to reduce in parallel.  Assume HPX has already been initialized.\n   Example:\n\n   input: [false, false, false, true]\n   output: true\n*/\nbool reduceLogicalXOR(std::vector<bool> const& x) {",25_reduce_xor,reduce,cpp,hpx,0.2,0.95,True,2048,False,"bool reduceLogicalXOR(std::vector<bool> const& x) {\n    return hpx::transform_reduce(\n        hpx::execution::par, x.begin(), x.end(),\n        false, std::bit_xor<bool>{},\n        [](bool v) { return v; });\n}",False,True,,89,N/A,,,,,4.33844256401062
"#include <hpx/hpx_main.hpp>\n\n/* Return the logical XOR reduction of the vector of bools x.\n   Use HPX to reduce in parallel.  Assume HPX has already been initialized.\n   Example:\n\n   input: [false, false, false, true]\n   output: true\n*/\nbool reduceLogicalXOR(std::vector<bool> const& x) {",25_reduce_xor,reduce,cpp,hpx,0.2,0.95,True,2048,False,"{\n    return hpx::reduce(hpx::execution::par, x.begin(), x.end(), false, std::logical_xor<bool>());\n}",False,True,,90,N/A,,,,,4.460676431655884
"#include <hpx/hpx_main.hpp>\n\n/* Return the logical XOR reduction of the vector of bools x.\n   Use HPX to reduce in parallel.  Assume HPX has already been initialized.\n   Example:\n\n   input: [false, false, false, true]\n   output: true\n*/\nbool reduceLogicalXOR(std::vector<bool> const& x) {",25_reduce_xor,reduce,cpp,hpx,0.2,0.95,True,2048,False,"bool reduceLogicalXOR(std::vector<bool> const& x) {\n    return hpx::reduce(hpx::execution::par, x.begin(), x.end(), false,\n                       [](bool a, bool b) { return a ^ b; });\n}",False,True,,91,N/A,,,,,6.2263312339782715
"#include <hpx/hpx_main.hpp>\n\n/* Return the logical XOR reduction of the vector of bools x.\n   Use HPX to reduce in parallel.  Assume HPX has already been initialized.\n   Example:\n\n   input: [false, false, false, true]\n   output: true\n*/\nbool reduceLogicalXOR(std::vector<bool> const& x) {",25_reduce_xor,reduce,cpp,hpx,0.2,0.95,True,2048,False,"bool reduceLogicalXOR(std::vector<bool> const& x) {\n    return hpx::reduce(hpx::execution::par, x.begin(), x.end(), false,\n                       [](bool a, bool b) { return a ^ b; });\n}",False,True,,92,N/A,,,,,5.500823974609375
"#include <hpx/hpx_main.hpp>\n\n/* Return the logical XOR reduction of the vector of bools x.\n   Use HPX to reduce in parallel.  Assume HPX has already been initialized.\n   Example:\n\n   input: [false, false, false, true]\n   output: true\n*/\nbool reduceLogicalXOR(std::vector<bool> const& x) {",25_reduce_xor,reduce,cpp,hpx,0.2,0.95,True,2048,False,"bool reduceLogicalXOR(std::vector<bool> const& x) {\n    return hpx::reduce(hpx::execution::par, x.begin(), x.end(), false,\n        [](bool a, bool b) { return a ^ b; });\n}",False,True,,93,N/A,,,,,5.2070324420928955
"#include <hpx/hpx_main.hpp>\n\n/* Return the logical XOR reduction of the vector of bools x.\n   Use HPX to reduce in parallel.  Assume HPX has already been initialized.\n   Example:\n\n   input: [false, false, false, true]\n   output: true\n*/\nbool reduceLogicalXOR(std::vector<bool> const& x) {",25_reduce_xor,reduce,cpp,hpx,0.2,0.95,True,2048,False,"bool reduceLogicalXOR(std::vector<bool> const& x) {\n    return hpx::reduce(hpx::execution::par, x.begin(), x.end(), false, std::bit_xor<bool>());\n}",False,True,,94,N/A,,,,,5.231631517410278
"#include <hpx/hpx_main.hpp>\n\n/* Return the logical XOR reduction of the vector of bools x.\n   Use HPX to reduce in parallel.  Assume HPX has already been initialized.\n   Example:\n\n   input: [false, false, false, true]\n   output: true\n*/\nbool reduceLogicalXOR(std::vector<bool> const& x) {",25_reduce_xor,reduce,cpp,hpx,0.2,0.95,True,2048,False,"bool reduceLogicalXOR(std::vector<bool> const& x) {\n    return hpx::reduce(hpx::execution::par, x.begin(), x.end(), false,\n        [](bool a, bool b) noexcept { return a != b; });\n}",False,True,,95,N/A,,,,,4.831879138946533
"#include <hpx/hpx_main.hpp>\n\n/* Return the logical XOR reduction of the vector of bools x.\n   Use HPX to reduce in parallel.  Assume HPX has already been initialized.\n   Example:\n\n   input: [false, false, false, true]\n   output: true\n*/\nbool reduceLogicalXOR(std::vector<bool> const& x) {",25_reduce_xor,reduce,cpp,hpx,0.2,0.95,True,2048,False,"bool reduceLogicalXOR(std::vector<bool> const& x) {\n    return hpx::reduce(hpx::execution::par, x.begin(), x.end(), false, std::bit_xor<bool>());\n}",False,True,,96,N/A,,,,,4.263152122497559
"#include <hpx/hpx_main.hpp>\n\n/* Return the logical XOR reduction of the vector of bools x.\n   Use HPX to reduce in parallel.  Assume HPX has already been initialized.\n   Example:\n\n   input: [false, false, false, true]\n   output: true\n*/\nbool reduceLogicalXOR(std::vector<bool> const& x) {",25_reduce_xor,reduce,cpp,hpx,0.2,0.95,True,2048,False,"bool reduceLogicalXOR(std::vector<bool> const& x) {\n    return hpx::reduce(hpx::execution::par, x.begin(), x.end(), false, std::bit_xor<>{});\n}",False,True,,97,N/A,,,,,5.709000587463379
"#include <hpx/hpx_main.hpp>\n\n/* Return the logical XOR reduction of the vector of bools x.\n   Use HPX to reduce in parallel.  Assume HPX has already been initialized.\n   Example:\n\n   input: [false, false, false, true]\n   output: true\n*/\nbool reduceLogicalXOR(std::vector<bool> const& x) {",25_reduce_xor,reduce,cpp,hpx,0.2,0.95,True,2048,False,"bool reduceLogicalXOR(std::vector<bool> const& x) {\n    return hpx::reduce(hpx::execution::par, x.begin(), x.end(), false,\n                       [](bool a, bool b) { return a != b; });\n}",False,True,,98,N/A,,,,,5.207536697387695
"#include <hpx/hpx_main.hpp>\n\n/* Return the logical XOR reduction of the vector of bools x.\n   Use HPX to reduce in parallel.  Assume HPX has already been initialized.\n   Example:\n\n   input: [false, false, false, true]\n   output: true\n*/\nbool reduceLogicalXOR(std::vector<bool> const& x) {",25_reduce_xor,reduce,cpp,hpx,0.2,0.95,True,2048,False,"bool reduceLogicalXOR(std::vector<bool> const& x) {\n    return hpx::transform_reduce(\n        hpx::execution::par,\n        x.begin(), x.end(),\n        false,\n        std::logical_xor<bool>(),\n        [](bool v) { return v; }\n    );\n}",False,True,,99,N/A,,,,,4.985395908355713
"#include <hpx/hpx_main.hpp>\n\n/* Return the product of the vector x with every odd indexed element inverted.\n   i.e. x_0 * 1/x_1 * x_2 * 1/x_3 * x_4 ...\n   Use HPX to compute product in parallel.  Assume HPX has already been initialized.\n   Example:\n\n   input: [4, 2, 10, 4, 5]\n   output: 25\n*/\ndouble productWithInverses(std::vector<double> const& x) {",26_reduce_product_of_inverses,reduce,cpp,hpx,0.2,0.95,True,2048,False,"double productWithInverses(std::vector<double> const& x) {\n    using hpx::execution::par;\n    auto first = hpx::util::counting_iterator<std::size_t>(0);\n    auto last = first + x.size();\n\n    return hpx::transform_reduce(\n        par, first, last,\n        1.0, std::multiplies<>{},\n        [&x](std::size_t i) {\n            double v = x[i];\n            return (i & 1) ? 1.0 / v : v;\n        });\n}",False,True,,0,N/A,,,,,5.753677606582642
"#include <hpx/hpx_main.hpp>\n\n/* Return the product of the vector x with every odd indexed element inverted.\n   i.e. x_0 * 1/x_1 * x_2 * 1/x_3 * x_4 ...\n   Use HPX to compute product in parallel.  Assume HPX has already been initialized.\n   Example:\n\n   input: [4, 2, 10, 4, 5]\n   output: 25\n*/\ndouble productWithInverses(std::vector<double> const& x) {",26_reduce_product_of_inverses,reduce,cpp,hpx,0.2,0.95,True,2048,False,"{\n    using hpx::execution::par;\n\n    auto first = hpx::util::counting_iterator<std::size_t>(0);\n    auto last  = first + x.size();\n\n    return hpx::transform_reduce(\n        par, first, last, 1.0, std::multiplies<double>{},\n        [&x](std::size_t i) {\n            double v = x[i];\n            return (i % 2 == 0) ? v : 1.0 / v;\n        });\n}",False,True,,1,N/A,,,,,5.738053560256958
"#include <hpx/hpx_main.hpp>\n\n/* Return the product of the vector x with every odd indexed element inverted.\n   i.e. x_0 * 1/x_1 * x_2 * 1/x_3 * x_4 ...\n   Use HPX to compute product in parallel.  Assume HPX has already been initialized.\n   Example:\n\n   input: [4, 2, 10, 4, 5]\n   output: 25\n*/\ndouble productWithInverses(std::vector<double> const& x) {",26_reduce_product_of_inverses,reduce,cpp,hpx,0.2,0.95,True,2048,False,"double productWithInverses(std::vector<double> const& x) {\n    if (x.empty()) return 1.0;\n\n    std::vector<double> y(x.size());\n    hpx::for_loop(hpx::execution::par, std::size_t(0), x.size(),\n        [&](std::size_t i) {\n            y[i] = (i % 2 == 0) ? x[i] : 1.0 / x[i];\n        });\n\n    return hpx::reduce(hpx::execution::par, y.begin(), y.end(), 1.0, std::multiplies<double>{});\n}",False,True,,2,N/A,,,,,10.196139097213745
"#include <hpx/hpx_main.hpp>\n\n/* Return the product of the vector x with every odd indexed element inverted.\n   i.e. x_0 * 1/x_1 * x_2 * 1/x_3 * x_4 ...\n   Use HPX to compute product in parallel.  Assume HPX has already been initialized.\n   Example:\n\n   input: [4, 2, 10, 4, 5]\n   output: 25\n*/\ndouble productWithInverses(std::vector<double> const& x) {",26_reduce_product_of_inverses,reduce,cpp,hpx,0.2,0.95,True,2048,False,"double productWithInverses(std::vector<double> const& x) {\n    using hpx::execution::par;\n    using hpx::util::counting_iterator;\n\n    auto first = counting_iterator<std::size_t>(0);\n    auto last  = counting_iterator<std::size_t>(x.size());\n\n    return hpx::transform_reduce(\n        par, first, last, 1.0, std::multiplies<>{},\n        [&](std::size_t i) { return (i % 2 == 0) ? x[i] : 1.0 / x[i]; });\n}",False,True,,3,N/A,,,,,10.051827907562256
"#include <hpx/hpx_main.hpp>\n\n/* Return the product of the vector x with every odd indexed element inverted.\n   i.e. x_0 * 1/x_1 * x_2 * 1/x_3 * x_4 ...\n   Use HPX to compute product in parallel.  Assume HPX has already been initialized.\n   Example:\n\n   input: [4, 2, 10, 4, 5]\n   output: 25\n*/\ndouble productWithInverses(std::vector<double> const& x) {",26_reduce_product_of_inverses,reduce,cpp,hpx,0.2,0.95,True,2048,False,"double productWithInverses(std::vector<double> const& x) {\n    auto first = hpx::util::counting_iterator<std::size_t>(0);\n    auto last = first + x.size();\n\n    return hpx::transform_reduce(\n        hpx::execution::par,\n        first, last,\n        1.0,\n        std::multiplies<double>{},\n        [&x](std::size_t i) {\n            double v = x[i];\n            return (i & 1) ? 1.0 / v : v;\n        });\n}",False,True,,4,N/A,,,,,5.533913612365723
"#include <hpx/hpx_main.hpp>\n\n/* Return the product of the vector x with every odd indexed element inverted.\n   i.e. x_0 * 1/x_1 * x_2 * 1/x_3 * x_4 ...\n   Use HPX to compute product in parallel.  Assume HPX has already been initialized.\n   Example:\n\n   input: [4, 2, 10, 4, 5]\n   output: 25\n*/\ndouble productWithInverses(std::vector<double> const& x) {",26_reduce_product_of_inverses,reduce,cpp,hpx,0.2,0.95,True,2048,False,"double productWithInverses(std::vector<double> const& x) {\n    using counting_iter = hpx::util::counting_iterator<std::size_t>;\n    return hpx::transform_reduce(\n        hpx::execution::par,\n        counting_iter(0), counting_iter(x.size()),\n        1.0, std::multiplies<double>{},\n        [&x](std::size_t i) {\n            double v = x[i];\n            return (i % 2 == 0) ? v : 1.0 / v;\n        });\n}",False,True,,5,N/A,,,,,7.534055948257446
"#include <hpx/hpx_main.hpp>\n\n/* Return the product of the vector x with every odd indexed element inverted.\n   i.e. x_0 * 1/x_1 * x_2 * 1/x_3 * x_4 ...\n   Use HPX to compute product in parallel.  Assume HPX has already been initialized.\n   Example:\n\n   input: [4, 2, 10, 4, 5]\n   output: 25\n*/\ndouble productWithInverses(std::vector<double> const& x) {",26_reduce_product_of_inverses,reduce,cpp,hpx,0.2,0.95,True,2048,False,"double productWithInverses(std::vector<double> const& x) {\n    auto begin = hpx::util::counting_iterator<std::size_t>(0);\n    auto end   = hpx::util::counting_iterator<std::size_t>(x.size());\n\n    return hpx::transform_reduce(\n        hpx::execution::par, begin, end, 1.0, std::multiplies<double>{},\n        [&x](std::size_t i) { return (i % 2 == 0) ? x[i] : 1.0 / x[i]; }\n    );\n}",False,True,,6,N/A,,,,,6.133430480957031
"#include <hpx/hpx_main.hpp>\n\n/* Return the product of the vector x with every odd indexed element inverted.\n   i.e. x_0 * 1/x_1 * x_2 * 1/x_3 * x_4 ...\n   Use HPX to compute product in parallel.  Assume HPX has already been initialized.\n   Example:\n\n   input: [4, 2, 10, 4, 5]\n   output: 25\n*/\ndouble productWithInverses(std::vector<double> const& x) {",26_reduce_product_of_inverses,reduce,cpp,hpx,0.2,0.95,True,2048,False,"double productWithInverses(std::vector<double> const& x) {\n    using hpx::execution::par;\n\n    const std::size_t n = x.size();\n    if (n == 0) return 1.0;\n\n    double paired = 1.0;\n    if (n >= 2) {\n        paired = hpx::transform_reduce(\n            par,\n            x.begin(), x.end() - 1,            // [0, n-1)\n            x.begin() + 1,                     // [1, n)\n            1.0,\n            std::multiplies<>(),               // combine\n            std::divides<>()                   // per-pair: a / b\n        );\n    }\n\n    return (n % 2 == 0) ? paired : paired * x.back();\n}",False,True,,7,N/A,,,,,12.140275716781616
"#include <hpx/hpx_main.hpp>\n\n/* Return the product of the vector x with every odd indexed element inverted.\n   i.e. x_0 * 1/x_1 * x_2 * 1/x_3 * x_4 ...\n   Use HPX to compute product in parallel.  Assume HPX has already been initialized.\n   Example:\n\n   input: [4, 2, 10, 4, 5]\n   output: 25\n*/\ndouble productWithInverses(std::vector<double> const& x) {",26_reduce_product_of_inverses,reduce,cpp,hpx,0.2,0.95,True,2048,False,"double productWithInverses(std::vector<double> const& x) {\n    auto first = hpx::util::counting_iterator<std::size_t>(0);\n    auto last  = first + x.size();\n\n    return hpx::transform_reduce(\n        hpx::execution::par, first, last, 1.0,\n        std::multiplies<double>{},\n        [&x](std::size_t i) {\n            double v = x[i];\n            return (i % 2 == 0) ? v : 1.0 / v;\n        }\n    );\n}",False,True,,8,N/A,,,,,6.053920745849609
"#include <hpx/hpx_main.hpp>\n\n/* Return the product of the vector x with every odd indexed element inverted.\n   i.e. x_0 * 1/x_1 * x_2 * 1/x_3 * x_4 ...\n   Use HPX to compute product in parallel.  Assume HPX has already been initialized.\n   Example:\n\n   input: [4, 2, 10, 4, 5]\n   output: 25\n*/\ndouble productWithInverses(std::vector<double> const& x) {",26_reduce_product_of_inverses,reduce,cpp,hpx,0.2,0.95,True,2048,False,"double productWithInverses(std::vector<double> const& x) {\n    using hpx::execution::par;\n    using hpx::util::counting_iterator;\n\n    return hpx::transform_reduce(\n        par,\n        counting_iterator<std::size_t>(0),\n        counting_iterator<std::size_t>(x.size()),\n        1.0,\n        std::multiplies<double>(),\n        [&](std::size_t i) {\n            double v = x[i];\n            return (i & 1) ? 1.0 / v : v;\n        });\n}",False,True,,9,N/A,,,,,5.794780254364014
"#include <hpx/hpx_main.hpp>\n\n/* Return the product of the vector x with every odd indexed element inverted.\n   i.e. x_0 * 1/x_1 * x_2 * 1/x_3 * x_4 ...\n   Use HPX to compute product in parallel.  Assume HPX has already been initialized.\n   Example:\n\n   input: [4, 2, 10, 4, 5]\n   output: 25\n*/\ndouble productWithInverses(std::vector<double> const& x) {",26_reduce_product_of_inverses,reduce,cpp,hpx,0.2,0.95,True,2048,False,"double productWithInverses(std::vector<double> const& x) {\n    auto first = hpx::util::make_zip_iterator(\n        x.begin(), hpx::util::make_counting_iterator<std::size_t>(0));\n    auto last = hpx::util::make_zip_iterator(\n        x.end(), hpx::util::make_counting_iterator<std::size_t>(x.size()));\n\n    return hpx::transform_reduce(\n        hpx::execution::par, first, last, 1.0, std::multiplies<>{},\n        [](auto const& t) {\n            double v = hpx::get<0>(t);\n            std::size_t i = hpx::get<1>(t);\n            return (i & 1) ? (1.0 / v) : v;\n        });\n}",False,True,,10,N/A,,,,,8.335366487503052
"#include <hpx/hpx_main.hpp>\n\n/* Return the product of the vector x with every odd indexed element inverted.\n   i.e. x_0 * 1/x_1 * x_2 * 1/x_3 * x_4 ...\n   Use HPX to compute product in parallel.  Assume HPX has already been initialized.\n   Example:\n\n   input: [4, 2, 10, 4, 5]\n   output: 25\n*/\ndouble productWithInverses(std::vector<double> const& x) {",26_reduce_product_of_inverses,reduce,cpp,hpx,0.2,0.95,True,2048,False,"double productWithInverses(std::vector<double> const& x) {\n    auto first = hpx::util::make_counting_iterator<std::size_t>(0);\n    auto last  = first + x.size();\n\n    return hpx::transform_reduce(\n        hpx::execution::par,\n        first, last,\n        1.0, std::multiplies<double>(),\n        [&x](std::size_t i) {\n            double v = x[i];\n            return (i & 1) ? (1.0 / v) : v;\n        });\n}",False,True,,11,N/A,,,,,6.075652837753296
"#include <hpx/hpx_main.hpp>\n\n/* Return the product of the vector x with every odd indexed element inverted.\n   i.e. x_0 * 1/x_1 * x_2 * 1/x_3 * x_4 ...\n   Use HPX to compute product in parallel.  Assume HPX has already been initialized.\n   Example:\n\n   input: [4, 2, 10, 4, 5]\n   output: 25\n*/\ndouble productWithInverses(std::vector<double> const& x) {",26_reduce_product_of_inverses,reduce,cpp,hpx,0.2,0.95,True,2048,False,"double productWithInverses(std::vector<double> const& x) {\n    auto first = hpx::util::counting_iterator<std::size_t>(0);\n    auto last  = hpx::util::counting_iterator<std::size_t>(x.size());\n    return hpx::transform_reduce(\n        hpx::execution::par, first, last,\n        1.0, std::multiplies<>{},\n        [&x](std::size_t i) {\n            double v = x[i];\n            return (i & 1) ? 1.0 / v : v;\n        });\n}",False,True,,12,N/A,,,,,5.932693719863892
"#include <hpx/hpx_main.hpp>\n\n/* Return the product of the vector x with every odd indexed element inverted.\n   i.e. x_0 * 1/x_1 * x_2 * 1/x_3 * x_4 ...\n   Use HPX to compute product in parallel.  Assume HPX has already been initialized.\n   Example:\n\n   input: [4, 2, 10, 4, 5]\n   output: 25\n*/\ndouble productWithInverses(std::vector<double> const& x) {",26_reduce_product_of_inverses,reduce,cpp,hpx,0.2,0.95,True,2048,False,"double productWithInverses(std::vector<double> const& x) {\n    std::size_t n = x.size();\n    if (n == 0) return 1.0;\n\n    std::size_t chunks = std::min<std::size_t>(8, n);  // simple chunking\n    std::size_t block = (n + chunks - 1) / chunks;\n\n    std::vector<hpx::future<double>> futs;\n    futs.reserve(chunks);\n\n    for (std::size_t c = 0; c < chunks; ++c) {\n        std::size_t start = c * block;\n        if (start >= n) break;\n        std::size_t end = std::min(n, start + block);\n\n        futs.push_back(hpx::async([start, end, &x]() {\n            double acc = 1.0;\n            for (std::size_t i = start; i < end; ++i)\n                acc *= (i & 1) ? (1.0 / x[i]) : x[i];\n            return acc;\n        }));\n    }\n\n    double result = 1.0;\n    for (auto& f : futs) result *= f.get();\n    return result;\n}",False,True,,13,N/A,,,,,16.122047185897827
"#include <hpx/hpx_main.hpp>\n\n/* Return the product of the vector x with every odd indexed element inverted.\n   i.e. x_0 * 1/x_1 * x_2 * 1/x_3 * x_4 ...\n   Use HPX to compute product in parallel.  Assume HPX has already been initialized.\n   Example:\n\n   input: [4, 2, 10, 4, 5]\n   output: 25\n*/\ndouble productWithInverses(std::vector<double> const& x) {",26_reduce_product_of_inverses,reduce,cpp,hpx,0.2,0.95,True,2048,False,"double productWithInverses(std::vector<double> const& x) {\n    auto first = hpx::util::counting_iterator<std::size_t>(0);\n    auto last  = hpx::util::counting_iterator<std::size_t>(x.size());\n    return hpx::transform_reduce(\n        hpx::execution::par,\n        first, last, x.begin(), 1.0,\n        std::multiplies<>(),\n        [](std::size_t i, double v) {\n            return (i % 2 == 0) ? v : 1.0 / v;\n        });\n}",False,True,,14,N/A,,,,,7.377468109130859
"#include <hpx/hpx_main.hpp>\n\n/* Return the product of the vector x with every odd indexed element inverted.\n   i.e. x_0 * 1/x_1 * x_2 * 1/x_3 * x_4 ...\n   Use HPX to compute product in parallel.  Assume HPX has already been initialized.\n   Example:\n\n   input: [4, 2, 10, 4, 5]\n   output: 25\n*/\ndouble productWithInverses(std::vector<double> const& x) {",26_reduce_product_of_inverses,reduce,cpp,hpx,0.2,0.95,True,2048,False,"double productWithInverses(std::vector<double> const& x) {\n    auto first = hpx::util::counting_iterator<std::size_t>(0);\n    auto last  = hpx::util::counting_iterator<std::size_t>(x.size());\n    return hpx::transform_reduce(\n        hpx::execution::par, first, last, 1.0, std::multiplies<double>{},\n        [&x](std::size_t i) {\n            double v = x[i];\n            return (i & 1) ? (1.0 / v) : v;\n        });\n}",False,True,,15,N/A,,,,,7.311893463134766
"#include <hpx/hpx_main.hpp>\n\n/* Return the product of the vector x with every odd indexed element inverted.\n   i.e. x_0 * 1/x_1 * x_2 * 1/x_3 * x_4 ...\n   Use HPX to compute product in parallel.  Assume HPX has already been initialized.\n   Example:\n\n   input: [4, 2, 10, 4, 5]\n   output: 25\n*/\ndouble productWithInverses(std::vector<double> const& x) {",26_reduce_product_of_inverses,reduce,cpp,hpx,0.2,0.95,True,2048,False,"double productWithInverses(std::vector<double> const& x) {\n    using hpx::execution::par;\n    using counting = hpx::util::counting_iterator<std::size_t>;\n\n    auto op = [](std::pair<double, double> a, std::pair<double, double> b) {\n        return std::pair<double, double>{a.first * b.first, a.second * b.second};\n    };\n\n    auto proj = [&x](std::size_t i) {\n        return (i & 1) == 0\n            ? std::pair<double, double>{x[i], 1.0}\n            : std::pair<double, double>{1.0, x[i]};\n    };\n\n    auto res = hpx::transform_reduce(\n        par, counting(0), counting(x.size()),\n        std::pair<double, double>{1.0, 1.0}, op, proj);\n\n    return res.first / res.second;\n}",False,True,,16,N/A,,,,,9.738540887832642
"#include <hpx/hpx_main.hpp>\n\n/* Return the product of the vector x with every odd indexed element inverted.\n   i.e. x_0 * 1/x_1 * x_2 * 1/x_3 * x_4 ...\n   Use HPX to compute product in parallel.  Assume HPX has already been initialized.\n   Example:\n\n   input: [4, 2, 10, 4, 5]\n   output: 25\n*/\ndouble productWithInverses(std::vector<double> const& x) {",26_reduce_product_of_inverses,reduce,cpp,hpx,0.2,0.95,True,2048,False,"double productWithInverses(std::vector<double> const& x) {\n    using boost::counting_iterator;\n    auto first = counting_iterator<std::size_t>(0);\n    auto last  = counting_iterator<std::size_t>(x.size());\n\n    return hpx::transform_reduce(\n        hpx::execution::par,\n        first, last,\n        1.0,\n        std::multiplies<double>{},\n        [&x](std::size_t i) {\n            double v = x[i];\n            return (i % 2 == 0) ? v : 1.0 / v;\n        });\n}",False,True,,17,N/A,,,,,10.048566818237305
"#include <hpx/hpx_main.hpp>\n\n/* Return the product of the vector x with every odd indexed element inverted.\n   i.e. x_0 * 1/x_1 * x_2 * 1/x_3 * x_4 ...\n   Use HPX to compute product in parallel.  Assume HPX has already been initialized.\n   Example:\n\n   input: [4, 2, 10, 4, 5]\n   output: 25\n*/\ndouble productWithInverses(std::vector<double> const& x) {",26_reduce_product_of_inverses,reduce,cpp,hpx,0.2,0.95,True,2048,False,"double productWithInverses(std::vector<double> const& x) {\n    auto first = hpx::util::counting_iterator<std::size_t>(0);\n    auto last = first + x.size();\n    return hpx::transform_reduce(\n        hpx::execution::par, first, last, 1.0, std::multiplies<double>{},\n        [&x](std::size_t i) {\n            double v = x[i];\n            return (i % 2 == 0) ? v : 1.0 / v;\n        });\n}",False,True,,18,N/A,,,,,5.995157241821289
"#include <hpx/hpx_main.hpp>\n\n/* Return the product of the vector x with every odd indexed element inverted.\n   i.e. x_0 * 1/x_1 * x_2 * 1/x_3 * x_4 ...\n   Use HPX to compute product in parallel.  Assume HPX has already been initialized.\n   Example:\n\n   input: [4, 2, 10, 4, 5]\n   output: 25\n*/\ndouble productWithInverses(std::vector<double> const& x) {",26_reduce_product_of_inverses,reduce,cpp,hpx,0.2,0.95,True,2048,False,"double productWithInverses(std::vector<double> const& x) {\n    using it = hpx::util::counting_iterator<std::size_t>;\n    return hpx::transform_reduce(\n        hpx::execution::par,\n        it(0), it(x.size()),\n        1.0,\n        std::multiplies<double>(),\n        [&x](std::size_t i) {\n            return (i % 2 == 0) ? x[i] : 1.0 / x[i];\n        }\n    );\n}",False,True,,19,N/A,,,,,7.0668346881866455
"#include <hpx/hpx_main.hpp>\n\n/* Return the product of the vector x with every odd indexed element inverted.\n   i.e. x_0 * 1/x_1 * x_2 * 1/x_3 * x_4 ...\n   Use HPX to compute product in parallel.  Assume HPX has already been initialized.\n   Example:\n\n   input: [4, 2, 10, 4, 5]\n   output: 25\n*/\ndouble productWithInverses(std::vector<double> const& x) {",26_reduce_product_of_inverses,reduce,cpp,hpx,0.2,0.95,True,2048,False,"double productWithInverses(std::vector<double> const& x) {\n    auto first = hpx::util::counting_iterator<std::size_t>(0);\n    auto last  = hpx::util::counting_iterator<std::size_t>(x.size());\n    return hpx::transform_reduce(\n        hpx::execution::par, first, last, 1.0, std::multiplies<double>(),\n        [&x](std::size_t i) {\n            double v = x[i];\n            return (i % 2 == 0) ? v : (1.0 / v);\n        });\n}",False,True,,20,N/A,,,,,4.625932455062866
"#include <hpx/hpx_main.hpp>\n\n/* Return the product of the vector x with every odd indexed element inverted.\n   i.e. x_0 * 1/x_1 * x_2 * 1/x_3 * x_4 ...\n   Use HPX to compute product in parallel.  Assume HPX has already been initialized.\n   Example:\n\n   input: [4, 2, 10, 4, 5]\n   output: 25\n*/\ndouble productWithInverses(std::vector<double> const& x) {",26_reduce_product_of_inverses,reduce,cpp,hpx,0.2,0.95,True,2048,False,"double productWithInverses(std::vector<double> const& x) {\n    auto first = hpx::util::counting_iterator<std::size_t>(0);\n    auto last  = hpx::util::counting_iterator<std::size_t>(x.size());\n    return hpx::transform_reduce(\n        hpx::execution::par, first, last, 1.0, std::multiplies<double>{},\n        [&x](std::size_t i) { return (i % 2 == 0) ? x[i] : 1.0 / x[i]; }\n    );\n}",False,True,,21,N/A,,,,,10.623545169830322
"#include <hpx/hpx_main.hpp>\n\n/* Return the product of the vector x with every odd indexed element inverted.\n   i.e. x_0 * 1/x_1 * x_2 * 1/x_3 * x_4 ...\n   Use HPX to compute product in parallel.  Assume HPX has already been initialized.\n   Example:\n\n   input: [4, 2, 10, 4, 5]\n   output: 25\n*/\ndouble productWithInverses(std::vector<double> const& x) {",26_reduce_product_of_inverses,reduce,cpp,hpx,0.2,0.95,True,2048,False,"double productWithInverses(std::vector<double> const& x) {\n    auto first = hpx::util::counting_iterator<std::size_t>(0);\n    auto last  = hpx::util::counting_iterator<std::size_t>(x.size());\n\n    return hpx::transform_reduce(\n        hpx::execution::par, first, last, 1.0, std::multiplies<double>{},\n        [&x](std::size_t i) {\n            double v = x[i];\n            return (i & 1) ? 1.0 / v : v;\n        });\n}",False,True,,22,N/A,,,,,6.501366138458252
"#include <hpx/hpx_main.hpp>\n\n/* Return the product of the vector x with every odd indexed element inverted.\n   i.e. x_0 * 1/x_1 * x_2 * 1/x_3 * x_4 ...\n   Use HPX to compute product in parallel.  Assume HPX has already been initialized.\n   Example:\n\n   input: [4, 2, 10, 4, 5]\n   output: 25\n*/\ndouble productWithInverses(std::vector<double> const& x) {",26_reduce_product_of_inverses,reduce,cpp,hpx,0.2,0.95,True,2048,False,"double productWithInverses(std::vector<double> const& x) {\n    using hpx::execution::par;\n    auto first = hpx::util::counting_iterator<std::size_t>(0);\n    auto last  = hpx::util::counting_iterator<std::size_t>(x.size());\n    return hpx::transform_reduce(\n        par, first, last, 1.0, std::multiplies<double>{},\n        [&x](std::size_t i) {\n            double v = x[i];\n            return (i & 1) ? (1.0 / v) : v;\n        });\n}",False,True,,23,N/A,,,,,6.783080816268921
"#include <hpx/hpx_main.hpp>\n\n/* Return the product of the vector x with every odd indexed element inverted.\n   i.e. x_0 * 1/x_1 * x_2 * 1/x_3 * x_4 ...\n   Use HPX to compute product in parallel.  Assume HPX has already been initialized.\n   Example:\n\n   input: [4, 2, 10, 4, 5]\n   output: 25\n*/\ndouble productWithInverses(std::vector<double> const& x) {",26_reduce_product_of_inverses,reduce,cpp,hpx,0.2,0.95,True,2048,False,"{\n    using counting_it = hpx::util::counting_iterator<std::size_t>;\n\n    auto first = counting_it(0);\n    auto last  = counting_it(x.size());\n\n    return hpx::transform_reduce(\n        hpx::execution::par, first, last, 1.0,\n        std::multiplies<double>{},\n        [&x](std::size_t i) {\n            double v = x[i];\n            return (i % 2 == 0) ? v : 1.0 / v;\n        });\n}",False,True,,24,N/A,,,,,7.4337122440338135
"#include <hpx/hpx_main.hpp>\n\n/* Return the product of the vector x with every odd indexed element inverted.\n   i.e. x_0 * 1/x_1 * x_2 * 1/x_3 * x_4 ...\n   Use HPX to compute product in parallel.  Assume HPX has already been initialized.\n   Example:\n\n   input: [4, 2, 10, 4, 5]\n   output: 25\n*/\ndouble productWithInverses(std::vector<double> const& x) {",26_reduce_product_of_inverses,reduce,cpp,hpx,0.2,0.95,True,2048,False,"double productWithInverses(std::vector<double> const& x) {\n    auto first = hpx::util::counting_iterator<std::size_t>(0);\n    auto last  = hpx::util::counting_iterator<std::size_t>(x.size());\n    return hpx::transform_reduce(\n        hpx::execution::par, first, last, 1.0, std::multiplies<double>(),\n        [&x](std::size_t i) {\n            double v = x[i];\n            return (i & 1) ? (1.0 / v) : v;\n        });\n}",False,True,,25,N/A,,,,,6.025574207305908
"#include <hpx/hpx_main.hpp>\n\n/* Return the product of the vector x with every odd indexed element inverted.\n   i.e. x_0 * 1/x_1 * x_2 * 1/x_3 * x_4 ...\n   Use HPX to compute product in parallel.  Assume HPX has already been initialized.\n   Example:\n\n   input: [4, 2, 10, 4, 5]\n   output: 25\n*/\ndouble productWithInverses(std::vector<double> const& x) {",26_reduce_product_of_inverses,reduce,cpp,hpx,0.2,0.95,True,2048,False,"double productWithInverses(std::vector<double> const& x) {\n    auto first = hpx::util::counting_iterator<std::size_t>(0);\n    auto last  = hpx::util::counting_iterator<std::size_t>(x.size());\n    return hpx::transform_reduce(\n        hpx::execution::par, first, last, 1.0,\n        std::multiplies<double>{},\n        [&x](std::size_t i) {\n            double v = x[i];\n            return (i & 1) ? (1.0 / v) : v;\n        });\n}",False,True,,26,N/A,,,,,7.127815008163452
"#include <hpx/hpx_main.hpp>\n\n/* Return the product of the vector x with every odd indexed element inverted.\n   i.e. x_0 * 1/x_1 * x_2 * 1/x_3 * x_4 ...\n   Use HPX to compute product in parallel.  Assume HPX has already been initialized.\n   Example:\n\n   input: [4, 2, 10, 4, 5]\n   output: 25\n*/\ndouble productWithInverses(std::vector<double> const& x) {",26_reduce_product_of_inverses,reduce,cpp,hpx,0.2,0.95,True,2048,False,"double productWithInverses(std::vector<double> const& x) {\n    using hpx::execution::par;\n    using hpx::util::counting_iterator;\n\n    return hpx::transform_reduce(\n        par,\n        counting_iterator<std::size_t>(0),\n        counting_iterator<std::size_t>(x.size()),\n        1.0,\n        std::multiplies<double>{},\n        [&](std::size_t i) { return (i % 2 == 0) ? x[i] : 1.0 / x[i]; }\n    );\n}",False,True,,27,N/A,,,,,5.879100799560547
"#include <hpx/hpx_main.hpp>\n\n/* Return the product of the vector x with every odd indexed element inverted.\n   i.e. x_0 * 1/x_1 * x_2 * 1/x_3 * x_4 ...\n   Use HPX to compute product in parallel.  Assume HPX has already been initialized.\n   Example:\n\n   input: [4, 2, 10, 4, 5]\n   output: 25\n*/\ndouble productWithInverses(std::vector<double> const& x) {",26_reduce_product_of_inverses,reduce,cpp,hpx,0.2,0.95,True,2048,False,"double productWithInverses(std::vector<double> const& x) {\n    auto first = hpx::util::counting_iterator<std::size_t>(0);\n    auto last  = hpx::util::counting_iterator<std::size_t>(x.size());\n\n    return hpx::transform_reduce(\n        hpx::execution::par, first, last, 1.0, std::multiplies<double>{},\n        [&x](std::size_t i) {\n            double v = x[i];\n            return (i % 2 == 0) ? v : 1.0 / v;\n        });\n}",False,True,,28,N/A,,,,,5.210088014602661
"#include <hpx/hpx_main.hpp>\n\n/* Return the product of the vector x with every odd indexed element inverted.\n   i.e. x_0 * 1/x_1 * x_2 * 1/x_3 * x_4 ...\n   Use HPX to compute product in parallel.  Assume HPX has already been initialized.\n   Example:\n\n   input: [4, 2, 10, 4, 5]\n   output: 25\n*/\ndouble productWithInverses(std::vector<double> const& x) {",26_reduce_product_of_inverses,reduce,cpp,hpx,0.2,0.95,True,2048,False,"double productWithInverses(std::vector<double> const& x) {\n    using hpx::execution::par;\n    auto n = x.size();\n    auto first = hpx::util::counting_iterator<std::size_t>(0);\n    auto last = first + n;\n\n    return hpx::transform_reduce(\n        par, first, last, 1.0, std::multiplies<double>{},\n        [&x](std::size_t i) {\n            double v = x[i];\n            return (i & 1) ? 1.0 / v : v;\n        }\n    );\n}",False,True,,29,N/A,,,,,5.0680108070373535
"#include <hpx/hpx_main.hpp>\n\n/* Return the product of the vector x with every odd indexed element inverted.\n   i.e. x_0 * 1/x_1 * x_2 * 1/x_3 * x_4 ...\n   Use HPX to compute product in parallel.  Assume HPX has already been initialized.\n   Example:\n\n   input: [4, 2, 10, 4, 5]\n   output: 25\n*/\ndouble productWithInverses(std::vector<double> const& x) {",26_reduce_product_of_inverses,reduce,cpp,hpx,0.2,0.95,True,2048,False,"double productWithInverses(std::vector<double> const& x) {\n    using it = hpx::util::counting_iterator<std::size_t>;\n    return hpx::transform_reduce(\n        hpx::execution::par,\n        it(0), it(x.size()),\n        1.0,\n        std::multiplies<double>{},\n        [&x](std::size_t i) {\n            double v = x[i];\n            return (i & 1) == 0 ? v : 1.0 / v;\n        });\n}",False,True,,30,N/A,,,,,6.573352336883545
"#include <hpx/hpx_main.hpp>\n\n/* Return the product of the vector x with every odd indexed element inverted.\n   i.e. x_0 * 1/x_1 * x_2 * 1/x_3 * x_4 ...\n   Use HPX to compute product in parallel.  Assume HPX has already been initialized.\n   Example:\n\n   input: [4, 2, 10, 4, 5]\n   output: 25\n*/\ndouble productWithInverses(std::vector<double> const& x) {",26_reduce_product_of_inverses,reduce,cpp,hpx,0.2,0.95,True,2048,False,"double productWithInverses(std::vector<double> const& x) {\n    auto first = hpx::util::counting_iterator<std::size_t>(0);\n    auto last  = hpx::util::counting_iterator<std::size_t>(x.size());\n\n    return hpx::transform_reduce(\n        hpx::execution::par, first, last, 1.0, std::multiplies<double>{},\n        [&x](std::size_t i) {\n            double v = x[i];\n            return (i % 2 == 0) ? v : 1.0 / v;\n        });\n}",False,True,,31,N/A,,,,,5.750134229660034
"#include <hpx/hpx_main.hpp>\n\n/* Return the product of the vector x with every odd indexed element inverted.\n   i.e. x_0 * 1/x_1 * x_2 * 1/x_3 * x_4 ...\n   Use HPX to compute product in parallel.  Assume HPX has already been initialized.\n   Example:\n\n   input: [4, 2, 10, 4, 5]\n   output: 25\n*/\ndouble productWithInverses(std::vector<double> const& x) {",26_reduce_product_of_inverses,reduce,cpp,hpx,0.2,0.95,True,2048,False,"double productWithInverses(std::vector<double> const& x) {\n    using idx_it = hpx::util::counting_iterator<std::size_t>;\n    return hpx::transform_reduce(\n        hpx::execution::par,\n        idx_it(0), idx_it(x.size()),\n        1.0,\n        std::multiplies<double>(),\n        [&x](std::size_t i) {\n            double v = x[i];\n            return (i & 1) ? 1.0 / v : v;\n        });\n}",False,True,,32,N/A,,,,,7.164683818817139
"#include <hpx/hpx_main.hpp>\n\n/* Return the product of the vector x with every odd indexed element inverted.\n   i.e. x_0 * 1/x_1 * x_2 * 1/x_3 * x_4 ...\n   Use HPX to compute product in parallel.  Assume HPX has already been initialized.\n   Example:\n\n   input: [4, 2, 10, 4, 5]\n   output: 25\n*/\ndouble productWithInverses(std::vector<double> const& x) {",26_reduce_product_of_inverses,reduce,cpp,hpx,0.2,0.95,True,2048,False,"double productWithInverses(std::vector<double> const& x) {\n    auto first = hpx::util::make_counting_iterator<std::size_t>(0);\n    auto last  = hpx::util::make_counting_iterator<std::size_t>(x.size());\n\n    return hpx::transform_reduce(\n        hpx::execution::par, first, last, 1.0, std::multiplies<>{},\n        [&x](std::size_t i) {\n            double v = x[i];\n            return (i & 1) ? (1.0 / v) : v;\n        }\n    );\n}",False,True,,33,N/A,,,,,7.294056177139282
"#include <hpx/hpx_main.hpp>\n\n/* Return the product of the vector x with every odd indexed element inverted.\n   i.e. x_0 * 1/x_1 * x_2 * 1/x_3 * x_4 ...\n   Use HPX to compute product in parallel.  Assume HPX has already been initialized.\n   Example:\n\n   input: [4, 2, 10, 4, 5]\n   output: 25\n*/\ndouble productWithInverses(std::vector<double> const& x) {",26_reduce_product_of_inverses,reduce,cpp,hpx,0.2,0.95,True,2048,False,"double productWithInverses(std::vector<double> const& x) {\n    auto first = hpx::util::counting_iterator<std::size_t>(0);\n    auto last  = hpx::util::counting_iterator<std::size_t>(x.size());\n    return hpx::transform_reduce(\n        hpx::execution::par, first, last, 1.0, std::multiplies<>{},\n        [&x](std::size_t i) {\n            double v = x[i];\n            return (i % 2 == 0) ? v : 1.0 / v;\n        });\n}",False,True,,34,N/A,,,,,5.911896467208862
"#include <hpx/hpx_main.hpp>\n\n/* Return the product of the vector x with every odd indexed element inverted.\n   i.e. x_0 * 1/x_1 * x_2 * 1/x_3 * x_4 ...\n   Use HPX to compute product in parallel.  Assume HPX has already been initialized.\n   Example:\n\n   input: [4, 2, 10, 4, 5]\n   output: 25\n*/\ndouble productWithInverses(std::vector<double> const& x) {",26_reduce_product_of_inverses,reduce,cpp,hpx,0.2,0.95,True,2048,False,"double productWithInverses(std::vector<double> const& x) {\n    auto first = hpx::make_counting_iterator<std::size_t>(0);\n    auto last  = hpx::make_counting_iterator<std::size_t>(x.size());\n    auto transform = [&x](std::size_t i) {\n        double v = x[i];\n        return (i & 1) ? 1.0 / v : v;\n    };\n    return hpx::transform_reduce(hpx::execution::par, first, last, 1.0,\n                                 std::multiplies<double>{}, transform);\n}",False,True,,35,N/A,,,,,5.765297889709473
"#include <hpx/hpx_main.hpp>\n\n/* Return the product of the vector x with every odd indexed element inverted.\n   i.e. x_0 * 1/x_1 * x_2 * 1/x_3 * x_4 ...\n   Use HPX to compute product in parallel.  Assume HPX has already been initialized.\n   Example:\n\n   input: [4, 2, 10, 4, 5]\n   output: 25\n*/\ndouble productWithInverses(std::vector<double> const& x) {",26_reduce_product_of_inverses,reduce,cpp,hpx,0.2,0.95,True,2048,False,"double productWithInverses(std::vector<double> const& x) {\n    using hpx::execution::par;\n    using hpx::util::counting_iterator;\n    auto first = counting_iterator<std::size_t>(0);\n    auto last  = counting_iterator<std::size_t>(x.size());\n    auto map = [&x](std::size_t i) { return (i % 2 == 0) ? x[i] : 1.0 / x[i]; };\n    return hpx::transform_reduce(par, first, last, 1.0, std::multiplies<>{}, map);\n}",False,True,,36,N/A,,,,,5.835138559341431
"#include <hpx/hpx_main.hpp>\n\n/* Return the product of the vector x with every odd indexed element inverted.\n   i.e. x_0 * 1/x_1 * x_2 * 1/x_3 * x_4 ...\n   Use HPX to compute product in parallel.  Assume HPX has already been initialized.\n   Example:\n\n   input: [4, 2, 10, 4, 5]\n   output: 25\n*/\ndouble productWithInverses(std::vector<double> const& x) {",26_reduce_product_of_inverses,reduce,cpp,hpx,0.2,0.95,True,2048,False,"double productWithInverses(std::vector<double> const& x) {\n    auto first = hpx::util::counting_iterator<std::size_t>(0);\n    auto last  = hpx::util::counting_iterator<std::size_t>(x.size());\n    return hpx::transform_reduce(\n        hpx::execution::par, first, last,\n        1.0, std::multiplies<double>{},\n        [&x](std::size_t i) {\n            return (i & 1) == 0 ? x[i] : 1.0 / x[i];\n        });\n}",False,True,,37,N/A,,,,,6.47135329246521
"#include <hpx/hpx_main.hpp>\n\n/* Return the product of the vector x with every odd indexed element inverted.\n   i.e. x_0 * 1/x_1 * x_2 * 1/x_3 * x_4 ...\n   Use HPX to compute product in parallel.  Assume HPX has already been initialized.\n   Example:\n\n   input: [4, 2, 10, 4, 5]\n   output: 25\n*/\ndouble productWithInverses(std::vector<double> const& x) {",26_reduce_product_of_inverses,reduce,cpp,hpx,0.2,0.95,True,2048,False,"double productWithInverses(std::vector<double> const& x) {\n    return hpx::transform_reduce(\n        hpx::execution::par,\n        hpx::util::counting_iterator<std::size_t>(0),\n        hpx::util::counting_iterator<std::size_t>(x.size()),\n        1.0,\n        std::multiplies<double>{},\n        [&](std::size_t i) { return (i & 1) ? 1.0 / x[i] : x[i]; });\n}",False,True,,38,N/A,,,,,5.7057459354400635
"#include <hpx/hpx_main.hpp>\n\n/* Return the product of the vector x with every odd indexed element inverted.\n   i.e. x_0 * 1/x_1 * x_2 * 1/x_3 * x_4 ...\n   Use HPX to compute product in parallel.  Assume HPX has already been initialized.\n   Example:\n\n   input: [4, 2, 10, 4, 5]\n   output: 25\n*/\ndouble productWithInverses(std::vector<double> const& x) {",26_reduce_product_of_inverses,reduce,cpp,hpx,0.2,0.95,True,2048,False,"double productWithInverses(std::vector<double> const& x) {\n    const std::size_t n = x.size();\n    if (n == 0) return 1.0;\n\n    const std::size_t threads = std::max<std::size_t>(1, hpx::get_os_thread_count());\n    const std::size_t chunks = std::min(threads, n);\n    const std::size_t block  = (n + chunks - 1) / chunks;\n\n    std::vector<hpx::future<double>> fs;\n    fs.reserve(chunks);\n\n    for (std::size_t c = 0; c < chunks; ++c) {\n        const std::size_t b = c * block;\n        if (b >= n) break;\n        const std::size_t e = std::min(n, b + block);\n\n        fs.push_back(hpx::async([b, e, &x]() {\n            double p = 1.0;\n            for (std::size_t i = b; i < e; ++i) {\n                p *= (i & 1) ? (1.0 / x[i]) : x[i];\n            }\n            return p;\n        }));\n    }\n\n    double result = 1.0;\n    for (auto& f : fs) result *= f.get();\n    return result;\n}",False,True,,39,N/A,,,,,10.669573783874512
"#include <hpx/hpx_main.hpp>\n\n/* Return the product of the vector x with every odd indexed element inverted.\n   i.e. x_0 * 1/x_1 * x_2 * 1/x_3 * x_4 ...\n   Use HPX to compute product in parallel.  Assume HPX has already been initialized.\n   Example:\n\n   input: [4, 2, 10, 4, 5]\n   output: 25\n*/\ndouble productWithInverses(std::vector<double> const& x) {",26_reduce_product_of_inverses,reduce,cpp,hpx,0.2,0.95,True,2048,False,"double productWithInverses(std::vector<double> const& x) {\n    auto first = hpx::util::counting_iterator<std::size_t>(0);\n    auto last = first + x.size();\n    return hpx::transform_reduce(\n        hpx::execution::par, first, last, 1.0, std::multiplies<double>(),\n        [&x](std::size_t i) {\n            double v = x[i];\n            return (i % 2 == 0) ? v : 1.0 / v;\n        });\n}",False,True,,40,N/A,,,,,6.412829160690308
"#include <hpx/hpx_main.hpp>\n\n/* Return the product of the vector x with every odd indexed element inverted.\n   i.e. x_0 * 1/x_1 * x_2 * 1/x_3 * x_4 ...\n   Use HPX to compute product in parallel.  Assume HPX has already been initialized.\n   Example:\n\n   input: [4, 2, 10, 4, 5]\n   output: 25\n*/\ndouble productWithInverses(std::vector<double> const& x) {",26_reduce_product_of_inverses,reduce,cpp,hpx,0.2,0.95,True,2048,False,"double productWithInverses(std::vector<double> const& x) {\n    auto first = hpx::make_counting_iterator<std::size_t>(0);\n    auto last  = hpx::make_counting_iterator<std::size_t>(x.size());\n\n    return hpx::transform_reduce(\n        hpx::execution::par,\n        first, last,\n        1.0,\n        std::multiplies<double>{},\n        [&](std::size_t i) {\n            double xi = x[i];\n            return (i & 1) ? 1.0 / xi : xi;\n        });\n}",False,True,,41,N/A,,,,,5.485060930252075
"#include <hpx/hpx_main.hpp>\n\n/* Return the product of the vector x with every odd indexed element inverted.\n   i.e. x_0 * 1/x_1 * x_2 * 1/x_3 * x_4 ...\n   Use HPX to compute product in parallel.  Assume HPX has already been initialized.\n   Example:\n\n   input: [4, 2, 10, 4, 5]\n   output: 25\n*/\ndouble productWithInverses(std::vector<double> const& x) {",26_reduce_product_of_inverses,reduce,cpp,hpx,0.2,0.95,True,2048,False,"double productWithInverses(std::vector<double> const& x) {\n    return hpx::transform_reduce(\n        hpx::execution::par,\n        hpx::util::counting_iterator<std::size_t>(0),\n        hpx::util::counting_iterator<std::size_t>(x.size()),\n        x.begin(),\n        1.0,\n        std::multiplies<double>{},\n        [](std::size_t i, double v) { return (i % 2 == 0) ? v : 1.0 / v; }\n    );\n}",False,True,,42,N/A,,,,,6.586829900741577
"#include <hpx/hpx_main.hpp>\n\n/* Return the product of the vector x with every odd indexed element inverted.\n   i.e. x_0 * 1/x_1 * x_2 * 1/x_3 * x_4 ...\n   Use HPX to compute product in parallel.  Assume HPX has already been initialized.\n   Example:\n\n   input: [4, 2, 10, 4, 5]\n   output: 25\n*/\ndouble productWithInverses(std::vector<double> const& x) {",26_reduce_product_of_inverses,reduce,cpp,hpx,0.2,0.95,True,2048,False,"double productWithInverses(std::vector<double> const& x) {\n    auto n = x.size();\n    auto first = boost::counting_iterator<std::size_t>(0);\n    auto last  = boost::counting_iterator<std::size_t>(n);\n\n    return hpx::transform_reduce(\n        hpx::execution::par, first, last, 1.0, std::multiplies<double>{},\n        [&](std::size_t i) {\n            double v = x[i];\n            return (i & 1u) == 0 ? v : 1.0 / v;\n        });\n}",False,True,,43,N/A,,,,,8.052030563354492
"#include <hpx/hpx_main.hpp>\n\n/* Return the product of the vector x with every odd indexed element inverted.\n   i.e. x_0 * 1/x_1 * x_2 * 1/x_3 * x_4 ...\n   Use HPX to compute product in parallel.  Assume HPX has already been initialized.\n   Example:\n\n   input: [4, 2, 10, 4, 5]\n   output: 25\n*/\ndouble productWithInverses(std::vector<double> const& x) {",26_reduce_product_of_inverses,reduce,cpp,hpx,0.2,0.95,True,2048,False,"double productWithInverses(std::vector<double> const& x) {\n    auto first = hpx::make_counting_iterator<std::size_t>(0);\n    auto last  = first + x.size();\n\n    return hpx::transform_reduce(\n        hpx::execution::par,\n        first, last,\n        1.0,\n        std::multiplies<double>{},\n        [&x](std::size_t i) { return (i % 2 == 0) ? x[i] : 1.0 / x[i]; }\n    );\n}",False,True,,44,N/A,,,,,4.764885187149048
"#include <hpx/hpx_main.hpp>\n\n/* Return the product of the vector x with every odd indexed element inverted.\n   i.e. x_0 * 1/x_1 * x_2 * 1/x_3 * x_4 ...\n   Use HPX to compute product in parallel.  Assume HPX has already been initialized.\n   Example:\n\n   input: [4, 2, 10, 4, 5]\n   output: 25\n*/\ndouble productWithInverses(std::vector<double> const& x) {",26_reduce_product_of_inverses,reduce,cpp,hpx,0.2,0.95,True,2048,False,"double productWithInverses(std::vector<double> const& x) {\n    auto first = hpx::util::counting_iterator<std::size_t>(0);\n    auto last  = first + x.size();\n\n    return hpx::transform_reduce(\n        hpx::execution::par, first, last,\n        1.0, std::multiplies<>(),\n        [&x](std::size_t i) {\n            double v = x[i];\n            return (i & 1) ? (1.0 / v) : v;\n        });\n}",False,True,,45,N/A,,,,,4.8437089920043945
"#include <hpx/hpx_main.hpp>\n\n/* Return the product of the vector x with every odd indexed element inverted.\n   i.e. x_0 * 1/x_1 * x_2 * 1/x_3 * x_4 ...\n   Use HPX to compute product in parallel.  Assume HPX has already been initialized.\n   Example:\n\n   input: [4, 2, 10, 4, 5]\n   output: 25\n*/\ndouble productWithInverses(std::vector<double> const& x) {",26_reduce_product_of_inverses,reduce,cpp,hpx,0.2,0.95,True,2048,False,"double productWithInverses(std::vector<double> const& x) {\n    auto first = hpx::make_counting_iterator<std::size_t>(0);\n    auto last  = hpx::make_counting_iterator<std::size_t>(x.size());\n\n    return hpx::transform_reduce(\n        hpx::execution::par, first, last, 1.0, std::multiplies<double>{},\n        [&x](std::size_t i) {\n            double v = x[i];\n            return (i % 2 == 0) ? v : 1.0 / v;\n        });\n}",False,True,,46,N/A,,,,,6.100123643875122
"#include <hpx/hpx_main.hpp>\n\n/* Return the product of the vector x with every odd indexed element inverted.\n   i.e. x_0 * 1/x_1 * x_2 * 1/x_3 * x_4 ...\n   Use HPX to compute product in parallel.  Assume HPX has already been initialized.\n   Example:\n\n   input: [4, 2, 10, 4, 5]\n   output: 25\n*/\ndouble productWithInverses(std::vector<double> const& x) {",26_reduce_product_of_inverses,reduce,cpp,hpx,0.2,0.95,True,2048,False,"double productWithInverses(std::vector<double> const& x) {\n    return hpx::transform_reduce(\n        hpx::execution::par,\n        hpx::counting_iterator<std::size_t>(0),\n        hpx::counting_iterator<std::size_t>(x.size()),\n        1.0,\n        std::multiplies<double>{},\n        [&](std::size_t i) { return (i % 2 == 0) ? x[i] : 1.0 / x[i]; });\n}",False,True,,47,N/A,,,,,4.084151983261108
"#include <hpx/hpx_main.hpp>\n\n/* Return the product of the vector x with every odd indexed element inverted.\n   i.e. x_0 * 1/x_1 * x_2 * 1/x_3 * x_4 ...\n   Use HPX to compute product in parallel.  Assume HPX has already been initialized.\n   Example:\n\n   input: [4, 2, 10, 4, 5]\n   output: 25\n*/\ndouble productWithInverses(std::vector<double> const& x) {",26_reduce_product_of_inverses,reduce,cpp,hpx,0.2,0.95,True,2048,False,"double productWithInverses(std::vector<double> const& x)\n{\n    return product_helper(x, 0, x.size());\n}",False,False,,48,N/A,,,,,10.861974954605103
"#include <hpx/hpx_main.hpp>\n\n/* Return the product of the vector x with every odd indexed element inverted.\n   i.e. x_0 * 1/x_1 * x_2 * 1/x_3 * x_4 ...\n   Use HPX to compute product in parallel.  Assume HPX has already been initialized.\n   Example:\n\n   input: [4, 2, 10, 4, 5]\n   output: 25\n*/\ndouble productWithInverses(std::vector<double> const& x) {",26_reduce_product_of_inverses,reduce,cpp,hpx,0.2,0.95,True,2048,False,"double productWithInverses(std::vector<double> const& x) {\n    auto first = hpx::util::counting_iterator<std::size_t>(0);\n    auto last  = first + x.size();\n\n    return hpx::transform_reduce(\n        hpx::execution::par, first, last, 1.0, std::multiplies<double>{},\n        [&](std::size_t i) { return (i % 2 == 0) ? x[i] : 1.0 / x[i]; });\n}",False,True,,49,N/A,,,,,6.281498670578003
"#include <hpx/hpx_main.hpp>\n\n/* Return the product of the vector x with every odd indexed element inverted.\n   i.e. x_0 * 1/x_1 * x_2 * 1/x_3 * x_4 ...\n   Use HPX to compute product in parallel.  Assume HPX has already been initialized.\n   Example:\n\n   input: [4, 2, 10, 4, 5]\n   output: 25\n*/\ndouble productWithInverses(std::vector<double> const& x) {",26_reduce_product_of_inverses,reduce,cpp,hpx,0.2,0.95,True,2048,False,"double productWithInverses(std::vector<double> const& x) {\n    auto first = hpx::util::counting_iterator<std::size_t>(0);\n    auto last  = hpx::util::counting_iterator<std::size_t>(x.size());\n\n    return hpx::transform_reduce(\n        hpx::execution::par, first, last, 1.0, std::multiplies<double>{},\n        [&x](std::size_t i) { return (i & 1) ? 1.0 / x[i] : x[i]; });\n}",False,True,,50,N/A,,,,,7.602162837982178
"#include <hpx/hpx_main.hpp>\n\n/* Return the product of the vector x with every odd indexed element inverted.\n   i.e. x_0 * 1/x_1 * x_2 * 1/x_3 * x_4 ...\n   Use HPX to compute product in parallel.  Assume HPX has already been initialized.\n   Example:\n\n   input: [4, 2, 10, 4, 5]\n   output: 25\n*/\ndouble productWithInverses(std::vector<double> const& x) {",26_reduce_product_of_inverses,reduce,cpp,hpx,0.2,0.95,True,2048,False,"double productWithInverses(std::vector<double> const& x) {\n    auto seq = [&](std::size_t b, std::size_t e) {\n        double acc = 1.0;\n        for (std::size_t i = b; i < e; ++i)\n            acc *= (i & 1) ? (1.0 / x[i]) : x[i];\n        return acc;\n    };\n\n    std::function<double(std::size_t, std::size_t)> prod = [&](std::size_t b, std::size_t e) -> double {\n        std::size_t n = e - b;\n        if (n <= 2048)\n            return seq(b, e);\n        std::size_t m = b + n / 2;\n        auto left = hpx::async([&]() { return prod(b, m); });\n        double right = prod(m, e);\n        return left.get() * right;\n    };\n\n    return prod(0, x.size());\n}",False,True,,51,N/A,,,,,9.266096353530884
"#include <hpx/hpx_main.hpp>\n\n/* Return the product of the vector x with every odd indexed element inverted.\n   i.e. x_0 * 1/x_1 * x_2 * 1/x_3 * x_4 ...\n   Use HPX to compute product in parallel.  Assume HPX has already been initialized.\n   Example:\n\n   input: [4, 2, 10, 4, 5]\n   output: 25\n*/\ndouble productWithInverses(std::vector<double> const& x) {",26_reduce_product_of_inverses,reduce,cpp,hpx,0.2,0.95,True,2048,False,"double productWithInverses(std::vector<double> const& x) {\n    auto first = hpx::util::counting_iterator<std::size_t>(0);\n    auto last  = hpx::util::counting_iterator<std::size_t>(x.size());\n\n    return hpx::transform_reduce(\n        hpx::execution::par, first, last, 1.0, std::multiplies<double>{},\n        [&x](std::size_t i) {\n            double v = x[i];\n            return (i & 1) ? 1.0 / v : v;\n        });\n}",False,True,,52,N/A,,,,,6.788949728012085
"#include <hpx/hpx_main.hpp>\n\n/* Return the product of the vector x with every odd indexed element inverted.\n   i.e. x_0 * 1/x_1 * x_2 * 1/x_3 * x_4 ...\n   Use HPX to compute product in parallel.  Assume HPX has already been initialized.\n   Example:\n\n   input: [4, 2, 10, 4, 5]\n   output: 25\n*/\ndouble productWithInverses(std::vector<double> const& x) {",26_reduce_product_of_inverses,reduce,cpp,hpx,0.2,0.95,True,2048,False,"double productWithInverses(std::vector<double> const& x) {\n    auto first = hpx::util::counting_iterator<std::size_t>(0);\n    auto last  = hpx::util::counting_iterator<std::size_t>(x.size());\n\n    auto mult = [](double a, double b) { return a * b; };\n    auto term = [&x](std::size_t i) {\n        double v = x[i];\n        return (i & 1) == 0 ? v : 1.0 / v;\n    };\n\n    return hpx::transform_reduce(hpx::execution::par, first, last, 1.0, mult, term);\n}",False,True,,53,N/A,,,,,6.536340713500977
"#include <hpx/hpx_main.hpp>\n\n/* Return the product of the vector x with every odd indexed element inverted.\n   i.e. x_0 * 1/x_1 * x_2 * 1/x_3 * x_4 ...\n   Use HPX to compute product in parallel.  Assume HPX has already been initialized.\n   Example:\n\n   input: [4, 2, 10, 4, 5]\n   output: 25\n*/\ndouble productWithInverses(std::vector<double> const& x) {",26_reduce_product_of_inverses,reduce,cpp,hpx,0.2,0.95,True,2048,False,"double productWithInverses(std::vector<double> const& x) {\n    using hpx::execution::par;\n    auto first = hpx::util::counting_iterator<std::size_t>(0);\n    auto last  = first + x.size();\n\n    return hpx::transform_reduce(\n        par, first, last, 1.0, std::multiplies<double>{},\n        [&x](std::size_t i) {\n            double v = x[i];\n            return (i % 2 == 0) ? v : 1.0 / v;\n        });\n}",False,True,,54,N/A,,,,,5.406191349029541
"#include <hpx/hpx_main.hpp>\n\n/* Return the product of the vector x with every odd indexed element inverted.\n   i.e. x_0 * 1/x_1 * x_2 * 1/x_3 * x_4 ...\n   Use HPX to compute product in parallel.  Assume HPX has already been initialized.\n   Example:\n\n   input: [4, 2, 10, 4, 5]\n   output: 25\n*/\ndouble productWithInverses(std::vector<double> const& x) {",26_reduce_product_of_inverses,reduce,cpp,hpx,0.2,0.95,True,2048,False,"double productWithInverses(std::vector<double> const& x) {\n    using hpx::execution::par;\n    auto first = hpx::util::counting_iterator<std::size_t>(0);\n    auto last  = first + x.size();\n    return hpx::transform_reduce(\n        par, first, last, 1.0, std::multiplies<>(),\n        [&x](std::size_t i) {\n            return (i & 1) == 0 ? x[i] : 1.0 / x[i];\n        });\n}",False,True,,55,N/A,,,,,6.777319669723511
"#include <hpx/hpx_main.hpp>\n\n/* Return the product of the vector x with every odd indexed element inverted.\n   i.e. x_0 * 1/x_1 * x_2 * 1/x_3 * x_4 ...\n   Use HPX to compute product in parallel.  Assume HPX has already been initialized.\n   Example:\n\n   input: [4, 2, 10, 4, 5]\n   output: 25\n*/\ndouble productWithInverses(std::vector<double> const& x) {",26_reduce_product_of_inverses,reduce,cpp,hpx,0.2,0.95,True,2048,False,"double productWithInverses(std::vector<double> const& x) {\n    using it = hpx::util::counting_iterator<std::size_t>;\n    return hpx::transform_reduce(\n        hpx::execution::par, it(0), it(x.size()), 1.0, std::multiplies<double>{},\n        [&](std::size_t i) {\n            double v = x[i];\n            return (i & 1) ? 1.0 / v : v;\n        });\n}",False,True,,56,N/A,,,,,6.376572132110596
"#include <hpx/hpx_main.hpp>\n\n/* Return the product of the vector x with every odd indexed element inverted.\n   i.e. x_0 * 1/x_1 * x_2 * 1/x_3 * x_4 ...\n   Use HPX to compute product in parallel.  Assume HPX has already been initialized.\n   Example:\n\n   input: [4, 2, 10, 4, 5]\n   output: 25\n*/\ndouble productWithInverses(std::vector<double> const& x) {",26_reduce_product_of_inverses,reduce,cpp,hpx,0.2,0.95,True,2048,False,"double productWithInverses(std::vector<double> const& x) {\n    auto first = hpx::util::counting_iterator<std::size_t>(0);\n    auto last  = first + x.size();\n\n    return hpx::transform_reduce(\n        hpx::execution::par,\n        first, last,\n        1.0,\n        std::multiplies<double>{},\n        [&x](std::size_t i) {\n            double v = x[i];\n            return (i & 1) ? 1.0 / v : v;\n        }\n    );\n}",False,True,,57,N/A,,,,,5.65666389465332
"#include <hpx/hpx_main.hpp>\n\n/* Return the product of the vector x with every odd indexed element inverted.\n   i.e. x_0 * 1/x_1 * x_2 * 1/x_3 * x_4 ...\n   Use HPX to compute product in parallel.  Assume HPX has already been initialized.\n   Example:\n\n   input: [4, 2, 10, 4, 5]\n   output: 25\n*/\ndouble productWithInverses(std::vector<double> const& x) {",26_reduce_product_of_inverses,reduce,cpp,hpx,0.2,0.95,True,2048,False,"double productWithInverses(std::vector<double> const& x) {\n    auto first = hpx::make_counting_iterator<std::size_t>(0);\n    auto last  = hpx::make_counting_iterator<std::size_t>(x.size());\n\n    return hpx::transform_reduce(\n        hpx::execution::par,\n        first, last,\n        1.0,\n        std::multiplies<double>{},\n        [&x](std::size_t i) {\n            double v = x[i];\n            return (i % 2 == 0) ? v : 1.0 / v;\n        }\n    );\n}",False,True,,58,N/A,,,,,6.247225284576416
"#include <hpx/hpx_main.hpp>\n\n/* Return the product of the vector x with every odd indexed element inverted.\n   i.e. x_0 * 1/x_1 * x_2 * 1/x_3 * x_4 ...\n   Use HPX to compute product in parallel.  Assume HPX has already been initialized.\n   Example:\n\n   input: [4, 2, 10, 4, 5]\n   output: 25\n*/\ndouble productWithInverses(std::vector<double> const& x) {",26_reduce_product_of_inverses,reduce,cpp,hpx,0.2,0.95,True,2048,False,"double productWithInverses(std::vector<double> const& x) {\n    auto first = hpx::util::counting_iterator<std::size_t>(0);\n    auto last = first + x.size();\n    return hpx::transform_reduce(\n        hpx::execution::par,\n        first, last,\n        1.0,\n        std::multiplies<>{},\n        [&](std::size_t i) { return (i % 2 == 0) ? x[i] : 1.0 / x[i]; }\n    );\n}",False,True,,59,N/A,,,,,5.074942588806152
"#include <hpx/hpx_main.hpp>\n\n/* Return the product of the vector x with every odd indexed element inverted.\n   i.e. x_0 * 1/x_1 * x_2 * 1/x_3 * x_4 ...\n   Use HPX to compute product in parallel.  Assume HPX has already been initialized.\n   Example:\n\n   input: [4, 2, 10, 4, 5]\n   output: 25\n*/\ndouble productWithInverses(std::vector<double> const& x) {",26_reduce_product_of_inverses,reduce,cpp,hpx,0.2,0.95,True,2048,False,"double productWithInverses(std::vector<double> const& x) {\n    auto first = hpx::util::counting_iterator<std::size_t>(0);\n    auto last  = hpx::util::counting_iterator<std::size_t>(x.size());\n\n    return hpx::transform_reduce(\n        hpx::execution::par, first, last, 1.0, std::multiplies<double>{},\n        [&x](std::size_t i) {\n            double v = x[i];\n            return (i & 1) ? 1.0 / v : v;\n        });\n}",False,True,,60,N/A,,,,,7.089475154876709
"#include <hpx/hpx_main.hpp>\n\n/* Return the product of the vector x with every odd indexed element inverted.\n   i.e. x_0 * 1/x_1 * x_2 * 1/x_3 * x_4 ...\n   Use HPX to compute product in parallel.  Assume HPX has already been initialized.\n   Example:\n\n   input: [4, 2, 10, 4, 5]\n   output: 25\n*/\ndouble productWithInverses(std::vector<double> const& x) {",26_reduce_product_of_inverses,reduce,cpp,hpx,0.2,0.95,True,2048,False,"double productWithInverses(std::vector<double> const& x) {\n    std::vector<std::size_t> idx(x.size());\n    std::iota(idx.begin(), idx.end(), 0);\n\n    return hpx::transform_reduce(\n        hpx::execution::par,\n        idx.begin(), idx.end(),\n        1.0, std::multiplies<>(),\n        [&](std::size_t i) { return (i % 2 == 0) ? x[i] : 1.0 / x[i]; }\n    );\n}",False,True,,61,N/A,,,,,8.153680086135864
"#include <hpx/hpx_main.hpp>\n\n/* Return the product of the vector x with every odd indexed element inverted.\n   i.e. x_0 * 1/x_1 * x_2 * 1/x_3 * x_4 ...\n   Use HPX to compute product in parallel.  Assume HPX has already been initialized.\n   Example:\n\n   input: [4, 2, 10, 4, 5]\n   output: 25\n*/\ndouble productWithInverses(std::vector<double> const& x) {",26_reduce_product_of_inverses,reduce,cpp,hpx,0.2,0.95,True,2048,False,double productWithInverses(std::vector<double> const& x) {\n    auto even_prod_fut = hpx::async([&x] {\n        double p = 1.0;\n        for (std::size_t i = 0; i < x.size(); i += 2) p *= x[i];\n        return p;\n    });\n    auto odd_prod_fut = hpx::async([&x] {\n        double p = 1.0;\n        for (std::size_t i = 1; i < x.size(); i += 2) p *= x[i];\n        return p;\n    });\n\n    return even_prod_fut.get() / odd_prod_fut.get();\n},False,True,,62,N/A,,,,,6.35406494140625
"#include <hpx/hpx_main.hpp>\n\n/* Return the product of the vector x with every odd indexed element inverted.\n   i.e. x_0 * 1/x_1 * x_2 * 1/x_3 * x_4 ...\n   Use HPX to compute product in parallel.  Assume HPX has already been initialized.\n   Example:\n\n   input: [4, 2, 10, 4, 5]\n   output: 25\n*/\ndouble productWithInverses(std::vector<double> const& x) {",26_reduce_product_of_inverses,reduce,cpp,hpx,0.2,0.95,True,2048,False,"double productWithInverses(std::vector<double> const& x) {\n    using hpx::execution::par;\n    auto first = hpx::util::counting_iterator<std::size_t>(0);\n    auto last  = hpx::util::counting_iterator<std::size_t>(x.size());\n    return hpx::transform_reduce(\n        par, first, last, 1.0, std::multiplies<>(),\n        [&x](std::size_t i) {\n            double v = x[i];\n            return (i % 2 == 0) ? v : 1.0 / v;\n        });\n}",False,True,,63,N/A,,,,,7.037251234054565
"#include <hpx/hpx_main.hpp>\n\n/* Return the product of the vector x with every odd indexed element inverted.\n   i.e. x_0 * 1/x_1 * x_2 * 1/x_3 * x_4 ...\n   Use HPX to compute product in parallel.  Assume HPX has already been initialized.\n   Example:\n\n   input: [4, 2, 10, 4, 5]\n   output: 25\n*/\ndouble productWithInverses(std::vector<double> const& x) {",26_reduce_product_of_inverses,reduce,cpp,hpx,0.2,0.95,True,2048,False,"double productWithInverses(std::vector<double> const& x) {\n    using hpx::execution::par;\n\n    // Product of all elements\n    double prod_all = hpx::reduce(par, x.begin(), x.end(), 1.0, std::multiplies<double>{});\n\n    // Product of odd-indexed elements\n    auto n = x.size();\n    auto first = hpx::util::counting_iterator<std::size_t>(0);\n    auto last  = hpx::util::counting_iterator<std::size_t>(n);\n    auto take_odd = [&x](std::size_t i) { return (i & 1) ? x[i] : 1.0; };\n    double prod_odd = hpx::transform_reduce(par, first, last, 1.0, std::multiplies<double>{}, take_odd);\n\n    // even product / odd product\n    return prod_all / (prod_odd * prod_odd);\n}",False,True,,64,N/A,,,,,13.109014511108398
"#include <hpx/hpx_main.hpp>\n\n/* Return the product of the vector x with every odd indexed element inverted.\n   i.e. x_0 * 1/x_1 * x_2 * 1/x_3 * x_4 ...\n   Use HPX to compute product in parallel.  Assume HPX has already been initialized.\n   Example:\n\n   input: [4, 2, 10, 4, 5]\n   output: 25\n*/\ndouble productWithInverses(std::vector<double> const& x) {",26_reduce_product_of_inverses,reduce,cpp,hpx,0.2,0.95,True,2048,False,"double productWithInverses(std::vector<double> const& x) {\n    auto first = hpx::make_counting_iterator<std::size_t>(0);\n    auto last  = first + x.size();\n\n    return hpx::transform_reduce(\n        hpx::execution::par,\n        first, last,\n        1.0,\n        std::multiplies<double>{},\n        [&](std::size_t i) {\n            double v = x[i];\n            return (i % 2 == 0) ? v : 1.0 / v;\n        });\n}",False,True,,65,N/A,,,,,5.93937873840332
"#include <hpx/hpx_main.hpp>\n\n/* Return the product of the vector x with every odd indexed element inverted.\n   i.e. x_0 * 1/x_1 * x_2 * 1/x_3 * x_4 ...\n   Use HPX to compute product in parallel.  Assume HPX has already been initialized.\n   Example:\n\n   input: [4, 2, 10, 4, 5]\n   output: 25\n*/\ndouble productWithInverses(std::vector<double> const& x) {",26_reduce_product_of_inverses,reduce,cpp,hpx,0.2,0.95,True,2048,False,"double productWithInverses(std::vector<double> const& x) {\n    std::size_t n = x.size();\n    return hpx::transform_reduce(\n        hpx::execution::par,\n        hpx::util::counting_iterator<std::size_t>(0),\n        hpx::util::counting_iterator<std::size_t>(n),\n        1.0,\n        std::multiplies<double>{},\n        [&](std::size_t i) {\n            double v = x[i];\n            return (i & 1) ? 1.0 / v : v;\n        });\n}",False,True,,66,N/A,,,,,5.482513427734375
"#include <hpx/hpx_main.hpp>\n\n/* Return the product of the vector x with every odd indexed element inverted.\n   i.e. x_0 * 1/x_1 * x_2 * 1/x_3 * x_4 ...\n   Use HPX to compute product in parallel.  Assume HPX has already been initialized.\n   Example:\n\n   input: [4, 2, 10, 4, 5]\n   output: 25\n*/\ndouble productWithInverses(std::vector<double> const& x) {",26_reduce_product_of_inverses,reduce,cpp,hpx,0.2,0.95,True,2048,False,"double productWithInverses(std::vector<double> const& x) {\n    struct Seg {\n        double even, odd;\n        bool odd_len;\n    };\n    auto make_seg = [](double v) -> Seg { return {v, 1.0 / v, true}; };\n    auto combine = [](Seg const& L, Seg const& R) -> Seg {\n        return {\n            L.even * (L.odd_len ? R.odd : R.even),\n            L.odd  * (L.odd_len ? R.even : R.odd),\n            L.odd_len ^ R.odd_len\n        };\n    };\n    Seg id{1.0, 1.0, false};\n    Seg total = hpx::transform_reduce(hpx::execution::par,\n                                      x.begin(), x.end(),\n                                      id, combine, make_seg);\n    return total.even;\n}",False,True,,67,N/A,,,,,9.69067645072937
"#include <hpx/hpx_main.hpp>\n\n/* Return the product of the vector x with every odd indexed element inverted.\n   i.e. x_0 * 1/x_1 * x_2 * 1/x_3 * x_4 ...\n   Use HPX to compute product in parallel.  Assume HPX has already been initialized.\n   Example:\n\n   input: [4, 2, 10, 4, 5]\n   output: 25\n*/\ndouble productWithInverses(std::vector<double> const& x) {",26_reduce_product_of_inverses,reduce,cpp,hpx,0.2,0.95,True,2048,False,"double productWithInverses(std::vector<double> const& x) {\n    auto first = hpx::util::counting_iterator<std::size_t>(0);\n    auto last  = first + x.size();\n    return hpx::transform_reduce(\n        hpx::execution::par, first, last, 1.0, std::multiplies<double>{},\n        [&x](std::size_t i) { return (i & 1) ? 1.0 / x[i] : x[i]; });\n}",False,True,,68,N/A,,,,,5.7298266887664795
"#include <hpx/hpx_main.hpp>\n\n/* Return the product of the vector x with every odd indexed element inverted.\n   i.e. x_0 * 1/x_1 * x_2 * 1/x_3 * x_4 ...\n   Use HPX to compute product in parallel.  Assume HPX has already been initialized.\n   Example:\n\n   input: [4, 2, 10, 4, 5]\n   output: 25\n*/\ndouble productWithInverses(std::vector<double> const& x) {",26_reduce_product_of_inverses,reduce,cpp,hpx,0.2,0.95,True,2048,False,"double productWithInverses(std::vector<double> const& x) {\n    return hpx::transform_reduce(\n        hpx::execution::par,\n        boost::counting_iterator<std::size_t>(0),\n        boost::counting_iterator<std::size_t>(x.size()),\n        1.0,\n        std::multiplies<double>{},\n        [&x](std::size_t i) {\n            double v = x[i];\n            return (i % 2 == 0) ? v : 1.0 / v;\n        });\n}",False,True,,69,N/A,,,,,6.397305727005005
"#include <hpx/hpx_main.hpp>\n\n/* Return the product of the vector x with every odd indexed element inverted.\n   i.e. x_0 * 1/x_1 * x_2 * 1/x_3 * x_4 ...\n   Use HPX to compute product in parallel.  Assume HPX has already been initialized.\n   Example:\n\n   input: [4, 2, 10, 4, 5]\n   output: 25\n*/\ndouble productWithInverses(std::vector<double> const& x) {",26_reduce_product_of_inverses,reduce,cpp,hpx,0.2,0.95,True,2048,False,"double productWithInverses(std::vector<double> const& x) {\n    using hpx::execution::par;\n    auto first = hpx::util::make_counting_iterator<std::size_t>(0);\n    auto last  = hpx::util::make_counting_iterator<std::size_t>(x.size());\n\n    return hpx::transform_reduce(\n        par,\n        first, last,\n        1.0,\n        std::multiplies<double>(),\n        [&](std::size_t i) {\n            double v = x[i];\n            return (i % 2 == 0) ? v : 1.0 / v;\n        });\n}",False,True,,70,N/A,,,,,7.741793870925903
"#include <hpx/hpx_main.hpp>\n\n/* Return the product of the vector x with every odd indexed element inverted.\n   i.e. x_0 * 1/x_1 * x_2 * 1/x_3 * x_4 ...\n   Use HPX to compute product in parallel.  Assume HPX has already been initialized.\n   Example:\n\n   input: [4, 2, 10, 4, 5]\n   output: 25\n*/\ndouble productWithInverses(std::vector<double> const& x) {",26_reduce_product_of_inverses,reduce,cpp,hpx,0.2,0.95,True,2048,False,"double productWithInverses(std::vector<double> const& x) {\n    auto first = hpx::util::counting_iterator<std::size_t>(0);\n    auto last  = hpx::util::counting_iterator<std::size_t>(x.size());\n    return hpx::transform_reduce(\n        hpx::execution::par, first, last,\n        1.0, std::multiplies<>(),\n        [&x](std::size_t i) {\n            double v = x[i];\n            return (i & 1) ? 1.0 / v : v;\n        });\n}",False,True,,71,N/A,,,,,5.131164312362671
"#include <hpx/hpx_main.hpp>\n\n/* Return the product of the vector x with every odd indexed element inverted.\n   i.e. x_0 * 1/x_1 * x_2 * 1/x_3 * x_4 ...\n   Use HPX to compute product in parallel.  Assume HPX has already been initialized.\n   Example:\n\n   input: [4, 2, 10, 4, 5]\n   output: 25\n*/\ndouble productWithInverses(std::vector<double> const& x) {",26_reduce_product_of_inverses,reduce,cpp,hpx,0.2,0.95,True,2048,False,"{\n    using hpx::execution::par;\n    using hpx::util::counting_iterator;\n\n    auto n = x.size();\n    return hpx::transform_reduce(\n        par,\n        counting_iterator<std::size_t>(0), counting_iterator<std::size_t>(n),\n        x.begin(),\n        1.0,\n        std::multiplies<double>{},\n        [](std::size_t i, double v) { return (i % 2 == 0) ? v : 1.0 / v; }\n    );\n}",False,True,,72,N/A,,,,,6.441651821136475
"#include <hpx/hpx_main.hpp>\n\n/* Return the product of the vector x with every odd indexed element inverted.\n   i.e. x_0 * 1/x_1 * x_2 * 1/x_3 * x_4 ...\n   Use HPX to compute product in parallel.  Assume HPX has already been initialized.\n   Example:\n\n   input: [4, 2, 10, 4, 5]\n   output: 25\n*/\ndouble productWithInverses(std::vector<double> const& x) {",26_reduce_product_of_inverses,reduce,cpp,hpx,0.2,0.95,True,2048,False,"double productWithInverses(std::vector<double> const& x)\n{\n    auto first = hpx::make_counting_iterator<std::size_t>(0);\n    auto last  = hpx::make_counting_iterator<std::size_t>(x.size());\n\n    return hpx::transform_reduce(\n        hpx::execution::par, first, last, 1.0, std::multiplies<double>{},\n        [&x](std::size_t i) { return (i % 2 == 0) ? x[i] : 1.0 / x[i]; });\n}",False,True,,73,N/A,,,,,4.5537025928497314
"#include <hpx/hpx_main.hpp>\n\n/* Return the product of the vector x with every odd indexed element inverted.\n   i.e. x_0 * 1/x_1 * x_2 * 1/x_3 * x_4 ...\n   Use HPX to compute product in parallel.  Assume HPX has already been initialized.\n   Example:\n\n   input: [4, 2, 10, 4, 5]\n   output: 25\n*/\ndouble productWithInverses(std::vector<double> const& x) {",26_reduce_product_of_inverses,reduce,cpp,hpx,0.2,0.95,True,2048,False,double productWithInverses(std::vector<double> const& x) {\n    auto even_f = hpx::async([&]() {\n        double p = 1.0;\n        for (std::size_t i = 0; i < x.size(); i += 2) p *= x[i];\n        return p;\n    });\n    auto odd_f = hpx::async([&]() {\n        double p = 1.0;\n        for (std::size_t i = 1; i < x.size(); i += 2) p *= x[i];\n        return p;\n    });\n    return even_f.get() / odd_f.get();\n},False,True,,74,N/A,,,,,6.881924152374268
"#include <hpx/hpx_main.hpp>\n\n/* Return the product of the vector x with every odd indexed element inverted.\n   i.e. x_0 * 1/x_1 * x_2 * 1/x_3 * x_4 ...\n   Use HPX to compute product in parallel.  Assume HPX has already been initialized.\n   Example:\n\n   input: [4, 2, 10, 4, 5]\n   output: 25\n*/\ndouble productWithInverses(std::vector<double> const& x) {",26_reduce_product_of_inverses,reduce,cpp,hpx,0.2,0.95,True,2048,False,"double productWithInverses(std::vector<double> const& x) {\n    using hpx::execution::par;\n    auto idx_begin = hpx::util::make_counting_iterator<std::size_t>(0);\n    return hpx::transform_reduce(\n        par, x.begin(), x.end(), idx_begin,\n        1.0,\n        std::multiplies<double>{},\n        [](double v, std::size_t i) {\n            return (i & 1) ? 1.0 / v : v;\n        }\n    );\n}",False,True,,75,N/A,,,,,7.719221353530884
"#include <hpx/hpx_main.hpp>\n\n/* Return the product of the vector x with every odd indexed element inverted.\n   i.e. x_0 * 1/x_1 * x_2 * 1/x_3 * x_4 ...\n   Use HPX to compute product in parallel.  Assume HPX has already been initialized.\n   Example:\n\n   input: [4, 2, 10, 4, 5]\n   output: 25\n*/\ndouble productWithInverses(std::vector<double> const& x) {",26_reduce_product_of_inverses,reduce,cpp,hpx,0.2,0.95,True,2048,False,"double productWithInverses(std::vector<double> const& x) {\n    auto first = hpx::util::make_counting_iterator<std::size_t>(0);\n    auto last  = hpx::util::make_counting_iterator<std::size_t>(x.size());\n\n    return hpx::transform_reduce(\n        hpx::execution::par, first, last, 1.0, std::multiplies<double>{},\n        [&](std::size_t i) { return (i % 2 == 0) ? x[i] : 1.0 / x[i]; });\n}",False,True,,76,N/A,,,,,6.9620161056518555
"#include <hpx/hpx_main.hpp>\n\n/* Return the product of the vector x with every odd indexed element inverted.\n   i.e. x_0 * 1/x_1 * x_2 * 1/x_3 * x_4 ...\n   Use HPX to compute product in parallel.  Assume HPX has already been initialized.\n   Example:\n\n   input: [4, 2, 10, 4, 5]\n   output: 25\n*/\ndouble productWithInverses(std::vector<double> const& x) {",26_reduce_product_of_inverses,reduce,cpp,hpx,0.2,0.95,True,2048,False,"double productWithInverses(std::vector<double> const& x) {\n    using it = hpx::util::counting_iterator<std::size_t>;\n    return hpx::transform_reduce(\n        hpx::execution::par, it(0), it(x.size()),\n        1.0, std::multiplies<double>{},\n        [&x](std::size_t i) {\n            double v = x[i];\n            return (i & 1) ? 1.0 / v : v;\n        });\n}",False,True,,77,N/A,,,,,12.406671047210693
"#include <hpx/hpx_main.hpp>\n\n/* Return the product of the vector x with every odd indexed element inverted.\n   i.e. x_0 * 1/x_1 * x_2 * 1/x_3 * x_4 ...\n   Use HPX to compute product in parallel.  Assume HPX has already been initialized.\n   Example:\n\n   input: [4, 2, 10, 4, 5]\n   output: 25\n*/\ndouble productWithInverses(std::vector<double> const& x) {",26_reduce_product_of_inverses,reduce,cpp,hpx,0.2,0.95,True,2048,False,"double productWithInverses(std::vector<double> const& x) {\n    auto first = hpx::util::counting_iterator<std::size_t>(0);\n    auto last  = first + x.size();\n\n    return hpx::transform_reduce(\n        hpx::execution::par, first, last,\n        1.0, std::multiplies<>(),\n        [&x](std::size_t i) {\n            double v = x[i];\n            return (i % 2 == 0) ? v : 1.0 / v;\n        }\n    );\n}",False,True,,78,N/A,,,,,5.538344383239746
"#include <hpx/hpx_main.hpp>\n\n/* Return the product of the vector x with every odd indexed element inverted.\n   i.e. x_0 * 1/x_1 * x_2 * 1/x_3 * x_4 ...\n   Use HPX to compute product in parallel.  Assume HPX has already been initialized.\n   Example:\n\n   input: [4, 2, 10, 4, 5]\n   output: 25\n*/\ndouble productWithInverses(std::vector<double> const& x) {",26_reduce_product_of_inverses,reduce,cpp,hpx,0.2,0.95,True,2048,False,"double productWithInverses(std::vector<double> const& x) {\n    auto first = hpx::util::counting_iterator<std::size_t>(0);\n    auto last  = hpx::util::counting_iterator<std::size_t>(x.size());\n\n    return hpx::transform_reduce(\n        hpx::execution::par, first, last, 1.0, std::multiplies<double>{},\n        [&](std::size_t i) {\n            double v = x[i];\n            return (i & 1) ? 1.0 / v : v;\n        });\n}",False,True,,79,N/A,,,,,6.98276948928833
"#include <hpx/hpx_main.hpp>\n\n/* Return the product of the vector x with every odd indexed element inverted.\n   i.e. x_0 * 1/x_1 * x_2 * 1/x_3 * x_4 ...\n   Use HPX to compute product in parallel.  Assume HPX has already been initialized.\n   Example:\n\n   input: [4, 2, 10, 4, 5]\n   output: 25\n*/\ndouble productWithInverses(std::vector<double> const& x) {",26_reduce_product_of_inverses,reduce,cpp,hpx,0.2,0.95,True,2048,False,"double productWithInverses(std::vector<double> const& x) {\n    auto first = hpx::util::counting_iterator<std::size_t>(0);\n    auto last  = hpx::util::counting_iterator<std::size_t>(x.size());\n\n    return hpx::transform_reduce(\n        hpx::execution::par,\n        first, last,\n        1.0,\n        std::multiplies<double>{},\n        [&x](std::size_t i) {\n            double v = x[i];\n            return (i & 1) ? (1.0 / v) : v;\n        });\n}",False,True,,80,N/A,,,,,6.22011137008667
"#include <hpx/hpx_main.hpp>\n\n/* Return the product of the vector x with every odd indexed element inverted.\n   i.e. x_0 * 1/x_1 * x_2 * 1/x_3 * x_4 ...\n   Use HPX to compute product in parallel.  Assume HPX has already been initialized.\n   Example:\n\n   input: [4, 2, 10, 4, 5]\n   output: 25\n*/\ndouble productWithInverses(std::vector<double> const& x) {",26_reduce_product_of_inverses,reduce,cpp,hpx,0.2,0.95,True,2048,False,"double productWithInverses(std::vector<double> const& x) {\n    using it = hpx::util::counting_iterator<std::size_t>;\n    return hpx::transform_reduce(\n        hpx::execution::par,\n        it(0), it(x.size()),\n        1.0,\n        std::multiplies<double>(),\n        [&x](std::size_t i) {\n            double v = x[i];\n            return (i % 2 == 0) ? v : 1.0 / v;\n        }\n    );\n}",False,True,,81,N/A,,,,,7.9017486572265625
"#include <hpx/hpx_main.hpp>\n\n/* Return the product of the vector x with every odd indexed element inverted.\n   i.e. x_0 * 1/x_1 * x_2 * 1/x_3 * x_4 ...\n   Use HPX to compute product in parallel.  Assume HPX has already been initialized.\n   Example:\n\n   input: [4, 2, 10, 4, 5]\n   output: 25\n*/\ndouble productWithInverses(std::vector<double> const& x) {",26_reduce_product_of_inverses,reduce,cpp,hpx,0.2,0.95,True,2048,False,"double productWithInverses(std::vector<double> const& x) {\n    auto first = hpx::counting_iterator<std::size_t>(0);\n    auto last  = hpx::counting_iterator<std::size_t>(x.size());\n    return hpx::transform_reduce(\n        hpx::execution::par_unseq, first, last, 1.0, std::multiplies<double>{},\n        [&x](std::size_t i) {\n            double v = x[i];\n            return (i & 1) ? (1.0 / v) : v;\n        });\n}",False,True,,82,N/A,,,,,7.011667966842651
"#include <hpx/hpx_main.hpp>\n\n/* Return the product of the vector x with every odd indexed element inverted.\n   i.e. x_0 * 1/x_1 * x_2 * 1/x_3 * x_4 ...\n   Use HPX to compute product in parallel.  Assume HPX has already been initialized.\n   Example:\n\n   input: [4, 2, 10, 4, 5]\n   output: 25\n*/\ndouble productWithInverses(std::vector<double> const& x) {",26_reduce_product_of_inverses,reduce,cpp,hpx,0.2,0.95,True,2048,False,"double productWithInverses(std::vector<double> const& x) {\n    auto first = hpx::util::counting_iterator<std::size_t>(0);\n    auto last  = first + x.size();\n\n    return hpx::transform_reduce(\n        hpx::execution::par, first, last, 1.0, std::multiplies<double>{},\n        [&x](std::size_t i) {\n            double v = x[i];\n            return (i & 1) ? 1.0 / v : v;\n        });\n}",False,True,,83,N/A,,,,,5.809877157211304
"#include <hpx/hpx_main.hpp>\n\n/* Return the product of the vector x with every odd indexed element inverted.\n   i.e. x_0 * 1/x_1 * x_2 * 1/x_3 * x_4 ...\n   Use HPX to compute product in parallel.  Assume HPX has already been initialized.\n   Example:\n\n   input: [4, 2, 10, 4, 5]\n   output: 25\n*/\ndouble productWithInverses(std::vector<double> const& x) {",26_reduce_product_of_inverses,reduce,cpp,hpx,0.2,0.95,True,2048,False,"double productWithInverses(std::vector<double> const& x) {\n    auto first = hpx::make_counting_iterator<std::size_t>(0);\n    auto last  = hpx::make_counting_iterator<std::size_t>(x.size());\n\n    return hpx::transform_reduce(\n        hpx::execution::par, first, last, 1.0,\n        [](double a, double b) { return a * b; },\n        [&x](std::size_t i) { return (i % 2 == 0) ? x[i] : 1.0 / x[i]; }\n    );\n}",False,True,,84,N/A,,,,,5.0309576988220215
"#include <hpx/hpx_main.hpp>\n\n/* Return the product of the vector x with every odd indexed element inverted.\n   i.e. x_0 * 1/x_1 * x_2 * 1/x_3 * x_4 ...\n   Use HPX to compute product in parallel.  Assume HPX has already been initialized.\n   Example:\n\n   input: [4, 2, 10, 4, 5]\n   output: 25\n*/\ndouble productWithInverses(std::vector<double> const& x) {",26_reduce_product_of_inverses,reduce,cpp,hpx,0.2,0.95,True,2048,False,"double productWithInverses(std::vector<double> const& x) {\n    using hpx::execution::par;\n    const std::size_t n = x.size();\n\n    return hpx::transform_reduce(\n        par,\n        hpx::make_counting_iterator<std::size_t>(0),\n        hpx::make_counting_iterator<std::size_t>(n),\n        1.0,\n        std::multiplies<double>{},\n        [&x](std::size_t i) {\n            double v = x[i];\n            return (i & 1) ? (1.0 / v) : v;\n        });\n}",False,True,,85,N/A,,,,,6.98610258102417
"#include <hpx/hpx_main.hpp>\n\n/* Return the product of the vector x with every odd indexed element inverted.\n   i.e. x_0 * 1/x_1 * x_2 * 1/x_3 * x_4 ...\n   Use HPX to compute product in parallel.  Assume HPX has already been initialized.\n   Example:\n\n   input: [4, 2, 10, 4, 5]\n   output: 25\n*/\ndouble productWithInverses(std::vector<double> const& x) {",26_reduce_product_of_inverses,reduce,cpp,hpx,0.2,0.95,True,2048,False,"double productWithInverses(std::vector<double> const& x) {\n    auto first = hpx::make_counting_iterator<std::size_t>(0);\n    auto last  = hpx::make_counting_iterator<std::size_t>(x.size());\n    return hpx::transform_reduce(\n        hpx::execution::par, first, last, 1.0, std::multiplies<>{},\n        [&x](std::size_t i) {\n            double v = x[i];\n            return (i & 1) ? 1.0 / v : v;\n        });\n}",False,True,,86,N/A,,,,,4.1956963539123535
"#include <hpx/hpx_main.hpp>\n\n/* Return the product of the vector x with every odd indexed element inverted.\n   i.e. x_0 * 1/x_1 * x_2 * 1/x_3 * x_4 ...\n   Use HPX to compute product in parallel.  Assume HPX has already been initialized.\n   Example:\n\n   input: [4, 2, 10, 4, 5]\n   output: 25\n*/\ndouble productWithInverses(std::vector<double> const& x) {",26_reduce_product_of_inverses,reduce,cpp,hpx,0.2,0.95,True,2048,False,"double productWithInverses(std::vector<double> const& x) {\n    auto first = hpx::make_counting_iterator<std::size_t>(0);\n    auto last  = hpx::make_counting_iterator<std::size_t>(x.size());\n\n    return hpx::transform_reduce(\n        hpx::execution::par, first, last, 1.0, std::multiplies<>{},\n        [&x](std::size_t i) { return (i % 2 == 0) ? x[i] : 1.0 / x[i]; });\n}",False,True,,87,N/A,,,,,4.5683839321136475
"#include <hpx/hpx_main.hpp>\n\n/* Return the product of the vector x with every odd indexed element inverted.\n   i.e. x_0 * 1/x_1 * x_2 * 1/x_3 * x_4 ...\n   Use HPX to compute product in parallel.  Assume HPX has already been initialized.\n   Example:\n\n   input: [4, 2, 10, 4, 5]\n   output: 25\n*/\ndouble productWithInverses(std::vector<double> const& x) {",26_reduce_product_of_inverses,reduce,cpp,hpx,0.2,0.95,True,2048,False,double productWithInverses(std::vector<double> const& x) {\n    auto even_f = hpx::async([&x]() {\n        double p = 1.0;\n        for (std::size_t i = 0; i < x.size(); i += 2) p *= x[i];\n        return p;\n    });\n\n    auto odd_f = hpx::async([&x]() {\n        double p = 1.0;\n        for (std::size_t i = 1; i < x.size(); i += 2) p *= x[i];\n        return p;\n    });\n\n    return even_f.get() / odd_f.get();\n},False,True,,88,N/A,,,,,7.53476095199585
"#include <hpx/hpx_main.hpp>\n\n/* Return the product of the vector x with every odd indexed element inverted.\n   i.e. x_0 * 1/x_1 * x_2 * 1/x_3 * x_4 ...\n   Use HPX to compute product in parallel.  Assume HPX has already been initialized.\n   Example:\n\n   input: [4, 2, 10, 4, 5]\n   output: 25\n*/\ndouble productWithInverses(std::vector<double> const& x) {",26_reduce_product_of_inverses,reduce,cpp,hpx,0.2,0.95,True,2048,False,"double productWithInverses(std::vector<double> const& x) {\n    using hpx::execution::par;\n    using hpx::util::counting_iterator;\n\n    return hpx::transform_reduce(\n        par,\n        counting_iterator<std::size_t>(0),\n        counting_iterator<std::size_t>(x.size()),\n        1.0,\n        std::multiplies<double>{},\n        [&x](std::size_t i) {\n            double v = x[i];\n            return (i & 1) ? 1.0 / v : v;\n        });\n}",False,True,,89,N/A,,,,,7.211681365966797
"#include <hpx/hpx_main.hpp>\n\n/* Return the product of the vector x with every odd indexed element inverted.\n   i.e. x_0 * 1/x_1 * x_2 * 1/x_3 * x_4 ...\n   Use HPX to compute product in parallel.  Assume HPX has already been initialized.\n   Example:\n\n   input: [4, 2, 10, 4, 5]\n   output: 25\n*/\ndouble productWithInverses(std::vector<double> const& x) {",26_reduce_product_of_inverses,reduce,cpp,hpx,0.2,0.95,True,2048,False,"double productWithInverses(std::vector<double> const& x) {\n    auto first = hpx::util::counting_iterator<std::size_t>(0);\n    auto last = first + x.size();\n    return hpx::transform_reduce(\n        hpx::execution::par, first, last, 1.0, std::multiplies<>(),\n        [&x](std::size_t i) {\n            double v = x[i];\n            return (i % 2 == 0) ? v : 1.0 / v;\n        });\n}",False,True,,90,N/A,,,,,6.639141082763672
"#include <hpx/hpx_main.hpp>\n\n/* Return the product of the vector x with every odd indexed element inverted.\n   i.e. x_0 * 1/x_1 * x_2 * 1/x_3 * x_4 ...\n   Use HPX to compute product in parallel.  Assume HPX has already been initialized.\n   Example:\n\n   input: [4, 2, 10, 4, 5]\n   output: 25\n*/\ndouble productWithInverses(std::vector<double> const& x) {",26_reduce_product_of_inverses,reduce,cpp,hpx,0.2,0.95,True,2048,False,"double productWithInverses(std::vector<double> const& x) {\n    auto idxs = std::views::iota(std::size_t{0}, x.size());\n    return hpx::ranges::transform_reduce(\n        hpx::execution::par,\n        idxs,\n        1.0,\n        std::multiplies<double>{},\n        [&](std::size_t i) { return (i % 2 == 0) ? x[i] : 1.0 / x[i]; }\n    );\n}",False,True,,91,N/A,,,,,7.037672281265259
"#include <hpx/hpx_main.hpp>\n\n/* Return the product of the vector x with every odd indexed element inverted.\n   i.e. x_0 * 1/x_1 * x_2 * 1/x_3 * x_4 ...\n   Use HPX to compute product in parallel.  Assume HPX has already been initialized.\n   Example:\n\n   input: [4, 2, 10, 4, 5]\n   output: 25\n*/\ndouble productWithInverses(std::vector<double> const& x) {",26_reduce_product_of_inverses,reduce,cpp,hpx,0.2,0.95,True,2048,False,"double productWithInverses(std::vector<double> const& x) {\n    using counting = hpx::util::counting_iterator<std::size_t>;\n    return hpx::transform_reduce(\n        hpx::execution::par,\n        counting(0), counting(x.size()),\n        1.0,\n        std::multiplies<double>{},\n        [&x](std::size_t i) {\n            double v = x[i];\n            return (i & 1) ? 1.0 / v : v;\n        });\n}",False,True,,92,N/A,,,,,5.218506336212158
"#include <hpx/hpx_main.hpp>\n\n/* Return the product of the vector x with every odd indexed element inverted.\n   i.e. x_0 * 1/x_1 * x_2 * 1/x_3 * x_4 ...\n   Use HPX to compute product in parallel.  Assume HPX has already been initialized.\n   Example:\n\n   input: [4, 2, 10, 4, 5]\n   output: 25\n*/\ndouble productWithInverses(std::vector<double> const& x) {",26_reduce_product_of_inverses,reduce,cpp,hpx,0.2,0.95,True,2048,False,"double productWithInverses(std::vector<double> const& x) {\n    auto first = hpx::util::make_zip_iterator(\n        hpx::util::counting_iterator<std::size_t>(0), x.begin());\n    auto last = hpx::util::make_zip_iterator(\n        hpx::util::counting_iterator<std::size_t>(x.size()), x.end());\n\n    return hpx::transform_reduce(\n        hpx::execution::par, first, last, 1.0, std::multiplies<double>{},\n        [](auto const& tv) {\n            auto const& [i, v] = tv;\n            return (i % 2 == 0) ? v : 1.0 / v;\n        });\n}",False,True,,93,N/A,,,,,8.681612253189087
"#include <hpx/hpx_main.hpp>\n\n/* Return the product of the vector x with every odd indexed element inverted.\n   i.e. x_0 * 1/x_1 * x_2 * 1/x_3 * x_4 ...\n   Use HPX to compute product in parallel.  Assume HPX has already been initialized.\n   Example:\n\n   input: [4, 2, 10, 4, 5]\n   output: 25\n*/\ndouble productWithInverses(std::vector<double> const& x) {",26_reduce_product_of_inverses,reduce,cpp,hpx,0.2,0.95,True,2048,False,"double productWithInverses(std::vector<double> const& x) {\n    auto first = hpx::make_counting_iterator<std::size_t>(0);\n    auto last  = hpx::make_counting_iterator<std::size_t>(x.size());\n\n    return hpx::transform_reduce(\n        hpx::execution::par, first, last, 1.0,\n        std::multiplies<double>{},\n        [&x](std::size_t i) {\n            double v = x[i];\n            return (i & 1) ? 1.0 / v : v;\n        }\n    );\n}",False,True,,94,N/A,,,,,5.518194198608398
"#include <hpx/hpx_main.hpp>\n\n/* Return the product of the vector x with every odd indexed element inverted.\n   i.e. x_0 * 1/x_1 * x_2 * 1/x_3 * x_4 ...\n   Use HPX to compute product in parallel.  Assume HPX has already been initialized.\n   Example:\n\n   input: [4, 2, 10, 4, 5]\n   output: 25\n*/\ndouble productWithInverses(std::vector<double> const& x) {",26_reduce_product_of_inverses,reduce,cpp,hpx,0.2,0.95,True,2048,False,"double productWithInverses(std::vector<double> const& x) {\n    using it = hpx::util::counting_iterator<std::size_t>;\n    return hpx::transform_reduce(\n        hpx::execution::par,\n        it(0), it(x.size()),\n        1.0,\n        std::multiplies<double>(),\n        [&x](std::size_t i) {\n            double v = x[i];\n            return (i & 1) ? 1.0 / v : v;\n        });\n}",False,True,,95,N/A,,,,,8.925662994384766
"#include <hpx/hpx_main.hpp>\n\n/* Return the product of the vector x with every odd indexed element inverted.\n   i.e. x_0 * 1/x_1 * x_2 * 1/x_3 * x_4 ...\n   Use HPX to compute product in parallel.  Assume HPX has already been initialized.\n   Example:\n\n   input: [4, 2, 10, 4, 5]\n   output: 25\n*/\ndouble productWithInverses(std::vector<double> const& x) {",26_reduce_product_of_inverses,reduce,cpp,hpx,0.2,0.95,True,2048,False,"double productWithInverses(std::vector<double> const& x) {\n    auto first = hpx::util::counting_iterator<std::size_t>(0);\n    auto last  = hpx::util::counting_iterator<std::size_t>(x.size());\n    return hpx::transform_reduce(\n        hpx::execution::par, first, last, 1.0, std::multiplies<double>(),\n        [&x](std::size_t i) {\n            double v = x[i];\n            return (i & 1) ? 1.0 / v : v;\n        });\n}",False,True,,96,N/A,,,,,5.475391387939453
"#include <hpx/hpx_main.hpp>\n\n/* Return the product of the vector x with every odd indexed element inverted.\n   i.e. x_0 * 1/x_1 * x_2 * 1/x_3 * x_4 ...\n   Use HPX to compute product in parallel.  Assume HPX has already been initialized.\n   Example:\n\n   input: [4, 2, 10, 4, 5]\n   output: 25\n*/\ndouble productWithInverses(std::vector<double> const& x) {",26_reduce_product_of_inverses,reduce,cpp,hpx,0.2,0.95,True,2048,False,"double productWithInverses(std::vector<double> const& x) {\n    using hpx::execution::par;\n    const std::size_t n = x.size();\n    return hpx::transform_reduce(\n        par,\n        hpx::make_counting_iterator<std::size_t>(0),\n        hpx::make_counting_iterator<std::size_t>(n),\n        1.0,\n        std::multiplies<double>{},\n        [&x](std::size_t i) {\n            double v = x[i];\n            return (i & 1) ? 1.0 / v : v;\n        });\n}",False,True,,97,N/A,,,,,4.703488111495972
"#include <hpx/hpx_main.hpp>\n\n/* Return the product of the vector x with every odd indexed element inverted.\n   i.e. x_0 * 1/x_1 * x_2 * 1/x_3 * x_4 ...\n   Use HPX to compute product in parallel.  Assume HPX has already been initialized.\n   Example:\n\n   input: [4, 2, 10, 4, 5]\n   output: 25\n*/\ndouble productWithInverses(std::vector<double> const& x) {",26_reduce_product_of_inverses,reduce,cpp,hpx,0.2,0.95,True,2048,False,"double productWithInverses(std::vector<double> const& x) {\n    auto first = hpx::counting_iterator<std::size_t>(0);\n    auto last  = hpx::counting_iterator<std::size_t>(x.size());\n\n    return hpx::transform_reduce(\n        hpx::execution::par, first, last, 1.0, std::multiplies<>(),\n        [&x](std::size_t i) {\n            double v = x[i];\n            return (i & 1) ? (1.0 / v) : v;\n        }\n    );\n}",False,True,,98,N/A,,,,,9.744551420211792
"#include <hpx/hpx_main.hpp>\n\n/* Return the product of the vector x with every odd indexed element inverted.\n   i.e. x_0 * 1/x_1 * x_2 * 1/x_3 * x_4 ...\n   Use HPX to compute product in parallel.  Assume HPX has already been initialized.\n   Example:\n\n   input: [4, 2, 10, 4, 5]\n   output: 25\n*/\ndouble productWithInverses(std::vector<double> const& x) {",26_reduce_product_of_inverses,reduce,cpp,hpx,0.2,0.95,True,2048,False,"double productWithInverses(std::vector<double> const& x) {\n    auto first = hpx::util::counting_iterator<std::size_t>(0);\n    auto last  = first + x.size();\n\n    return hpx::transform_reduce(\n        hpx::execution::par,\n        first, last,\n        1.0,\n        std::multiplies<double>(),\n        [&x](std::size_t i) {\n            double v = x[i];\n            return (i % 2 == 0) ? v : 1.0 / v;\n        }\n    );\n}",False,True,,99,N/A,,,,,6.570216655731201
"#include <hpx/hpx_main.hpp>\n\n/* Return the average of the vector x.\n   Use HPX to compute in parallel.  Assume HPX has already been initialized.\n   Examples:\n		\n	 input: [1, 8, 4, 5, 1]\n   output: 3.8\n\n   input: [2, 2, 2, 3]\n   output: 2.25\n*/\ndouble average(std::vector<double> const& x) {",27_reduce_average,reduce,cpp,hpx,0.2,0.95,True,2048,False,"double average(std::vector<double> const& x) {\n    if (x.empty()) return 0.0;\n    double sum = hpx::reduce(hpx::execution::par, x.begin(), x.end(), 0.0);\n    return sum / static_cast<double>(x.size());\n}",False,True,,0,N/A,,,,,3.5319278240203857
"#include <hpx/hpx_main.hpp>\n\n/* Return the average of the vector x.\n   Use HPX to compute in parallel.  Assume HPX has already been initialized.\n   Examples:\n		\n	 input: [1, 8, 4, 5, 1]\n   output: 3.8\n\n   input: [2, 2, 2, 3]\n   output: 2.25\n*/\ndouble average(std::vector<double> const& x) {",27_reduce_average,reduce,cpp,hpx,0.2,0.95,True,2048,False,"double average(std::vector<double> const& x) {\n    if (x.empty()) return 0.0;\n    double sum = hpx::reduce(hpx::execution::par, x.begin(), x.end(), 0.0);\n    return sum / static_cast<double>(x.size());\n}",False,True,,1,N/A,,,,,4.535036325454712
"#include <hpx/hpx_main.hpp>\n\n/* Return the average of the vector x.\n   Use HPX to compute in parallel.  Assume HPX has already been initialized.\n   Examples:\n		\n	 input: [1, 8, 4, 5, 1]\n   output: 3.8\n\n   input: [2, 2, 2, 3]\n   output: 2.25\n*/\ndouble average(std::vector<double> const& x) {",27_reduce_average,reduce,cpp,hpx,0.2,0.95,True,2048,False,"double average(std::vector<double> const& x) {\n    if (x.empty()) return 0.0;\n    double sum = hpx::reduce(hpx::execution::par, x.begin(), x.end(), 0.0);\n    return sum / static_cast<double>(x.size());\n}",False,True,,2,N/A,,,,,3.422300338745117
"#include <hpx/hpx_main.hpp>\n\n/* Return the average of the vector x.\n   Use HPX to compute in parallel.  Assume HPX has already been initialized.\n   Examples:\n		\n	 input: [1, 8, 4, 5, 1]\n   output: 3.8\n\n   input: [2, 2, 2, 3]\n   output: 2.25\n*/\ndouble average(std::vector<double> const& x) {",27_reduce_average,reduce,cpp,hpx,0.2,0.95,True,2048,False,"double average(std::vector<double> const& x) {\n    if (x.empty()) return 0.0;\n    double sum = hpx::reduce(hpx::execution::par, x.begin(), x.end(), 0.0);\n    return sum / static_cast<double>(x.size());\n}",False,True,,3,N/A,,,,,3.3771467208862305
"#include <hpx/hpx_main.hpp>\n\n/* Return the average of the vector x.\n   Use HPX to compute in parallel.  Assume HPX has already been initialized.\n   Examples:\n		\n	 input: [1, 8, 4, 5, 1]\n   output: 3.8\n\n   input: [2, 2, 2, 3]\n   output: 2.25\n*/\ndouble average(std::vector<double> const& x) {",27_reduce_average,reduce,cpp,hpx,0.2,0.95,True,2048,False,"double average(std::vector<double> const& x) {\n    if (x.empty()) return 0.0;\n    double sum = hpx::reduce(hpx::execution::par, x.begin(), x.end(), 0.0);\n    return sum / static_cast<double>(x.size());\n}",False,True,,4,N/A,,,,,3.4684805870056152
"#include <hpx/hpx_main.hpp>\n\n/* Return the average of the vector x.\n   Use HPX to compute in parallel.  Assume HPX has already been initialized.\n   Examples:\n		\n	 input: [1, 8, 4, 5, 1]\n   output: 3.8\n\n   input: [2, 2, 2, 3]\n   output: 2.25\n*/\ndouble average(std::vector<double> const& x) {",27_reduce_average,reduce,cpp,hpx,0.2,0.95,True,2048,False,"double average(std::vector<double> const& x) {\n    if (x.empty()) return 0.0;\n    double sum = hpx::reduce(hpx::execution::par, x.begin(), x.end(), 0.0);\n    return sum / static_cast<double>(x.size());\n}",False,True,,5,N/A,,,,,4.210749626159668
"#include <hpx/hpx_main.hpp>\n\n/* Return the average of the vector x.\n   Use HPX to compute in parallel.  Assume HPX has already been initialized.\n   Examples:\n		\n	 input: [1, 8, 4, 5, 1]\n   output: 3.8\n\n   input: [2, 2, 2, 3]\n   output: 2.25\n*/\ndouble average(std::vector<double> const& x) {",27_reduce_average,reduce,cpp,hpx,0.2,0.95,True,2048,False,"double average(std::vector<double> const& x) {\n    if (x.empty()) return 0.0;\n    double sum = hpx::reduce(hpx::execution::par, x.begin(), x.end(), 0.0);\n    return sum / static_cast<double>(x.size());\n}",False,True,,6,N/A,,,,,4.742547273635864
"#include <hpx/hpx_main.hpp>\n\n/* Return the average of the vector x.\n   Use HPX to compute in parallel.  Assume HPX has already been initialized.\n   Examples:\n		\n	 input: [1, 8, 4, 5, 1]\n   output: 3.8\n\n   input: [2, 2, 2, 3]\n   output: 2.25\n*/\ndouble average(std::vector<double> const& x) {",27_reduce_average,reduce,cpp,hpx,0.2,0.95,True,2048,False,"double average(std::vector<double> const& x) {\n    if (x.empty()) return 0.0;\n    double sum = hpx::reduce(hpx::execution::par, x.begin(), x.end(), 0.0);\n    return sum / static_cast<double>(x.size());\n}",False,True,,7,N/A,,,,,2.691359043121338
"#include <hpx/hpx_main.hpp>\n\n/* Return the average of the vector x.\n   Use HPX to compute in parallel.  Assume HPX has already been initialized.\n   Examples:\n		\n	 input: [1, 8, 4, 5, 1]\n   output: 3.8\n\n   input: [2, 2, 2, 3]\n   output: 2.25\n*/\ndouble average(std::vector<double> const& x) {",27_reduce_average,reduce,cpp,hpx,0.2,0.95,True,2048,False,"double average(std::vector<double> const& x) {\n    if (x.empty()) return 0.0;\n    double sum = hpx::reduce(hpx::execution::par, x.begin(), x.end(), 0.0);\n    return sum / static_cast<double>(x.size());\n}",False,True,,8,N/A,,,,,4.209002733230591
"#include <hpx/hpx_main.hpp>\n\n/* Return the average of the vector x.\n   Use HPX to compute in parallel.  Assume HPX has already been initialized.\n   Examples:\n		\n	 input: [1, 8, 4, 5, 1]\n   output: 3.8\n\n   input: [2, 2, 2, 3]\n   output: 2.25\n*/\ndouble average(std::vector<double> const& x) {",27_reduce_average,reduce,cpp,hpx,0.2,0.95,True,2048,False,"double average(std::vector<double> const& x) {\n    if (x.empty()) return 0.0;\n    double sum = hpx::reduce(hpx::execution::par, x.begin(), x.end(), 0.0);\n    return sum / static_cast<double>(x.size());\n}",False,True,,9,N/A,,,,,3.905043363571167
"#include <hpx/hpx_main.hpp>\n\n/* Return the average of the vector x.\n   Use HPX to compute in parallel.  Assume HPX has already been initialized.\n   Examples:\n		\n	 input: [1, 8, 4, 5, 1]\n   output: 3.8\n\n   input: [2, 2, 2, 3]\n   output: 2.25\n*/\ndouble average(std::vector<double> const& x) {",27_reduce_average,reduce,cpp,hpx,0.2,0.95,True,2048,False,"double average(std::vector<double> const& x) {\n    if (x.empty()) return 0.0;\n    double sum = hpx::reduce(hpx::execution::par, x.begin(), x.end(), 0.0);\n    return sum / static_cast<double>(x.size());\n}",False,True,,10,N/A,,,,,3.464127779006958
"#include <hpx/hpx_main.hpp>\n\n/* Return the average of the vector x.\n   Use HPX to compute in parallel.  Assume HPX has already been initialized.\n   Examples:\n		\n	 input: [1, 8, 4, 5, 1]\n   output: 3.8\n\n   input: [2, 2, 2, 3]\n   output: 2.25\n*/\ndouble average(std::vector<double> const& x) {",27_reduce_average,reduce,cpp,hpx,0.2,0.95,True,2048,False,"double average(std::vector<double> const& x) {\n    if (x.empty()) return 0.0;\n    double sum = hpx::reduce(hpx::execution::par, x.begin(), x.end(), 0.0);\n    return sum / static_cast<double>(x.size());\n}",False,True,,11,N/A,,,,,4.8525390625
"#include <hpx/hpx_main.hpp>\n\n/* Return the average of the vector x.\n   Use HPX to compute in parallel.  Assume HPX has already been initialized.\n   Examples:\n		\n	 input: [1, 8, 4, 5, 1]\n   output: 3.8\n\n   input: [2, 2, 2, 3]\n   output: 2.25\n*/\ndouble average(std::vector<double> const& x) {",27_reduce_average,reduce,cpp,hpx,0.2,0.95,True,2048,False,"double average(std::vector<double> const& x) {\n    if (x.empty()) return 0.0;\n    double sum = hpx::reduce(hpx::execution::par, x.begin(), x.end(), 0.0, std::plus<double>{});\n    return sum / static_cast<double>(x.size());\n}",False,True,,12,N/A,,,,,4.745812177658081
"#include <hpx/hpx_main.hpp>\n\n/* Return the average of the vector x.\n   Use HPX to compute in parallel.  Assume HPX has already been initialized.\n   Examples:\n		\n	 input: [1, 8, 4, 5, 1]\n   output: 3.8\n\n   input: [2, 2, 2, 3]\n   output: 2.25\n*/\ndouble average(std::vector<double> const& x) {",27_reduce_average,reduce,cpp,hpx,0.2,0.95,True,2048,False,"double average(std::vector<double> const& x) {\n    if (x.empty()) return 0.0;\n    double sum = hpx::reduce(hpx::execution::par, x.begin(), x.end(), 0.0);\n    return sum / static_cast<double>(x.size());\n}",False,True,,13,N/A,,,,,4.775168180465698
"#include <hpx/hpx_main.hpp>\n\n/* Return the average of the vector x.\n   Use HPX to compute in parallel.  Assume HPX has already been initialized.\n   Examples:\n		\n	 input: [1, 8, 4, 5, 1]\n   output: 3.8\n\n   input: [2, 2, 2, 3]\n   output: 2.25\n*/\ndouble average(std::vector<double> const& x) {",27_reduce_average,reduce,cpp,hpx,0.2,0.95,True,2048,False,"double average(std::vector<double> const& x) {\n    if (x.empty()) return 0.0;\n    double sum = hpx::reduce(hpx::execution::par, x.begin(), x.end(), 0.0);\n    return sum / static_cast<double>(x.size());\n}",False,True,,14,N/A,,,,,2.805806875228882
"#include <hpx/hpx_main.hpp>\n\n/* Return the average of the vector x.\n   Use HPX to compute in parallel.  Assume HPX has already been initialized.\n   Examples:\n		\n	 input: [1, 8, 4, 5, 1]\n   output: 3.8\n\n   input: [2, 2, 2, 3]\n   output: 2.25\n*/\ndouble average(std::vector<double> const& x) {",27_reduce_average,reduce,cpp,hpx,0.2,0.95,True,2048,False,"double average(std::vector<double> const& x) {\n    if (x.empty()) return std::numeric_limits<double>::quiet_NaN();\n    double sum = hpx::reduce(hpx::execution::par, x.begin(), x.end(), 0.0);\n    return sum / static_cast<double>(x.size());\n}",False,True,,15,N/A,,,,,5.0646092891693115
"#include <hpx/hpx_main.hpp>\n\n/* Return the average of the vector x.\n   Use HPX to compute in parallel.  Assume HPX has already been initialized.\n   Examples:\n		\n	 input: [1, 8, 4, 5, 1]\n   output: 3.8\n\n   input: [2, 2, 2, 3]\n   output: 2.25\n*/\ndouble average(std::vector<double> const& x) {",27_reduce_average,reduce,cpp,hpx,0.2,0.95,True,2048,False,"double average(std::vector<double> const& x) {\n    if (x.empty()) return 0.0;\n    double sum = hpx::reduce(hpx::execution::par, x.begin(), x.end(), 0.0);\n    return sum / static_cast<double>(x.size());\n}",False,True,,16,N/A,,,,,5.97908091545105
"#include <hpx/hpx_main.hpp>\n\n/* Return the average of the vector x.\n   Use HPX to compute in parallel.  Assume HPX has already been initialized.\n   Examples:\n		\n	 input: [1, 8, 4, 5, 1]\n   output: 3.8\n\n   input: [2, 2, 2, 3]\n   output: 2.25\n*/\ndouble average(std::vector<double> const& x) {",27_reduce_average,reduce,cpp,hpx,0.2,0.95,True,2048,False,"double average(std::vector<double> const& x) {\n    if (x.empty()) return 0.0;\n    double sum = hpx::ranges::reduce(hpx::execution::par, x, 0.0);\n    return sum / static_cast<double>(x.size());\n}",False,True,,17,N/A,,,,,3.9651947021484375
"#include <hpx/hpx_main.hpp>\n\n/* Return the average of the vector x.\n   Use HPX to compute in parallel.  Assume HPX has already been initialized.\n   Examples:\n		\n	 input: [1, 8, 4, 5, 1]\n   output: 3.8\n\n   input: [2, 2, 2, 3]\n   output: 2.25\n*/\ndouble average(std::vector<double> const& x) {",27_reduce_average,reduce,cpp,hpx,0.2,0.95,True,2048,False,"double average(std::vector<double> const& x) {\n    if (x.empty()) return 0.0;\n    double sum = hpx::reduce(hpx::execution::par, x.begin(), x.end(), 0.0);\n    return sum / static_cast<double>(x.size());\n}",False,True,,18,N/A,,,,,3.515991687774658
"#include <hpx/hpx_main.hpp>\n\n/* Return the average of the vector x.\n   Use HPX to compute in parallel.  Assume HPX has already been initialized.\n   Examples:\n		\n	 input: [1, 8, 4, 5, 1]\n   output: 3.8\n\n   input: [2, 2, 2, 3]\n   output: 2.25\n*/\ndouble average(std::vector<double> const& x) {",27_reduce_average,reduce,cpp,hpx,0.2,0.95,True,2048,False,"double average(std::vector<double> const& x) {\n    if (x.empty()) return 0.0;\n    double sum = hpx::reduce(hpx::execution::par, x.begin(), x.end(), 0.0);\n    return sum / static_cast<double>(x.size());\n}",False,True,,19,N/A,,,,,4.161761283874512
"#include <hpx/hpx_main.hpp>\n\n/* Return the average of the vector x.\n   Use HPX to compute in parallel.  Assume HPX has already been initialized.\n   Examples:\n		\n	 input: [1, 8, 4, 5, 1]\n   output: 3.8\n\n   input: [2, 2, 2, 3]\n   output: 2.25\n*/\ndouble average(std::vector<double> const& x) {",27_reduce_average,reduce,cpp,hpx,0.2,0.95,True,2048,False,"double average(std::vector<double> const& x) {\n    if (x.empty()) return 0.0;\n    double sum = hpx::reduce(hpx::execution::par, x.begin(), x.end(), 0.0);\n    return sum / static_cast<double>(x.size());\n}",False,True,,20,N/A,,,,,3.4326727390289307
"#include <hpx/hpx_main.hpp>\n\n/* Return the average of the vector x.\n   Use HPX to compute in parallel.  Assume HPX has already been initialized.\n   Examples:\n		\n	 input: [1, 8, 4, 5, 1]\n   output: 3.8\n\n   input: [2, 2, 2, 3]\n   output: 2.25\n*/\ndouble average(std::vector<double> const& x) {",27_reduce_average,reduce,cpp,hpx,0.2,0.95,True,2048,False,"double average(std::vector<double> const& x) {\n    if (x.empty()) return 0.0;\n    double sum = hpx::reduce(hpx::execution::par, x.begin(), x.end(), 0.0);\n    return sum / x.size();\n}",False,True,,21,N/A,,,,,3.4932432174682617
"#include <hpx/hpx_main.hpp>\n\n/* Return the average of the vector x.\n   Use HPX to compute in parallel.  Assume HPX has already been initialized.\n   Examples:\n		\n	 input: [1, 8, 4, 5, 1]\n   output: 3.8\n\n   input: [2, 2, 2, 3]\n   output: 2.25\n*/\ndouble average(std::vector<double> const& x) {",27_reduce_average,reduce,cpp,hpx,0.2,0.95,True,2048,False,"double average(std::vector<double> const& x) {\n    if (x.empty()) return 0.0;\n    double sum = hpx::reduce(hpx::execution::par, x.begin(), x.end(), 0.0);\n    return sum / static_cast<double>(x.size());\n}",False,True,,22,N/A,,,,,4.562398195266724
"#include <hpx/hpx_main.hpp>\n\n/* Return the average of the vector x.\n   Use HPX to compute in parallel.  Assume HPX has already been initialized.\n   Examples:\n		\n	 input: [1, 8, 4, 5, 1]\n   output: 3.8\n\n   input: [2, 2, 2, 3]\n   output: 2.25\n*/\ndouble average(std::vector<double> const& x) {",27_reduce_average,reduce,cpp,hpx,0.2,0.95,True,2048,False,"double average(std::vector<double> const& x) {\n    if (x.empty()) return 0.0;\n    double sum = hpx::reduce(hpx::execution::par, x.begin(), x.end(), 0.0);\n    return sum / x.size();\n}",False,True,,23,N/A,,,,,4.276057958602905
"#include <hpx/hpx_main.hpp>\n\n/* Return the average of the vector x.\n   Use HPX to compute in parallel.  Assume HPX has already been initialized.\n   Examples:\n		\n	 input: [1, 8, 4, 5, 1]\n   output: 3.8\n\n   input: [2, 2, 2, 3]\n   output: 2.25\n*/\ndouble average(std::vector<double> const& x) {",27_reduce_average,reduce,cpp,hpx,0.2,0.95,True,2048,False,"double average(std::vector<double> const& x) {\n    if (x.empty()) return 0.0;\n    double sum = hpx::reduce(hpx::execution::par, x.begin(), x.end(), 0.0);\n    return sum / static_cast<double>(x.size());\n}",False,True,,24,N/A,,,,,3.4613749980926514
"#include <hpx/hpx_main.hpp>\n\n/* Return the average of the vector x.\n   Use HPX to compute in parallel.  Assume HPX has already been initialized.\n   Examples:\n		\n	 input: [1, 8, 4, 5, 1]\n   output: 3.8\n\n   input: [2, 2, 2, 3]\n   output: 2.25\n*/\ndouble average(std::vector<double> const& x) {",27_reduce_average,reduce,cpp,hpx,0.2,0.95,True,2048,False,"double average(std::vector<double> const& x) {\n    if (x.empty()) return 0.0;\n    double sum = hpx::reduce(hpx::execution::par, x.begin(), x.end(), 0.0);\n    return sum / static_cast<double>(x.size());\n}",False,True,,25,N/A,,,,,3.462381601333618
"#include <hpx/hpx_main.hpp>\n\n/* Return the average of the vector x.\n   Use HPX to compute in parallel.  Assume HPX has already been initialized.\n   Examples:\n		\n	 input: [1, 8, 4, 5, 1]\n   output: 3.8\n\n   input: [2, 2, 2, 3]\n   output: 2.25\n*/\ndouble average(std::vector<double> const& x) {",27_reduce_average,reduce,cpp,hpx,0.2,0.95,True,2048,False,"double average(std::vector<double> const& x) {\n    if (x.empty()) return 0.0;\n    double sum = hpx::reduce(hpx::execution::par, x.begin(), x.end(), 0.0);\n    return sum / static_cast<double>(x.size());\n}",False,True,,26,N/A,,,,,3.2917721271514893
"#include <hpx/hpx_main.hpp>\n\n/* Return the average of the vector x.\n   Use HPX to compute in parallel.  Assume HPX has already been initialized.\n   Examples:\n		\n	 input: [1, 8, 4, 5, 1]\n   output: 3.8\n\n   input: [2, 2, 2, 3]\n   output: 2.25\n*/\ndouble average(std::vector<double> const& x) {",27_reduce_average,reduce,cpp,hpx,0.2,0.95,True,2048,False,"{\n    if (x.empty()) return 0.0;\n    double sum = hpx::reduce(hpx::execution::par, x.begin(), x.end(), 0.0);\n    return sum / static_cast<double>(x.size());\n}",False,True,,27,N/A,,,,,4.696929216384888
"#include <hpx/hpx_main.hpp>\n\n/* Return the average of the vector x.\n   Use HPX to compute in parallel.  Assume HPX has already been initialized.\n   Examples:\n		\n	 input: [1, 8, 4, 5, 1]\n   output: 3.8\n\n   input: [2, 2, 2, 3]\n   output: 2.25\n*/\ndouble average(std::vector<double> const& x) {",27_reduce_average,reduce,cpp,hpx,0.2,0.95,True,2048,False,"double average(std::vector<double> const& x) {\n    if (x.empty()) return 0.0;\n    double sum = hpx::reduce(hpx::execution::par, x.begin(), x.end(), 0.0);\n    return sum / static_cast<double>(x.size());\n}",False,True,,28,N/A,,,,,2.7229301929473877
"#include <hpx/hpx_main.hpp>\n\n/* Return the average of the vector x.\n   Use HPX to compute in parallel.  Assume HPX has already been initialized.\n   Examples:\n		\n	 input: [1, 8, 4, 5, 1]\n   output: 3.8\n\n   input: [2, 2, 2, 3]\n   output: 2.25\n*/\ndouble average(std::vector<double> const& x) {",27_reduce_average,reduce,cpp,hpx,0.2,0.95,True,2048,False,"double average(std::vector<double> const& x) {\n    if (x.empty()) return 0.0;\n    double sum = hpx::reduce(hpx::execution::par, x.begin(), x.end(), 0.0);\n    return sum / static_cast<double>(x.size());\n}",False,True,,29,N/A,,,,,4.734171152114868
"#include <hpx/hpx_main.hpp>\n\n/* Return the average of the vector x.\n   Use HPX to compute in parallel.  Assume HPX has already been initialized.\n   Examples:\n		\n	 input: [1, 8, 4, 5, 1]\n   output: 3.8\n\n   input: [2, 2, 2, 3]\n   output: 2.25\n*/\ndouble average(std::vector<double> const& x) {",27_reduce_average,reduce,cpp,hpx,0.2,0.95,True,2048,False,"double average(std::vector<double> const& x) {\n    if (x.empty()) return 0.0;\n    double sum = hpx::reduce(hpx::execution::par, x.begin(), x.end(), 0.0);\n    return sum / static_cast<double>(x.size());\n}",False,True,,30,N/A,,,,,5.261362552642822
"#include <hpx/hpx_main.hpp>\n\n/* Return the average of the vector x.\n   Use HPX to compute in parallel.  Assume HPX has already been initialized.\n   Examples:\n		\n	 input: [1, 8, 4, 5, 1]\n   output: 3.8\n\n   input: [2, 2, 2, 3]\n   output: 2.25\n*/\ndouble average(std::vector<double> const& x) {",27_reduce_average,reduce,cpp,hpx,0.2,0.95,True,2048,False,"double average(std::vector<double> const& x) {\n    if (x.empty()) return 0.0;\n    double sum = hpx::reduce(hpx::execution::par, x.begin(), x.end(), 0.0);\n    return sum / static_cast<double>(x.size());\n}",False,True,,31,N/A,,,,,4.697231292724609
"#include <hpx/hpx_main.hpp>\n\n/* Return the average of the vector x.\n   Use HPX to compute in parallel.  Assume HPX has already been initialized.\n   Examples:\n		\n	 input: [1, 8, 4, 5, 1]\n   output: 3.8\n\n   input: [2, 2, 2, 3]\n   output: 2.25\n*/\ndouble average(std::vector<double> const& x) {",27_reduce_average,reduce,cpp,hpx,0.2,0.95,True,2048,False,"{\n    if (x.empty()) return 0.0;\n    double sum = hpx::ranges::reduce(hpx::execution::par, x, 0.0);\n    return sum / static_cast<double>(x.size());\n}",False,True,,32,N/A,,,,,4.4629340171813965
"#include <hpx/hpx_main.hpp>\n\n/* Return the average of the vector x.\n   Use HPX to compute in parallel.  Assume HPX has already been initialized.\n   Examples:\n		\n	 input: [1, 8, 4, 5, 1]\n   output: 3.8\n\n   input: [2, 2, 2, 3]\n   output: 2.25\n*/\ndouble average(std::vector<double> const& x) {",27_reduce_average,reduce,cpp,hpx,0.2,0.95,True,2048,False,"double average(std::vector<double> const& x) {\n    if (x.empty()) return 0.0;\n    double sum = hpx::reduce(hpx::execution::par, x.begin(), x.end(), 0.0);\n    return sum / static_cast<double>(x.size());\n}",False,True,,33,N/A,,,,,4.6772472858428955
"#include <hpx/hpx_main.hpp>\n\n/* Return the average of the vector x.\n   Use HPX to compute in parallel.  Assume HPX has already been initialized.\n   Examples:\n		\n	 input: [1, 8, 4, 5, 1]\n   output: 3.8\n\n   input: [2, 2, 2, 3]\n   output: 2.25\n*/\ndouble average(std::vector<double> const& x) {",27_reduce_average,reduce,cpp,hpx,0.2,0.95,True,2048,False,"double average(std::vector<double> const& x) {\n    if (x.empty()) return std::numeric_limits<double>::quiet_NaN();\n    double sum = hpx::reduce(hpx::execution::par, x.begin(), x.end(), 0.0);\n    return sum / static_cast<double>(x.size());\n}",False,True,,34,N/A,,,,,3.8992929458618164
"#include <hpx/hpx_main.hpp>\n\n/* Return the average of the vector x.\n   Use HPX to compute in parallel.  Assume HPX has already been initialized.\n   Examples:\n		\n	 input: [1, 8, 4, 5, 1]\n   output: 3.8\n\n   input: [2, 2, 2, 3]\n   output: 2.25\n*/\ndouble average(std::vector<double> const& x) {",27_reduce_average,reduce,cpp,hpx,0.2,0.95,True,2048,False,"double average(std::vector<double> const& x) {\n    if (x.empty()) return 0.0;\n    double sum = hpx::reduce(hpx::execution::par, x.begin(), x.end(), 0.0);\n    return sum / static_cast<double>(x.size());\n}",False,True,,35,N/A,,,,,3.5136566162109375
"#include <hpx/hpx_main.hpp>\n\n/* Return the average of the vector x.\n   Use HPX to compute in parallel.  Assume HPX has already been initialized.\n   Examples:\n		\n	 input: [1, 8, 4, 5, 1]\n   output: 3.8\n\n   input: [2, 2, 2, 3]\n   output: 2.25\n*/\ndouble average(std::vector<double> const& x) {",27_reduce_average,reduce,cpp,hpx,0.2,0.95,True,2048,False,"double average(std::vector<double> const& x) {\n    if (x.empty()) return 0.0;\n    double sum = hpx::reduce(hpx::execution::par, x.begin(), x.end(), 0.0);\n    return sum / static_cast<double>(x.size());\n}",False,True,,36,N/A,,,,,2.9816792011260986
"#include <hpx/hpx_main.hpp>\n\n/* Return the average of the vector x.\n   Use HPX to compute in parallel.  Assume HPX has already been initialized.\n   Examples:\n		\n	 input: [1, 8, 4, 5, 1]\n   output: 3.8\n\n   input: [2, 2, 2, 3]\n   output: 2.25\n*/\ndouble average(std::vector<double> const& x) {",27_reduce_average,reduce,cpp,hpx,0.2,0.95,True,2048,False,"double average(std::vector<double> const& x) {\n    if (x.empty()) return 0.0;\n    double sum = hpx::reduce(hpx::execution::par, x.begin(), x.end(), 0.0);\n    return sum / static_cast<double>(x.size());\n}",False,True,,37,N/A,,,,,4.195616245269775
"#include <hpx/hpx_main.hpp>\n\n/* Return the average of the vector x.\n   Use HPX to compute in parallel.  Assume HPX has already been initialized.\n   Examples:\n		\n	 input: [1, 8, 4, 5, 1]\n   output: 3.8\n\n   input: [2, 2, 2, 3]\n   output: 2.25\n*/\ndouble average(std::vector<double> const& x) {",27_reduce_average,reduce,cpp,hpx,0.2,0.95,True,2048,False,"double average(std::vector<double> const& x) {\n    if (x.empty()) return 0.0;\n    double sum = hpx::reduce(hpx::execution::par, x.begin(), x.end(), 0.0);\n    return sum / static_cast<double>(x.size());\n}",False,True,,38,N/A,,,,,3.5895285606384277
"#include <hpx/hpx_main.hpp>\n\n/* Return the average of the vector x.\n   Use HPX to compute in parallel.  Assume HPX has already been initialized.\n   Examples:\n		\n	 input: [1, 8, 4, 5, 1]\n   output: 3.8\n\n   input: [2, 2, 2, 3]\n   output: 2.25\n*/\ndouble average(std::vector<double> const& x) {",27_reduce_average,reduce,cpp,hpx,0.2,0.95,True,2048,False,"double average(std::vector<double> const& x) {\n    if (x.empty()) return 0.0;\n    double sum = hpx::reduce(hpx::execution::par, x.begin(), x.end(), 0.0);\n    return sum / static_cast<double>(x.size());\n}",False,True,,39,N/A,,,,,4.366319894790649
"#include <hpx/hpx_main.hpp>\n\n/* Return the average of the vector x.\n   Use HPX to compute in parallel.  Assume HPX has already been initialized.\n   Examples:\n		\n	 input: [1, 8, 4, 5, 1]\n   output: 3.8\n\n   input: [2, 2, 2, 3]\n   output: 2.25\n*/\ndouble average(std::vector<double> const& x) {",27_reduce_average,reduce,cpp,hpx,0.2,0.95,True,2048,False,"double average(std::vector<double> const& x) {\n    if (x.empty()) return 0.0;\n    double sum = hpx::reduce(hpx::execution::par, x.begin(), x.end(), 0.0);\n    return sum / static_cast<double>(x.size());\n}",False,True,,40,N/A,,,,,4.395811557769775
"#include <hpx/hpx_main.hpp>\n\n/* Return the average of the vector x.\n   Use HPX to compute in parallel.  Assume HPX has already been initialized.\n   Examples:\n		\n	 input: [1, 8, 4, 5, 1]\n   output: 3.8\n\n   input: [2, 2, 2, 3]\n   output: 2.25\n*/\ndouble average(std::vector<double> const& x) {",27_reduce_average,reduce,cpp,hpx,0.2,0.95,True,2048,False,"double average(std::vector<double> const& x) {\n    if (x.empty()) return 0.0;\n    double sum = hpx::reduce(hpx::execution::par, x.begin(), x.end(), 0.0);\n    return sum / static_cast<double>(x.size());\n}",False,True,,41,N/A,,,,,4.119200229644775
"#include <hpx/hpx_main.hpp>\n\n/* Return the average of the vector x.\n   Use HPX to compute in parallel.  Assume HPX has already been initialized.\n   Examples:\n		\n	 input: [1, 8, 4, 5, 1]\n   output: 3.8\n\n   input: [2, 2, 2, 3]\n   output: 2.25\n*/\ndouble average(std::vector<double> const& x) {",27_reduce_average,reduce,cpp,hpx,0.2,0.95,True,2048,False,"double average(std::vector<double> const& x) {\n    if (x.empty()) return 0.0;\n    double sum = hpx::reduce(hpx::execution::par, x.begin(), x.end(), 0.0);\n    return sum / static_cast<double>(x.size());\n}",False,True,,42,N/A,,,,,5.466158151626587
"#include <hpx/hpx_main.hpp>\n\n/* Return the average of the vector x.\n   Use HPX to compute in parallel.  Assume HPX has already been initialized.\n   Examples:\n		\n	 input: [1, 8, 4, 5, 1]\n   output: 3.8\n\n   input: [2, 2, 2, 3]\n   output: 2.25\n*/\ndouble average(std::vector<double> const& x) {",27_reduce_average,reduce,cpp,hpx,0.2,0.95,True,2048,False,"double average(std::vector<double> const& x) {\n    if (x.empty()) return 0.0;\n    double sum = hpx::reduce(hpx::execution::par, x.begin(), x.end(), 0.0);\n    return sum / static_cast<double>(x.size());\n}",False,True,,43,N/A,,,,,4.262089729309082
"#include <hpx/hpx_main.hpp>\n\n/* Return the average of the vector x.\n   Use HPX to compute in parallel.  Assume HPX has already been initialized.\n   Examples:\n		\n	 input: [1, 8, 4, 5, 1]\n   output: 3.8\n\n   input: [2, 2, 2, 3]\n   output: 2.25\n*/\ndouble average(std::vector<double> const& x) {",27_reduce_average,reduce,cpp,hpx,0.2,0.95,True,2048,False,"double average(std::vector<double> const& x) {\n    if (x.empty()) return std::numeric_limits<double>::quiet_NaN();\n    double sum = hpx::reduce(hpx::execution::par, x.begin(), x.end(), 0.0);\n    return sum / static_cast<double>(x.size());\n}",False,True,,44,N/A,,,,,3.205087184906006
"#include <hpx/hpx_main.hpp>\n\n/* Return the average of the vector x.\n   Use HPX to compute in parallel.  Assume HPX has already been initialized.\n   Examples:\n		\n	 input: [1, 8, 4, 5, 1]\n   output: 3.8\n\n   input: [2, 2, 2, 3]\n   output: 2.25\n*/\ndouble average(std::vector<double> const& x) {",27_reduce_average,reduce,cpp,hpx,0.2,0.95,True,2048,False,"double average(std::vector<double> const& x) {\n    if (x.empty()) return 0.0;\n    double sum = hpx::reduce(hpx::execution::par, x.begin(), x.end(), 0.0);\n    return sum / x.size();\n}",False,True,,45,N/A,,,,,4.495507001876831
"#include <hpx/hpx_main.hpp>\n\n/* Return the average of the vector x.\n   Use HPX to compute in parallel.  Assume HPX has already been initialized.\n   Examples:\n		\n	 input: [1, 8, 4, 5, 1]\n   output: 3.8\n\n   input: [2, 2, 2, 3]\n   output: 2.25\n*/\ndouble average(std::vector<double> const& x) {",27_reduce_average,reduce,cpp,hpx,0.2,0.95,True,2048,False,"double average(std::vector<double> const& x) {\n    if (x.empty()) return 0.0;\n    double sum = hpx::reduce(hpx::execution::par, x.begin(), x.end(), 0.0);\n    return sum / x.size();\n}",False,True,,46,N/A,,,,,3.8339664936065674
"#include <hpx/hpx_main.hpp>\n\n/* Return the average of the vector x.\n   Use HPX to compute in parallel.  Assume HPX has already been initialized.\n   Examples:\n		\n	 input: [1, 8, 4, 5, 1]\n   output: 3.8\n\n   input: [2, 2, 2, 3]\n   output: 2.25\n*/\ndouble average(std::vector<double> const& x) {",27_reduce_average,reduce,cpp,hpx,0.2,0.95,True,2048,False,"double average(std::vector<double> const& x) {\n    if (x.empty()) return 0.0;\n    double sum = hpx::reduce(hpx::execution::par, x.begin(), x.end(), 0.0);\n    return sum / static_cast<double>(x.size());\n}",False,True,,47,N/A,,,,,4.97177267074585
"#include <hpx/hpx_main.hpp>\n\n/* Return the average of the vector x.\n   Use HPX to compute in parallel.  Assume HPX has already been initialized.\n   Examples:\n		\n	 input: [1, 8, 4, 5, 1]\n   output: 3.8\n\n   input: [2, 2, 2, 3]\n   output: 2.25\n*/\ndouble average(std::vector<double> const& x) {",27_reduce_average,reduce,cpp,hpx,0.2,0.95,True,2048,False,"double average(std::vector<double> const& x) {\n    if (x.empty()) return 0.0;\n    double sum = hpx::reduce(hpx::execution::par, x.begin(), x.end(), 0.0);\n    return sum / static_cast<double>(x.size());\n}",False,True,,48,N/A,,,,,4.57313871383667
"#include <hpx/hpx_main.hpp>\n\n/* Return the average of the vector x.\n   Use HPX to compute in parallel.  Assume HPX has already been initialized.\n   Examples:\n		\n	 input: [1, 8, 4, 5, 1]\n   output: 3.8\n\n   input: [2, 2, 2, 3]\n   output: 2.25\n*/\ndouble average(std::vector<double> const& x) {",27_reduce_average,reduce,cpp,hpx,0.2,0.95,True,2048,False,"double average(std::vector<double> const& x) {\n    if (x.empty()) return 0.0;\n    double sum = hpx::reduce(hpx::execution::par, x.begin(), x.end(), 0.0);\n    return sum / static_cast<double>(x.size());\n}",False,True,,49,N/A,,,,,3.841315269470215
"#include <hpx/hpx_main.hpp>\n\n/* Return the average of the vector x.\n   Use HPX to compute in parallel.  Assume HPX has already been initialized.\n   Examples:\n		\n	 input: [1, 8, 4, 5, 1]\n   output: 3.8\n\n   input: [2, 2, 2, 3]\n   output: 2.25\n*/\ndouble average(std::vector<double> const& x) {",27_reduce_average,reduce,cpp,hpx,0.2,0.95,True,2048,False,"double average(std::vector<double> const& x) {\n    if (x.empty()) return 0.0;\n    double sum = hpx::reduce(hpx::execution::par, x.begin(), x.end(), 0.0);\n    return sum / static_cast<double>(x.size());\n}",False,True,,50,N/A,,,,,7.562723398208618
"#include <hpx/hpx_main.hpp>\n\n/* Return the average of the vector x.\n   Use HPX to compute in parallel.  Assume HPX has already been initialized.\n   Examples:\n		\n	 input: [1, 8, 4, 5, 1]\n   output: 3.8\n\n   input: [2, 2, 2, 3]\n   output: 2.25\n*/\ndouble average(std::vector<double> const& x) {",27_reduce_average,reduce,cpp,hpx,0.2,0.95,True,2048,False,"double average(std::vector<double> const& x) {\n    if (x.empty()) return 0.0;\n    double sum = hpx::reduce(hpx::execution::par, x.begin(), x.end(), 0.0);\n    return sum / static_cast<double>(x.size());\n}",False,True,,51,N/A,,,,,5.049206972122192
"#include <hpx/hpx_main.hpp>\n\n/* Return the average of the vector x.\n   Use HPX to compute in parallel.  Assume HPX has already been initialized.\n   Examples:\n		\n	 input: [1, 8, 4, 5, 1]\n   output: 3.8\n\n   input: [2, 2, 2, 3]\n   output: 2.25\n*/\ndouble average(std::vector<double> const& x) {",27_reduce_average,reduce,cpp,hpx,0.2,0.95,True,2048,False,"double average(std::vector<double> const& x) {\n    if (x.empty()) return 0.0;\n    double sum = hpx::reduce(hpx::execution::par, x.begin(), x.end(), 0.0);\n    return sum / static_cast<double>(x.size());\n}",False,True,,52,N/A,,,,,5.041615009307861
"#include <hpx/hpx_main.hpp>\n\n/* Return the average of the vector x.\n   Use HPX to compute in parallel.  Assume HPX has already been initialized.\n   Examples:\n		\n	 input: [1, 8, 4, 5, 1]\n   output: 3.8\n\n   input: [2, 2, 2, 3]\n   output: 2.25\n*/\ndouble average(std::vector<double> const& x) {",27_reduce_average,reduce,cpp,hpx,0.2,0.95,True,2048,False,"{\n    if (x.empty()) return 0.0;\n    double sum = hpx::reduce(hpx::execution::par, x.begin(), x.end(), 0.0);\n    return sum / static_cast<double>(x.size());\n}",False,True,,53,N/A,,,,,4.0766730308532715
"#include <hpx/hpx_main.hpp>\n\n/* Return the average of the vector x.\n   Use HPX to compute in parallel.  Assume HPX has already been initialized.\n   Examples:\n		\n	 input: [1, 8, 4, 5, 1]\n   output: 3.8\n\n   input: [2, 2, 2, 3]\n   output: 2.25\n*/\ndouble average(std::vector<double> const& x) {",27_reduce_average,reduce,cpp,hpx,0.2,0.95,True,2048,False,"double average(std::vector<double> const& x) {\n    if (x.empty()) return 0.0;\n    double sum = hpx::reduce(hpx::execution::par, x.begin(), x.end(), 0.0);\n    return sum / static_cast<double>(x.size());\n}",False,True,,54,N/A,,,,,4.885972023010254
"#include <hpx/hpx_main.hpp>\n\n/* Return the average of the vector x.\n   Use HPX to compute in parallel.  Assume HPX has already been initialized.\n   Examples:\n		\n	 input: [1, 8, 4, 5, 1]\n   output: 3.8\n\n   input: [2, 2, 2, 3]\n   output: 2.25\n*/\ndouble average(std::vector<double> const& x) {",27_reduce_average,reduce,cpp,hpx,0.2,0.95,True,2048,False,"double average(std::vector<double> const& x) {\n    if (x.empty()) return 0.0;\n    double sum = hpx::reduce(hpx::execution::par, x.begin(), x.end(), 0.0);\n    return sum / static_cast<double>(x.size());\n}",False,True,,55,N/A,,,,,5.033569812774658
"#include <hpx/hpx_main.hpp>\n\n/* Return the average of the vector x.\n   Use HPX to compute in parallel.  Assume HPX has already been initialized.\n   Examples:\n		\n	 input: [1, 8, 4, 5, 1]\n   output: 3.8\n\n   input: [2, 2, 2, 3]\n   output: 2.25\n*/\ndouble average(std::vector<double> const& x) {",27_reduce_average,reduce,cpp,hpx,0.2,0.95,True,2048,False,"double average(std::vector<double> const& x) {\n    if (x.empty()) return 0.0;\n    double sum = hpx::reduce(hpx::execution::par, x.begin(), x.end(), 0.0);\n    return sum / static_cast<double>(x.size());\n}",False,True,,56,N/A,,,,,5.299560785293579
"#include <hpx/hpx_main.hpp>\n\n/* Return the average of the vector x.\n   Use HPX to compute in parallel.  Assume HPX has already been initialized.\n   Examples:\n		\n	 input: [1, 8, 4, 5, 1]\n   output: 3.8\n\n   input: [2, 2, 2, 3]\n   output: 2.25\n*/\ndouble average(std::vector<double> const& x) {",27_reduce_average,reduce,cpp,hpx,0.2,0.95,True,2048,False,"double average(std::vector<double> const& x) {\n    if (x.empty()) return 0.0;\n    double sum = hpx::reduce(hpx::execution::par, x.begin(), x.end(), 0.0);\n    return sum / static_cast<double>(x.size());\n}",False,True,,57,N/A,,,,,4.269352197647095
"#include <hpx/hpx_main.hpp>\n\n/* Return the average of the vector x.\n   Use HPX to compute in parallel.  Assume HPX has already been initialized.\n   Examples:\n		\n	 input: [1, 8, 4, 5, 1]\n   output: 3.8\n\n   input: [2, 2, 2, 3]\n   output: 2.25\n*/\ndouble average(std::vector<double> const& x) {",27_reduce_average,reduce,cpp,hpx,0.2,0.95,True,2048,False,"double average(std::vector<double> const& x) {\n    if (x.empty()) return std::numeric_limits<double>::quiet_NaN();\n    double sum = hpx::ranges::reduce(hpx::execution::par, x, 0.0);\n    return sum / static_cast<double>(x.size());\n}",False,True,,58,N/A,,,,,4.151915073394775
"#include <hpx/hpx_main.hpp>\n\n/* Return the average of the vector x.\n   Use HPX to compute in parallel.  Assume HPX has already been initialized.\n   Examples:\n		\n	 input: [1, 8, 4, 5, 1]\n   output: 3.8\n\n   input: [2, 2, 2, 3]\n   output: 2.25\n*/\ndouble average(std::vector<double> const& x) {",27_reduce_average,reduce,cpp,hpx,0.2,0.95,True,2048,False,"double average(std::vector<double> const& x) {\n    if (x.empty()) return 0.0;\n    double sum = hpx::reduce(hpx::execution::par, x.begin(), x.end(), 0.0);\n    return sum / static_cast<double>(x.size());\n}",False,True,,59,N/A,,,,,3.1508357524871826
"#include <hpx/hpx_main.hpp>\n\n/* Return the average of the vector x.\n   Use HPX to compute in parallel.  Assume HPX has already been initialized.\n   Examples:\n		\n	 input: [1, 8, 4, 5, 1]\n   output: 3.8\n\n   input: [2, 2, 2, 3]\n   output: 2.25\n*/\ndouble average(std::vector<double> const& x) {",27_reduce_average,reduce,cpp,hpx,0.2,0.95,True,2048,False,"double average(std::vector<double> const& x) {\n    if (x.empty()) return 0.0;\n    double sum = hpx::reduce(hpx::execution::par, x.begin(), x.end(), 0.0);\n    return sum / static_cast<double>(x.size());\n}",False,True,,60,N/A,,,,,3.5867154598236084
"#include <hpx/hpx_main.hpp>\n\n/* Return the average of the vector x.\n   Use HPX to compute in parallel.  Assume HPX has already been initialized.\n   Examples:\n		\n	 input: [1, 8, 4, 5, 1]\n   output: 3.8\n\n   input: [2, 2, 2, 3]\n   output: 2.25\n*/\ndouble average(std::vector<double> const& x) {",27_reduce_average,reduce,cpp,hpx,0.2,0.95,True,2048,False,"double average(std::vector<double> const& x) {\n    if (x.empty()) return 0.0;\n    double sum = hpx::ranges::reduce(hpx::execution::par, x, 0.0);\n    return sum / x.size();\n}",False,True,,61,N/A,,,,,5.469216823577881
"#include <hpx/hpx_main.hpp>\n\n/* Return the average of the vector x.\n   Use HPX to compute in parallel.  Assume HPX has already been initialized.\n   Examples:\n		\n	 input: [1, 8, 4, 5, 1]\n   output: 3.8\n\n   input: [2, 2, 2, 3]\n   output: 2.25\n*/\ndouble average(std::vector<double> const& x) {",27_reduce_average,reduce,cpp,hpx,0.2,0.95,True,2048,False,"double average(std::vector<double> const& x) {\n    if (x.empty()) return std::numeric_limits<double>::quiet_NaN();\n    double sum = hpx::reduce(hpx::execution::par, x.begin(), x.end(), 0.0);\n    return sum / static_cast<double>(x.size());\n}",False,True,,62,N/A,,,,,4.457220077514648
"#include <hpx/hpx_main.hpp>\n\n/* Return the average of the vector x.\n   Use HPX to compute in parallel.  Assume HPX has already been initialized.\n   Examples:\n		\n	 input: [1, 8, 4, 5, 1]\n   output: 3.8\n\n   input: [2, 2, 2, 3]\n   output: 2.25\n*/\ndouble average(std::vector<double> const& x) {",27_reduce_average,reduce,cpp,hpx,0.2,0.95,True,2048,False,"double average(std::vector<double> const& x) {\n    if (x.empty()) return 0.0;\n    double sum = hpx::reduce(hpx::execution::par, x.begin(), x.end(), 0.0);\n    return sum / static_cast<double>(x.size());\n}",False,True,,63,N/A,,,,,3.49365234375
"#include <hpx/hpx_main.hpp>\n\n/* Return the average of the vector x.\n   Use HPX to compute in parallel.  Assume HPX has already been initialized.\n   Examples:\n		\n	 input: [1, 8, 4, 5, 1]\n   output: 3.8\n\n   input: [2, 2, 2, 3]\n   output: 2.25\n*/\ndouble average(std::vector<double> const& x) {",27_reduce_average,reduce,cpp,hpx,0.2,0.95,True,2048,False,"double average(std::vector<double> const& x) {\n    if (x.empty()) return 0.0;\n    double sum = hpx::reduce(hpx::execution::par, x.begin(), x.end(), 0.0);\n    return sum / static_cast<double>(x.size());\n}",False,True,,64,N/A,,,,,3.1637637615203857
"#include <hpx/hpx_main.hpp>\n\n/* Return the average of the vector x.\n   Use HPX to compute in parallel.  Assume HPX has already been initialized.\n   Examples:\n		\n	 input: [1, 8, 4, 5, 1]\n   output: 3.8\n\n   input: [2, 2, 2, 3]\n   output: 2.25\n*/\ndouble average(std::vector<double> const& x) {",27_reduce_average,reduce,cpp,hpx,0.2,0.95,True,2048,False,"double average(std::vector<double> const& x) {\n    if (x.empty()) return 0.0;\n    double sum = hpx::reduce(hpx::execution::par, x.begin(), x.end(), 0.0);\n    return sum / static_cast<double>(x.size());\n}",False,True,,65,N/A,,,,,4.95879340171814
"#include <hpx/hpx_main.hpp>\n\n/* Return the average of the vector x.\n   Use HPX to compute in parallel.  Assume HPX has already been initialized.\n   Examples:\n		\n	 input: [1, 8, 4, 5, 1]\n   output: 3.8\n\n   input: [2, 2, 2, 3]\n   output: 2.25\n*/\ndouble average(std::vector<double> const& x) {",27_reduce_average,reduce,cpp,hpx,0.2,0.95,True,2048,False,"double average(std::vector<double> const& x) {\n    if (x.empty()) return 0.0;\n    double sum = hpx::reduce(hpx::execution::par, x.begin(), x.end(), 0.0);\n    return sum / static_cast<double>(x.size());\n}",False,True,,66,N/A,,,,,4.134482383728027
"#include <hpx/hpx_main.hpp>\n\n/* Return the average of the vector x.\n   Use HPX to compute in parallel.  Assume HPX has already been initialized.\n   Examples:\n		\n	 input: [1, 8, 4, 5, 1]\n   output: 3.8\n\n   input: [2, 2, 2, 3]\n   output: 2.25\n*/\ndouble average(std::vector<double> const& x) {",27_reduce_average,reduce,cpp,hpx,0.2,0.95,True,2048,False,"double average(std::vector<double> const& x) {\n    if (x.empty()) return 0.0;\n    double sum = hpx::reduce(hpx::execution::par, x.begin(), x.end(), 0.0);\n    return sum / static_cast<double>(x.size());\n}",False,True,,67,N/A,,,,,4.14153528213501
"#include <hpx/hpx_main.hpp>\n\n/* Return the average of the vector x.\n   Use HPX to compute in parallel.  Assume HPX has already been initialized.\n   Examples:\n		\n	 input: [1, 8, 4, 5, 1]\n   output: 3.8\n\n   input: [2, 2, 2, 3]\n   output: 2.25\n*/\ndouble average(std::vector<double> const& x) {",27_reduce_average,reduce,cpp,hpx,0.2,0.95,True,2048,False,"double average(std::vector<double> const& x) {\n    if (x.empty()) return 0.0;\n    double sum = hpx::reduce(hpx::execution::par, x.begin(), x.end(), 0.0);\n    return sum / static_cast<double>(x.size());\n}",False,True,,68,N/A,,,,,4.543928146362305
"#include <hpx/hpx_main.hpp>\n\n/* Return the average of the vector x.\n   Use HPX to compute in parallel.  Assume HPX has already been initialized.\n   Examples:\n		\n	 input: [1, 8, 4, 5, 1]\n   output: 3.8\n\n   input: [2, 2, 2, 3]\n   output: 2.25\n*/\ndouble average(std::vector<double> const& x) {",27_reduce_average,reduce,cpp,hpx,0.2,0.95,True,2048,False,"double average(std::vector<double> const& x) {\n    if (x.empty())\n        return std::numeric_limits<double>::quiet_NaN();\n    double sum = hpx::reduce(hpx::execution::par, x.begin(), x.end(), 0.0);\n    return sum / static_cast<double>(x.size());\n}",False,True,,69,N/A,,,,,5.309990167617798
"#include <hpx/hpx_main.hpp>\n\n/* Return the average of the vector x.\n   Use HPX to compute in parallel.  Assume HPX has already been initialized.\n   Examples:\n		\n	 input: [1, 8, 4, 5, 1]\n   output: 3.8\n\n   input: [2, 2, 2, 3]\n   output: 2.25\n*/\ndouble average(std::vector<double> const& x) {",27_reduce_average,reduce,cpp,hpx,0.2,0.95,True,2048,False,"double average(std::vector<double> const& x) {\n    if (x.empty()) return 0.0;\n    double sum = hpx::reduce(hpx::execution::par, x.begin(), x.end(), 0.0);\n    return sum / static_cast<double>(x.size());\n}",False,True,,70,N/A,,,,,5.135370254516602
"#include <hpx/hpx_main.hpp>\n\n/* Return the average of the vector x.\n   Use HPX to compute in parallel.  Assume HPX has already been initialized.\n   Examples:\n		\n	 input: [1, 8, 4, 5, 1]\n   output: 3.8\n\n   input: [2, 2, 2, 3]\n   output: 2.25\n*/\ndouble average(std::vector<double> const& x) {",27_reduce_average,reduce,cpp,hpx,0.2,0.95,True,2048,False,"double average(std::vector<double> const& x) {\n    if (x.empty()) return 0.0;\n    double sum = hpx::reduce(hpx::execution::par, x.begin(), x.end(), 0.0);\n    return sum / static_cast<double>(x.size());\n}",False,True,,71,N/A,,,,,5.04222846031189
"#include <hpx/hpx_main.hpp>\n\n/* Return the average of the vector x.\n   Use HPX to compute in parallel.  Assume HPX has already been initialized.\n   Examples:\n		\n	 input: [1, 8, 4, 5, 1]\n   output: 3.8\n\n   input: [2, 2, 2, 3]\n   output: 2.25\n*/\ndouble average(std::vector<double> const& x) {",27_reduce_average,reduce,cpp,hpx,0.2,0.95,True,2048,False,"double average(std::vector<double> const& x) {\n    if (x.empty()) return 0.0;\n    double sum = hpx::reduce(hpx::execution::par, x.begin(), x.end(), 0.0);\n    return sum / static_cast<double>(x.size());\n}",False,True,,72,N/A,,,,,3.91011905670166
"#include <hpx/hpx_main.hpp>\n\n/* Return the average of the vector x.\n   Use HPX to compute in parallel.  Assume HPX has already been initialized.\n   Examples:\n		\n	 input: [1, 8, 4, 5, 1]\n   output: 3.8\n\n   input: [2, 2, 2, 3]\n   output: 2.25\n*/\ndouble average(std::vector<double> const& x) {",27_reduce_average,reduce,cpp,hpx,0.2,0.95,True,2048,False,"double average(std::vector<double> const& x) {\n    if (x.empty()) return std::numeric_limits<double>::quiet_NaN();\n    double sum = hpx::reduce(hpx::execution::par, x.begin(), x.end(), 0.0);\n    return sum / static_cast<double>(x.size());\n}",False,True,,73,N/A,,,,,3.166015148162842
"#include <hpx/hpx_main.hpp>\n\n/* Return the average of the vector x.\n   Use HPX to compute in parallel.  Assume HPX has already been initialized.\n   Examples:\n		\n	 input: [1, 8, 4, 5, 1]\n   output: 3.8\n\n   input: [2, 2, 2, 3]\n   output: 2.25\n*/\ndouble average(std::vector<double> const& x) {",27_reduce_average,reduce,cpp,hpx,0.2,0.95,True,2048,False,"double average(std::vector<double> const& x) {\n    if (x.empty()) return 0.0;\n    double sum = hpx::reduce(hpx::execution::par, x.begin(), x.end(), 0.0);\n    return sum / static_cast<double>(x.size());\n}",False,True,,74,N/A,,,,,3.221853017807007
"#include <hpx/hpx_main.hpp>\n\n/* Return the average of the vector x.\n   Use HPX to compute in parallel.  Assume HPX has already been initialized.\n   Examples:\n		\n	 input: [1, 8, 4, 5, 1]\n   output: 3.8\n\n   input: [2, 2, 2, 3]\n   output: 2.25\n*/\ndouble average(std::vector<double> const& x) {",27_reduce_average,reduce,cpp,hpx,0.2,0.95,True,2048,False,"double average(std::vector<double> const& x) {\n    if (x.empty()) return 0.0;\n    double sum = hpx::reduce(hpx::execution::par, x.begin(), x.end(), 0.0);\n    return sum / static_cast<double>(x.size());\n}",False,True,,75,N/A,,,,,4.994124174118042
"#include <hpx/hpx_main.hpp>\n\n/* Return the average of the vector x.\n   Use HPX to compute in parallel.  Assume HPX has already been initialized.\n   Examples:\n		\n	 input: [1, 8, 4, 5, 1]\n   output: 3.8\n\n   input: [2, 2, 2, 3]\n   output: 2.25\n*/\ndouble average(std::vector<double> const& x) {",27_reduce_average,reduce,cpp,hpx,0.2,0.95,True,2048,False,"double average(std::vector<double> const& x) {\n    if (x.empty())\n        return 0.0;\n    double sum = hpx::reduce(hpx::execution::par, x.begin(), x.end(), 0.0);\n    return sum / static_cast<double>(x.size());\n}",False,True,,76,N/A,,,,,2.9803626537323
"#include <hpx/hpx_main.hpp>\n\n/* Return the average of the vector x.\n   Use HPX to compute in parallel.  Assume HPX has already been initialized.\n   Examples:\n		\n	 input: [1, 8, 4, 5, 1]\n   output: 3.8\n\n   input: [2, 2, 2, 3]\n   output: 2.25\n*/\ndouble average(std::vector<double> const& x) {",27_reduce_average,reduce,cpp,hpx,0.2,0.95,True,2048,False,"double average(std::vector<double> const& x) {\n    if (x.empty()) return 0.0;\n    double sum = hpx::reduce(hpx::execution::par, x.begin(), x.end(), 0.0);\n    return sum / static_cast<double>(x.size());\n}",False,True,,77,N/A,,,,,6.542932510375977
"#include <hpx/hpx_main.hpp>\n\n/* Return the average of the vector x.\n   Use HPX to compute in parallel.  Assume HPX has already been initialized.\n   Examples:\n		\n	 input: [1, 8, 4, 5, 1]\n   output: 3.8\n\n   input: [2, 2, 2, 3]\n   output: 2.25\n*/\ndouble average(std::vector<double> const& x) {",27_reduce_average,reduce,cpp,hpx,0.2,0.95,True,2048,False,"double average(std::vector<double> const& x) {\n    if (x.empty()) return 0.0;\n    double sum = hpx::reduce(hpx::execution::par, x.begin(), x.end(), 0.0);\n    return sum / static_cast<double>(x.size());\n}",False,True,,78,N/A,,,,,3.558166742324829
"#include <hpx/hpx_main.hpp>\n\n/* Return the average of the vector x.\n   Use HPX to compute in parallel.  Assume HPX has already been initialized.\n   Examples:\n		\n	 input: [1, 8, 4, 5, 1]\n   output: 3.8\n\n   input: [2, 2, 2, 3]\n   output: 2.25\n*/\ndouble average(std::vector<double> const& x) {",27_reduce_average,reduce,cpp,hpx,0.2,0.95,True,2048,False,"double average(std::vector<double> const& x) {\n    if (x.empty()) return 0.0;\n    double sum = hpx::reduce(hpx::execution::par, x.begin(), x.end(), 0.0);\n    return sum / static_cast<double>(x.size());\n}",False,True,,79,N/A,,,,,6.1342737674713135
"#include <hpx/hpx_main.hpp>\n\n/* Return the average of the vector x.\n   Use HPX to compute in parallel.  Assume HPX has already been initialized.\n   Examples:\n		\n	 input: [1, 8, 4, 5, 1]\n   output: 3.8\n\n   input: [2, 2, 2, 3]\n   output: 2.25\n*/\ndouble average(std::vector<double> const& x) {",27_reduce_average,reduce,cpp,hpx,0.2,0.95,True,2048,False,"double average(std::vector<double> const& x) {\n    if (x.empty()) return 0.0;\n    double sum = hpx::reduce(hpx::execution::par, x.begin(), x.end(), 0.0);\n    return sum / static_cast<double>(x.size());\n}",False,True,,80,N/A,,,,,6.360762596130371
"#include <hpx/hpx_main.hpp>\n\n/* Return the average of the vector x.\n   Use HPX to compute in parallel.  Assume HPX has already been initialized.\n   Examples:\n		\n	 input: [1, 8, 4, 5, 1]\n   output: 3.8\n\n   input: [2, 2, 2, 3]\n   output: 2.25\n*/\ndouble average(std::vector<double> const& x) {",27_reduce_average,reduce,cpp,hpx,0.2,0.95,True,2048,False,"double average(std::vector<double> const& x) {\n    if (x.empty()) return 0.0;\n    double sum = hpx::reduce(hpx::execution::par, x.begin(), x.end(), 0.0);\n    return sum / static_cast<double>(x.size());\n}",False,True,,81,N/A,,,,,5.4859185218811035
"#include <hpx/hpx_main.hpp>\n\n/* Return the average of the vector x.\n   Use HPX to compute in parallel.  Assume HPX has already been initialized.\n   Examples:\n		\n	 input: [1, 8, 4, 5, 1]\n   output: 3.8\n\n   input: [2, 2, 2, 3]\n   output: 2.25\n*/\ndouble average(std::vector<double> const& x) {",27_reduce_average,reduce,cpp,hpx,0.2,0.95,True,2048,False,"double average(std::vector<double> const& x) {\n    if (x.empty()) return 0.0;\n    double sum = hpx::reduce(hpx::execution::par, x.begin(), x.end(), 0.0);\n    return sum / static_cast<double>(x.size());\n}",False,True,,82,N/A,,,,,5.197247743606567
"#include <hpx/hpx_main.hpp>\n\n/* Return the average of the vector x.\n   Use HPX to compute in parallel.  Assume HPX has already been initialized.\n   Examples:\n		\n	 input: [1, 8, 4, 5, 1]\n   output: 3.8\n\n   input: [2, 2, 2, 3]\n   output: 2.25\n*/\ndouble average(std::vector<double> const& x) {",27_reduce_average,reduce,cpp,hpx,0.2,0.95,True,2048,False,"double average(std::vector<double> const& x) {\n    if (x.empty()) return 0.0;\n    double sum = hpx::reduce(hpx::execution::par, x.begin(), x.end(), 0.0);\n    return sum / static_cast<double>(x.size());\n}",False,True,,83,N/A,,,,,3.774864435195923
"#include <hpx/hpx_main.hpp>\n\n/* Return the average of the vector x.\n   Use HPX to compute in parallel.  Assume HPX has already been initialized.\n   Examples:\n		\n	 input: [1, 8, 4, 5, 1]\n   output: 3.8\n\n   input: [2, 2, 2, 3]\n   output: 2.25\n*/\ndouble average(std::vector<double> const& x) {",27_reduce_average,reduce,cpp,hpx,0.2,0.95,True,2048,False,"double average(std::vector<double> const& x) {\n    if (x.empty()) return 0.0;\n    double sum = hpx::reduce(hpx::execution::par, x.begin(), x.end(), 0.0);\n    return sum / static_cast<double>(x.size());\n}",False,True,,84,N/A,,,,,4.545123338699341
"#include <hpx/hpx_main.hpp>\n\n/* Return the average of the vector x.\n   Use HPX to compute in parallel.  Assume HPX has already been initialized.\n   Examples:\n		\n	 input: [1, 8, 4, 5, 1]\n   output: 3.8\n\n   input: [2, 2, 2, 3]\n   output: 2.25\n*/\ndouble average(std::vector<double> const& x) {",27_reduce_average,reduce,cpp,hpx,0.2,0.95,True,2048,False,"double average(std::vector<double> const& x) {\n    if (x.empty()) return 0.0;\n    double sum = hpx::reduce(hpx::execution::par, x.begin(), x.end(), 0.0);\n    return sum / static_cast<double>(x.size());\n}",False,True,,85,N/A,,,,,3.305309534072876
"#include <hpx/hpx_main.hpp>\n\n/* Return the average of the vector x.\n   Use HPX to compute in parallel.  Assume HPX has already been initialized.\n   Examples:\n		\n	 input: [1, 8, 4, 5, 1]\n   output: 3.8\n\n   input: [2, 2, 2, 3]\n   output: 2.25\n*/\ndouble average(std::vector<double> const& x) {",27_reduce_average,reduce,cpp,hpx,0.2,0.95,True,2048,False,"double average(std::vector<double> const& x) {\n    if (x.empty()) return 0.0;\n    double sum = hpx::reduce(hpx::execution::par, x.begin(), x.end(), 0.0);\n    return sum / static_cast<double>(x.size());\n}",False,True,,86,N/A,,,,,4.211233615875244
"#include <hpx/hpx_main.hpp>\n\n/* Return the average of the vector x.\n   Use HPX to compute in parallel.  Assume HPX has already been initialized.\n   Examples:\n		\n	 input: [1, 8, 4, 5, 1]\n   output: 3.8\n\n   input: [2, 2, 2, 3]\n   output: 2.25\n*/\ndouble average(std::vector<double> const& x) {",27_reduce_average,reduce,cpp,hpx,0.2,0.95,True,2048,False,"double average(std::vector<double> const& x) {\n    if (x.empty()) return 0.0;\n    double sum = hpx::reduce(hpx::execution::par, x.begin(), x.end(), 0.0);\n    return sum / static_cast<double>(x.size());\n}",False,True,,87,N/A,,,,,4.891916990280151
"#include <hpx/hpx_main.hpp>\n\n/* Return the average of the vector x.\n   Use HPX to compute in parallel.  Assume HPX has already been initialized.\n   Examples:\n		\n	 input: [1, 8, 4, 5, 1]\n   output: 3.8\n\n   input: [2, 2, 2, 3]\n   output: 2.25\n*/\ndouble average(std::vector<double> const& x) {",27_reduce_average,reduce,cpp,hpx,0.2,0.95,True,2048,False,"double average(std::vector<double> const& x) {\n    if (x.empty())\n        return 0.0;\n\n    double sum = hpx::reduce(hpx::execution::par, x.begin(), x.end(), 0.0);\n    return sum / static_cast<double>(x.size());\n}",False,True,,88,N/A,,,,,3.945706367492676
"#include <hpx/hpx_main.hpp>\n\n/* Return the average of the vector x.\n   Use HPX to compute in parallel.  Assume HPX has already been initialized.\n   Examples:\n		\n	 input: [1, 8, 4, 5, 1]\n   output: 3.8\n\n   input: [2, 2, 2, 3]\n   output: 2.25\n*/\ndouble average(std::vector<double> const& x) {",27_reduce_average,reduce,cpp,hpx,0.2,0.95,True,2048,False,"double average(std::vector<double> const& x) {\n    if (x.empty()) return 0.0;\n    double sum = hpx::reduce(hpx::execution::par, x.begin(), x.end(), 0.0);\n    return sum / static_cast<double>(x.size());\n}",False,True,,89,N/A,,,,,4.50821328163147
"#include <hpx/hpx_main.hpp>\n\n/* Return the average of the vector x.\n   Use HPX to compute in parallel.  Assume HPX has already been initialized.\n   Examples:\n		\n	 input: [1, 8, 4, 5, 1]\n   output: 3.8\n\n   input: [2, 2, 2, 3]\n   output: 2.25\n*/\ndouble average(std::vector<double> const& x) {",27_reduce_average,reduce,cpp,hpx,0.2,0.95,True,2048,False,"double average(std::vector<double> const& x) {\n    if (x.empty()) return 0.0;\n    double sum = hpx::reduce(hpx::execution::par, x.begin(), x.end(), 0.0);\n    return sum / static_cast<double>(x.size());\n}",False,True,,90,N/A,,,,,4.192633628845215
"#include <hpx/hpx_main.hpp>\n\n/* Return the average of the vector x.\n   Use HPX to compute in parallel.  Assume HPX has already been initialized.\n   Examples:\n		\n	 input: [1, 8, 4, 5, 1]\n   output: 3.8\n\n   input: [2, 2, 2, 3]\n   output: 2.25\n*/\ndouble average(std::vector<double> const& x) {",27_reduce_average,reduce,cpp,hpx,0.2,0.95,True,2048,False,"double average(std::vector<double> const& x) {\n    if (x.empty()) return 0.0;\n    double sum = hpx::reduce(hpx::execution::par, x.begin(), x.end(), 0.0);\n    return sum / static_cast<double>(x.size());\n}",False,True,,91,N/A,,,,,4.6421544551849365
"#include <hpx/hpx_main.hpp>\n\n/* Return the average of the vector x.\n   Use HPX to compute in parallel.  Assume HPX has already been initialized.\n   Examples:\n		\n	 input: [1, 8, 4, 5, 1]\n   output: 3.8\n\n   input: [2, 2, 2, 3]\n   output: 2.25\n*/\ndouble average(std::vector<double> const& x) {",27_reduce_average,reduce,cpp,hpx,0.2,0.95,True,2048,False,"double average(std::vector<double> const& x) {\n    if (x.empty()) return 0.0;\n    double sum = hpx::reduce(hpx::execution::par, x.begin(), x.end(), 0.0);\n    return sum / static_cast<double>(x.size());\n}",False,True,,92,N/A,,,,,4.742954969406128
"#include <hpx/hpx_main.hpp>\n\n/* Return the average of the vector x.\n   Use HPX to compute in parallel.  Assume HPX has already been initialized.\n   Examples:\n		\n	 input: [1, 8, 4, 5, 1]\n   output: 3.8\n\n   input: [2, 2, 2, 3]\n   output: 2.25\n*/\ndouble average(std::vector<double> const& x) {",27_reduce_average,reduce,cpp,hpx,0.2,0.95,True,2048,False,"double average(std::vector<double> const& x) {\n    if (x.empty()) return 0.0;\n    double sum = hpx::reduce(hpx::execution::par, x.begin(), x.end(), 0.0);\n    return sum / static_cast<double>(x.size());\n}",False,True,,93,N/A,,,,,3.4433062076568604
"#include <hpx/hpx_main.hpp>\n\n/* Return the average of the vector x.\n   Use HPX to compute in parallel.  Assume HPX has already been initialized.\n   Examples:\n		\n	 input: [1, 8, 4, 5, 1]\n   output: 3.8\n\n   input: [2, 2, 2, 3]\n   output: 2.25\n*/\ndouble average(std::vector<double> const& x) {",27_reduce_average,reduce,cpp,hpx,0.2,0.95,True,2048,False,"double average(std::vector<double> const& x) {\n    if (x.empty()) return std::numeric_limits<double>::quiet_NaN();\n    double sum = hpx::reduce(hpx::execution::par, x.begin(), x.end(), 0.0);\n    return sum / static_cast<double>(x.size());\n}",False,True,,94,N/A,,,,,4.35050368309021
"#include <hpx/hpx_main.hpp>\n\n/* Return the average of the vector x.\n   Use HPX to compute in parallel.  Assume HPX has already been initialized.\n   Examples:\n		\n	 input: [1, 8, 4, 5, 1]\n   output: 3.8\n\n   input: [2, 2, 2, 3]\n   output: 2.25\n*/\ndouble average(std::vector<double> const& x) {",27_reduce_average,reduce,cpp,hpx,0.2,0.95,True,2048,False,"double average(std::vector<double> const& x) {\n    if (x.empty()) return 0.0;\n    double sum = hpx::reduce(hpx::execution::par, x.begin(), x.end(), 0.0);\n    return sum / static_cast<double>(x.size());\n}",False,True,,95,N/A,,,,,3.593618631362915
"#include <hpx/hpx_main.hpp>\n\n/* Return the average of the vector x.\n   Use HPX to compute in parallel.  Assume HPX has already been initialized.\n   Examples:\n		\n	 input: [1, 8, 4, 5, 1]\n   output: 3.8\n\n   input: [2, 2, 2, 3]\n   output: 2.25\n*/\ndouble average(std::vector<double> const& x) {",27_reduce_average,reduce,cpp,hpx,0.2,0.95,True,2048,False,"double average(std::vector<double> const& x) {\n    if (x.empty()) return 0.0;\n    double sum = hpx::reduce(hpx::execution::par, x.begin(), x.end(), 0.0);\n    return sum / static_cast<double>(x.size());\n}",False,True,,96,N/A,,,,,5.8906285762786865
"#include <hpx/hpx_main.hpp>\n\n/* Return the average of the vector x.\n   Use HPX to compute in parallel.  Assume HPX has already been initialized.\n   Examples:\n		\n	 input: [1, 8, 4, 5, 1]\n   output: 3.8\n\n   input: [2, 2, 2, 3]\n   output: 2.25\n*/\ndouble average(std::vector<double> const& x) {",27_reduce_average,reduce,cpp,hpx,0.2,0.95,True,2048,False,"double average(std::vector<double> const& x) {\n    if (x.empty()) return 0.0;\n    double sum = hpx::reduce(hpx::execution::par, x.begin(), x.end(), 0.0);\n    return sum / static_cast<double>(x.size());\n}",False,True,,97,N/A,,,,,4.483370542526245
"#include <hpx/hpx_main.hpp>\n\n/* Return the average of the vector x.\n   Use HPX to compute in parallel.  Assume HPX has already been initialized.\n   Examples:\n		\n	 input: [1, 8, 4, 5, 1]\n   output: 3.8\n\n   input: [2, 2, 2, 3]\n   output: 2.25\n*/\ndouble average(std::vector<double> const& x) {",27_reduce_average,reduce,cpp,hpx,0.2,0.95,True,2048,False,"double average(std::vector<double> const& x) {\n    if (x.empty()) return 0.0;\n    double sum = hpx::reduce(hpx::execution::par, x.begin(), x.end(), 0.0);\n    return sum / static_cast<double>(x.size());\n}",False,True,,98,N/A,,,,,3.179877758026123
"#include <hpx/hpx_main.hpp>\n\n/* Return the average of the vector x.\n   Use HPX to compute in parallel.  Assume HPX has already been initialized.\n   Examples:\n		\n	 input: [1, 8, 4, 5, 1]\n   output: 3.8\n\n   input: [2, 2, 2, 3]\n   output: 2.25\n*/\ndouble average(std::vector<double> const& x) {",27_reduce_average,reduce,cpp,hpx,0.2,0.95,True,2048,False,"double average(std::vector<double> const& x) {\n    if (x.empty()) return 0.0;\n    double sum = hpx::reduce(hpx::execution::par, x.begin(), x.end(), 0.0);\n    return sum / static_cast<double>(x.size());\n}",False,True,,99,N/A,,,,,4.380159139633179
"#include <hpx/hpx_main.hpp>\n\n/* Return the value of the smallest odd number in the vector x.\n   Use HPX to compute in parallel.  Assume HPX has already been initialized.\n   Examples:\n\n   input: [7, 9, 5, 2, 8, 16, 4, 1]\n   output: 1\n\n   input: [8, 36, 7, 2, 11]\n   output: 7\n*/\nint smallestOdd(std::vector<int> const& x) {",28_reduce_smallest_odd_number,reduce,cpp,hpx,0.2,0.95,True,2048,False,"int smallestOdd(std::vector<int> const& x) {\n    constexpr int INF = std::numeric_limits<int>::max();\n    int res = hpx::transform_reduce(\n        hpx::execution::par,\n        x.begin(), x.end(),\n        INF,\n        [](int a, int b) { return std::min(a, b); },\n        [](int v) { return (v & 1) ? v : INF; }\n    );\n    return res == INF ? -1 : res;  // return -1 if no odd numbers\n}",False,True,,0,N/A,,,,,6.474168062210083
"#include <hpx/hpx_main.hpp>\n\n/* Return the value of the smallest odd number in the vector x.\n   Use HPX to compute in parallel.  Assume HPX has already been initialized.\n   Examples:\n\n   input: [7, 9, 5, 2, 8, 16, 4, 1]\n   output: 1\n\n   input: [8, 36, 7, 2, 11]\n   output: 7\n*/\nint smallestOdd(std::vector<int> const& x) {",28_reduce_smallest_odd_number,reduce,cpp,hpx,0.2,0.95,True,2048,False,"int smallestOdd(std::vector<int> const& x) {\n    int inf = std::numeric_limits<int>::max();\n    int res = hpx::reduce(\n        hpx::execution::par, x.begin(), x.end(), inf,\n        [inf](int acc, int v) {\n            int vv = (v & 1) ? v : inf;\n            return acc < vv ? acc : vv;\n        });\n    return res == inf ? -1 : res;\n}",False,True,,1,N/A,,,,,9.154442310333252
"#include <hpx/hpx_main.hpp>\n\n/* Return the value of the smallest odd number in the vector x.\n   Use HPX to compute in parallel.  Assume HPX has already been initialized.\n   Examples:\n\n   input: [7, 9, 5, 2, 8, 16, 4, 1]\n   output: 1\n\n   input: [8, 36, 7, 2, 11]\n   output: 7\n*/\nint smallestOdd(std::vector<int> const& x) {",28_reduce_smallest_odd_number,reduce,cpp,hpx,0.2,0.95,True,2048,False,"int smallestOdd(std::vector<int> const& x) {\n    auto proj = [](int v) { return (v & 1) ? v : std::numeric_limits<int>::max(); };\n    auto it = hpx::ranges::min_element(hpx::execution::par, x, std::less<>{}, proj);\n    if (it == x.end() || (*it % 2 == 0)) return -1; // no odd number\n    return *it;\n}",False,True,,2,N/A,,,,,6.236485719680786
"#include <hpx/hpx_main.hpp>\n\n/* Return the value of the smallest odd number in the vector x.\n   Use HPX to compute in parallel.  Assume HPX has already been initialized.\n   Examples:\n\n   input: [7, 9, 5, 2, 8, 16, 4, 1]\n   output: 1\n\n   input: [8, 36, 7, 2, 11]\n   output: 7\n*/\nint smallestOdd(std::vector<int> const& x) {",28_reduce_smallest_odd_number,reduce,cpp,hpx,0.2,0.95,True,2048,False,"int smallestOdd(std::vector<int> const& x) {\n    constexpr int INF = std::numeric_limits<int>::max();\n    return hpx::transform_reduce(\n        hpx::execution::par, x.begin(), x.end(),\n        INF,\n        [](int a, int b) { return a < b ? a : b; },\n        [](int v) { return (v & 1) ? v : std::numeric_limits<int>::max(); }\n    );\n}",False,True,,3,N/A,,,,,5.3222808837890625
"#include <hpx/hpx_main.hpp>\n\n/* Return the value of the smallest odd number in the vector x.\n   Use HPX to compute in parallel.  Assume HPX has already been initialized.\n   Examples:\n\n   input: [7, 9, 5, 2, 8, 16, 4, 1]\n   output: 1\n\n   input: [8, 36, 7, 2, 11]\n   output: 7\n*/\nint smallestOdd(std::vector<int> const& x) {",28_reduce_smallest_odd_number,reduce,cpp,hpx,0.2,0.95,True,2048,False,"int smallestOdd(std::vector<int> const& x) {\n    const int INF = std::numeric_limits<int>::max();\n    auto proj = [](int v) { return (v & 1) ? v : std::numeric_limits<int>::max(); };\n    return hpx::transform_reduce(hpx::execution::par, x.begin(), x.end(), INF,\n                                 [](int a, int b) { return std::min(a, b); },\n                                 proj);\n}",False,True,,4,N/A,,,,,7.606601238250732
"#include <hpx/hpx_main.hpp>\n\n/* Return the value of the smallest odd number in the vector x.\n   Use HPX to compute in parallel.  Assume HPX has already been initialized.\n   Examples:\n\n   input: [7, 9, 5, 2, 8, 16, 4, 1]\n   output: 1\n\n   input: [8, 36, 7, 2, 11]\n   output: 7\n*/\nint smallestOdd(std::vector<int> const& x) {",28_reduce_smallest_odd_number,reduce,cpp,hpx,0.2,0.95,True,2048,False,"int smallestOdd(std::vector<int> const& x) {\n    int init = std::numeric_limits<int>::max();\n    auto reducer = [](int a, int b) { return std::min(a, b); };\n    auto projector = [](int v) {\n        return (v & 1) ? v : std::numeric_limits<int>::max();\n    };\n    return hpx::transform_reduce(hpx::execution::par, x.begin(), x.end(), init, reducer, projector);\n}",False,True,,5,N/A,,,,,4.51719331741333
"#include <hpx/hpx_main.hpp>\n\n/* Return the value of the smallest odd number in the vector x.\n   Use HPX to compute in parallel.  Assume HPX has already been initialized.\n   Examples:\n\n   input: [7, 9, 5, 2, 8, 16, 4, 1]\n   output: 1\n\n   input: [8, 36, 7, 2, 11]\n   output: 7\n*/\nint smallestOdd(std::vector<int> const& x) {",28_reduce_smallest_odd_number,reduce,cpp,hpx,0.2,0.95,True,2048,False,"int smallestOdd(std::vector<int> const& x) {\n    int inf = std::numeric_limits<int>::max();\n    int res = hpx::transform_reduce(\n        hpx::execution::par, x.begin(), x.end(), inf,\n        [](int a, int b) { return std::min(a, b); },\n        [inf](int v) { return (v & 1) ? v : inf; }\n    );\n    return res;\n}",False,True,,6,N/A,,,,,5.957524061203003
"#include <hpx/hpx_main.hpp>\n\n/* Return the value of the smallest odd number in the vector x.\n   Use HPX to compute in parallel.  Assume HPX has already been initialized.\n   Examples:\n\n   input: [7, 9, 5, 2, 8, 16, 4, 1]\n   output: 1\n\n   input: [8, 36, 7, 2, 11]\n   output: 7\n*/\nint smallestOdd(std::vector<int> const& x) {",28_reduce_smallest_odd_number,reduce,cpp,hpx,0.2,0.95,True,2048,False,"int smallestOdd(std::vector<int> const& x) {\n    return hpx::transform_reduce(\n        hpx::execution::par, x.begin(), x.end(),\n        std::numeric_limits<int>::max(),\n        [](int a, int b) { return std::min(a, b); },\n        [](int v) { return (v & 1) ? v : std::numeric_limits<int>::max(); }\n    );\n}",False,True,,7,N/A,,,,,6.175732374191284
"#include <hpx/hpx_main.hpp>\n\n/* Return the value of the smallest odd number in the vector x.\n   Use HPX to compute in parallel.  Assume HPX has already been initialized.\n   Examples:\n\n   input: [7, 9, 5, 2, 8, 16, 4, 1]\n   output: 1\n\n   input: [8, 36, 7, 2, 11]\n   output: 7\n*/\nint smallestOdd(std::vector<int> const& x) {",28_reduce_smallest_odd_number,reduce,cpp,hpx,0.2,0.95,True,2048,False,"int smallestOdd(std::vector<int> const& x) {\n    constexpr int INF = std::numeric_limits<int>::max();\n    return hpx::transform_reduce(\n        hpx::execution::par,\n        x.begin(), x.end(),\n        INF,\n        [](int a, int b) { return std::min(a, b); },\n        [](int v) { return (v & 1) ? v : std::numeric_limits<int>::max(); }\n    );\n}",False,True,,8,N/A,,,,,5.2412872314453125
"#include <hpx/hpx_main.hpp>\n\n/* Return the value of the smallest odd number in the vector x.\n   Use HPX to compute in parallel.  Assume HPX has already been initialized.\n   Examples:\n\n   input: [7, 9, 5, 2, 8, 16, 4, 1]\n   output: 1\n\n   input: [8, 36, 7, 2, 11]\n   output: 7\n*/\nint smallestOdd(std::vector<int> const& x) {",28_reduce_smallest_odd_number,reduce,cpp,hpx,0.2,0.95,True,2048,False,"int smallestOdd(std::vector<int> const& x) {\n    using hpx::execution::par;\n    int inf = std::numeric_limits<int>::max();\n    int res = hpx::transform_reduce(\n        par, x.begin(), x.end(), inf,\n        [](int a, int b) { return std::min(a, b); },\n        [inf](int v) { return (v & 1) ? v : inf; }\n    );\n    return (res == inf) ? -1 : res;\n}",False,True,,9,N/A,,,,,5.149674415588379
"#include <hpx/hpx_main.hpp>\n\n/* Return the value of the smallest odd number in the vector x.\n   Use HPX to compute in parallel.  Assume HPX has already been initialized.\n   Examples:\n\n   input: [7, 9, 5, 2, 8, 16, 4, 1]\n   output: 1\n\n   input: [8, 36, 7, 2, 11]\n   output: 7\n*/\nint smallestOdd(std::vector<int> const& x) {",28_reduce_smallest_odd_number,reduce,cpp,hpx,0.2,0.95,True,2048,False,"int smallestOdd(std::vector<int> const& x) {\n    int init = std::numeric_limits<int>::max();\n    auto proj = [](int v) { return (v & 1) ? v : std::numeric_limits<int>::max(); };\n    auto minop = [](int a, int b) { return a < b ? a : b; };\n    return hpx::transform_reduce(hpx::execution::par, x.begin(), x.end(), init, minop, proj);\n}",False,True,,10,N/A,,,,,5.5748090744018555
"#include <hpx/hpx_main.hpp>\n\n/* Return the value of the smallest odd number in the vector x.\n   Use HPX to compute in parallel.  Assume HPX has already been initialized.\n   Examples:\n\n   input: [7, 9, 5, 2, 8, 16, 4, 1]\n   output: 1\n\n   input: [8, 36, 7, 2, 11]\n   output: 7\n*/\nint smallestOdd(std::vector<int> const& x) {",28_reduce_smallest_odd_number,reduce,cpp,hpx,0.2,0.95,True,2048,False,"int smallestOdd(std::vector<int> const& x) {\n    int init = std::numeric_limits<int>::max();\n    auto reduce_op = [](int a, int b) { return std::min(a, b); };\n    auto transform_op = [](int v) {\n        return (v & 1) ? v : std::numeric_limits<int>::max();\n    };\n    return hpx::transform_reduce(hpx::execution::par, x.begin(), x.end(),\n                                 init, reduce_op, transform_op);\n}",False,True,,11,N/A,,,,,6.016617059707642
"#include <hpx/hpx_main.hpp>\n\n/* Return the value of the smallest odd number in the vector x.\n   Use HPX to compute in parallel.  Assume HPX has already been initialized.\n   Examples:\n\n   input: [7, 9, 5, 2, 8, 16, 4, 1]\n   output: 1\n\n   input: [8, 36, 7, 2, 11]\n   output: 7\n*/\nint smallestOdd(std::vector<int> const& x) {",28_reduce_smallest_odd_number,reduce,cpp,hpx,0.2,0.95,True,2048,False,"int smallestOdd(std::vector<int> const& x) {\n    using hpx::execution::par;\n    const int inf = std::numeric_limits<int>::max();\n    return hpx::transform_reduce(\n        par, x.begin(), x.end(),\n        inf,\n        [](int a, int b) { return std::min(a, b); },\n        [inf](int v) { return (v & 1) ? v : inf; }\n    );\n}",False,True,,12,N/A,,,,,6.314002752304077
"#include <hpx/hpx_main.hpp>\n\n/* Return the value of the smallest odd number in the vector x.\n   Use HPX to compute in parallel.  Assume HPX has already been initialized.\n   Examples:\n\n   input: [7, 9, 5, 2, 8, 16, 4, 1]\n   output: 1\n\n   input: [8, 36, 7, 2, 11]\n   output: 7\n*/\nint smallestOdd(std::vector<int> const& x) {",28_reduce_smallest_odd_number,reduce,cpp,hpx,0.2,0.95,True,2048,False,"int smallestOdd(std::vector<int> const& x) {\n    int init = std::numeric_limits<int>::max();\n    int res = hpx::transform_reduce(\n        hpx::execution::par, x.begin(), x.end(), init,\n        [](int a, int b) { return std::min(a, b); },\n        [](int v) { return (v & 1) ? v : std::numeric_limits<int>::max(); });\n\n    if (res == std::numeric_limits<int>::max())\n        throw std::runtime_error(""no odd numbers"");\n    return res;\n}",False,True,,13,N/A,,,,,6.54988694190979
"#include <hpx/hpx_main.hpp>\n\n/* Return the value of the smallest odd number in the vector x.\n   Use HPX to compute in parallel.  Assume HPX has already been initialized.\n   Examples:\n\n   input: [7, 9, 5, 2, 8, 16, 4, 1]\n   output: 1\n\n   input: [8, 36, 7, 2, 11]\n   output: 7\n*/\nint smallestOdd(std::vector<int> const& x) {",28_reduce_smallest_odd_number,reduce,cpp,hpx,0.2,0.95,True,2048,False,"int smallestOdd(std::vector<int> const& x) {\n    int inf = std::numeric_limits<int>::max();\n    return hpx::transform_reduce(\n        hpx::execution::par, x.begin(), x.end(), inf,\n        [](int a, int b) { return a < b ? a : b; },\n        [inf](int v) { return (v & 1) ? v : inf; }\n    );\n}",False,True,,14,N/A,,,,,5.857803821563721
"#include <hpx/hpx_main.hpp>\n\n/* Return the value of the smallest odd number in the vector x.\n   Use HPX to compute in parallel.  Assume HPX has already been initialized.\n   Examples:\n\n   input: [7, 9, 5, 2, 8, 16, 4, 1]\n   output: 1\n\n   input: [8, 36, 7, 2, 11]\n   output: 7\n*/\nint smallestOdd(std::vector<int> const& x) {",28_reduce_smallest_odd_number,reduce,cpp,hpx,0.2,0.95,True,2048,False,"int smallestOdd(std::vector<int> const& x) {\n    using hpx::execution::par;\n    const int INF = std::numeric_limits<int>::max();\n    return hpx::transform_reduce(\n        par, x.begin(), x.end(), INF,\n        [](int a, int b) { return std::min(a, b); },\n        [INF](int v) { return (v & 1) ? v : INF; }\n    );\n}",False,True,,15,N/A,,,,,6.436415672302246
"#include <hpx/hpx_main.hpp>\n\n/* Return the value of the smallest odd number in the vector x.\n   Use HPX to compute in parallel.  Assume HPX has already been initialized.\n   Examples:\n\n   input: [7, 9, 5, 2, 8, 16, 4, 1]\n   output: 1\n\n   input: [8, 36, 7, 2, 11]\n   output: 7\n*/\nint smallestOdd(std::vector<int> const& x) {",28_reduce_smallest_odd_number,reduce,cpp,hpx,0.2,0.95,True,2048,False,"int smallestOdd(std::vector<int> const& x) {\n    const int inf = std::numeric_limits<int>::max();\n    return hpx::transform_reduce(\n        hpx::execution::par, x.begin(), x.end(),\n        inf,\n        [](int a, int b) { return std::min(a, b); },\n        [inf](int v) { return (v & 1) ? v : inf; }\n    );\n}",False,True,,16,N/A,,,,,4.614713668823242
"#include <hpx/hpx_main.hpp>\n\n/* Return the value of the smallest odd number in the vector x.\n   Use HPX to compute in parallel.  Assume HPX has already been initialized.\n   Examples:\n\n   input: [7, 9, 5, 2, 8, 16, 4, 1]\n   output: 1\n\n   input: [8, 36, 7, 2, 11]\n   output: 7\n*/\nint smallestOdd(std::vector<int> const& x) {",28_reduce_smallest_odd_number,reduce,cpp,hpx,0.2,0.95,True,2048,False,"int smallestOdd(std::vector<int> const& x) {\n    const int INF = std::numeric_limits<int>::max();\n\n    int result = hpx::transform_reduce(\n        hpx::execution::par,\n        x.begin(), x.end(),\n        INF,\n        [](int a, int b) { return std::min(a, b); },\n        [](int v) { return (v & 1) ? v : std::numeric_limits<int>::max(); }\n    );\n\n    if (result == INF)\n        throw std::runtime_error(""No odd numbers in input."");\n\n    return result;\n}",False,True,,17,N/A,,,,,6.202812910079956
"#include <hpx/hpx_main.hpp>\n\n/* Return the value of the smallest odd number in the vector x.\n   Use HPX to compute in parallel.  Assume HPX has already been initialized.\n   Examples:\n\n   input: [7, 9, 5, 2, 8, 16, 4, 1]\n   output: 1\n\n   input: [8, 36, 7, 2, 11]\n   output: 7\n*/\nint smallestOdd(std::vector<int> const& x) {",28_reduce_smallest_odd_number,reduce,cpp,hpx,0.2,0.95,True,2048,False,"int smallestOdd(std::vector<int> const& x) {\n    int inf = std::numeric_limits<int>::max();\n    return hpx::transform_reduce(\n        hpx::execution::par, x.begin(), x.end(), inf,\n        [](int a, int b) { return std::min(a, b); },\n        [inf](int v) { return (v & 1) ? v : inf; }\n    );\n}",False,True,,18,N/A,,,,,6.818304777145386
"#include <hpx/hpx_main.hpp>\n\n/* Return the value of the smallest odd number in the vector x.\n   Use HPX to compute in parallel.  Assume HPX has already been initialized.\n   Examples:\n\n   input: [7, 9, 5, 2, 8, 16, 4, 1]\n   output: 1\n\n   input: [8, 36, 7, 2, 11]\n   output: 7\n*/\nint smallestOdd(std::vector<int> const& x) {",28_reduce_smallest_odd_number,reduce,cpp,hpx,0.2,0.95,True,2048,False,"int smallestOdd(std::vector<int> const& x) {\n    int inf = std::numeric_limits<int>::max();\n    return hpx::transform_reduce(\n        hpx::execution::par,\n        x.begin(), x.end(),\n        inf,\n        [](int a, int b) { return std::min(a, b); },\n        [inf](int v) { return (v & 1) ? v : inf; }\n    );\n}",False,True,,19,N/A,,,,,4.448729991912842
"#include <hpx/hpx_main.hpp>\n\n/* Return the value of the smallest odd number in the vector x.\n   Use HPX to compute in parallel.  Assume HPX has already been initialized.\n   Examples:\n\n   input: [7, 9, 5, 2, 8, 16, 4, 1]\n   output: 1\n\n   input: [8, 36, 7, 2, 11]\n   output: 7\n*/\nint smallestOdd(std::vector<int> const& x) {",28_reduce_smallest_odd_number,reduce,cpp,hpx,0.2,0.95,True,2048,False,"int smallestOdd(std::vector<int> const& x) {\n    constexpr int INF = std::numeric_limits<int>::max();\n    return hpx::transform_reduce(\n        hpx::execution::par,\n        x.begin(), x.end(),\n        INF,\n        [](int a, int b) { return std::min(a, b); },\n        [](int v) { return (v & 1) ? v : std::numeric_limits<int>::max(); }\n    );\n}",False,True,,20,N/A,,,,,6.02668571472168
"#include <hpx/hpx_main.hpp>\n\n/* Return the value of the smallest odd number in the vector x.\n   Use HPX to compute in parallel.  Assume HPX has already been initialized.\n   Examples:\n\n   input: [7, 9, 5, 2, 8, 16, 4, 1]\n   output: 1\n\n   input: [8, 36, 7, 2, 11]\n   output: 7\n*/\nint smallestOdd(std::vector<int> const& x) {",28_reduce_smallest_odd_number,reduce,cpp,hpx,0.2,0.95,True,2048,False,"int smallestOdd(std::vector<int> const& x) {\n    return hpx::transform_reduce(\n        hpx::execution::par,\n        x.begin(), x.end(),\n        std::numeric_limits<int>::max(),\n        [](int a, int b) { return std::min(a, b); },\n        [](int v) { return (v & 1) ? v : std::numeric_limits<int>::max(); }\n    );\n}",False,True,,21,N/A,,,,,4.354100227355957
"#include <hpx/hpx_main.hpp>\n\n/* Return the value of the smallest odd number in the vector x.\n   Use HPX to compute in parallel.  Assume HPX has already been initialized.\n   Examples:\n\n   input: [7, 9, 5, 2, 8, 16, 4, 1]\n   output: 1\n\n   input: [8, 36, 7, 2, 11]\n   output: 7\n*/\nint smallestOdd(std::vector<int> const& x) {",28_reduce_smallest_odd_number,reduce,cpp,hpx,0.2,0.95,True,2048,False,"int smallestOdd(std::vector<int> const& x) {\n    int init = std::numeric_limits<int>::max();\n    int res = hpx::transform_reduce(\n        hpx::execution::par,\n        x.begin(), x.end(),\n        init,\n        [](int a, int b) { return std::min(a, b); },\n        [](int v) { return (v & 1) ? v : std::numeric_limits<int>::max(); }\n    );\n    return res;\n}",False,True,,22,N/A,,,,,8.94986605644226
"#include <hpx/hpx_main.hpp>\n\n/* Return the value of the smallest odd number in the vector x.\n   Use HPX to compute in parallel.  Assume HPX has already been initialized.\n   Examples:\n\n   input: [7, 9, 5, 2, 8, 16, 4, 1]\n   output: 1\n\n   input: [8, 36, 7, 2, 11]\n   output: 7\n*/\nint smallestOdd(std::vector<int> const& x) {",28_reduce_smallest_odd_number,reduce,cpp,hpx,0.2,0.95,True,2048,False,"int smallestOdd(std::vector<int> const& x) {\n    int init = std::numeric_limits<int>::max();\n    return hpx::transform_reduce(\n        hpx::execution::par, x.begin(), x.end(), init,\n        [](int a, int b) { return std::min(a, b); },\n        [](int v) { return (v & 1) ? v : std::numeric_limits<int>::max(); }\n    );\n}",False,True,,23,N/A,,,,,5.547476291656494
"#include <hpx/hpx_main.hpp>\n\n/* Return the value of the smallest odd number in the vector x.\n   Use HPX to compute in parallel.  Assume HPX has already been initialized.\n   Examples:\n\n   input: [7, 9, 5, 2, 8, 16, 4, 1]\n   output: 1\n\n   input: [8, 36, 7, 2, 11]\n   output: 7\n*/\nint smallestOdd(std::vector<int> const& x) {",28_reduce_smallest_odd_number,reduce,cpp,hpx,0.2,0.95,True,2048,False,"int smallestOdd(std::vector<int> const& x) {\n    int inf = std::numeric_limits<int>::max();\n    int res = hpx::transform_reduce(\n        hpx::execution::par, x.begin(), x.end(), inf,\n        [](int a, int b) { return std::min(a, b); },\n        [](int v) { return (v & 1) ? v : std::numeric_limits<int>::max(); }\n    );\n    return res; // returns INT_MAX if no odd number exists\n}",False,True,,24,N/A,,,,,8.723824977874756
"#include <hpx/hpx_main.hpp>\n\n/* Return the value of the smallest odd number in the vector x.\n   Use HPX to compute in parallel.  Assume HPX has already been initialized.\n   Examples:\n\n   input: [7, 9, 5, 2, 8, 16, 4, 1]\n   output: 1\n\n   input: [8, 36, 7, 2, 11]\n   output: 7\n*/\nint smallestOdd(std::vector<int> const& x) {",28_reduce_smallest_odd_number,reduce,cpp,hpx,0.2,0.95,True,2048,False,"int smallestOdd(std::vector<int> const& x) {\n    int init = std::numeric_limits<int>::max();\n    return hpx::transform_reduce(\n        hpx::execution::par,\n        x.begin(), x.end(),\n        init,\n        [](int a, int b) { return std::min(a, b); },\n        [](int v) { return (v & 1) ? v : std::numeric_limits<int>::max(); }\n    );\n}",False,True,,25,N/A,,,,,11.23512578010559
"#include <hpx/hpx_main.hpp>\n\n/* Return the value of the smallest odd number in the vector x.\n   Use HPX to compute in parallel.  Assume HPX has already been initialized.\n   Examples:\n\n   input: [7, 9, 5, 2, 8, 16, 4, 1]\n   output: 1\n\n   input: [8, 36, 7, 2, 11]\n   output: 7\n*/\nint smallestOdd(std::vector<int> const& x) {",28_reduce_smallest_odd_number,reduce,cpp,hpx,0.2,0.95,True,2048,False,"int smallestOdd(std::vector<int> const& x) {\n    using hpx::execution::par;\n    const int inf = std::numeric_limits<int>::max();\n\n    int res = hpx::transform_reduce(\n        par, x.begin(), x.end(), inf,\n        [](int a, int b) { return a < b ? a : b; },\n        [inf](int v) { return (v & 1) ? v : inf; }\n    );\n\n    return res; // returns INT_MAX if no odd number is present\n}",False,True,,26,N/A,,,,,10.173436880111694
"#include <hpx/hpx_main.hpp>\n\n/* Return the value of the smallest odd number in the vector x.\n   Use HPX to compute in parallel.  Assume HPX has already been initialized.\n   Examples:\n\n   input: [7, 9, 5, 2, 8, 16, 4, 1]\n   output: 1\n\n   input: [8, 36, 7, 2, 11]\n   output: 7\n*/\nint smallestOdd(std::vector<int> const& x) {",28_reduce_smallest_odd_number,reduce,cpp,hpx,0.2,0.95,True,2048,False,"int smallestOdd(std::vector<int> const& x) {\n    constexpr int INF = std::numeric_limits<int>::max();\n    return hpx::transform_reduce(\n        hpx::execution::par, x.begin(), x.end(), INF,\n        [](int a, int b) { return std::min(a, b); },\n        [](int v) { return (v & 1) ? v : std::numeric_limits<int>::max(); }\n    );\n}",False,True,,27,N/A,,,,,5.36382532119751
"#include <hpx/hpx_main.hpp>\n\n/* Return the value of the smallest odd number in the vector x.\n   Use HPX to compute in parallel.  Assume HPX has already been initialized.\n   Examples:\n\n   input: [7, 9, 5, 2, 8, 16, 4, 1]\n   output: 1\n\n   input: [8, 36, 7, 2, 11]\n   output: 7\n*/\nint smallestOdd(std::vector<int> const& x) {",28_reduce_smallest_odd_number,reduce,cpp,hpx,0.2,0.95,True,2048,False,"int smallestOdd(std::vector<int> const& x) {\n    int inf = std::numeric_limits<int>::max();\n    return hpx::reduce(hpx::execution::par, x.begin(), x.end(), inf,\n        [inf](int a, int b) {\n            int bb = (b & 1) ? b : inf;\n            return a < bb ? a : bb;\n        });\n}",False,True,,28,N/A,,,,,8.023347854614258
"#include <hpx/hpx_main.hpp>\n\n/* Return the value of the smallest odd number in the vector x.\n   Use HPX to compute in parallel.  Assume HPX has already been initialized.\n   Examples:\n\n   input: [7, 9, 5, 2, 8, 16, 4, 1]\n   output: 1\n\n   input: [8, 36, 7, 2, 11]\n   output: 7\n*/\nint smallestOdd(std::vector<int> const& x) {",28_reduce_smallest_odd_number,reduce,cpp,hpx,0.2,0.95,True,2048,False,"int smallestOdd(std::vector<int> const& x) {\n    int init = std::numeric_limits<int>::max();\n    auto map = [](int v) { return (v & 1) ? v : std::numeric_limits<int>::max(); };\n    auto minop = [](int a, int b) { return (a < b) ? a : b; };\n\n    int res = hpx::transform_reduce(hpx::execution::par, x.begin(), x.end(), init, minop, map);\n    return res; // if no odd exists, returns INT_MAX\n}",False,True,,29,N/A,,,,,7.464555263519287
"#include <hpx/hpx_main.hpp>\n\n/* Return the value of the smallest odd number in the vector x.\n   Use HPX to compute in parallel.  Assume HPX has already been initialized.\n   Examples:\n\n   input: [7, 9, 5, 2, 8, 16, 4, 1]\n   output: 1\n\n   input: [8, 36, 7, 2, 11]\n   output: 7\n*/\nint smallestOdd(std::vector<int> const& x) {",28_reduce_smallest_odd_number,reduce,cpp,hpx,0.2,0.95,True,2048,False,"int smallestOdd(std::vector<int> const& x) {\n    return hpx::transform_reduce(\n        hpx::execution::par,\n        x.begin(), x.end(),\n        std::numeric_limits<int>::max(),\n        [](int a, int b) { return std::min(a, b); },\n        [](int v) { return (v & 1) ? v : std::numeric_limits<int>::max(); }\n    );\n}",False,True,,30,N/A,,,,,5.446502685546875
"#include <hpx/hpx_main.hpp>\n\n/* Return the value of the smallest odd number in the vector x.\n   Use HPX to compute in parallel.  Assume HPX has already been initialized.\n   Examples:\n\n   input: [7, 9, 5, 2, 8, 16, 4, 1]\n   output: 1\n\n   input: [8, 36, 7, 2, 11]\n   output: 7\n*/\nint smallestOdd(std::vector<int> const& x) {",28_reduce_smallest_odd_number,reduce,cpp,hpx,0.2,0.95,True,2048,False,"int smallestOdd(std::vector<int> const& x) {\n    int init = std::numeric_limits<int>::max();\n    auto unary = [](int v) { return (v & 1) ? v : std::numeric_limits<int>::max(); };\n    auto binary = [](int a, int b) { return std::min(a, b); };\n\n    int res = hpx::transform_reduce(hpx::execution::par, x.begin(), x.end(), init, binary, unary);\n    return res;\n}",False,True,,31,N/A,,,,,9.481189727783203
"#include <hpx/hpx_main.hpp>\n\n/* Return the value of the smallest odd number in the vector x.\n   Use HPX to compute in parallel.  Assume HPX has already been initialized.\n   Examples:\n\n   input: [7, 9, 5, 2, 8, 16, 4, 1]\n   output: 1\n\n   input: [8, 36, 7, 2, 11]\n   output: 7\n*/\nint smallestOdd(std::vector<int> const& x) {",28_reduce_smallest_odd_number,reduce,cpp,hpx,0.2,0.95,True,2048,False,"int smallestOdd(std::vector<int> const& x) {\n    int init = std::numeric_limits<int>::max();\n    int res = hpx::transform_reduce(\n        hpx::execution::par, x.begin(), x.end(), init,\n        [](int a, int b) { return std::min(a, b); },\n        [](int v) { return (v & 1) ? v : std::numeric_limits<int>::max(); }\n    );\n    return res; // returns INT_MAX if no odd numbers are present\n}",False,True,,32,N/A,,,,,10.807329177856445
"#include <hpx/hpx_main.hpp>\n\n/* Return the value of the smallest odd number in the vector x.\n   Use HPX to compute in parallel.  Assume HPX has already been initialized.\n   Examples:\n\n   input: [7, 9, 5, 2, 8, 16, 4, 1]\n   output: 1\n\n   input: [8, 36, 7, 2, 11]\n   output: 7\n*/\nint smallestOdd(std::vector<int> const& x) {",28_reduce_smallest_odd_number,reduce,cpp,hpx,0.2,0.95,True,2048,False,"int smallestOdd(std::vector<int> const& x) {\n    int init = std::numeric_limits<int>::max();\n    return hpx::transform_reduce(\n        hpx::execution::par, x.begin(), x.end(),\n        init,\n        [](int a, int b) { return (a < b) ? a : b; },\n        [](int v) { return (v & 1) ? v : std::numeric_limits<int>::max(); }\n    );\n}",False,True,,33,N/A,,,,,6.8619065284729
"#include <hpx/hpx_main.hpp>\n\n/* Return the value of the smallest odd number in the vector x.\n   Use HPX to compute in parallel.  Assume HPX has already been initialized.\n   Examples:\n\n   input: [7, 9, 5, 2, 8, 16, 4, 1]\n   output: 1\n\n   input: [8, 36, 7, 2, 11]\n   output: 7\n*/\nint smallestOdd(std::vector<int> const& x) {",28_reduce_smallest_odd_number,reduce,cpp,hpx,0.2,0.95,True,2048,False,"int smallestOdd(std::vector<int> const& x) {\n    using namespace hpx::execution;\n\n    const int init = std::numeric_limits<int>::max();\n    int r = hpx::transform_reduce(\n        par, x.begin(), x.end(), init,\n        [](int a, int b) { return a < b ? a : b; },\n        [](int v) { return (v & 1) ? v : std::numeric_limits<int>::max(); });\n\n    return (r == init) ? -1 : r; // return -1 if no odd number exists\n}",False,True,,34,N/A,,,,,10.277954339981079
"#include <hpx/hpx_main.hpp>\n\n/* Return the value of the smallest odd number in the vector x.\n   Use HPX to compute in parallel.  Assume HPX has already been initialized.\n   Examples:\n\n   input: [7, 9, 5, 2, 8, 16, 4, 1]\n   output: 1\n\n   input: [8, 36, 7, 2, 11]\n   output: 7\n*/\nint smallestOdd(std::vector<int> const& x) {",28_reduce_smallest_odd_number,reduce,cpp,hpx,0.2,0.95,True,2048,False,"int smallestOdd(std::vector<int> const& x) {\n    constexpr int INF = std::numeric_limits<int>::max();\n    return hpx::transform_reduce(\n        hpx::execution::par, x.begin(), x.end(), INF,\n        [](int a, int b) { return std::min(a, b); },\n        [](int v) { return (v & 1) ? v : INF; }\n    );\n}",False,True,,35,N/A,,,,,4.813969135284424
"#include <hpx/hpx_main.hpp>\n\n/* Return the value of the smallest odd number in the vector x.\n   Use HPX to compute in parallel.  Assume HPX has already been initialized.\n   Examples:\n\n   input: [7, 9, 5, 2, 8, 16, 4, 1]\n   output: 1\n\n   input: [8, 36, 7, 2, 11]\n   output: 7\n*/\nint smallestOdd(std::vector<int> const& x) {",28_reduce_smallest_odd_number,reduce,cpp,hpx,0.2,0.95,True,2048,False,"int smallestOdd(std::vector<int> const& x) {\n    int init = std::numeric_limits<int>::max();\n    return hpx::transform_reduce(\n        hpx::execution::par,\n        x.begin(), x.end(),\n        init,\n        [](int a, int b) { return std::min(a, b); },\n        [](int v) { return (v & 1) ? v : std::numeric_limits<int>::max(); }\n    );\n}",False,True,,36,N/A,,,,,6.142921447753906
"#include <hpx/hpx_main.hpp>\n\n/* Return the value of the smallest odd number in the vector x.\n   Use HPX to compute in parallel.  Assume HPX has already been initialized.\n   Examples:\n\n   input: [7, 9, 5, 2, 8, 16, 4, 1]\n   output: 1\n\n   input: [8, 36, 7, 2, 11]\n   output: 7\n*/\nint smallestOdd(std::vector<int> const& x) {",28_reduce_smallest_odd_number,reduce,cpp,hpx,0.2,0.95,True,2048,False,"int smallestOdd(std::vector<int> const& x) {\n    constexpr int INF = std::numeric_limits<int>::max();\n    return hpx::transform_reduce(\n        hpx::execution::par,\n        x.begin(), x.end(),\n        INF,\n        [](int a, int b) { return std::min(a, b); },\n        [](int v) { return (v & 1) ? v : INF; }\n    );\n}",False,True,,37,N/A,,,,,8.10147500038147
"#include <hpx/hpx_main.hpp>\n\n/* Return the value of the smallest odd number in the vector x.\n   Use HPX to compute in parallel.  Assume HPX has already been initialized.\n   Examples:\n\n   input: [7, 9, 5, 2, 8, 16, 4, 1]\n   output: 1\n\n   input: [8, 36, 7, 2, 11]\n   output: 7\n*/\nint smallestOdd(std::vector<int> const& x) {",28_reduce_smallest_odd_number,reduce,cpp,hpx,0.2,0.95,True,2048,False,"int smallestOdd(std::vector<int> const& x) {\n    using hpx::execution::par;\n    constexpr int INF = std::numeric_limits<int>::max();\n\n    auto step = [](int acc, int v) {\n        bool ao = (acc % 2 != 0);\n        bool vo = (v % 2 != 0);\n        if (ao && vo) return std::min(acc, v);\n        if (ao) return acc;\n        if (vo) return v;\n        return INF;\n    };\n\n    int res = hpx::reduce(par, x.begin(), x.end(), INF, step);\n    if (res == INF) throw std::runtime_error(""No odd number found"");\n    return res;\n}",False,True,,38,N/A,,,,,5.401302099227905
"#include <hpx/hpx_main.hpp>\n\n/* Return the value of the smallest odd number in the vector x.\n   Use HPX to compute in parallel.  Assume HPX has already been initialized.\n   Examples:\n\n   input: [7, 9, 5, 2, 8, 16, 4, 1]\n   output: 1\n\n   input: [8, 36, 7, 2, 11]\n   output: 7\n*/\nint smallestOdd(std::vector<int> const& x) {",28_reduce_smallest_odd_number,reduce,cpp,hpx,0.2,0.95,True,2048,False,"int smallestOdd(std::vector<int> const& x) {\n    if (x.empty()) return std::numeric_limits<int>::max();\n\n    auto it = hpx::ranges::min_element(\n        hpx::execution::par, x, std::less<>(),\n        [](int v) { return (v & 1) ? v : std::numeric_limits<int>::max(); });\n\n    if (it == x.end() || ((*it) & 1) == 0) return std::numeric_limits<int>::max();\n    return *it;\n}",False,True,,39,N/A,,,,,12.459725856781006
"#include <hpx/hpx_main.hpp>\n\n/* Return the value of the smallest odd number in the vector x.\n   Use HPX to compute in parallel.  Assume HPX has already been initialized.\n   Examples:\n\n   input: [7, 9, 5, 2, 8, 16, 4, 1]\n   output: 1\n\n   input: [8, 36, 7, 2, 11]\n   output: 7\n*/\nint smallestOdd(std::vector<int> const& x) {",28_reduce_smallest_odd_number,reduce,cpp,hpx,0.2,0.95,True,2048,False,"int smallestOdd(std::vector<int> const& x) {\n    using hpx::execution::par;\n    const int inf = std::numeric_limits<int>::max();\n    return hpx::transform_reduce(\n        par, x.begin(), x.end(), inf,\n        [](int a, int b) { return a < b ? a : b; },\n        [](int v) { return (v & 1) ? v : std::numeric_limits<int>::max(); }\n    );\n}",False,True,,40,N/A,,,,,7.89026141166687
"#include <hpx/hpx_main.hpp>\n\n/* Return the value of the smallest odd number in the vector x.\n   Use HPX to compute in parallel.  Assume HPX has already been initialized.\n   Examples:\n\n   input: [7, 9, 5, 2, 8, 16, 4, 1]\n   output: 1\n\n   input: [8, 36, 7, 2, 11]\n   output: 7\n*/\nint smallestOdd(std::vector<int> const& x) {",28_reduce_smallest_odd_number,reduce,cpp,hpx,0.2,0.95,True,2048,False,"int smallestOdd(std::vector<int> const& x) {\n    int init = std::numeric_limits<int>::max();\n    return hpx::transform_reduce(\n        hpx::execution::par, x.begin(), x.end(), init,\n        [](int a, int b) { return std::min(a, b); },\n        [](int v) { return (v & 1) ? v : std::numeric_limits<int>::max(); });\n}",False,True,,41,N/A,,,,,5.158972501754761
"#include <hpx/hpx_main.hpp>\n\n/* Return the value of the smallest odd number in the vector x.\n   Use HPX to compute in parallel.  Assume HPX has already been initialized.\n   Examples:\n\n   input: [7, 9, 5, 2, 8, 16, 4, 1]\n   output: 1\n\n   input: [8, 36, 7, 2, 11]\n   output: 7\n*/\nint smallestOdd(std::vector<int> const& x) {",28_reduce_smallest_odd_number,reduce,cpp,hpx,0.2,0.95,True,2048,False,"int smallestOdd(std::vector<int> const& x) {\n    constexpr int INF = std::numeric_limits<int>::max();\n    auto map_odd = [](int v) { return (v & 1) ? v : INF; };\n    return hpx::ranges::transform_reduce(\n        hpx::execution::par, x, INF,\n        [](int a, int b) { return std::min(a, b); },\n        map_odd\n    );\n}",False,True,,42,N/A,,,,,7.557441711425781
"#include <hpx/hpx_main.hpp>\n\n/* Return the value of the smallest odd number in the vector x.\n   Use HPX to compute in parallel.  Assume HPX has already been initialized.\n   Examples:\n\n   input: [7, 9, 5, 2, 8, 16, 4, 1]\n   output: 1\n\n   input: [8, 36, 7, 2, 11]\n   output: 7\n*/\nint smallestOdd(std::vector<int> const& x) {",28_reduce_smallest_odd_number,reduce,cpp,hpx,0.2,0.95,True,2048,False,"int smallestOdd(std::vector<int> const& x) {\n    int inf = std::numeric_limits<int>::max();\n    return hpx::transform_reduce(\n        hpx::execution::par, x.begin(), x.end(), inf,\n        [](int a, int b) { return std::min(a, b); },\n        [inf](int v) { return (v & 1) ? v : inf; }\n    );\n}",False,True,,43,N/A,,,,,6.229717969894409
"#include <hpx/hpx_main.hpp>\n\n/* Return the value of the smallest odd number in the vector x.\n   Use HPX to compute in parallel.  Assume HPX has already been initialized.\n   Examples:\n\n   input: [7, 9, 5, 2, 8, 16, 4, 1]\n   output: 1\n\n   input: [8, 36, 7, 2, 11]\n   output: 7\n*/\nint smallestOdd(std::vector<int> const& x) {",28_reduce_smallest_odd_number,reduce,cpp,hpx,0.2,0.95,True,2048,False,"int smallestOdd(std::vector<int> const& x) {\n    int inf = std::numeric_limits<int>::max();\n    int res = hpx::transform_reduce(\n        hpx::execution::par, x.begin(), x.end(), inf,\n        [](int a, int b) { return std::min(a, b); },\n        [inf](int v) { return (v & 1) ? v : inf; });\n\n    return (res == inf) ? -1 : res;\n}",False,True,,44,N/A,,,,,12.91468334197998
"#include <hpx/hpx_main.hpp>\n\n/* Return the value of the smallest odd number in the vector x.\n   Use HPX to compute in parallel.  Assume HPX has already been initialized.\n   Examples:\n\n   input: [7, 9, 5, 2, 8, 16, 4, 1]\n   output: 1\n\n   input: [8, 36, 7, 2, 11]\n   output: 7\n*/\nint smallestOdd(std::vector<int> const& x) {",28_reduce_smallest_odd_number,reduce,cpp,hpx,0.2,0.95,True,2048,False,"int smallestOdd(std::vector<int> const& x) {\n    int res = hpx::transform_reduce(\n        hpx::execution::par, x.begin(), x.end(),\n        std::numeric_limits<int>::max(),\n        [](int a, int b) { return a < b ? a : b; },\n        [](int v) { return (v & 1) ? v : std::numeric_limits<int>::max(); });\n\n    return (res == std::numeric_limits<int>::max()) ? -1 : res;\n}",False,True,,45,N/A,,,,,7.200003623962402
"#include <hpx/hpx_main.hpp>\n\n/* Return the value of the smallest odd number in the vector x.\n   Use HPX to compute in parallel.  Assume HPX has already been initialized.\n   Examples:\n\n   input: [7, 9, 5, 2, 8, 16, 4, 1]\n   output: 1\n\n   input: [8, 36, 7, 2, 11]\n   output: 7\n*/\nint smallestOdd(std::vector<int> const& x) {",28_reduce_smallest_odd_number,reduce,cpp,hpx,0.2,0.95,True,2048,False,"int smallestOdd(std::vector<int> const& x) {\n    const int inf = std::numeric_limits<int>::max();\n    int res = hpx::transform_reduce(\n        hpx::execution::par, x.begin(), x.end(), inf,\n        [](int a, int b) { return std::min(a, b); },\n        [inf](int v) { return (v & 1) ? v : inf; }\n    );\n    if (res == inf) throw std::runtime_error(""no odd numbers"");\n    return res;\n}",False,True,,46,N/A,,,,,5.54632568359375
"#include <hpx/hpx_main.hpp>\n\n/* Return the value of the smallest odd number in the vector x.\n   Use HPX to compute in parallel.  Assume HPX has already been initialized.\n   Examples:\n\n   input: [7, 9, 5, 2, 8, 16, 4, 1]\n   output: 1\n\n   input: [8, 36, 7, 2, 11]\n   output: 7\n*/\nint smallestOdd(std::vector<int> const& x) {",28_reduce_smallest_odd_number,reduce,cpp,hpx,0.2,0.95,True,2048,False,"int smallestOdd(std::vector<int> const& x) {\n    int inf = std::numeric_limits<int>::max();\n    return hpx::transform_reduce(\n        hpx::execution::par, x.begin(), x.end(), inf,\n        [](int a, int b) { return std::min(a, b); },\n        [inf](int v) { return (v & 1) ? v : inf; });\n}",False,True,,47,N/A,,,,,6.747163772583008
"#include <hpx/hpx_main.hpp>\n\n/* Return the value of the smallest odd number in the vector x.\n   Use HPX to compute in parallel.  Assume HPX has already been initialized.\n   Examples:\n\n   input: [7, 9, 5, 2, 8, 16, 4, 1]\n   output: 1\n\n   input: [8, 36, 7, 2, 11]\n   output: 7\n*/\nint smallestOdd(std::vector<int> const& x) {",28_reduce_smallest_odd_number,reduce,cpp,hpx,0.2,0.95,True,2048,False,"int smallestOdd(std::vector<int> const& x) {\n    const int inf = std::numeric_limits<int>::max();\n    int r = hpx::transform_reduce(\n        hpx::execution::par, x.begin(), x.end(), inf,\n        [](int a, int b) { return a < b ? a : b; },\n        [](int v) { return (v & 1) ? v : std::numeric_limits<int>::max(); });\n    return r == inf ? -1 : r;\n}",False,True,,48,N/A,,,,,6.379576683044434
"#include <hpx/hpx_main.hpp>\n\n/* Return the value of the smallest odd number in the vector x.\n   Use HPX to compute in parallel.  Assume HPX has already been initialized.\n   Examples:\n\n   input: [7, 9, 5, 2, 8, 16, 4, 1]\n   output: 1\n\n   input: [8, 36, 7, 2, 11]\n   output: 7\n*/\nint smallestOdd(std::vector<int> const& x) {",28_reduce_smallest_odd_number,reduce,cpp,hpx,0.2,0.95,True,2048,False,"int smallestOdd(std::vector<int> const& x) {\n    constexpr int INF = std::numeric_limits<int>::max();\n    auto map = [](int v) { return (v & 1) ? v : INF; };\n    auto op = [](int a, int b) { return std::min(a, b); };\n    int res = hpx::transform_reduce(hpx::execution::par, x.begin(), x.end(), INF, op, map);\n    return res; // assumes at least one odd exists\n}",False,True,,49,N/A,,,,,9.614772081375122
"#include <hpx/hpx_main.hpp>\n\n/* Return the value of the smallest odd number in the vector x.\n   Use HPX to compute in parallel.  Assume HPX has already been initialized.\n   Examples:\n\n   input: [7, 9, 5, 2, 8, 16, 4, 1]\n   output: 1\n\n   input: [8, 36, 7, 2, 11]\n   output: 7\n*/\nint smallestOdd(std::vector<int> const& x) {",28_reduce_smallest_odd_number,reduce,cpp,hpx,0.2,0.95,True,2048,False,"int smallestOdd(std::vector<int> const& x) {\n    int inf = std::numeric_limits<int>::max();\n    int res = hpx::transform_reduce(\n        hpx::execution::par,\n        x.begin(), x.end(),\n        inf,\n        [](int a, int b) { return std::min(a, b); },\n        [inf](int v) { return (v & 1) ? v : inf; }\n    );\n    return res == inf ? -1 : res;  // returns -1 if no odd number exists\n}",False,True,,50,N/A,,,,,5.222675085067749
"#include <hpx/hpx_main.hpp>\n\n/* Return the value of the smallest odd number in the vector x.\n   Use HPX to compute in parallel.  Assume HPX has already been initialized.\n   Examples:\n\n   input: [7, 9, 5, 2, 8, 16, 4, 1]\n   output: 1\n\n   input: [8, 36, 7, 2, 11]\n   output: 7\n*/\nint smallestOdd(std::vector<int> const& x) {",28_reduce_smallest_odd_number,reduce,cpp,hpx,0.2,0.95,True,2048,False,"int smallestOdd(std::vector<int> const& x) {\n    constexpr int INF = std::numeric_limits<int>::max();\n    return hpx::transform_reduce(\n        hpx::execution::par, x.begin(), x.end(),\n        INF,\n        [](int a, int b) { return a < b ? a : b; },\n        [](int v) { return (v & 1) ? v : std::numeric_limits<int>::max(); }\n    );\n}",False,True,,51,N/A,,,,,5.755267381668091
"#include <hpx/hpx_main.hpp>\n\n/* Return the value of the smallest odd number in the vector x.\n   Use HPX to compute in parallel.  Assume HPX has already been initialized.\n   Examples:\n\n   input: [7, 9, 5, 2, 8, 16, 4, 1]\n   output: 1\n\n   input: [8, 36, 7, 2, 11]\n   output: 7\n*/\nint smallestOdd(std::vector<int> const& x) {",28_reduce_smallest_odd_number,reduce,cpp,hpx,0.2,0.95,True,2048,False,"int smallestOdd(std::vector<int> const& x) {\n    constexpr int INF = std::numeric_limits<int>::max();\n    int res = hpx::transform_reduce(\n        hpx::execution::par, x.begin(), x.end(), INF,\n        [](int a, int b) { return std::min(a, b); },\n        [](int v) { return (v & 1) ? v : std::numeric_limits<int>::max(); });\n    if (res == INF) throw std::runtime_error(""no odd elements"");\n    return res;\n}",False,True,,52,N/A,,,,,5.730118989944458
"#include <hpx/hpx_main.hpp>\n\n/* Return the value of the smallest odd number in the vector x.\n   Use HPX to compute in parallel.  Assume HPX has already been initialized.\n   Examples:\n\n   input: [7, 9, 5, 2, 8, 16, 4, 1]\n   output: 1\n\n   input: [8, 36, 7, 2, 11]\n   output: 7\n*/\nint smallestOdd(std::vector<int> const& x) {",28_reduce_smallest_odd_number,reduce,cpp,hpx,0.2,0.95,True,2048,False,"int smallestOdd(std::vector<int> const& x) {\n    int inf = std::numeric_limits<int>::max();\n    auto unary = [inf](int v) { return (v & 1) ? v : inf; };\n    auto binary = [](int a, int b) { return std::min(a, b); };\n    return hpx::transform_reduce(hpx::execution::par, x.begin(), x.end(), inf, binary, unary);\n}",False,True,,53,N/A,,,,,5.660810708999634
"#include <hpx/hpx_main.hpp>\n\n/* Return the value of the smallest odd number in the vector x.\n   Use HPX to compute in parallel.  Assume HPX has already been initialized.\n   Examples:\n\n   input: [7, 9, 5, 2, 8, 16, 4, 1]\n   output: 1\n\n   input: [8, 36, 7, 2, 11]\n   output: 7\n*/\nint smallestOdd(std::vector<int> const& x) {",28_reduce_smallest_odd_number,reduce,cpp,hpx,0.2,0.95,True,2048,False,"int smallestOdd(std::vector<int> const& x) {\n    const int sentinel = std::numeric_limits<int>::max();\n\n    int result = hpx::transform_reduce(\n        hpx::execution::par,\n        x.begin(), x.end(),\n        sentinel,\n        [](int a, int b) { return std::min(a, b); },\n        [sentinel](int v) { return (v & 1) ? v : sentinel; }\n    );\n\n    return result;\n}",False,True,,54,N/A,,,,,6.7167932987213135
"#include <hpx/hpx_main.hpp>\n\n/* Return the value of the smallest odd number in the vector x.\n   Use HPX to compute in parallel.  Assume HPX has already been initialized.\n   Examples:\n\n   input: [7, 9, 5, 2, 8, 16, 4, 1]\n   output: 1\n\n   input: [8, 36, 7, 2, 11]\n   output: 7\n*/\nint smallestOdd(std::vector<int> const& x) {",28_reduce_smallest_odd_number,reduce,cpp,hpx,0.2,0.95,True,2048,False,"int smallestOdd(std::vector<int> const& x) {\n    int inf = std::numeric_limits<int>::max();\n    int r = hpx::transform_reduce(\n        hpx::execution::par, x.begin(), x.end(), inf,\n        [](int a, int b) { return std::min(a, b); },\n        [](int v) { return (v & 1) ? v : std::numeric_limits<int>::max(); });\n    return r == inf ? -1 : r; // returns -1 if no odd number exists\n}",False,True,,55,N/A,,,,,5.255190372467041
"#include <hpx/hpx_main.hpp>\n\n/* Return the value of the smallest odd number in the vector x.\n   Use HPX to compute in parallel.  Assume HPX has already been initialized.\n   Examples:\n\n   input: [7, 9, 5, 2, 8, 16, 4, 1]\n   output: 1\n\n   input: [8, 36, 7, 2, 11]\n   output: 7\n*/\nint smallestOdd(std::vector<int> const& x) {",28_reduce_smallest_odd_number,reduce,cpp,hpx,0.2,0.95,True,2048,False,"int smallestOdd(std::vector<int> const& x) {\n    return hpx::transform_reduce(\n        hpx::execution::par, x.begin(), x.end(),\n        std::numeric_limits<int>::max(),\n        [](int a, int b) { return std::min(a, b); },\n        [](int v) { return (v & 1) ? v : std::numeric_limits<int>::max(); }\n    );\n}",False,True,,56,N/A,,,,,4.903947591781616
"#include <hpx/hpx_main.hpp>\n\n/* Return the value of the smallest odd number in the vector x.\n   Use HPX to compute in parallel.  Assume HPX has already been initialized.\n   Examples:\n\n   input: [7, 9, 5, 2, 8, 16, 4, 1]\n   output: 1\n\n   input: [8, 36, 7, 2, 11]\n   output: 7\n*/\nint smallestOdd(std::vector<int> const& x) {",28_reduce_smallest_odd_number,reduce,cpp,hpx,0.2,0.95,True,2048,False,"int smallestOdd(std::vector<int> const& x) {\n    const int INF = std::numeric_limits<int>::max();\n    return hpx::transform_reduce(\n        hpx::execution::par, x.begin(), x.end(), INF,\n        [](int a, int b) { return (a < b) ? a : b; },\n        [](int v) { return (v & 1) ? v : std::numeric_limits<int>::max(); }\n    );\n}",False,True,,57,N/A,,,,,7.541667222976685
"#include <hpx/hpx_main.hpp>\n\n/* Return the value of the smallest odd number in the vector x.\n   Use HPX to compute in parallel.  Assume HPX has already been initialized.\n   Examples:\n\n   input: [7, 9, 5, 2, 8, 16, 4, 1]\n   output: 1\n\n   input: [8, 36, 7, 2, 11]\n   output: 7\n*/\nint smallestOdd(std::vector<int> const& x) {",28_reduce_smallest_odd_number,reduce,cpp,hpx,0.2,0.95,True,2048,False,"int smallestOdd(std::vector<int> const& x) {\n    int inf = std::numeric_limits<int>::max();\n    return hpx::transform_reduce(\n        hpx::execution::par, x.begin(), x.end(), inf,\n        [](int a, int b) { return std::min(a, b); },\n        [](int v) { return (v & 1) ? v : std::numeric_limits<int>::max(); }\n    );\n}",False,True,,58,N/A,,,,,5.748985290527344
"#include <hpx/hpx_main.hpp>\n\n/* Return the value of the smallest odd number in the vector x.\n   Use HPX to compute in parallel.  Assume HPX has already been initialized.\n   Examples:\n\n   input: [7, 9, 5, 2, 8, 16, 4, 1]\n   output: 1\n\n   input: [8, 36, 7, 2, 11]\n   output: 7\n*/\nint smallestOdd(std::vector<int> const& x) {",28_reduce_smallest_odd_number,reduce,cpp,hpx,0.2,0.95,True,2048,False,"int smallestOdd(std::vector<int> const& x) {\n    int inf = std::numeric_limits<int>::max();\n    return hpx::transform_reduce(\n        hpx::execution::par, x.begin(), x.end(), inf,\n        [](int a, int b) { return a < b ? a : b; },\n        [inf](int v) { return (v & 1) ? v : inf; });\n}",False,True,,59,N/A,,,,,5.287652015686035
"#include <hpx/hpx_main.hpp>\n\n/* Return the value of the smallest odd number in the vector x.\n   Use HPX to compute in parallel.  Assume HPX has already been initialized.\n   Examples:\n\n   input: [7, 9, 5, 2, 8, 16, 4, 1]\n   output: 1\n\n   input: [8, 36, 7, 2, 11]\n   output: 7\n*/\nint smallestOdd(std::vector<int> const& x) {",28_reduce_smallest_odd_number,reduce,cpp,hpx,0.2,0.95,True,2048,False,"int smallestOdd(std::vector<int> const& x) {\n    using hpx::execution::par;\n    constexpr int INF = std::numeric_limits<int>::max();\n    return hpx::transform_reduce(\n        par, x.begin(), x.end(),\n        INF,\n        [](int a, int b) { return std::min(a, b); },\n        [](int v) { return (v & 1) ? v : INF; }\n    );\n}",False,True,,60,N/A,,,,,3.9837934970855713
"#include <hpx/hpx_main.hpp>\n\n/* Return the value of the smallest odd number in the vector x.\n   Use HPX to compute in parallel.  Assume HPX has already been initialized.\n   Examples:\n\n   input: [7, 9, 5, 2, 8, 16, 4, 1]\n   output: 1\n\n   input: [8, 36, 7, 2, 11]\n   output: 7\n*/\nint smallestOdd(std::vector<int> const& x) {",28_reduce_smallest_odd_number,reduce,cpp,hpx,0.2,0.95,True,2048,False,"int smallestOdd(std::vector<int> const& x) {\n    const int INF = std::numeric_limits<int>::max();\n    return hpx::transform_reduce(\n        hpx::execution::par, x.begin(), x.end(), INF,\n        [](int a, int b) { return std::min(a, b); },\n        [](int v) { return (v & 1) ? v : std::numeric_limits<int>::max(); }\n    );\n}",False,True,,61,N/A,,,,,4.892904758453369
"#include <hpx/hpx_main.hpp>\n\n/* Return the value of the smallest odd number in the vector x.\n   Use HPX to compute in parallel.  Assume HPX has already been initialized.\n   Examples:\n\n   input: [7, 9, 5, 2, 8, 16, 4, 1]\n   output: 1\n\n   input: [8, 36, 7, 2, 11]\n   output: 7\n*/\nint smallestOdd(std::vector<int> const& x) {",28_reduce_smallest_odd_number,reduce,cpp,hpx,0.2,0.95,True,2048,False,"int smallestOdd(std::vector<int> const& x) {\n    using hpx::execution::par;\n    constexpr int INF = std::numeric_limits<int>::max();\n    auto map_odd = [](int v) { return (v & 1) ? v : INF; };\n\n    return hpx::transform_reduce(\n        par, x.begin(), x.end(), INF,\n        [](int a, int b) { return std::min(a, b); },\n        map_odd\n    );\n}",False,True,,62,N/A,,,,,8.491777181625366
"#include <hpx/hpx_main.hpp>\n\n/* Return the value of the smallest odd number in the vector x.\n   Use HPX to compute in parallel.  Assume HPX has already been initialized.\n   Examples:\n\n   input: [7, 9, 5, 2, 8, 16, 4, 1]\n   output: 1\n\n   input: [8, 36, 7, 2, 11]\n   output: 7\n*/\nint smallestOdd(std::vector<int> const& x) {",28_reduce_smallest_odd_number,reduce,cpp,hpx,0.2,0.95,True,2048,False,"int smallestOdd(std::vector<int> const& x) {\n    using hpx::execution::par;\n    int inf = std::numeric_limits<int>::max();\n    return hpx::transform_reduce(\n        par, x.begin(), x.end(), inf,\n        [](int a, int b) { return a < b ? a : b; },\n        [](int v) { return (v & 1) ? v : std::numeric_limits<int>::max(); }\n    );\n}",False,True,,63,N/A,,,,,6.574928283691406
"#include <hpx/hpx_main.hpp>\n\n/* Return the value of the smallest odd number in the vector x.\n   Use HPX to compute in parallel.  Assume HPX has already been initialized.\n   Examples:\n\n   input: [7, 9, 5, 2, 8, 16, 4, 1]\n   output: 1\n\n   input: [8, 36, 7, 2, 11]\n   output: 7\n*/\nint smallestOdd(std::vector<int> const& x) {",28_reduce_smallest_odd_number,reduce,cpp,hpx,0.2,0.95,True,2048,False,"int smallestOdd(std::vector<int> const& x) {\n    int maxv = std::numeric_limits<int>::max();\n    int res = hpx::transform_reduce(\n        hpx::execution::par, x.begin(), x.end(), maxv,\n        [](int a, int b) { return a < b ? a : b; },\n        [maxv](int v) { return (v & 1) ? v : maxv; }\n    );\n    return res == maxv ? -1 : res; // returns -1 if no odd numbers\n}",False,True,,64,N/A,,,,,6.938225269317627
"#include <hpx/hpx_main.hpp>\n\n/* Return the value of the smallest odd number in the vector x.\n   Use HPX to compute in parallel.  Assume HPX has already been initialized.\n   Examples:\n\n   input: [7, 9, 5, 2, 8, 16, 4, 1]\n   output: 1\n\n   input: [8, 36, 7, 2, 11]\n   output: 7\n*/\nint smallestOdd(std::vector<int> const& x) {",28_reduce_smallest_odd_number,reduce,cpp,hpx,0.2,0.95,True,2048,False,"int smallestOdd(std::vector<int> const& x) {\n    using hpx::execution::par;\n\n    const int INF = std::numeric_limits<int>::max();\n\n    int res = hpx::transform_reduce(\n        par, x.begin(), x.end(), INF,\n        [](int a, int b) { return std::min(a, b); },\n        [](int v) { return (v & 1) ? v : std::numeric_limits<int>::max(); }\n    );\n\n    return res == INF ? -1 : res; // returns -1 if no odd number exists\n}",False,True,,65,N/A,,,,,5.16545844078064
"#include <hpx/hpx_main.hpp>\n\n/* Return the value of the smallest odd number in the vector x.\n   Use HPX to compute in parallel.  Assume HPX has already been initialized.\n   Examples:\n\n   input: [7, 9, 5, 2, 8, 16, 4, 1]\n   output: 1\n\n   input: [8, 36, 7, 2, 11]\n   output: 7\n*/\nint smallestOdd(std::vector<int> const& x) {",28_reduce_smallest_odd_number,reduce,cpp,hpx,0.2,0.95,True,2048,False,"int smallestOdd(std::vector<int> const& x) {\n    using hpx::execution::par_unseq;\n    const int inf = std::numeric_limits<int>::max();\n    return hpx::transform_reduce(\n        par_unseq, x.begin(), x.end(), inf,\n        [](int a, int b) { return a < b ? a : b; },\n        [inf](int v) { return (v & 1) ? v : inf; }\n    );\n}",False,True,,66,N/A,,,,,5.387468099594116
"#include <hpx/hpx_main.hpp>\n\n/* Return the value of the smallest odd number in the vector x.\n   Use HPX to compute in parallel.  Assume HPX has already been initialized.\n   Examples:\n\n   input: [7, 9, 5, 2, 8, 16, 4, 1]\n   output: 1\n\n   input: [8, 36, 7, 2, 11]\n   output: 7\n*/\nint smallestOdd(std::vector<int> const& x) {",28_reduce_smallest_odd_number,reduce,cpp,hpx,0.2,0.95,True,2048,False,"int smallestOdd(std::vector<int> const& x) {\n    auto init = std::numeric_limits<int>::max();\n    int r = hpx::transform_reduce(\n        hpx::execution::par, x.begin(), x.end(), init,\n        [](int a, int b) { return std::min(a, b); },\n        [](int v) { return (v & 1) ? v : std::numeric_limits<int>::max(); }\n    );\n    return r;\n}",False,True,,67,N/A,,,,,4.013692617416382
"#include <hpx/hpx_main.hpp>\n\n/* Return the value of the smallest odd number in the vector x.\n   Use HPX to compute in parallel.  Assume HPX has already been initialized.\n   Examples:\n\n   input: [7, 9, 5, 2, 8, 16, 4, 1]\n   output: 1\n\n   input: [8, 36, 7, 2, 11]\n   output: 7\n*/\nint smallestOdd(std::vector<int> const& x) {",28_reduce_smallest_odd_number,reduce,cpp,hpx,0.2,0.95,True,2048,False,"int smallestOdd(std::vector<int> const& x) {\n    constexpr int inf = std::numeric_limits<int>::max();\n    return hpx::transform_reduce(\n        hpx::execution::par, x.begin(), x.end(), inf,\n        [](int a, int b) { return std::min(a, b); },\n        [](int v) { return (v & 1) ? v : inf; });\n}",False,True,,68,N/A,,,,,6.944641828536987
"#include <hpx/hpx_main.hpp>\n\n/* Return the value of the smallest odd number in the vector x.\n   Use HPX to compute in parallel.  Assume HPX has already been initialized.\n   Examples:\n\n   input: [7, 9, 5, 2, 8, 16, 4, 1]\n   output: 1\n\n   input: [8, 36, 7, 2, 11]\n   output: 7\n*/\nint smallestOdd(std::vector<int> const& x) {",28_reduce_smallest_odd_number,reduce,cpp,hpx,0.2,0.95,True,2048,False,"int smallestOdd(std::vector<int> const& x) {\n    using hpx::execution::par;\n    const int INF = std::numeric_limits<int>::max();\n    return hpx::transform_reduce(\n        par, x.begin(), x.end(), INF,\n        [](int a, int b) { return std::min(a, b); },\n        [INF](int v) { return (v & 1) ? v : INF; }\n    );\n}",False,True,,69,N/A,,,,,5.723898887634277
"#include <hpx/hpx_main.hpp>\n\n/* Return the value of the smallest odd number in the vector x.\n   Use HPX to compute in parallel.  Assume HPX has already been initialized.\n   Examples:\n\n   input: [7, 9, 5, 2, 8, 16, 4, 1]\n   output: 1\n\n   input: [8, 36, 7, 2, 11]\n   output: 7\n*/\nint smallestOdd(std::vector<int> const& x) {",28_reduce_smallest_odd_number,reduce,cpp,hpx,0.2,0.95,True,2048,False,"int smallestOdd(std::vector<int> const& x) {\n    using hpx::execution::par;\n    const int INF = std::numeric_limits<int>::max();\n\n    int res = hpx::transform_reduce(\n        par, x.begin(), x.end(),\n        INF,\n        [](int a, int b) { return std::min(a, b); },\n        [INF](int v) { return (v & 1) ? v : INF; }\n    );\n\n    if (res == INF) throw std::runtime_error(""no odd numbers"");\n    return res;\n}",False,True,,70,N/A,,,,,4.597262144088745
"#include <hpx/hpx_main.hpp>\n\n/* Return the value of the smallest odd number in the vector x.\n   Use HPX to compute in parallel.  Assume HPX has already been initialized.\n   Examples:\n\n   input: [7, 9, 5, 2, 8, 16, 4, 1]\n   output: 1\n\n   input: [8, 36, 7, 2, 11]\n   output: 7\n*/\nint smallestOdd(std::vector<int> const& x) {",28_reduce_smallest_odd_number,reduce,cpp,hpx,0.2,0.95,True,2048,False,"int smallestOdd(std::vector<int> const& x) {\n    constexpr int INF = std::numeric_limits<int>::max();\n    int res = hpx::transform_reduce(\n        hpx::execution::par,\n        x.begin(), x.end(),\n        INF,\n        [](int a, int b) { return std::min(a, b); },\n        [](int v) { return (v & 1) ? v : INF; }\n    );\n    return (res == INF) ? -1 : res;\n}",False,True,,71,N/A,,,,,8.389296293258667
"#include <hpx/hpx_main.hpp>\n\n/* Return the value of the smallest odd number in the vector x.\n   Use HPX to compute in parallel.  Assume HPX has already been initialized.\n   Examples:\n\n   input: [7, 9, 5, 2, 8, 16, 4, 1]\n   output: 1\n\n   input: [8, 36, 7, 2, 11]\n   output: 7\n*/\nint smallestOdd(std::vector<int> const& x) {",28_reduce_smallest_odd_number,reduce,cpp,hpx,0.2,0.95,True,2048,False,"int smallestOdd(std::vector<int> const& x) {\n    return hpx::transform_reduce(\n        hpx::execution::par,\n        x.begin(), x.end(),\n        std::numeric_limits<int>::max(),\n        [](int a, int b) { return std::min(a, b); },\n        [](int v) { return (v & 1) ? v : std::numeric_limits<int>::max(); }\n    );\n}",False,True,,72,N/A,,,,,7.483254432678223
"#include <hpx/hpx_main.hpp>\n\n/* Return the value of the smallest odd number in the vector x.\n   Use HPX to compute in parallel.  Assume HPX has already been initialized.\n   Examples:\n\n   input: [7, 9, 5, 2, 8, 16, 4, 1]\n   output: 1\n\n   input: [8, 36, 7, 2, 11]\n   output: 7\n*/\nint smallestOdd(std::vector<int> const& x) {",28_reduce_smallest_odd_number,reduce,cpp,hpx,0.2,0.95,True,2048,False,"int smallestOdd(std::vector<int> const& x) {\n    int init = std::numeric_limits<int>::max();\n    return hpx::transform_reduce(\n        hpx::execution::par_unseq,\n        x.begin(), x.end(),\n        init,\n        [](int a, int b) { return std::min(a, b); },\n        [](int v) { return (v & 1) ? v : std::numeric_limits<int>::max(); }\n    );\n}",False,True,,73,N/A,,,,,4.954345703125
"#include <hpx/hpx_main.hpp>\n\n/* Return the value of the smallest odd number in the vector x.\n   Use HPX to compute in parallel.  Assume HPX has already been initialized.\n   Examples:\n\n   input: [7, 9, 5, 2, 8, 16, 4, 1]\n   output: 1\n\n   input: [8, 36, 7, 2, 11]\n   output: 7\n*/\nint smallestOdd(std::vector<int> const& x) {",28_reduce_smallest_odd_number,reduce,cpp,hpx,0.2,0.95,True,2048,False,"int smallestOdd(std::vector<int> const& x) {\n    int inf = std::numeric_limits<int>::max();\n    int res = hpx::transform_reduce(\n        hpx::execution::par,\n        x.begin(), x.end(),\n        inf,\n        [](int a, int b) { return std::min(a, b); },\n        [inf](int v) { return (v & 1) ? v : inf; }\n    );\n    return res; // returns std::numeric_limits<int>::max() if no odd exists\n}",False,True,,74,N/A,,,,,7.819352626800537
"#include <hpx/hpx_main.hpp>\n\n/* Return the value of the smallest odd number in the vector x.\n   Use HPX to compute in parallel.  Assume HPX has already been initialized.\n   Examples:\n\n   input: [7, 9, 5, 2, 8, 16, 4, 1]\n   output: 1\n\n   input: [8, 36, 7, 2, 11]\n   output: 7\n*/\nint smallestOdd(std::vector<int> const& x) {",28_reduce_smallest_odd_number,reduce,cpp,hpx,0.2,0.95,True,2048,False,"int smallestOdd(std::vector<int> const& x) {\n    const int inf = std::numeric_limits<int>::max();\n    return hpx::transform_reduce(\n        hpx::execution::par, x.begin(), x.end(), inf,\n        [](int a, int b) { return std::min(a, b); },\n        [inf](int v) { return (v & 1) ? v : inf; }\n    );\n}",False,True,,75,N/A,,,,,5.471158981323242
"#include <hpx/hpx_main.hpp>\n\n/* Return the value of the smallest odd number in the vector x.\n   Use HPX to compute in parallel.  Assume HPX has already been initialized.\n   Examples:\n\n   input: [7, 9, 5, 2, 8, 16, 4, 1]\n   output: 1\n\n   input: [8, 36, 7, 2, 11]\n   output: 7\n*/\nint smallestOdd(std::vector<int> const& x) {",28_reduce_smallest_odd_number,reduce,cpp,hpx,0.2,0.95,True,2048,False,"int smallestOdd(std::vector<int> const& x) {\n    constexpr int INF = std::numeric_limits<int>::max();\n    int result = hpx::transform_reduce(\n        hpx::execution::par,\n        x.begin(), x.end(),\n        INF,\n        [](int a, int b) { return std::min(a, b); },\n        [](int v) { return (v & 1) ? v : INF; }\n    );\n    return result; // If no odd numbers exist, returns INT_MAX\n}",False,True,,76,N/A,,,,,5.763991594314575
"#include <hpx/hpx_main.hpp>\n\n/* Return the value of the smallest odd number in the vector x.\n   Use HPX to compute in parallel.  Assume HPX has already been initialized.\n   Examples:\n\n   input: [7, 9, 5, 2, 8, 16, 4, 1]\n   output: 1\n\n   input: [8, 36, 7, 2, 11]\n   output: 7\n*/\nint smallestOdd(std::vector<int> const& x) {",28_reduce_smallest_odd_number,reduce,cpp,hpx,0.2,0.95,True,2048,False,"int smallestOdd(std::vector<int> const& x) {\n    using hpx::execution::par;\n    int init = std::numeric_limits<int>::max();\n    return hpx::transform_reduce(\n        par, x.begin(), x.end(), init,\n        [](int a, int b) { return std::min(a, b); },\n        [](int v) { return (v & 1) ? v : std::numeric_limits<int>::max(); }\n    );\n}",False,True,,77,N/A,,,,,4.068708658218384
"#include <hpx/hpx_main.hpp>\n\n/* Return the value of the smallest odd number in the vector x.\n   Use HPX to compute in parallel.  Assume HPX has already been initialized.\n   Examples:\n\n   input: [7, 9, 5, 2, 8, 16, 4, 1]\n   output: 1\n\n   input: [8, 36, 7, 2, 11]\n   output: 7\n*/\nint smallestOdd(std::vector<int> const& x) {",28_reduce_smallest_odd_number,reduce,cpp,hpx,0.2,0.95,True,2048,False,"int smallestOdd(std::vector<int> const& x) {\n    using hpx::execution::par;\n    constexpr int INF = std::numeric_limits<int>::max();\n\n    return hpx::transform_reduce(\n        par, x.begin(), x.end(), INF,\n        [](int a, int b) { return std::min(a, b); },\n        [](int v) { return (v & 1) ? v : std::numeric_limits<int>::max(); }\n    );\n}",False,True,,78,N/A,,,,,5.742610454559326
"#include <hpx/hpx_main.hpp>\n\n/* Return the value of the smallest odd number in the vector x.\n   Use HPX to compute in parallel.  Assume HPX has already been initialized.\n   Examples:\n\n   input: [7, 9, 5, 2, 8, 16, 4, 1]\n   output: 1\n\n   input: [8, 36, 7, 2, 11]\n   output: 7\n*/\nint smallestOdd(std::vector<int> const& x) {",28_reduce_smallest_odd_number,reduce,cpp,hpx,0.2,0.95,True,2048,False,"int smallestOdd(std::vector<int> const& x) {\n    constexpr int INF = std::numeric_limits<int>::max();\n    return hpx::transform_reduce(\n        hpx::execution::par,\n        x.begin(), x.end(),\n        INF,\n        [](int a, int b) { return std::min(a, b); },\n        [](int v) { return (v & 1) ? v : std::numeric_limits<int>::max(); }\n    );\n}",False,True,,79,N/A,,,,,5.164579629898071
"#include <hpx/hpx_main.hpp>\n\n/* Return the value of the smallest odd number in the vector x.\n   Use HPX to compute in parallel.  Assume HPX has already been initialized.\n   Examples:\n\n   input: [7, 9, 5, 2, 8, 16, 4, 1]\n   output: 1\n\n   input: [8, 36, 7, 2, 11]\n   output: 7\n*/\nint smallestOdd(std::vector<int> const& x) {",28_reduce_smallest_odd_number,reduce,cpp,hpx,0.2,0.95,True,2048,False,"int smallestOdd(std::vector<int> const& x) {\n    int maxv = std::numeric_limits<int>::max();\n    auto res = hpx::transform_reduce(\n        hpx::execution::par, x.begin(), x.end(),\n        maxv, hpx::min<int>(),\n        [maxv](int v) { return (v & 1) ? v : maxv; });\n    return res;\n}",False,True,,80,N/A,,,,,7.012754917144775
"#include <hpx/hpx_main.hpp>\n\n/* Return the value of the smallest odd number in the vector x.\n   Use HPX to compute in parallel.  Assume HPX has already been initialized.\n   Examples:\n\n   input: [7, 9, 5, 2, 8, 16, 4, 1]\n   output: 1\n\n   input: [8, 36, 7, 2, 11]\n   output: 7\n*/\nint smallestOdd(std::vector<int> const& x) {",28_reduce_smallest_odd_number,reduce,cpp,hpx,0.2,0.95,True,2048,False,"int smallestOdd(std::vector<int> const& x) {\n    int inf = std::numeric_limits<int>::max();\n    int res = hpx::transform_reduce(\n        hpx::execution::par,\n        x.begin(), x.end(),\n        inf,\n        [](int a, int b) { return a < b ? a : b; },\n        [inf](int v) { return (v & 1) ? v : inf; }\n    );\n    return res == inf ? -1 : res;  // returns -1 if no odd number exists\n}",False,True,,81,N/A,,,,,11.412715673446655
"#include <hpx/hpx_main.hpp>\n\n/* Return the value of the smallest odd number in the vector x.\n   Use HPX to compute in parallel.  Assume HPX has already been initialized.\n   Examples:\n\n   input: [7, 9, 5, 2, 8, 16, 4, 1]\n   output: 1\n\n   input: [8, 36, 7, 2, 11]\n   output: 7\n*/\nint smallestOdd(std::vector<int> const& x) {",28_reduce_smallest_odd_number,reduce,cpp,hpx,0.2,0.95,True,2048,False,"int smallestOdd(std::vector<int> const& x) {\n    using hpx::execution::par;\n    int init = std::numeric_limits<int>::max();\n    auto res = hpx::transform_reduce(\n        par, x.begin(), x.end(), init,\n        [](int a, int b) { return std::min(a, b); },\n        [](int v) { return (v & 1) ? v : std::numeric_limits<int>::max(); }\n    );\n    return res == std::numeric_limits<int>::max() ? -1 : res;\n}",False,True,,82,N/A,,,,,5.113107681274414
"#include <hpx/hpx_main.hpp>\n\n/* Return the value of the smallest odd number in the vector x.\n   Use HPX to compute in parallel.  Assume HPX has already been initialized.\n   Examples:\n\n   input: [7, 9, 5, 2, 8, 16, 4, 1]\n   output: 1\n\n   input: [8, 36, 7, 2, 11]\n   output: 7\n*/\nint smallestOdd(std::vector<int> const& x) {",28_reduce_smallest_odd_number,reduce,cpp,hpx,0.2,0.95,True,2048,False,"int smallestOdd(std::vector<int> const& x) {\n    constexpr int INF = std::numeric_limits<int>::max();\n    return hpx::transform_reduce(\n        hpx::execution::par,\n        x.begin(), x.end(),\n        INF,\n        [](int a, int b) { return std::min(a, b); },\n        [](int v) { return (v & 1) ? v : std::numeric_limits<int>::max(); }\n    );\n}",False,True,,83,N/A,,,,,5.052057504653931
"#include <hpx/hpx_main.hpp>\n\n/* Return the value of the smallest odd number in the vector x.\n   Use HPX to compute in parallel.  Assume HPX has already been initialized.\n   Examples:\n\n   input: [7, 9, 5, 2, 8, 16, 4, 1]\n   output: 1\n\n   input: [8, 36, 7, 2, 11]\n   output: 7\n*/\nint smallestOdd(std::vector<int> const& x) {",28_reduce_smallest_odd_number,reduce,cpp,hpx,0.2,0.95,True,2048,False,"int smallestOdd(std::vector<int> const& x) {\n    const int inf = std::numeric_limits<int>::max();\n    return hpx::transform_reduce(\n        hpx::execution::par,\n        x.begin(), x.end(),\n        inf,\n        [](int a, int b) { return a < b ? a : b; },\n        [](int v) { return (v & 1) ? v : std::numeric_limits<int>::max(); }\n    );\n}",False,True,,84,N/A,,,,,8.50952434539795
"#include <hpx/hpx_main.hpp>\n\n/* Return the value of the smallest odd number in the vector x.\n   Use HPX to compute in parallel.  Assume HPX has already been initialized.\n   Examples:\n\n   input: [7, 9, 5, 2, 8, 16, 4, 1]\n   output: 1\n\n   input: [8, 36, 7, 2, 11]\n   output: 7\n*/\nint smallestOdd(std::vector<int> const& x) {",28_reduce_smallest_odd_number,reduce,cpp,hpx,0.2,0.95,True,2048,False,"int smallestOdd(std::vector<int> const& x) {\n    int const sentinel = std::numeric_limits<int>::max();\n    return hpx::transform_reduce(\n        hpx::execution::par,\n        x.begin(), x.end(),\n        sentinel,\n        [](int a, int b) { return std::min(a, b); },\n        [sentinel](int v) { return (v & 1) ? v : sentinel; }\n    );\n}",False,True,,85,N/A,,,,,11.632567405700684
"#include <hpx/hpx_main.hpp>\n\n/* Return the value of the smallest odd number in the vector x.\n   Use HPX to compute in parallel.  Assume HPX has already been initialized.\n   Examples:\n\n   input: [7, 9, 5, 2, 8, 16, 4, 1]\n   output: 1\n\n   input: [8, 36, 7, 2, 11]\n   output: 7\n*/\nint smallestOdd(std::vector<int> const& x) {",28_reduce_smallest_odd_number,reduce,cpp,hpx,0.2,0.95,True,2048,False,"int smallestOdd(std::vector<int> const& x) {\n    int init = std::numeric_limits<int>::max();\n    return hpx::transform_reduce(\n        hpx::execution::par, x.begin(), x.end(),\n        init,\n        [](int a, int b) { return std::min(a, b); },\n        [](int v) { return (v & 1) ? v : std::numeric_limits<int>::max(); }\n    );\n}",False,True,,86,N/A,,,,,5.954092025756836
"#include <hpx/hpx_main.hpp>\n\n/* Return the value of the smallest odd number in the vector x.\n   Use HPX to compute in parallel.  Assume HPX has already been initialized.\n   Examples:\n\n   input: [7, 9, 5, 2, 8, 16, 4, 1]\n   output: 1\n\n   input: [8, 36, 7, 2, 11]\n   output: 7\n*/\nint smallestOdd(std::vector<int> const& x) {",28_reduce_smallest_odd_number,reduce,cpp,hpx,0.2,0.95,True,2048,False,"int smallestOdd(std::vector<int> const& x) {\n    const int INF = std::numeric_limits<int>::max();\n    int r = hpx::transform_reduce(\n        hpx::execution::par, x.begin(), x.end(), INF,\n        [](int a, int b) { return std::min(a, b); },\n        [](int v) { return (v & 1) ? v : std::numeric_limits<int>::max(); });\n\n    return r == INF ? -1 : r; // returns -1 if no odd number exists\n}",False,True,,87,N/A,,,,,4.524897813796997
"#include <hpx/hpx_main.hpp>\n\n/* Return the value of the smallest odd number in the vector x.\n   Use HPX to compute in parallel.  Assume HPX has already been initialized.\n   Examples:\n\n   input: [7, 9, 5, 2, 8, 16, 4, 1]\n   output: 1\n\n   input: [8, 36, 7, 2, 11]\n   output: 7\n*/\nint smallestOdd(std::vector<int> const& x) {",28_reduce_smallest_odd_number,reduce,cpp,hpx,0.2,0.95,True,2048,False,"int smallestOdd(std::vector<int> const& x) {\n    int res = hpx::transform_reduce(\n        hpx::execution::par,\n        x.begin(), x.end(),\n        std::numeric_limits<int>::max(),\n        hpx::min<int>(),\n        [](int v) { return (v & 1) ? v : std::numeric_limits<int>::max(); }\n    );\n    if (res == std::numeric_limits<int>::max())\n        throw std::runtime_error(""no odd numbers"");\n    return res;\n}",False,True,,88,N/A,,,,,8.299437284469604
"#include <hpx/hpx_main.hpp>\n\n/* Return the value of the smallest odd number in the vector x.\n   Use HPX to compute in parallel.  Assume HPX has already been initialized.\n   Examples:\n\n   input: [7, 9, 5, 2, 8, 16, 4, 1]\n   output: 1\n\n   input: [8, 36, 7, 2, 11]\n   output: 7\n*/\nint smallestOdd(std::vector<int> const& x) {",28_reduce_smallest_odd_number,reduce,cpp,hpx,0.2,0.95,True,2048,False,"int smallestOdd(std::vector<int> const& x) {\n    constexpr int INF = std::numeric_limits<int>::max();\n    auto transform = [](int v) { return (v & 1) ? v : INF; };\n    auto min_op = [](int a, int b) { return std::min(a, b); };\n\n    int res = hpx::transform_reduce(hpx::execution::par, x.begin(), x.end(), INF, min_op, transform);\n    if (res == INF) throw std::runtime_error(""no odd numbers"");\n    return res;\n}",False,True,,89,N/A,,,,,4.151714563369751
"#include <hpx/hpx_main.hpp>\n\n/* Return the value of the smallest odd number in the vector x.\n   Use HPX to compute in parallel.  Assume HPX has already been initialized.\n   Examples:\n\n   input: [7, 9, 5, 2, 8, 16, 4, 1]\n   output: 1\n\n   input: [8, 36, 7, 2, 11]\n   output: 7\n*/\nint smallestOdd(std::vector<int> const& x) {",28_reduce_smallest_odd_number,reduce,cpp,hpx,0.2,0.95,True,2048,False,"int smallestOdd(std::vector<int> const& x) {\n    constexpr int INF = std::numeric_limits<int>::max();\n    return hpx::transform_reduce(\n        hpx::execution::par,\n        x.begin(), x.end(),\n        INF,\n        [](int a, int b) { return std::min(a, b); },\n        [](int v) { return (v % 2 != 0) ? v : std::numeric_limits<int>::max(); }\n    );\n}",False,True,,90,N/A,,,,,6.808203935623169
"#include <hpx/hpx_main.hpp>\n\n/* Return the value of the smallest odd number in the vector x.\n   Use HPX to compute in parallel.  Assume HPX has already been initialized.\n   Examples:\n\n   input: [7, 9, 5, 2, 8, 16, 4, 1]\n   output: 1\n\n   input: [8, 36, 7, 2, 11]\n   output: 7\n*/\nint smallestOdd(std::vector<int> const& x) {",28_reduce_smallest_odd_number,reduce,cpp,hpx,0.2,0.95,True,2048,False,"int smallestOdd(std::vector<int> const& x) {\n    auto init = std::numeric_limits<int>::max();\n    auto res = hpx::transform_reduce(\n        hpx::execution::par, x.begin(), x.end(), init,\n        [](int a, int b) { return std::min(a, b); },\n        [](int v) { return (v & 1) ? v : std::numeric_limits<int>::max(); }\n    );\n    return res; // returns INT_MAX if no odd numbers are present\n}",False,True,,91,N/A,,,,,4.945370435714722
"#include <hpx/hpx_main.hpp>\n\n/* Return the value of the smallest odd number in the vector x.\n   Use HPX to compute in parallel.  Assume HPX has already been initialized.\n   Examples:\n\n   input: [7, 9, 5, 2, 8, 16, 4, 1]\n   output: 1\n\n   input: [8, 36, 7, 2, 11]\n   output: 7\n*/\nint smallestOdd(std::vector<int> const& x) {",28_reduce_smallest_odd_number,reduce,cpp,hpx,0.2,0.95,True,2048,False,"int smallestOdd(std::vector<int> const& x) {\n    auto map = [](int v) { return (v & 1) ? v : std::numeric_limits<int>::max(); };\n    int init = std::numeric_limits<int>::max();\n    return hpx::transform_reduce(hpx::execution::par,\n                                 x.begin(), x.end(),\n                                 init,\n                                 [](int a, int b) { return a < b ? a : b; },\n                                 map);\n}",False,True,,92,N/A,,,,,6.295992612838745
"#include <hpx/hpx_main.hpp>\n\n/* Return the value of the smallest odd number in the vector x.\n   Use HPX to compute in parallel.  Assume HPX has already been initialized.\n   Examples:\n\n   input: [7, 9, 5, 2, 8, 16, 4, 1]\n   output: 1\n\n   input: [8, 36, 7, 2, 11]\n   output: 7\n*/\nint smallestOdd(std::vector<int> const& x) {",28_reduce_smallest_odd_number,reduce,cpp,hpx,0.2,0.95,True,2048,False,"int smallestOdd(std::vector<int> const& x) {\n    int init = std::numeric_limits<int>::max();\n    auto unary = [](int v) { return (v & 1) ? v : std::numeric_limits<int>::max(); };\n    auto binop = [](int a, int b) { return a < b ? a : b; };\n\n    return hpx::transform_reduce(hpx::execution::par, x.begin(), x.end(),\n                                 init, binop, unary);\n}",False,True,,93,N/A,,,,,13.433460712432861
"#include <hpx/hpx_main.hpp>\n\n/* Return the value of the smallest odd number in the vector x.\n   Use HPX to compute in parallel.  Assume HPX has already been initialized.\n   Examples:\n\n   input: [7, 9, 5, 2, 8, 16, 4, 1]\n   output: 1\n\n   input: [8, 36, 7, 2, 11]\n   output: 7\n*/\nint smallestOdd(std::vector<int> const& x) {",28_reduce_smallest_odd_number,reduce,cpp,hpx,0.2,0.95,True,2048,False,"int smallestOdd(std::vector<int> const& x) {\n    int init = std::numeric_limits<int>::max();\n    auto to_odd_or_max = [](int v) { return (v & 1) ? v : std::numeric_limits<int>::max(); };\n    return hpx::transform_reduce(\n        hpx::execution::par, x.begin(), x.end(),\n        init, [](int a, int b) { return std::min(a, b); }, to_odd_or_max);\n}",False,True,,94,N/A,,,,,6.996820688247681
"#include <hpx/hpx_main.hpp>\n\n/* Return the value of the smallest odd number in the vector x.\n   Use HPX to compute in parallel.  Assume HPX has already been initialized.\n   Examples:\n\n   input: [7, 9, 5, 2, 8, 16, 4, 1]\n   output: 1\n\n   input: [8, 36, 7, 2, 11]\n   output: 7\n*/\nint smallestOdd(std::vector<int> const& x) {",28_reduce_smallest_odd_number,reduce,cpp,hpx,0.2,0.95,True,2048,False,"int smallestOdd(std::vector<int> const& x) {\n    using hpx::execution::par;\n    auto proj = [](int v) { return (v & 1) ? v : std::numeric_limits<int>::max(); };\n    return hpx::transform_reduce(par, x.begin(), x.end(),\n                                 std::numeric_limits<int>::max(),\n                                 [](int a, int b) { return (a < b) ? a : b; },\n                                 proj);\n}",False,True,,95,N/A,,,,,5.630895614624023
"#include <hpx/hpx_main.hpp>\n\n/* Return the value of the smallest odd number in the vector x.\n   Use HPX to compute in parallel.  Assume HPX has already been initialized.\n   Examples:\n\n   input: [7, 9, 5, 2, 8, 16, 4, 1]\n   output: 1\n\n   input: [8, 36, 7, 2, 11]\n   output: 7\n*/\nint smallestOdd(std::vector<int> const& x) {",28_reduce_smallest_odd_number,reduce,cpp,hpx,0.2,0.95,True,2048,False,"int smallestOdd(std::vector<int> const& x) {\n    constexpr int INF = std::numeric_limits<int>::max();\n    int res = hpx::transform_reduce(\n        hpx::execution::par, x.begin(), x.end(), INF,\n        [](int a, int b) { return a < b ? a : b; },\n        [](int v) { return (v & 1) ? v : std::numeric_limits<int>::max(); }\n    );\n    if (res == INF) throw std::runtime_error(""no odd numbers"");\n    return res;\n}",False,True,,96,N/A,,,,,6.166768550872803
"#include <hpx/hpx_main.hpp>\n\n/* Return the value of the smallest odd number in the vector x.\n   Use HPX to compute in parallel.  Assume HPX has already been initialized.\n   Examples:\n\n   input: [7, 9, 5, 2, 8, 16, 4, 1]\n   output: 1\n\n   input: [8, 36, 7, 2, 11]\n   output: 7\n*/\nint smallestOdd(std::vector<int> const& x) {",28_reduce_smallest_odd_number,reduce,cpp,hpx,0.2,0.95,True,2048,False,"int smallestOdd(std::vector<int> const& x) {\n    int inf = std::numeric_limits<int>::max();\n    auto to_odd_or_inf = [](int v) { return (v & 1) ? v : std::numeric_limits<int>::max(); };\n    return hpx::transform_reduce(\n        hpx::execution::par, x.begin(), x.end(), inf,\n        [](int a, int b) { return std::min(a, b); },\n        to_odd_or_inf\n    );\n}",False,True,,97,N/A,,,,,6.678077220916748
"#include <hpx/hpx_main.hpp>\n\n/* Return the value of the smallest odd number in the vector x.\n   Use HPX to compute in parallel.  Assume HPX has already been initialized.\n   Examples:\n\n   input: [7, 9, 5, 2, 8, 16, 4, 1]\n   output: 1\n\n   input: [8, 36, 7, 2, 11]\n   output: 7\n*/\nint smallestOdd(std::vector<int> const& x) {",28_reduce_smallest_odd_number,reduce,cpp,hpx,0.2,0.95,True,2048,False,"int smallestOdd(std::vector<int> const& x) {\n    const int INF = std::numeric_limits<int>::max();\n    int res = hpx::transform_reduce(\n        hpx::execution::par, x.begin(), x.end(), INF,\n        [](int a, int b) { return std::min(a, b); },\n        [](int v) { return (v & 1) ? v : std::numeric_limits<int>::max(); });\n    return res;\n}",False,True,,98,N/A,,,,,5.708256244659424
"#include <hpx/hpx_main.hpp>\n\n/* Return the value of the smallest odd number in the vector x.\n   Use HPX to compute in parallel.  Assume HPX has already been initialized.\n   Examples:\n\n   input: [7, 9, 5, 2, 8, 16, 4, 1]\n   output: 1\n\n   input: [8, 36, 7, 2, 11]\n   output: 7\n*/\nint smallestOdd(std::vector<int> const& x) {",28_reduce_smallest_odd_number,reduce,cpp,hpx,0.2,0.95,True,2048,False,"int smallestOdd(std::vector<int> const& x) {\n    int init = std::numeric_limits<int>::max();\n    auto map = [](int v) { return (v & 1) ? v : std::numeric_limits<int>::max(); };\n    auto reduce = [](int a, int b) { return std::min(a, b); };\n    return hpx::transform_reduce(hpx::execution::par, x.begin(), x.end(), init, reduce, map);\n}",False,True,,99,N/A,,,,,5.173777103424072
"#include <hpx/hpx_main.hpp>\n\n/* Return the sum of the minimum value at each index of vectors x and y for all indices.\n   i.e. sum = min(x_0, y_0) + min(x_1, y_1) + min(x_2, y_2) + ...\n   Use HPX to sum in parallel.  Assume HPX has already been initialized.\n   Example:\n\n   input: x=[3, 4, 0, 2, 3], y=[2, 5, 3, 1, 7]\n   output: 10\n*/\ndouble sumOfMinimumElements(std::vector<double> const& x, std::vector<double> const& y) {",29_reduce_sum_of_min_of_pairs,reduce,cpp,hpx,0.2,0.95,True,2048,False,"double sumOfMinimumElements(std::vector<double> const& x, std::vector<double> const& y) {\n    std::size_t n = std::min(x.size(), y.size());\n    return hpx::transform_reduce(\n        hpx::execution::par,\n        x.begin(), x.begin() + n,\n        y.begin(),\n        0.0,\n        std::plus<double>{},\n        [](double a, double b) { return std::min(a, b); }\n    );\n}",False,True,,0,N/A,,,,,4.818129301071167
"#include <hpx/hpx_main.hpp>\n\n/* Return the sum of the minimum value at each index of vectors x and y for all indices.\n   i.e. sum = min(x_0, y_0) + min(x_1, y_1) + min(x_2, y_2) + ...\n   Use HPX to sum in parallel.  Assume HPX has already been initialized.\n   Example:\n\n   input: x=[3, 4, 0, 2, 3], y=[2, 5, 3, 1, 7]\n   output: 10\n*/\ndouble sumOfMinimumElements(std::vector<double> const& x, std::vector<double> const& y) {",29_reduce_sum_of_min_of_pairs,reduce,cpp,hpx,0.2,0.95,True,2048,False,"double sumOfMinimumElements(std::vector<double> const& x, std::vector<double> const& y) {\n    assert(x.size() == y.size());\n    auto first = hpx::util::make_zip_iterator(x.begin(), y.begin());\n    auto last  = hpx::util::make_zip_iterator(x.end(),   y.end());\n    return hpx::transform_reduce(\n        hpx::execution::par, first, last, 0.0, std::plus<double>{},\n        [](auto const& t) { return std::min(hpx::get<0>(t), hpx::get<1>(t)); });\n}",False,True,,1,N/A,,,,,8.104820251464844
"#include <hpx/hpx_main.hpp>\n\n/* Return the sum of the minimum value at each index of vectors x and y for all indices.\n   i.e. sum = min(x_0, y_0) + min(x_1, y_1) + min(x_2, y_2) + ...\n   Use HPX to sum in parallel.  Assume HPX has already been initialized.\n   Example:\n\n   input: x=[3, 4, 0, 2, 3], y=[2, 5, 3, 1, 7]\n   output: 10\n*/\ndouble sumOfMinimumElements(std::vector<double> const& x, std::vector<double> const& y) {",29_reduce_sum_of_min_of_pairs,reduce,cpp,hpx,0.2,0.95,True,2048,False,"double sumOfMinimumElements(std::vector<double> const& x, std::vector<double> const& y) {\n    if (x.size() != y.size()) throw std::invalid_argument(""size mismatch"");\n    auto first = hpx::util::zip_iterator(x.begin(), y.begin());\n    auto last  = hpx::util::zip_iterator(x.end(),   y.end());\n    return hpx::transform_reduce(\n        hpx::execution::par, first, last, 0.0, std::plus<double>{},\n        [](auto const& t) {\n            auto const& [a, b] = t;\n            return std::min(a, b);\n        });\n}",False,True,,2,N/A,,,,,10.314030170440674
"#include <hpx/hpx_main.hpp>\n\n/* Return the sum of the minimum value at each index of vectors x and y for all indices.\n   i.e. sum = min(x_0, y_0) + min(x_1, y_1) + min(x_2, y_2) + ...\n   Use HPX to sum in parallel.  Assume HPX has already been initialized.\n   Example:\n\n   input: x=[3, 4, 0, 2, 3], y=[2, 5, 3, 1, 7]\n   output: 10\n*/\ndouble sumOfMinimumElements(std::vector<double> const& x, std::vector<double> const& y) {",29_reduce_sum_of_min_of_pairs,reduce,cpp,hpx,0.2,0.95,True,2048,False,"double sumOfMinimumElements(std::vector<double> const& x, std::vector<double> const& y) {\n    std::size_t n = std::min(x.size(), y.size());\n    return hpx::transform_reduce(\n        hpx::execution::par,\n        x.begin(), x.begin() + n, y.begin(),\n        0.0,\n        std::plus<>(),\n        [](double a, double b) { return std::min(a, b); }\n    );\n}",False,True,,3,N/A,,,,,4.51326847076416
"#include <hpx/hpx_main.hpp>\n\n/* Return the sum of the minimum value at each index of vectors x and y for all indices.\n   i.e. sum = min(x_0, y_0) + min(x_1, y_1) + min(x_2, y_2) + ...\n   Use HPX to sum in parallel.  Assume HPX has already been initialized.\n   Example:\n\n   input: x=[3, 4, 0, 2, 3], y=[2, 5, 3, 1, 7]\n   output: 10\n*/\ndouble sumOfMinimumElements(std::vector<double> const& x, std::vector<double> const& y) {",29_reduce_sum_of_min_of_pairs,reduce,cpp,hpx,0.2,0.95,True,2048,False,"double sumOfMinimumElements(std::vector<double> const& x, std::vector<double> const& y) {\n    std::size_t n = std::min(x.size(), y.size());\n    return hpx::transform_reduce(\n        hpx::execution::par,\n        x.begin(), x.begin() + n, y.begin(),\n        0.0,\n        std::plus<double>(),\n        [](double a, double b) { return std::min(a, b); }\n    );\n}",False,True,,4,N/A,,,,,5.271400690078735
"#include <hpx/hpx_main.hpp>\n\n/* Return the sum of the minimum value at each index of vectors x and y for all indices.\n   i.e. sum = min(x_0, y_0) + min(x_1, y_1) + min(x_2, y_2) + ...\n   Use HPX to sum in parallel.  Assume HPX has already been initialized.\n   Example:\n\n   input: x=[3, 4, 0, 2, 3], y=[2, 5, 3, 1, 7]\n   output: 10\n*/\ndouble sumOfMinimumElements(std::vector<double> const& x, std::vector<double> const& y) {",29_reduce_sum_of_min_of_pairs,reduce,cpp,hpx,0.2,0.95,True,2048,False,"double sumOfMinimumElements(std::vector<double> const& x, std::vector<double> const& y) {\n    std::size_t n = std::min(x.size(), y.size());\n    return hpx::transform_reduce(\n        hpx::execution::par,\n        x.begin(), x.begin() + n, y.begin(),\n        0.0,\n        std::plus<double>{},\n        [](double a, double b) { return std::min(a, b); }\n    );\n}",False,True,,5,N/A,,,,,8.791133880615234
"#include <hpx/hpx_main.hpp>\n\n/* Return the sum of the minimum value at each index of vectors x and y for all indices.\n   i.e. sum = min(x_0, y_0) + min(x_1, y_1) + min(x_2, y_2) + ...\n   Use HPX to sum in parallel.  Assume HPX has already been initialized.\n   Example:\n\n   input: x=[3, 4, 0, 2, 3], y=[2, 5, 3, 1, 7]\n   output: 10\n*/\ndouble sumOfMinimumElements(std::vector<double> const& x, std::vector<double> const& y) {",29_reduce_sum_of_min_of_pairs,reduce,cpp,hpx,0.2,0.95,True,2048,False,"double sumOfMinimumElements(std::vector<double> const& x, std::vector<double> const& y) {\n    std::size_t n = std::min(x.size(), y.size());\n    return hpx::transform_reduce(\n        hpx::execution::par,\n        x.begin(), x.begin() + n, y.begin(),\n        0.0,\n        std::plus<>(),\n        [](double a, double b) { return std::min(a, b); });\n}",False,True,,6,N/A,,,,,7.019730091094971
"#include <hpx/hpx_main.hpp>\n\n/* Return the sum of the minimum value at each index of vectors x and y for all indices.\n   i.e. sum = min(x_0, y_0) + min(x_1, y_1) + min(x_2, y_2) + ...\n   Use HPX to sum in parallel.  Assume HPX has already been initialized.\n   Example:\n\n   input: x=[3, 4, 0, 2, 3], y=[2, 5, 3, 1, 7]\n   output: 10\n*/\ndouble sumOfMinimumElements(std::vector<double> const& x, std::vector<double> const& y) {",29_reduce_sum_of_min_of_pairs,reduce,cpp,hpx,0.2,0.95,True,2048,False,"{\n    std::size_t n = std::min(x.size(), y.size());\n    return hpx::transform_reduce(\n        hpx::execution::par,\n        x.begin(), x.begin() + n, y.begin(),\n        0.0,\n        std::plus<double>(),\n        [](double a, double b) { return std::min(a, b); }\n    );\n}",False,True,,7,N/A,,,,,7.807983636856079
"#include <hpx/hpx_main.hpp>\n\n/* Return the sum of the minimum value at each index of vectors x and y for all indices.\n   i.e. sum = min(x_0, y_0) + min(x_1, y_1) + min(x_2, y_2) + ...\n   Use HPX to sum in parallel.  Assume HPX has already been initialized.\n   Example:\n\n   input: x=[3, 4, 0, 2, 3], y=[2, 5, 3, 1, 7]\n   output: 10\n*/\ndouble sumOfMinimumElements(std::vector<double> const& x, std::vector<double> const& y) {",29_reduce_sum_of_min_of_pairs,reduce,cpp,hpx,0.2,0.95,True,2048,False,"{\n    HPX_ASSERT(x.size() == y.size());\n    return hpx::transform_reduce(\n        hpx::execution::par,\n        x.begin(), x.end(), y.begin(),\n        0.0, std::plus<double>(),\n        [](double a, double b) { return std::min(a, b); });\n}",False,True,,8,N/A,,,,,4.788148880004883
"#include <hpx/hpx_main.hpp>\n\n/* Return the sum of the minimum value at each index of vectors x and y for all indices.\n   i.e. sum = min(x_0, y_0) + min(x_1, y_1) + min(x_2, y_2) + ...\n   Use HPX to sum in parallel.  Assume HPX has already been initialized.\n   Example:\n\n   input: x=[3, 4, 0, 2, 3], y=[2, 5, 3, 1, 7]\n   output: 10\n*/\ndouble sumOfMinimumElements(std::vector<double> const& x, std::vector<double> const& y) {",29_reduce_sum_of_min_of_pairs,reduce,cpp,hpx,0.2,0.95,True,2048,False,"double sumOfMinimumElements(std::vector<double> const& x, std::vector<double> const& y) {\n    auto n = std::min(x.size(), y.size());\n    return hpx::transform_reduce(\n        hpx::execution::par,\n        x.begin(), x.begin() + n, y.begin(),\n        0.0,\n        std::plus<double>{},\n        [](double a, double b) { return std::min(a, b); }\n    );\n}",False,True,,9,N/A,,,,,8.022491693496704
"#include <hpx/hpx_main.hpp>\n\n/* Return the sum of the minimum value at each index of vectors x and y for all indices.\n   i.e. sum = min(x_0, y_0) + min(x_1, y_1) + min(x_2, y_2) + ...\n   Use HPX to sum in parallel.  Assume HPX has already been initialized.\n   Example:\n\n   input: x=[3, 4, 0, 2, 3], y=[2, 5, 3, 1, 7]\n   output: 10\n*/\ndouble sumOfMinimumElements(std::vector<double> const& x, std::vector<double> const& y) {",29_reduce_sum_of_min_of_pairs,reduce,cpp,hpx,0.2,0.95,True,2048,False,"double sumOfMinimumElements(std::vector<double> const& x, std::vector<double> const& y) {\n    std::size_t n = std::min(x.size(), y.size());\n    return hpx::transform_reduce(\n        hpx::execution::par,\n        x.begin(), x.begin() + n, y.begin(),\n        0.0,\n        std::plus<double>{},\n        [](double a, double b) { return std::min(a, b); }\n    );\n}",False,True,,10,N/A,,,,,9.87831449508667
"#include <hpx/hpx_main.hpp>\n\n/* Return the sum of the minimum value at each index of vectors x and y for all indices.\n   i.e. sum = min(x_0, y_0) + min(x_1, y_1) + min(x_2, y_2) + ...\n   Use HPX to sum in parallel.  Assume HPX has already been initialized.\n   Example:\n\n   input: x=[3, 4, 0, 2, 3], y=[2, 5, 3, 1, 7]\n   output: 10\n*/\ndouble sumOfMinimumElements(std::vector<double> const& x, std::vector<double> const& y) {",29_reduce_sum_of_min_of_pairs,reduce,cpp,hpx,0.2,0.95,True,2048,False,"{\n    auto n = std::min(x.size(), y.size());\n    return hpx::transform_reduce(\n        hpx::execution::par, x.begin(), x.begin() + n, y.begin(), 0.0,\n        std::plus<double>(),\n        [](double a, double b) { return std::min(a, b); });\n}",False,True,,11,N/A,,,,,5.130625486373901
"#include <hpx/hpx_main.hpp>\n\n/* Return the sum of the minimum value at each index of vectors x and y for all indices.\n   i.e. sum = min(x_0, y_0) + min(x_1, y_1) + min(x_2, y_2) + ...\n   Use HPX to sum in parallel.  Assume HPX has already been initialized.\n   Example:\n\n   input: x=[3, 4, 0, 2, 3], y=[2, 5, 3, 1, 7]\n   output: 10\n*/\ndouble sumOfMinimumElements(std::vector<double> const& x, std::vector<double> const& y) {",29_reduce_sum_of_min_of_pairs,reduce,cpp,hpx,0.2,0.95,True,2048,False,"double sumOfMinimumElements(std::vector<double> const& x, std::vector<double> const& y) {\n    std::size_t n = std::min(x.size(), y.size());\n    return hpx::transform_reduce(\n        hpx::execution::par, x.begin(), x.begin() + n, y.begin(),\n        0.0, std::plus<double>{},\n        [](double a, double b) { return std::min(a, b); });\n}",False,True,,12,N/A,,,,,7.443834066390991
"#include <hpx/hpx_main.hpp>\n\n/* Return the sum of the minimum value at each index of vectors x and y for all indices.\n   i.e. sum = min(x_0, y_0) + min(x_1, y_1) + min(x_2, y_2) + ...\n   Use HPX to sum in parallel.  Assume HPX has already been initialized.\n   Example:\n\n   input: x=[3, 4, 0, 2, 3], y=[2, 5, 3, 1, 7]\n   output: 10\n*/\ndouble sumOfMinimumElements(std::vector<double> const& x, std::vector<double> const& y) {",29_reduce_sum_of_min_of_pairs,reduce,cpp,hpx,0.2,0.95,True,2048,False,"double sumOfMinimumElements(std::vector<double> const& x, std::vector<double> const& y) {\n    std::size_t n = std::min(x.size(), y.size());\n    return hpx::transform_reduce(\n        hpx::execution::par,\n        hpx::make_counting_iterator<std::size_t>(0),\n        hpx::make_counting_iterator<std::size_t>(n),\n        0.0,\n        std::plus<double>(),\n        [&x, &y](std::size_t i) { return std::min(x[i], y[i]); }\n    );\n}",False,True,,13,N/A,,,,,3.8309781551361084
"#include <hpx/hpx_main.hpp>\n\n/* Return the sum of the minimum value at each index of vectors x and y for all indices.\n   i.e. sum = min(x_0, y_0) + min(x_1, y_1) + min(x_2, y_2) + ...\n   Use HPX to sum in parallel.  Assume HPX has already been initialized.\n   Example:\n\n   input: x=[3, 4, 0, 2, 3], y=[2, 5, 3, 1, 7]\n   output: 10\n*/\ndouble sumOfMinimumElements(std::vector<double> const& x, std::vector<double> const& y) {",29_reduce_sum_of_min_of_pairs,reduce,cpp,hpx,0.2,0.95,True,2048,False,"{\n    std::size_t n = std::min(x.size(), y.size());\n    return hpx::transform_reduce(\n        hpx::execution::par,\n        x.begin(), x.begin() + n, y.begin(),\n        0.0,\n        std::plus<double>(),\n        [](double a, double b) { return std::min(a, b); }\n    );\n}",False,True,,14,N/A,,,,,6.898791551589966
"#include <hpx/hpx_main.hpp>\n\n/* Return the sum of the minimum value at each index of vectors x and y for all indices.\n   i.e. sum = min(x_0, y_0) + min(x_1, y_1) + min(x_2, y_2) + ...\n   Use HPX to sum in parallel.  Assume HPX has already been initialized.\n   Example:\n\n   input: x=[3, 4, 0, 2, 3], y=[2, 5, 3, 1, 7]\n   output: 10\n*/\ndouble sumOfMinimumElements(std::vector<double> const& x, std::vector<double> const& y) {",29_reduce_sum_of_min_of_pairs,reduce,cpp,hpx,0.2,0.95,True,2048,False,"{\n    std::size_t n = std::min(x.size(), y.size());\n    return hpx::transform_reduce(\n        hpx::execution::par,\n        hpx::counting_iterator<std::size_t>(0),\n        hpx::counting_iterator<std::size_t>(n),\n        0.0,\n        std::plus<double>{},\n        [&x, &y](std::size_t i) { return std::min(x[i], y[i]); });\n}",False,True,,15,N/A,,,,,7.369304180145264
"#include <hpx/hpx_main.hpp>\n\n/* Return the sum of the minimum value at each index of vectors x and y for all indices.\n   i.e. sum = min(x_0, y_0) + min(x_1, y_1) + min(x_2, y_2) + ...\n   Use HPX to sum in parallel.  Assume HPX has already been initialized.\n   Example:\n\n   input: x=[3, 4, 0, 2, 3], y=[2, 5, 3, 1, 7]\n   output: 10\n*/\ndouble sumOfMinimumElements(std::vector<double> const& x, std::vector<double> const& y) {",29_reduce_sum_of_min_of_pairs,reduce,cpp,hpx,0.2,0.95,True,2048,False,"double sumOfMinimumElements(std::vector<double> const& x, std::vector<double> const& y) {\n    std::size_t n = std::min(x.size(), y.size());\n    return hpx::transform_reduce(\n        hpx::execution::par,\n        x.begin(), x.begin() + n,\n        y.begin(),\n        0.0,\n        std::plus<>(),\n        [](double a, double b) { return std::min(a, b); }\n    );\n}",False,True,,16,N/A,,,,,4.5909881591796875
"#include <hpx/hpx_main.hpp>\n\n/* Return the sum of the minimum value at each index of vectors x and y for all indices.\n   i.e. sum = min(x_0, y_0) + min(x_1, y_1) + min(x_2, y_2) + ...\n   Use HPX to sum in parallel.  Assume HPX has already been initialized.\n   Example:\n\n   input: x=[3, 4, 0, 2, 3], y=[2, 5, 3, 1, 7]\n   output: 10\n*/\ndouble sumOfMinimumElements(std::vector<double> const& x, std::vector<double> const& y) {",29_reduce_sum_of_min_of_pairs,reduce,cpp,hpx,0.2,0.95,True,2048,False,"double sumOfMinimumElements(std::vector<double> const& x, std::vector<double> const& y) {\n    if (x.size() != y.size())\n        throw std::invalid_argument(""x and y must have the same size"");\n    return hpx::transform_reduce(\n        hpx::execution::par,\n        x.begin(), x.end(), y.begin(),\n        0.0,\n        std::plus<double>{},\n        [](double a, double b) { return std::min(a, b); }\n    );\n}",False,True,,17,N/A,,,,,7.519055366516113
"#include <hpx/hpx_main.hpp>\n\n/* Return the sum of the minimum value at each index of vectors x and y for all indices.\n   i.e. sum = min(x_0, y_0) + min(x_1, y_1) + min(x_2, y_2) + ...\n   Use HPX to sum in parallel.  Assume HPX has already been initialized.\n   Example:\n\n   input: x=[3, 4, 0, 2, 3], y=[2, 5, 3, 1, 7]\n   output: 10\n*/\ndouble sumOfMinimumElements(std::vector<double> const& x, std::vector<double> const& y) {",29_reduce_sum_of_min_of_pairs,reduce,cpp,hpx,0.2,0.95,True,2048,False,"double sumOfMinimumElements(std::vector<double> const& x, std::vector<double> const& y) {\n    std::size_t n = std::min(x.size(), y.size());\n    return hpx::transform_reduce(\n        hpx::execution::par,\n        x.begin(), x.begin() + n,\n        y.begin(),\n        0.0,\n        std::plus<double>{},\n        [](double a, double b) { return std::min(a, b); }\n    );\n}",False,True,,18,N/A,,,,,5.977370977401733
"#include <hpx/hpx_main.hpp>\n\n/* Return the sum of the minimum value at each index of vectors x and y for all indices.\n   i.e. sum = min(x_0, y_0) + min(x_1, y_1) + min(x_2, y_2) + ...\n   Use HPX to sum in parallel.  Assume HPX has already been initialized.\n   Example:\n\n   input: x=[3, 4, 0, 2, 3], y=[2, 5, 3, 1, 7]\n   output: 10\n*/\ndouble sumOfMinimumElements(std::vector<double> const& x, std::vector<double> const& y) {",29_reduce_sum_of_min_of_pairs,reduce,cpp,hpx,0.2,0.95,True,2048,False,"double sumOfMinimumElements(std::vector<double> const& x, std::vector<double> const& y) {\n    auto n = std::min(x.size(), y.size());\n    return hpx::transform_reduce(\n        hpx::execution::par,\n        x.begin(), x.begin() + n, y.begin(),\n        0.0,\n        std::plus<>{},\n        [](double a, double b) { return std::min(a, b); }\n    );\n}",False,True,,19,N/A,,,,,4.936176300048828
"#include <hpx/hpx_main.hpp>\n\n/* Return the sum of the minimum value at each index of vectors x and y for all indices.\n   i.e. sum = min(x_0, y_0) + min(x_1, y_1) + min(x_2, y_2) + ...\n   Use HPX to sum in parallel.  Assume HPX has already been initialized.\n   Example:\n\n   input: x=[3, 4, 0, 2, 3], y=[2, 5, 3, 1, 7]\n   output: 10\n*/\ndouble sumOfMinimumElements(std::vector<double> const& x, std::vector<double> const& y) {",29_reduce_sum_of_min_of_pairs,reduce,cpp,hpx,0.2,0.95,True,2048,False,"double sumOfMinimumElements(std::vector<double> const& x, std::vector<double> const& y) {\n    HPX_ASSERT(x.size() == y.size());\n    return hpx::transform_reduce(\n        hpx::execution::par,\n        x.begin(), x.end(), y.begin(),\n        0.0,\n        std::plus<double>{},\n        [](double a, double b) { return std::min(a, b); }\n    );\n}",False,True,,20,N/A,,,,,6.770917654037476
"#include <hpx/hpx_main.hpp>\n\n/* Return the sum of the minimum value at each index of vectors x and y for all indices.\n   i.e. sum = min(x_0, y_0) + min(x_1, y_1) + min(x_2, y_2) + ...\n   Use HPX to sum in parallel.  Assume HPX has already been initialized.\n   Example:\n\n   input: x=[3, 4, 0, 2, 3], y=[2, 5, 3, 1, 7]\n   output: 10\n*/\ndouble sumOfMinimumElements(std::vector<double> const& x, std::vector<double> const& y) {",29_reduce_sum_of_min_of_pairs,reduce,cpp,hpx,0.2,0.95,True,2048,False,"double sumOfMinimumElements(std::vector<double> const& x, std::vector<double> const& y) {\n    std::size_t n = std::min(x.size(), y.size());\n    return hpx::transform_reduce(\n        hpx::execution::par,\n        hpx::counting_iterator<std::size_t>(0),\n        hpx::counting_iterator<std::size_t>(n),\n        0.0,\n        std::plus<double>(),\n        [&](std::size_t i) { return std::min(x[i], y[i]); }\n    );\n}",False,True,,21,N/A,,,,,4.145989418029785
"#include <hpx/hpx_main.hpp>\n\n/* Return the sum of the minimum value at each index of vectors x and y for all indices.\n   i.e. sum = min(x_0, y_0) + min(x_1, y_1) + min(x_2, y_2) + ...\n   Use HPX to sum in parallel.  Assume HPX has already been initialized.\n   Example:\n\n   input: x=[3, 4, 0, 2, 3], y=[2, 5, 3, 1, 7]\n   output: 10\n*/\ndouble sumOfMinimumElements(std::vector<double> const& x, std::vector<double> const& y) {",29_reduce_sum_of_min_of_pairs,reduce,cpp,hpx,0.2,0.95,True,2048,False,"double sumOfMinimumElements(std::vector<double> const& x, std::vector<double> const& y) {\n    assert(x.size() == y.size());\n    auto first = hpx::util::make_zip_iterator(x.begin(), y.begin());\n    auto last  = hpx::util::make_zip_iterator(x.end(),   y.end());\n\n    return hpx::transform_reduce(\n        hpx::execution::par, first, last, 0.0,\n        std::plus<>(),\n        [](auto const& t) {\n            return std::min(hpx::get<0>(t), hpx::get<1>(t));\n        });\n}",False,True,,22,N/A,,,,,10.313257455825806
"#include <hpx/hpx_main.hpp>\n\n/* Return the sum of the minimum value at each index of vectors x and y for all indices.\n   i.e. sum = min(x_0, y_0) + min(x_1, y_1) + min(x_2, y_2) + ...\n   Use HPX to sum in parallel.  Assume HPX has already been initialized.\n   Example:\n\n   input: x=[3, 4, 0, 2, 3], y=[2, 5, 3, 1, 7]\n   output: 10\n*/\ndouble sumOfMinimumElements(std::vector<double> const& x, std::vector<double> const& y) {",29_reduce_sum_of_min_of_pairs,reduce,cpp,hpx,0.2,0.95,True,2048,False,"double sumOfMinimumElements(std::vector<double> const& x, std::vector<double> const& y) {\n    if (x.size() != y.size())\n        throw std::invalid_argument(""x and y must have the same size"");\n\n    return hpx::transform_reduce(\n        hpx::execution::par,\n        hpx::make_counting_iterator<std::size_t>(0),\n        hpx::make_counting_iterator<std::size_t>(x.size()),\n        0.0,\n        std::plus<double>{},\n        [&x, &y](std::size_t i) { return std::min(x[i], y[i]); }\n    );\n}",False,True,,23,N/A,,,,,5.094994306564331
"#include <hpx/hpx_main.hpp>\n\n/* Return the sum of the minimum value at each index of vectors x and y for all indices.\n   i.e. sum = min(x_0, y_0) + min(x_1, y_1) + min(x_2, y_2) + ...\n   Use HPX to sum in parallel.  Assume HPX has already been initialized.\n   Example:\n\n   input: x=[3, 4, 0, 2, 3], y=[2, 5, 3, 1, 7]\n   output: 10\n*/\ndouble sumOfMinimumElements(std::vector<double> const& x, std::vector<double> const& y) {",29_reduce_sum_of_min_of_pairs,reduce,cpp,hpx,0.2,0.95,True,2048,False,"{\n    std::size_t n = std::min(x.size(), y.size());\n    return hpx::transform_reduce(\n        hpx::execution::par,\n        hpx::counting_iterator<std::size_t>(0),\n        hpx::counting_iterator<std::size_t>(n),\n        0.0,\n        std::plus<double>{},\n        [&](std::size_t i) { return std::min(x[i], y[i]); });\n}",False,True,,24,N/A,,,,,6.91234564781189
"#include <hpx/hpx_main.hpp>\n\n/* Return the sum of the minimum value at each index of vectors x and y for all indices.\n   i.e. sum = min(x_0, y_0) + min(x_1, y_1) + min(x_2, y_2) + ...\n   Use HPX to sum in parallel.  Assume HPX has already been initialized.\n   Example:\n\n   input: x=[3, 4, 0, 2, 3], y=[2, 5, 3, 1, 7]\n   output: 10\n*/\ndouble sumOfMinimumElements(std::vector<double> const& x, std::vector<double> const& y) {",29_reduce_sum_of_min_of_pairs,reduce,cpp,hpx,0.2,0.95,True,2048,False,"std::size_t n = std::min(x.size(), y.size());\n    auto first = hpx::util::counting_iterator<std::size_t>(0);\n    auto last  = hpx::util::counting_iterator<std::size_t>(n);\n\n    return hpx::transform_reduce(\n        hpx::execution::par, first, last, 0.0, std::plus<double>{},\n        [&](std::size_t i) { return std::min(x[i], y[i]); }\n    );",False,True,,25,N/A,,,,,5.915428876876831
"#include <hpx/hpx_main.hpp>\n\n/* Return the sum of the minimum value at each index of vectors x and y for all indices.\n   i.e. sum = min(x_0, y_0) + min(x_1, y_1) + min(x_2, y_2) + ...\n   Use HPX to sum in parallel.  Assume HPX has already been initialized.\n   Example:\n\n   input: x=[3, 4, 0, 2, 3], y=[2, 5, 3, 1, 7]\n   output: 10\n*/\ndouble sumOfMinimumElements(std::vector<double> const& x, std::vector<double> const& y) {",29_reduce_sum_of_min_of_pairs,reduce,cpp,hpx,0.2,0.95,True,2048,False,"double sumOfMinimumElements(std::vector<double> const& x, std::vector<double> const& y) {\n    if (x.size() != y.size())\n        throw std::invalid_argument(""Vectors must have the same size"");\n\n    std::size_t n = x.size();\n    return hpx::transform_reduce(\n        hpx::execution::par,\n        hpx::util::counting_iterator<std::size_t>(0),\n        hpx::util::counting_iterator<std::size_t>(n),\n        0.0,\n        std::plus<double>{},\n        [&](std::size_t i) { return std::min(x[i], y[i]); });\n}",False,True,,26,N/A,,,,,5.0014519691467285
"#include <hpx/hpx_main.hpp>\n\n/* Return the sum of the minimum value at each index of vectors x and y for all indices.\n   i.e. sum = min(x_0, y_0) + min(x_1, y_1) + min(x_2, y_2) + ...\n   Use HPX to sum in parallel.  Assume HPX has already been initialized.\n   Example:\n\n   input: x=[3, 4, 0, 2, 3], y=[2, 5, 3, 1, 7]\n   output: 10\n*/\ndouble sumOfMinimumElements(std::vector<double> const& x, std::vector<double> const& y) {",29_reduce_sum_of_min_of_pairs,reduce,cpp,hpx,0.2,0.95,True,2048,False,"double sumOfMinimumElements(std::vector<double> const& x, std::vector<double> const& y) {\n    std::size_t n = std::min(x.size(), y.size());\n    auto first = hpx::util::counting_iterator<std::size_t>(0);\n    auto last = first + n;\n\n    return hpx::transform_reduce(\n        hpx::execution::par, first, last, 0.0, std::plus<double>{},\n        [&](std::size_t i) { return std::min(x[i], y[i]); });\n}",False,True,,27,N/A,,,,,7.882357597351074
"#include <hpx/hpx_main.hpp>\n\n/* Return the sum of the minimum value at each index of vectors x and y for all indices.\n   i.e. sum = min(x_0, y_0) + min(x_1, y_1) + min(x_2, y_2) + ...\n   Use HPX to sum in parallel.  Assume HPX has already been initialized.\n   Example:\n\n   input: x=[3, 4, 0, 2, 3], y=[2, 5, 3, 1, 7]\n   output: 10\n*/\ndouble sumOfMinimumElements(std::vector<double> const& x, std::vector<double> const& y) {",29_reduce_sum_of_min_of_pairs,reduce,cpp,hpx,0.2,0.95,True,2048,False,"double sumOfMinimumElements(std::vector<double> const& x, std::vector<double> const& y) {\n    std::size_t n = std::min(x.size(), y.size());\n    return hpx::transform_reduce(\n        hpx::execution::par,\n        hpx::counting_iterator<std::size_t>(0),\n        hpx::counting_iterator<std::size_t>(n),\n        0.0,\n        std::plus<double>{},\n        [&](std::size_t i) { return std::min(x[i], y[i]); });\n}",False,True,,28,N/A,,,,,5.584214687347412
"#include <hpx/hpx_main.hpp>\n\n/* Return the sum of the minimum value at each index of vectors x and y for all indices.\n   i.e. sum = min(x_0, y_0) + min(x_1, y_1) + min(x_2, y_2) + ...\n   Use HPX to sum in parallel.  Assume HPX has already been initialized.\n   Example:\n\n   input: x=[3, 4, 0, 2, 3], y=[2, 5, 3, 1, 7]\n   output: 10\n*/\ndouble sumOfMinimumElements(std::vector<double> const& x, std::vector<double> const& y) {",29_reduce_sum_of_min_of_pairs,reduce,cpp,hpx,0.2,0.95,True,2048,False,"double sumOfMinimumElements(std::vector<double> const& x, std::vector<double> const& y) {\n    std::size_t n = std::min(x.size(), y.size());\n    return hpx::transform_reduce(\n        hpx::execution::par,\n        hpx::util::counting_iterator<std::size_t>(0),\n        hpx::util::counting_iterator<std::size_t>(n),\n        0.0,\n        std::plus<double>(),\n        [&](std::size_t i) { return std::min(x[i], y[i]); }\n    );\n}",False,True,,29,N/A,,,,,3.44195556640625
"#include <hpx/hpx_main.hpp>\n\n/* Return the sum of the minimum value at each index of vectors x and y for all indices.\n   i.e. sum = min(x_0, y_0) + min(x_1, y_1) + min(x_2, y_2) + ...\n   Use HPX to sum in parallel.  Assume HPX has already been initialized.\n   Example:\n\n   input: x=[3, 4, 0, 2, 3], y=[2, 5, 3, 1, 7]\n   output: 10\n*/\ndouble sumOfMinimumElements(std::vector<double> const& x, std::vector<double> const& y) {",29_reduce_sum_of_min_of_pairs,reduce,cpp,hpx,0.2,0.95,True,2048,False,"double sumOfMinimumElements(std::vector<double> const& x, std::vector<double> const& y) {\n    if (x.size() != y.size()) throw std::invalid_argument(""x and y must have same size"");\n    return hpx::transform_reduce(\n        hpx::execution::par,\n        x.begin(), x.end(), y.begin(),\n        0.0,\n        std::plus<double>(),\n        [](double a, double b) { return std::min(a, b); }\n    );\n}",False,True,,30,N/A,,,,,5.3899946212768555
"#include <hpx/hpx_main.hpp>\n\n/* Return the sum of the minimum value at each index of vectors x and y for all indices.\n   i.e. sum = min(x_0, y_0) + min(x_1, y_1) + min(x_2, y_2) + ...\n   Use HPX to sum in parallel.  Assume HPX has already been initialized.\n   Example:\n\n   input: x=[3, 4, 0, 2, 3], y=[2, 5, 3, 1, 7]\n   output: 10\n*/\ndouble sumOfMinimumElements(std::vector<double> const& x, std::vector<double> const& y) {",29_reduce_sum_of_min_of_pairs,reduce,cpp,hpx,0.2,0.95,True,2048,False,"double sumOfMinimumElements(std::vector<double> const& x, std::vector<double> const& y) {\n    std::size_t n = std::min(x.size(), y.size());\n    auto first = hpx::util::counting_iterator<std::size_t>(0);\n    auto last  = hpx::util::counting_iterator<std::size_t>(n);\n\n    return hpx::transform_reduce(\n        hpx::execution::par,\n        first, last,\n        0.0,\n        std::plus<double>{},\n        [&x, &y](std::size_t i) { return std::min(x[i], y[i]); }\n    );\n}",False,True,,31,N/A,,,,,6.255218267440796
"#include <hpx/hpx_main.hpp>\n\n/* Return the sum of the minimum value at each index of vectors x and y for all indices.\n   i.e. sum = min(x_0, y_0) + min(x_1, y_1) + min(x_2, y_2) + ...\n   Use HPX to sum in parallel.  Assume HPX has already been initialized.\n   Example:\n\n   input: x=[3, 4, 0, 2, 3], y=[2, 5, 3, 1, 7]\n   output: 10\n*/\ndouble sumOfMinimumElements(std::vector<double> const& x, std::vector<double> const& y) {",29_reduce_sum_of_min_of_pairs,reduce,cpp,hpx,0.2,0.95,True,2048,False,"double sumOfMinimumElements(std::vector<double> const& x, std::vector<double> const& y) {\n    std::size_t n = std::min(x.size(), y.size());\n    return hpx::transform_reduce(\n        hpx::execution::par,\n        x.begin(), x.begin() + n, y.begin(),\n        0.0, std::plus<double>{},\n        [](double a, double b) { return a < b ? a : b; });\n}",False,True,,32,N/A,,,,,5.209546327590942
"#include <hpx/hpx_main.hpp>\n\n/* Return the sum of the minimum value at each index of vectors x and y for all indices.\n   i.e. sum = min(x_0, y_0) + min(x_1, y_1) + min(x_2, y_2) + ...\n   Use HPX to sum in parallel.  Assume HPX has already been initialized.\n   Example:\n\n   input: x=[3, 4, 0, 2, 3], y=[2, 5, 3, 1, 7]\n   output: 10\n*/\ndouble sumOfMinimumElements(std::vector<double> const& x, std::vector<double> const& y) {",29_reduce_sum_of_min_of_pairs,reduce,cpp,hpx,0.2,0.95,True,2048,False,"double sumOfMinimumElements(std::vector<double> const& x, std::vector<double> const& y) {\n    if (x.size() != y.size()) throw std::invalid_argument(""x and y must have same size"");\n    std::size_t n = x.size();\n    return hpx::transform_reduce(\n        hpx::execution::par,\n        hpx::util::counting_iterator<std::size_t>(0),\n        hpx::util::counting_iterator<std::size_t>(n),\n        0.0,\n        std::plus<>(),\n        [&](std::size_t i) { return std::min(x[i], y[i]); });\n}",False,True,,33,N/A,,,,,6.8927857875823975
"#include <hpx/hpx_main.hpp>\n\n/* Return the sum of the minimum value at each index of vectors x and y for all indices.\n   i.e. sum = min(x_0, y_0) + min(x_1, y_1) + min(x_2, y_2) + ...\n   Use HPX to sum in parallel.  Assume HPX has already been initialized.\n   Example:\n\n   input: x=[3, 4, 0, 2, 3], y=[2, 5, 3, 1, 7]\n   output: 10\n*/\ndouble sumOfMinimumElements(std::vector<double> const& x, std::vector<double> const& y) {",29_reduce_sum_of_min_of_pairs,reduce,cpp,hpx,0.2,0.95,True,2048,False,"double sumOfMinimumElements(std::vector<double> const& x, std::vector<double> const& y) {\n    std::size_t n = std::min(x.size(), y.size());\n    return hpx::transform_reduce(\n        hpx::execution::par,\n        x.begin(), x.begin() + n, y.begin(),\n        0.0,\n        std::plus<>(),\n        [](double a, double b) { return std::min(a, b); }\n    );\n}",False,True,,34,N/A,,,,,5.943293571472168
"#include <hpx/hpx_main.hpp>\n\n/* Return the sum of the minimum value at each index of vectors x and y for all indices.\n   i.e. sum = min(x_0, y_0) + min(x_1, y_1) + min(x_2, y_2) + ...\n   Use HPX to sum in parallel.  Assume HPX has already been initialized.\n   Example:\n\n   input: x=[3, 4, 0, 2, 3], y=[2, 5, 3, 1, 7]\n   output: 10\n*/\ndouble sumOfMinimumElements(std::vector<double> const& x, std::vector<double> const& y) {",29_reduce_sum_of_min_of_pairs,reduce,cpp,hpx,0.2,0.95,True,2048,False,"double sumOfMinimumElements(std::vector<double> const& x, std::vector<double> const& y) {\n    assert(x.size() == y.size());\n    return hpx::transform_reduce(\n        hpx::execution::par,\n        x.begin(), x.end(), y.begin(),\n        0.0,\n        std::plus<double>{},\n        [](double a, double b) { return std::min(a, b); }\n    );\n}",False,True,,35,N/A,,,,,6.369867563247681
"#include <hpx/hpx_main.hpp>\n\n/* Return the sum of the minimum value at each index of vectors x and y for all indices.\n   i.e. sum = min(x_0, y_0) + min(x_1, y_1) + min(x_2, y_2) + ...\n   Use HPX to sum in parallel.  Assume HPX has already been initialized.\n   Example:\n\n   input: x=[3, 4, 0, 2, 3], y=[2, 5, 3, 1, 7]\n   output: 10\n*/\ndouble sumOfMinimumElements(std::vector<double> const& x, std::vector<double> const& y) {",29_reduce_sum_of_min_of_pairs,reduce,cpp,hpx,0.2,0.95,True,2048,False,"double sumOfMinimumElements(std::vector<double> const& x, std::vector<double> const& y) {\n    if (x.size() != y.size())\n        throw std::invalid_argument(""Vectors must have the same size."");\n\n    return hpx::transform_reduce(\n        hpx::execution::par,\n        x.begin(), x.end(),\n        y.begin(),\n        0.0,\n        std::plus<double>(),\n        [](double a, double b) { return std::min(a, b); }\n    );\n}",False,True,,36,N/A,,,,,13.630666494369507
"#include <hpx/hpx_main.hpp>\n\n/* Return the sum of the minimum value at each index of vectors x and y for all indices.\n   i.e. sum = min(x_0, y_0) + min(x_1, y_1) + min(x_2, y_2) + ...\n   Use HPX to sum in parallel.  Assume HPX has already been initialized.\n   Example:\n\n   input: x=[3, 4, 0, 2, 3], y=[2, 5, 3, 1, 7]\n   output: 10\n*/\ndouble sumOfMinimumElements(std::vector<double> const& x, std::vector<double> const& y) {",29_reduce_sum_of_min_of_pairs,reduce,cpp,hpx,0.2,0.95,True,2048,False,"double sumOfMinimumElements(std::vector<double> const& x, std::vector<double> const& y) {\n    if (x.size() != y.size()) throw std::invalid_argument(""x and y must have the same size"");\n    return hpx::transform_reduce(\n        hpx::execution::par, x.begin(), x.end(), y.begin(), 0.0,\n        std::plus<double>{},\n        [](double a, double b) { return std::min(a, b); });\n}",False,True,,37,N/A,,,,,7.304619073867798
"#include <hpx/hpx_main.hpp>\n\n/* Return the sum of the minimum value at each index of vectors x and y for all indices.\n   i.e. sum = min(x_0, y_0) + min(x_1, y_1) + min(x_2, y_2) + ...\n   Use HPX to sum in parallel.  Assume HPX has already been initialized.\n   Example:\n\n   input: x=[3, 4, 0, 2, 3], y=[2, 5, 3, 1, 7]\n   output: 10\n*/\ndouble sumOfMinimumElements(std::vector<double> const& x, std::vector<double> const& y) {",29_reduce_sum_of_min_of_pairs,reduce,cpp,hpx,0.2,0.95,True,2048,False,"double sumOfMinimumElements(std::vector<double> const& x, std::vector<double> const& y) {\n    HPX_ASSERT(x.size() == y.size());\n    return hpx::ranges::transform_reduce(\n        hpx::execution::par, x, y, 0.0, std::plus<double>{},\n        [](double a, double b) { return std::min(a, b); });\n}",False,True,,38,N/A,,,,,5.87066912651062
"#include <hpx/hpx_main.hpp>\n\n/* Return the sum of the minimum value at each index of vectors x and y for all indices.\n   i.e. sum = min(x_0, y_0) + min(x_1, y_1) + min(x_2, y_2) + ...\n   Use HPX to sum in parallel.  Assume HPX has already been initialized.\n   Example:\n\n   input: x=[3, 4, 0, 2, 3], y=[2, 5, 3, 1, 7]\n   output: 10\n*/\ndouble sumOfMinimumElements(std::vector<double> const& x, std::vector<double> const& y) {",29_reduce_sum_of_min_of_pairs,reduce,cpp,hpx,0.2,0.95,True,2048,False,"double sumOfMinimumElements(std::vector<double> const& x, std::vector<double> const& y) {\n    std::size_t n = std::min(x.size(), y.size());\n    return hpx::transform_reduce(\n        hpx::execution::par,\n        hpx::util::counting_iterator<std::size_t>(0),\n        hpx::util::counting_iterator<std::size_t>(n),\n        0.0,\n        std::plus<double>{},\n        [&](std::size_t i) { return std::min(x[i], y[i]); }\n    );\n}",False,True,,39,N/A,,,,,5.3707475662231445
"#include <hpx/hpx_main.hpp>\n\n/* Return the sum of the minimum value at each index of vectors x and y for all indices.\n   i.e. sum = min(x_0, y_0) + min(x_1, y_1) + min(x_2, y_2) + ...\n   Use HPX to sum in parallel.  Assume HPX has already been initialized.\n   Example:\n\n   input: x=[3, 4, 0, 2, 3], y=[2, 5, 3, 1, 7]\n   output: 10\n*/\ndouble sumOfMinimumElements(std::vector<double> const& x, std::vector<double> const& y) {",29_reduce_sum_of_min_of_pairs,reduce,cpp,hpx,0.2,0.95,True,2048,False,"double sumOfMinimumElements(std::vector<double> const& x, std::vector<double> const& y) {\n    if (x.size() != y.size())\n        throw std::invalid_argument(""Vectors must have the same size"");\n    return hpx::transform_reduce(\n        hpx::execution::par,\n        x.begin(), x.end(), y.begin(),\n        0.0,\n        std::plus<double>{},\n        [](double xi, double yi) { return std::min(xi, yi); }\n    );\n}",False,True,,40,N/A,,,,,6.098362684249878
"#include <hpx/hpx_main.hpp>\n\n/* Return the sum of the minimum value at each index of vectors x and y for all indices.\n   i.e. sum = min(x_0, y_0) + min(x_1, y_1) + min(x_2, y_2) + ...\n   Use HPX to sum in parallel.  Assume HPX has already been initialized.\n   Example:\n\n   input: x=[3, 4, 0, 2, 3], y=[2, 5, 3, 1, 7]\n   output: 10\n*/\ndouble sumOfMinimumElements(std::vector<double> const& x, std::vector<double> const& y) {",29_reduce_sum_of_min_of_pairs,reduce,cpp,hpx,0.2,0.95,True,2048,False,"double sumOfMinimumElements(std::vector<double> const& x, std::vector<double> const& y) {\n    assert(x.size() == y.size());\n    return hpx::transform_reduce(\n        hpx::execution::par,\n        x.begin(), x.end(), y.begin(),\n        0.0,\n        std::plus<double>{},\n        [](double xi, double yi) { return std::min(xi, yi); }\n    );\n}",False,True,,41,N/A,,,,,4.065628290176392
"#include <hpx/hpx_main.hpp>\n\n/* Return the sum of the minimum value at each index of vectors x and y for all indices.\n   i.e. sum = min(x_0, y_0) + min(x_1, y_1) + min(x_2, y_2) + ...\n   Use HPX to sum in parallel.  Assume HPX has already been initialized.\n   Example:\n\n   input: x=[3, 4, 0, 2, 3], y=[2, 5, 3, 1, 7]\n   output: 10\n*/\ndouble sumOfMinimumElements(std::vector<double> const& x, std::vector<double> const& y) {",29_reduce_sum_of_min_of_pairs,reduce,cpp,hpx,0.2,0.95,True,2048,False,"double sumOfMinimumElements(std::vector<double> const& x, std::vector<double> const& y) {\n    std::size_t n = std::min(x.size(), y.size());\n    return hpx::transform_reduce(\n        hpx::execution::par, x.begin(), x.begin() + n, y.begin(), 0.0,\n        std::plus<double>(), [](double a, double b) { return std::min(a, b); });\n}",False,True,,42,N/A,,,,,6.068169116973877
"#include <hpx/hpx_main.hpp>\n\n/* Return the sum of the minimum value at each index of vectors x and y for all indices.\n   i.e. sum = min(x_0, y_0) + min(x_1, y_1) + min(x_2, y_2) + ...\n   Use HPX to sum in parallel.  Assume HPX has already been initialized.\n   Example:\n\n   input: x=[3, 4, 0, 2, 3], y=[2, 5, 3, 1, 7]\n   output: 10\n*/\ndouble sumOfMinimumElements(std::vector<double> const& x, std::vector<double> const& y) {",29_reduce_sum_of_min_of_pairs,reduce,cpp,hpx,0.2,0.95,True,2048,False,"double sumOfMinimumElements(std::vector<double> const& x, std::vector<double> const& y) {\n    if (x.size() != y.size()) {\n        throw std::invalid_argument(""Vectors must have the same size"");\n    }\n\n    return hpx::transform_reduce(\n        hpx::execution::par,\n        hpx::make_zip_iterator(x.begin(), y.begin()),\n        hpx::make_zip_iterator(x.end(), y.end()),\n        0.0,\n        std::plus<double>{},\n        [](auto const& t) {\n            double a = hpx::get<0>(t);\n            double b = hpx::get<1>(t);\n            return std::min(a, b);\n        }\n    );\n}",False,True,,43,N/A,,,,,4.439537763595581
"#include <hpx/hpx_main.hpp>\n\n/* Return the sum of the minimum value at each index of vectors x and y for all indices.\n   i.e. sum = min(x_0, y_0) + min(x_1, y_1) + min(x_2, y_2) + ...\n   Use HPX to sum in parallel.  Assume HPX has already been initialized.\n   Example:\n\n   input: x=[3, 4, 0, 2, 3], y=[2, 5, 3, 1, 7]\n   output: 10\n*/\ndouble sumOfMinimumElements(std::vector<double> const& x, std::vector<double> const& y) {",29_reduce_sum_of_min_of_pairs,reduce,cpp,hpx,0.2,0.95,True,2048,False,"double sumOfMinimumElements(std::vector<double> const& x, std::vector<double> const& y) {\n    if (x.size() != y.size())\n        throw std::invalid_argument(""size mismatch"");\n\n    auto first = hpx::util::make_zip_iterator(x.begin(), y.begin());\n    auto last  = hpx::util::make_zip_iterator(x.end(), y.end());\n\n    return hpx::transform_reduce(\n        hpx::execution::par, first, last, 0.0, std::plus<double>{},\n        [](auto const& t) { return std::min(hpx::get<0>(t), hpx::get<1>(t)); });\n}",False,True,,44,N/A,,,,,10.538286685943604
"#include <hpx/hpx_main.hpp>\n\n/* Return the sum of the minimum value at each index of vectors x and y for all indices.\n   i.e. sum = min(x_0, y_0) + min(x_1, y_1) + min(x_2, y_2) + ...\n   Use HPX to sum in parallel.  Assume HPX has already been initialized.\n   Example:\n\n   input: x=[3, 4, 0, 2, 3], y=[2, 5, 3, 1, 7]\n   output: 10\n*/\ndouble sumOfMinimumElements(std::vector<double> const& x, std::vector<double> const& y) {",29_reduce_sum_of_min_of_pairs,reduce,cpp,hpx,0.2,0.95,True,2048,False,"double sumOfMinimumElements(std::vector<double> const& x, std::vector<double> const& y) {\n    std::size_t n = std::min(x.size(), y.size());\n    return hpx::transform_reduce(\n        hpx::execution::par,\n        x.begin(), x.begin() + n,\n        y.begin(),\n        0.0,\n        std::plus<double>{},\n        [](double a, double b) { return std::min(a, b); }\n    );\n}",False,True,,45,N/A,,,,,5.959927320480347
"#include <hpx/hpx_main.hpp>\n\n/* Return the sum of the minimum value at each index of vectors x and y for all indices.\n   i.e. sum = min(x_0, y_0) + min(x_1, y_1) + min(x_2, y_2) + ...\n   Use HPX to sum in parallel.  Assume HPX has already been initialized.\n   Example:\n\n   input: x=[3, 4, 0, 2, 3], y=[2, 5, 3, 1, 7]\n   output: 10\n*/\ndouble sumOfMinimumElements(std::vector<double> const& x, std::vector<double> const& y) {",29_reduce_sum_of_min_of_pairs,reduce,cpp,hpx,0.2,0.95,True,2048,False,"double sumOfMinimumElements(std::vector<double> const& x, std::vector<double> const& y) {\n    std::size_t n = std::min(x.size(), y.size());\n    auto first = hpx::util::make_zip_iterator(x.begin(), y.begin());\n    auto last  = hpx::util::make_zip_iterator(x.begin() + n, y.begin() + n);\n\n    return hpx::transform_reduce(\n        hpx::execution::par, first, last, 0.0, std::plus<double>{},\n        [](auto const& t) { return std::min(hpx::get<0>(t), hpx::get<1>(t)); });\n}",False,True,,46,N/A,,,,,13.780034065246582
"#include <hpx/hpx_main.hpp>\n\n/* Return the sum of the minimum value at each index of vectors x and y for all indices.\n   i.e. sum = min(x_0, y_0) + min(x_1, y_1) + min(x_2, y_2) + ...\n   Use HPX to sum in parallel.  Assume HPX has already been initialized.\n   Example:\n\n   input: x=[3, 4, 0, 2, 3], y=[2, 5, 3, 1, 7]\n   output: 10\n*/\ndouble sumOfMinimumElements(std::vector<double> const& x, std::vector<double> const& y) {",29_reduce_sum_of_min_of_pairs,reduce,cpp,hpx,0.2,0.95,True,2048,False,"double sumOfMinimumElements(std::vector<double> const& x, std::vector<double> const& y) {\n    std::size_t n = std::min(x.size(), y.size());\n    if (n == 0) return 0.0;\n\n    return hpx::transform_reduce(\n        hpx::execution::par,\n        x.begin(), x.begin() + n,\n        y.begin(),\n        0.0,\n        std::plus<>(),\n        [](double a, double b) { return std::min(a, b); }\n    );\n}",False,True,,47,N/A,,,,,9.05033802986145
"#include <hpx/hpx_main.hpp>\n\n/* Return the sum of the minimum value at each index of vectors x and y for all indices.\n   i.e. sum = min(x_0, y_0) + min(x_1, y_1) + min(x_2, y_2) + ...\n   Use HPX to sum in parallel.  Assume HPX has already been initialized.\n   Example:\n\n   input: x=[3, 4, 0, 2, 3], y=[2, 5, 3, 1, 7]\n   output: 10\n*/\ndouble sumOfMinimumElements(std::vector<double> const& x, std::vector<double> const& y) {",29_reduce_sum_of_min_of_pairs,reduce,cpp,hpx,0.2,0.95,True,2048,False,"double sumOfMinimumElements(std::vector<double> const& x, std::vector<double> const& y) {\n    std::size_t n = std::min(x.size(), y.size());\n    return hpx::transform_reduce(\n        hpx::execution::par,\n        x.begin(), x.begin() + n, y.begin(),\n        0.0, std::plus<>(),\n        [](double a, double b) { return std::min(a, b); }\n    );\n}",False,True,,48,N/A,,,,,4.1471734046936035
"#include <hpx/hpx_main.hpp>\n\n/* Return the sum of the minimum value at each index of vectors x and y for all indices.\n   i.e. sum = min(x_0, y_0) + min(x_1, y_1) + min(x_2, y_2) + ...\n   Use HPX to sum in parallel.  Assume HPX has already been initialized.\n   Example:\n\n   input: x=[3, 4, 0, 2, 3], y=[2, 5, 3, 1, 7]\n   output: 10\n*/\ndouble sumOfMinimumElements(std::vector<double> const& x, std::vector<double> const& y) {",29_reduce_sum_of_min_of_pairs,reduce,cpp,hpx,0.2,0.95,True,2048,False,"double sumOfMinimumElements(std::vector<double> const& x, std::vector<double> const& y) {\n    std::size_t n = std::min(x.size(), y.size());\n    if (n == 0) return 0.0;\n\n    double sum = 0.0;\n    hpx::for_loop(\n        hpx::execution::par,\n        std::size_t(0), n,\n        hpx::reduction(sum, std::plus<double>()),\n        [&](std::size_t i, double& acc) {\n            acc += std::min(x[i], y[i]);\n        }\n    );\n    return sum;\n}",False,True,,49,N/A,,,,,12.080394268035889
"#include <hpx/hpx_main.hpp>\n\n/* Return the sum of the minimum value at each index of vectors x and y for all indices.\n   i.e. sum = min(x_0, y_0) + min(x_1, y_1) + min(x_2, y_2) + ...\n   Use HPX to sum in parallel.  Assume HPX has already been initialized.\n   Example:\n\n   input: x=[3, 4, 0, 2, 3], y=[2, 5, 3, 1, 7]\n   output: 10\n*/\ndouble sumOfMinimumElements(std::vector<double> const& x, std::vector<double> const& y) {",29_reduce_sum_of_min_of_pairs,reduce,cpp,hpx,0.2,0.95,True,2048,False,"double sumOfMinimumElements(std::vector<double> const& x, std::vector<double> const& y) {\n    HPX_ASSERT(x.size() == y.size());\n    using hpx::execution::par;\n    auto n = x.size();\n    auto first = hpx::util::counting_iterator<std::size_t>(0);\n    auto last  = first + n;\n\n    return hpx::transform_reduce(\n        par, first, last, 0.0, std::plus<>{},\n        [&](std::size_t i) { return std::min(x[i], y[i]); });\n}",False,True,,50,N/A,,,,,7.5931618213653564
"#include <hpx/hpx_main.hpp>\n\n/* Return the sum of the minimum value at each index of vectors x and y for all indices.\n   i.e. sum = min(x_0, y_0) + min(x_1, y_1) + min(x_2, y_2) + ...\n   Use HPX to sum in parallel.  Assume HPX has already been initialized.\n   Example:\n\n   input: x=[3, 4, 0, 2, 3], y=[2, 5, 3, 1, 7]\n   output: 10\n*/\ndouble sumOfMinimumElements(std::vector<double> const& x, std::vector<double> const& y) {",29_reduce_sum_of_min_of_pairs,reduce,cpp,hpx,0.2,0.95,True,2048,False,"double sumOfMinimumElements(std::vector<double> const& x, std::vector<double> const& y) {\n    if (x.size() != y.size()) throw std::invalid_argument(""x and y must have same size"");\n    return hpx::transform_reduce(\n        hpx::execution::par,\n        x.begin(), x.end(), y.begin(),\n        0.0, std::plus<double>{},\n        [](double a, double b) { return std::min(a, b); }\n    );\n}",False,True,,51,N/A,,,,,5.704956531524658
"#include <hpx/hpx_main.hpp>\n\n/* Return the sum of the minimum value at each index of vectors x and y for all indices.\n   i.e. sum = min(x_0, y_0) + min(x_1, y_1) + min(x_2, y_2) + ...\n   Use HPX to sum in parallel.  Assume HPX has already been initialized.\n   Example:\n\n   input: x=[3, 4, 0, 2, 3], y=[2, 5, 3, 1, 7]\n   output: 10\n*/\ndouble sumOfMinimumElements(std::vector<double> const& x, std::vector<double> const& y) {",29_reduce_sum_of_min_of_pairs,reduce,cpp,hpx,0.2,0.95,True,2048,False,"double sumOfMinimumElements(std::vector<double> const& x, std::vector<double> const& y) {\n    if (x.size() != y.size()) throw std::invalid_argument(""size mismatch"");\n    return hpx::transform_reduce(\n        hpx::execution::par,\n        x.begin(), x.end(), y.begin(),\n        0.0,\n        std::plus<double>{},\n        [](double a, double b) { return std::min(a, b); }\n    );\n}",False,True,,52,N/A,,,,,7.661978483200073
"#include <hpx/hpx_main.hpp>\n\n/* Return the sum of the minimum value at each index of vectors x and y for all indices.\n   i.e. sum = min(x_0, y_0) + min(x_1, y_1) + min(x_2, y_2) + ...\n   Use HPX to sum in parallel.  Assume HPX has already been initialized.\n   Example:\n\n   input: x=[3, 4, 0, 2, 3], y=[2, 5, 3, 1, 7]\n   output: 10\n*/\ndouble sumOfMinimumElements(std::vector<double> const& x, std::vector<double> const& y) {",29_reduce_sum_of_min_of_pairs,reduce,cpp,hpx,0.2,0.95,True,2048,False,"double sumOfMinimumElements(std::vector<double> const& x, std::vector<double> const& y) {\n    std::size_t n = std::min(x.size(), y.size());\n    return hpx::transform_reduce(\n        hpx::execution::par,\n        x.begin(), x.begin() + n, y.begin(),\n        0.0, std::plus<double>{},\n        [](double a, double b) { return a < b ? a : b; });\n}",False,True,,53,N/A,,,,,6.129157543182373
"#include <hpx/hpx_main.hpp>\n\n/* Return the sum of the minimum value at each index of vectors x and y for all indices.\n   i.e. sum = min(x_0, y_0) + min(x_1, y_1) + min(x_2, y_2) + ...\n   Use HPX to sum in parallel.  Assume HPX has already been initialized.\n   Example:\n\n   input: x=[3, 4, 0, 2, 3], y=[2, 5, 3, 1, 7]\n   output: 10\n*/\ndouble sumOfMinimumElements(std::vector<double> const& x, std::vector<double> const& y) {",29_reduce_sum_of_min_of_pairs,reduce,cpp,hpx,0.2,0.95,True,2048,False,"double sumOfMinimumElements(std::vector<double> const& x, std::vector<double> const& y) {\n    std::size_t n = std::min(x.size(), y.size());\n    auto first = hpx::make_zip_iterator(x.begin(), y.begin());\n    auto last  = hpx::make_zip_iterator(x.begin() + n, y.begin() + n);\n\n    return hpx::transform_reduce(\n        hpx::execution::par, first, last, 0.0, std::plus<>(),\n        [](auto const& p) {\n            auto const& [xi, yi] = p;\n            return std::min(xi, yi);\n        });\n}",False,True,,54,N/A,,,,,9.292856216430664
"#include <hpx/hpx_main.hpp>\n\n/* Return the sum of the minimum value at each index of vectors x and y for all indices.\n   i.e. sum = min(x_0, y_0) + min(x_1, y_1) + min(x_2, y_2) + ...\n   Use HPX to sum in parallel.  Assume HPX has already been initialized.\n   Example:\n\n   input: x=[3, 4, 0, 2, 3], y=[2, 5, 3, 1, 7]\n   output: 10\n*/\ndouble sumOfMinimumElements(std::vector<double> const& x, std::vector<double> const& y) {",29_reduce_sum_of_min_of_pairs,reduce,cpp,hpx,0.2,0.95,True,2048,False,"double sumOfMinimumElements(std::vector<double> const& x, std::vector<double> const& y) {\n    std::size_t n = std::min(x.size(), y.size());\n    return hpx::transform_reduce(\n        hpx::execution::par,\n        x.begin(), x.begin() + n,\n        y.begin(),\n        0.0,\n        std::plus<>{},\n        [](double a, double b) { return std::min(a, b); }\n    );\n}",False,True,,55,N/A,,,,,5.143633604049683
"#include <hpx/hpx_main.hpp>\n\n/* Return the sum of the minimum value at each index of vectors x and y for all indices.\n   i.e. sum = min(x_0, y_0) + min(x_1, y_1) + min(x_2, y_2) + ...\n   Use HPX to sum in parallel.  Assume HPX has already been initialized.\n   Example:\n\n   input: x=[3, 4, 0, 2, 3], y=[2, 5, 3, 1, 7]\n   output: 10\n*/\ndouble sumOfMinimumElements(std::vector<double> const& x, std::vector<double> const& y) {",29_reduce_sum_of_min_of_pairs,reduce,cpp,hpx,0.2,0.95,True,2048,False,"double sumOfMinimumElements(std::vector<double> const& x, std::vector<double> const& y) {\n    HPX_ASSERT(x.size() == y.size());\n\n    auto first = hpx::util::make_zip_iterator(x.begin(), y.begin());\n    auto last  = hpx::util::make_zip_iterator(x.end(),   y.end());\n\n    return hpx::transform_reduce(\n        hpx::execution::par, first, last, 0.0,\n        std::plus<>(),\n        [](auto const& t) {\n            return (std::min)(hpx::util::get<0>(t), hpx::util::get<1>(t));\n        }\n    );\n}",False,True,,56,N/A,,,,,7.026682615280151
"#include <hpx/hpx_main.hpp>\n\n/* Return the sum of the minimum value at each index of vectors x and y for all indices.\n   i.e. sum = min(x_0, y_0) + min(x_1, y_1) + min(x_2, y_2) + ...\n   Use HPX to sum in parallel.  Assume HPX has already been initialized.\n   Example:\n\n   input: x=[3, 4, 0, 2, 3], y=[2, 5, 3, 1, 7]\n   output: 10\n*/\ndouble sumOfMinimumElements(std::vector<double> const& x, std::vector<double> const& y) {",29_reduce_sum_of_min_of_pairs,reduce,cpp,hpx,0.2,0.95,True,2048,False,"{\n    if (x.size() != y.size())\n        throw std::invalid_argument(""Vectors must be the same size"");\n\n    return hpx::transform_reduce(\n        hpx::execution::par,\n        x.begin(), x.end(), y.begin(),\n        0.0,\n        std::plus<double>(),\n        [](double a, double b) { return std::min(a, b); }\n    );\n}",False,True,,57,N/A,,,,,3.650209903717041
"#include <hpx/hpx_main.hpp>\n\n/* Return the sum of the minimum value at each index of vectors x and y for all indices.\n   i.e. sum = min(x_0, y_0) + min(x_1, y_1) + min(x_2, y_2) + ...\n   Use HPX to sum in parallel.  Assume HPX has already been initialized.\n   Example:\n\n   input: x=[3, 4, 0, 2, 3], y=[2, 5, 3, 1, 7]\n   output: 10\n*/\ndouble sumOfMinimumElements(std::vector<double> const& x, std::vector<double> const& y) {",29_reduce_sum_of_min_of_pairs,reduce,cpp,hpx,0.2,0.95,True,2048,False,"double sumOfMinimumElements(std::vector<double> const& x, std::vector<double> const& y) {\n    HPX_ASSERT(x.size() == y.size());\n    return hpx::transform_reduce(\n        hpx::execution::par,\n        x.begin(), x.end(),\n        y.begin(),\n        0.0,\n        std::plus<>(),\n        [](double a, double b) { return std::min(a, b); }\n    );\n}",False,True,,58,N/A,,,,,7.117471933364868
"#include <hpx/hpx_main.hpp>\n\n/* Return the sum of the minimum value at each index of vectors x and y for all indices.\n   i.e. sum = min(x_0, y_0) + min(x_1, y_1) + min(x_2, y_2) + ...\n   Use HPX to sum in parallel.  Assume HPX has already been initialized.\n   Example:\n\n   input: x=[3, 4, 0, 2, 3], y=[2, 5, 3, 1, 7]\n   output: 10\n*/\ndouble sumOfMinimumElements(std::vector<double> const& x, std::vector<double> const& y) {",29_reduce_sum_of_min_of_pairs,reduce,cpp,hpx,0.2,0.95,True,2048,False,"double sumOfMinimumElements(std::vector<double> const& x, std::vector<double> const& y) {\n    auto n = std::min(x.size(), y.size());\n    return hpx::transform_reduce(\n        hpx::execution::par,\n        x.begin(), x.begin() + n, y.begin(),\n        0.0, std::plus<double>{},\n        [](double a, double b) { return std::min(a, b); }\n    );\n}",False,True,,59,N/A,,,,,5.171249866485596
"#include <hpx/hpx_main.hpp>\n\n/* Return the sum of the minimum value at each index of vectors x and y for all indices.\n   i.e. sum = min(x_0, y_0) + min(x_1, y_1) + min(x_2, y_2) + ...\n   Use HPX to sum in parallel.  Assume HPX has already been initialized.\n   Example:\n\n   input: x=[3, 4, 0, 2, 3], y=[2, 5, 3, 1, 7]\n   output: 10\n*/\ndouble sumOfMinimumElements(std::vector<double> const& x, std::vector<double> const& y) {",29_reduce_sum_of_min_of_pairs,reduce,cpp,hpx,0.2,0.95,True,2048,False,"double sumOfMinimumElements(std::vector<double> const& x, std::vector<double> const& y) {\n    std::size_t n = std::min(x.size(), y.size());\n    return hpx::transform_reduce(\n        hpx::execution::par,\n        x.begin(), x.begin() + n, y.begin(),\n        0.0,\n        std::plus<double>{},\n        [](double a, double b) { return std::min(a, b); }\n    );\n}",False,True,,60,N/A,,,,,5.060068607330322
"#include <hpx/hpx_main.hpp>\n\n/* Return the sum of the minimum value at each index of vectors x and y for all indices.\n   i.e. sum = min(x_0, y_0) + min(x_1, y_1) + min(x_2, y_2) + ...\n   Use HPX to sum in parallel.  Assume HPX has already been initialized.\n   Example:\n\n   input: x=[3, 4, 0, 2, 3], y=[2, 5, 3, 1, 7]\n   output: 10\n*/\ndouble sumOfMinimumElements(std::vector<double> const& x, std::vector<double> const& y) {",29_reduce_sum_of_min_of_pairs,reduce,cpp,hpx,0.2,0.95,True,2048,False,"double sumOfMinimumElements(std::vector<double> const& x, std::vector<double> const& y) {\n    if (x.size() != y.size())\n        throw std::invalid_argument(""Vectors must be the same size"");\n\n    auto first = hpx::util::make_zip_iterator(x.begin(), y.begin());\n    auto last  = hpx::util::make_zip_iterator(x.end(), y.end());\n\n    return hpx::transform_reduce(\n        hpx::execution::par, first, last, 0.0, std::plus<>{},\n        [](auto const& t) { return std::min(hpx::get<0>(t), hpx::get<1>(t)); });\n}",False,True,,61,N/A,,,,,6.465514421463013
"#include <hpx/hpx_main.hpp>\n\n/* Return the sum of the minimum value at each index of vectors x and y for all indices.\n   i.e. sum = min(x_0, y_0) + min(x_1, y_1) + min(x_2, y_2) + ...\n   Use HPX to sum in parallel.  Assume HPX has already been initialized.\n   Example:\n\n   input: x=[3, 4, 0, 2, 3], y=[2, 5, 3, 1, 7]\n   output: 10\n*/\ndouble sumOfMinimumElements(std::vector<double> const& x, std::vector<double> const& y) {",29_reduce_sum_of_min_of_pairs,reduce,cpp,hpx,0.2,0.95,True,2048,False,"double sumOfMinimumElements(std::vector<double> const& x, std::vector<double> const& y) {\n    HPX_ASSERT(x.size() == y.size());\n    return hpx::transform_reduce(\n        hpx::execution::par, x.begin(), x.end(), y.begin(), 0.0,\n        std::plus<double>{},\n        [](double a, double b) { return std::min(a, b); }\n    );\n}",False,True,,62,N/A,,,,,4.616738557815552
"#include <hpx/hpx_main.hpp>\n\n/* Return the sum of the minimum value at each index of vectors x and y for all indices.\n   i.e. sum = min(x_0, y_0) + min(x_1, y_1) + min(x_2, y_2) + ...\n   Use HPX to sum in parallel.  Assume HPX has already been initialized.\n   Example:\n\n   input: x=[3, 4, 0, 2, 3], y=[2, 5, 3, 1, 7]\n   output: 10\n*/\ndouble sumOfMinimumElements(std::vector<double> const& x, std::vector<double> const& y) {",29_reduce_sum_of_min_of_pairs,reduce,cpp,hpx,0.2,0.95,True,2048,False,"double sumOfMinimumElements(std::vector<double> const& x, std::vector<double> const& y) {\n    if (x.size() != y.size())\n        throw std::invalid_argument(""x and y must have the same size"");\n\n    using hpx::execution::par;\n    using hpx::iterator_support::make_counting_iterator;\n\n    const std::size_t n = x.size();\n    return hpx::transform_reduce(\n        par,\n        make_counting_iterator<std::size_t>(0),\n        make_counting_iterator<std::size_t>(n),\n        0.0,\n        std::plus<double>(),\n        [&](std::size_t i) { return (std::min)(x[i], y[i]); }\n    );\n}",False,True,,63,N/A,,,,,7.123847961425781
"#include <hpx/hpx_main.hpp>\n\n/* Return the sum of the minimum value at each index of vectors x and y for all indices.\n   i.e. sum = min(x_0, y_0) + min(x_1, y_1) + min(x_2, y_2) + ...\n   Use HPX to sum in parallel.  Assume HPX has already been initialized.\n   Example:\n\n   input: x=[3, 4, 0, 2, 3], y=[2, 5, 3, 1, 7]\n   output: 10\n*/\ndouble sumOfMinimumElements(std::vector<double> const& x, std::vector<double> const& y) {",29_reduce_sum_of_min_of_pairs,reduce,cpp,hpx,0.2,0.95,True,2048,False,"{\n    if (x.size() != y.size())\n        throw std::invalid_argument(""x and y must have the same size"");\n\n    std::size_t n = x.size();\n\n    auto first = hpx::util::make_counting_iterator<std::size_t>(0);\n    auto last  = hpx::util::make_counting_iterator<std::size_t>(n);\n\n    return hpx::transform_reduce(\n        hpx::execution::par, first, last, 0.0, std::plus<>(),\n        [&](std::size_t i) { return std::min(x[i], y[i]); }\n    );\n}",False,True,,64,N/A,,,,,8.86368727684021
"#include <hpx/hpx_main.hpp>\n\n/* Return the sum of the minimum value at each index of vectors x and y for all indices.\n   i.e. sum = min(x_0, y_0) + min(x_1, y_1) + min(x_2, y_2) + ...\n   Use HPX to sum in parallel.  Assume HPX has already been initialized.\n   Example:\n\n   input: x=[3, 4, 0, 2, 3], y=[2, 5, 3, 1, 7]\n   output: 10\n*/\ndouble sumOfMinimumElements(std::vector<double> const& x, std::vector<double> const& y) {",29_reduce_sum_of_min_of_pairs,reduce,cpp,hpx,0.2,0.95,True,2048,False,"double sumOfMinimumElements(std::vector<double> const& x, std::vector<double> const& y) {\n    if (x.size() != y.size()) throw std::invalid_argument(""x and y must have the same size"");\n\n    auto n = x.size();\n    auto first = hpx::make_counting_iterator<std::size_t>(0);\n    auto last  = hpx::make_counting_iterator<std::size_t>(n);\n\n    return hpx::transform_reduce(\n        hpx::execution::par, first, last, 0.0, std::plus<double>{},\n        [&](std::size_t i) { return std::min(x[i], y[i]); }\n    );\n}",False,True,,65,N/A,,,,,7.370649814605713
"#include <hpx/hpx_main.hpp>\n\n/* Return the sum of the minimum value at each index of vectors x and y for all indices.\n   i.e. sum = min(x_0, y_0) + min(x_1, y_1) + min(x_2, y_2) + ...\n   Use HPX to sum in parallel.  Assume HPX has already been initialized.\n   Example:\n\n   input: x=[3, 4, 0, 2, 3], y=[2, 5, 3, 1, 7]\n   output: 10\n*/\ndouble sumOfMinimumElements(std::vector<double> const& x, std::vector<double> const& y) {",29_reduce_sum_of_min_of_pairs,reduce,cpp,hpx,0.2,0.95,True,2048,False,"double sumOfMinimumElements(std::vector<double> const& x, std::vector<double> const& y) {\n    assert(x.size() == y.size());\n    auto first = hpx::make_zip_iterator(x.begin(), y.begin());\n    auto last  = hpx::make_zip_iterator(x.end(), y.end());\n\n    return hpx::transform_reduce(\n        hpx::execution::par, first, last, 0.0, std::plus<double>{},\n        [](auto const& t) {\n            return (std::min)(hpx::get<0>(t), hpx::get<1>(t));\n        });\n}",False,True,,66,N/A,,,,,8.420029163360596
"#include <hpx/hpx_main.hpp>\n\n/* Return the sum of the minimum value at each index of vectors x and y for all indices.\n   i.e. sum = min(x_0, y_0) + min(x_1, y_1) + min(x_2, y_2) + ...\n   Use HPX to sum in parallel.  Assume HPX has already been initialized.\n   Example:\n\n   input: x=[3, 4, 0, 2, 3], y=[2, 5, 3, 1, 7]\n   output: 10\n*/\ndouble sumOfMinimumElements(std::vector<double> const& x, std::vector<double> const& y) {",29_reduce_sum_of_min_of_pairs,reduce,cpp,hpx,0.2,0.95,True,2048,False,"double sumOfMinimumElements(std::vector<double> const& x, std::vector<double> const& y) {\n    std::size_t n = std::min(x.size(), y.size());\n    auto first = hpx::util::make_zip_iterator(x.begin(), y.begin());\n    auto last  = hpx::util::make_zip_iterator(x.begin() + n, y.begin() + n);\n\n    return hpx::transform_reduce(\n        hpx::execution::par, first, last, 0.0, std::plus<double>{},\n        [](auto const& t) { return std::min(hpx::get<0>(t), hpx::get<1>(t)); }\n    );\n}",False,True,,67,N/A,,,,,6.8215415477752686
"#include <hpx/hpx_main.hpp>\n\n/* Return the sum of the minimum value at each index of vectors x and y for all indices.\n   i.e. sum = min(x_0, y_0) + min(x_1, y_1) + min(x_2, y_2) + ...\n   Use HPX to sum in parallel.  Assume HPX has already been initialized.\n   Example:\n\n   input: x=[3, 4, 0, 2, 3], y=[2, 5, 3, 1, 7]\n   output: 10\n*/\ndouble sumOfMinimumElements(std::vector<double> const& x, std::vector<double> const& y) {",29_reduce_sum_of_min_of_pairs,reduce,cpp,hpx,0.2,0.95,True,2048,False,"double sumOfMinimumElements(std::vector<double> const& x, std::vector<double> const& y) {\n    std::size_t n = std::min(x.size(), y.size());\n    return hpx::transform_reduce(\n        hpx::execution::par,\n        x.begin(), x.begin() + n,\n        y.begin(),\n        0.0,\n        std::plus<double>{},\n        [](double a, double b) { return std::min(a, b); }\n    );\n}",False,True,,68,N/A,,,,,4.254681825637817
"#include <hpx/hpx_main.hpp>\n\n/* Return the sum of the minimum value at each index of vectors x and y for all indices.\n   i.e. sum = min(x_0, y_0) + min(x_1, y_1) + min(x_2, y_2) + ...\n   Use HPX to sum in parallel.  Assume HPX has already been initialized.\n   Example:\n\n   input: x=[3, 4, 0, 2, 3], y=[2, 5, 3, 1, 7]\n   output: 10\n*/\ndouble sumOfMinimumElements(std::vector<double> const& x, std::vector<double> const& y) {",29_reduce_sum_of_min_of_pairs,reduce,cpp,hpx,0.2,0.95,True,2048,False,"double sumOfMinimumElements(std::vector<double> const& x, std::vector<double> const& y) {\n    std::size_t n = std::min(x.size(), y.size());\n    return hpx::transform_reduce(\n        hpx::execution::par,\n        x.begin(), x.begin() + n, y.begin(),\n        0.0,\n        std::plus<double>{},\n        [](double a, double b) { return std::min(a, b); }\n    );\n}",False,True,,69,N/A,,,,,7.293014764785767
"#include <hpx/hpx_main.hpp>\n\n/* Return the sum of the minimum value at each index of vectors x and y for all indices.\n   i.e. sum = min(x_0, y_0) + min(x_1, y_1) + min(x_2, y_2) + ...\n   Use HPX to sum in parallel.  Assume HPX has already been initialized.\n   Example:\n\n   input: x=[3, 4, 0, 2, 3], y=[2, 5, 3, 1, 7]\n   output: 10\n*/\ndouble sumOfMinimumElements(std::vector<double> const& x, std::vector<double> const& y) {",29_reduce_sum_of_min_of_pairs,reduce,cpp,hpx,0.2,0.95,True,2048,False,"double sumOfMinimumElements(std::vector<double> const& x, std::vector<double> const& y) {\n    return hpx::ranges::transform_reduce(\n        hpx::execution::par, x, y, 0.0, std::plus<>{},\n        [](double a, double b) { return std::min(a, b); });\n}",False,True,,70,N/A,,,,,7.118594169616699
"#include <hpx/hpx_main.hpp>\n\n/* Return the sum of the minimum value at each index of vectors x and y for all indices.\n   i.e. sum = min(x_0, y_0) + min(x_1, y_1) + min(x_2, y_2) + ...\n   Use HPX to sum in parallel.  Assume HPX has already been initialized.\n   Example:\n\n   input: x=[3, 4, 0, 2, 3], y=[2, 5, 3, 1, 7]\n   output: 10\n*/\ndouble sumOfMinimumElements(std::vector<double> const& x, std::vector<double> const& y) {",29_reduce_sum_of_min_of_pairs,reduce,cpp,hpx,0.2,0.95,True,2048,False,"double sumOfMinimumElements(std::vector<double> const& x, std::vector<double> const& y) {\n    std::size_t n = std::min(x.size(), y.size());\n    return hpx::transform_reduce(\n        hpx::execution::par,\n        x.begin(), x.begin() + n, y.begin(),\n        0.0,\n        std::plus<double>{},\n        [](double a, double b) { return std::min(a, b); }\n    );\n}",False,True,,71,N/A,,,,,3.739990711212158
"#include <hpx/hpx_main.hpp>\n\n/* Return the sum of the minimum value at each index of vectors x and y for all indices.\n   i.e. sum = min(x_0, y_0) + min(x_1, y_1) + min(x_2, y_2) + ...\n   Use HPX to sum in parallel.  Assume HPX has already been initialized.\n   Example:\n\n   input: x=[3, 4, 0, 2, 3], y=[2, 5, 3, 1, 7]\n   output: 10\n*/\ndouble sumOfMinimumElements(std::vector<double> const& x, std::vector<double> const& y) {",29_reduce_sum_of_min_of_pairs,reduce,cpp,hpx,0.2,0.95,True,2048,False,"std::size_t n = std::min(x.size(), y.size());\n    return hpx::transform_reduce(\n        hpx::execution::par,\n        x.begin(), x.begin() + n, y.begin(),\n        0.0,\n        std::plus<double>(),\n        [](double a, double b) { return std::min(a, b); }\n    );",False,True,,72,N/A,,,,,7.731639862060547
"#include <hpx/hpx_main.hpp>\n\n/* Return the sum of the minimum value at each index of vectors x and y for all indices.\n   i.e. sum = min(x_0, y_0) + min(x_1, y_1) + min(x_2, y_2) + ...\n   Use HPX to sum in parallel.  Assume HPX has already been initialized.\n   Example:\n\n   input: x=[3, 4, 0, 2, 3], y=[2, 5, 3, 1, 7]\n   output: 10\n*/\ndouble sumOfMinimumElements(std::vector<double> const& x, std::vector<double> const& y) {",29_reduce_sum_of_min_of_pairs,reduce,cpp,hpx,0.2,0.95,True,2048,False,"double sumOfMinimumElements(std::vector<double> const& x, std::vector<double> const& y) {\n    if (x.size() != y.size())\n        throw std::invalid_argument(""sumOfMinimumElements: x and y must have the same size"");\n\n    return hpx::transform_reduce(\n        hpx::execution::par,\n        x.begin(), x.end(), y.begin(),\n        0.0,\n        std::plus<double>{},\n        [](double a, double b) { return std::min(a, b); }\n    );\n}",False,True,,73,N/A,,,,,4.923443078994751
"#include <hpx/hpx_main.hpp>\n\n/* Return the sum of the minimum value at each index of vectors x and y for all indices.\n   i.e. sum = min(x_0, y_0) + min(x_1, y_1) + min(x_2, y_2) + ...\n   Use HPX to sum in parallel.  Assume HPX has already been initialized.\n   Example:\n\n   input: x=[3, 4, 0, 2, 3], y=[2, 5, 3, 1, 7]\n   output: 10\n*/\ndouble sumOfMinimumElements(std::vector<double> const& x, std::vector<double> const& y) {",29_reduce_sum_of_min_of_pairs,reduce,cpp,hpx,0.2,0.95,True,2048,False,"{\n    std::size_t n = std::min(x.size(), y.size());\n    using it = hpx::util::counting_iterator<std::size_t>;\n    return hpx::transform_reduce(\n        hpx::execution::par, it(0), it(n), 0.0, std::plus<>(),\n        [&](std::size_t i) { return std::min(x[i], y[i]); });\n}",False,True,,74,N/A,,,,,9.189056158065796
"#include <hpx/hpx_main.hpp>\n\n/* Return the sum of the minimum value at each index of vectors x and y for all indices.\n   i.e. sum = min(x_0, y_0) + min(x_1, y_1) + min(x_2, y_2) + ...\n   Use HPX to sum in parallel.  Assume HPX has already been initialized.\n   Example:\n\n   input: x=[3, 4, 0, 2, 3], y=[2, 5, 3, 1, 7]\n   output: 10\n*/\ndouble sumOfMinimumElements(std::vector<double> const& x, std::vector<double> const& y) {",29_reduce_sum_of_min_of_pairs,reduce,cpp,hpx,0.2,0.95,True,2048,False,"double sumOfMinimumElements(std::vector<double> const& x, std::vector<double> const& y) {\n    if (x.size() != y.size()) {\n        throw std::invalid_argument(""x and y must have the same size"");\n    }\n\n    return hpx::transform_reduce(\n        hpx::execution::par, x.begin(), x.end(), y.begin(), 0.0,\n        std::plus<double>{},\n        [](double a, double b) { return std::min(a, b); });\n}",False,True,,75,N/A,,,,,5.902442455291748
"#include <hpx/hpx_main.hpp>\n\n/* Return the sum of the minimum value at each index of vectors x and y for all indices.\n   i.e. sum = min(x_0, y_0) + min(x_1, y_1) + min(x_2, y_2) + ...\n   Use HPX to sum in parallel.  Assume HPX has already been initialized.\n   Example:\n\n   input: x=[3, 4, 0, 2, 3], y=[2, 5, 3, 1, 7]\n   output: 10\n*/\ndouble sumOfMinimumElements(std::vector<double> const& x, std::vector<double> const& y) {",29_reduce_sum_of_min_of_pairs,reduce,cpp,hpx,0.2,0.95,True,2048,False,"{\n    HPX_ASSERT(x.size() == y.size());\n    return hpx::transform_reduce(\n        hpx::execution::par, x.begin(), x.end(), y.begin(),\n        0.0, std::plus<>(),\n        [](double a, double b) { return std::min(a, b); }\n    );\n}",False,True,,76,N/A,,,,,6.171809673309326
"#include <hpx/hpx_main.hpp>\n\n/* Return the sum of the minimum value at each index of vectors x and y for all indices.\n   i.e. sum = min(x_0, y_0) + min(x_1, y_1) + min(x_2, y_2) + ...\n   Use HPX to sum in parallel.  Assume HPX has already been initialized.\n   Example:\n\n   input: x=[3, 4, 0, 2, 3], y=[2, 5, 3, 1, 7]\n   output: 10\n*/\ndouble sumOfMinimumElements(std::vector<double> const& x, std::vector<double> const& y) {",29_reduce_sum_of_min_of_pairs,reduce,cpp,hpx,0.2,0.95,True,2048,False,"double sumOfMinimumElements(std::vector<double> const& x, std::vector<double> const& y) {\n    HPX_ASSERT(x.size() == y.size());\n    return hpx::transform_reduce(\n        hpx::execution::par, x.begin(), x.end(), y.begin(), 0.0,\n        std::plus<double>{},\n        [](double a, double b) { return std::min(a, b); });\n}",False,True,,77,N/A,,,,,4.090905666351318
"#include <hpx/hpx_main.hpp>\n\n/* Return the sum of the minimum value at each index of vectors x and y for all indices.\n   i.e. sum = min(x_0, y_0) + min(x_1, y_1) + min(x_2, y_2) + ...\n   Use HPX to sum in parallel.  Assume HPX has already been initialized.\n   Example:\n\n   input: x=[3, 4, 0, 2, 3], y=[2, 5, 3, 1, 7]\n   output: 10\n*/\ndouble sumOfMinimumElements(std::vector<double> const& x, std::vector<double> const& y) {",29_reduce_sum_of_min_of_pairs,reduce,cpp,hpx,0.2,0.95,True,2048,False,"double sumOfMinimumElements(std::vector<double> const& x, std::vector<double> const& y) {\n    std::size_t n = std::min(x.size(), y.size());\n    auto first = hpx::util::make_zip_iterator(x.begin(), y.begin());\n    auto last  = hpx::util::make_zip_iterator(x.begin() + n, y.begin() + n);\n\n    return hpx::transform_reduce(\n        hpx::execution::par, first, last, 0.0, std::plus<>(),\n        [](auto const& t) {\n            auto const& [xi, yi] = t;\n            return std::min(xi, yi);\n        });\n}",False,True,,78,N/A,,,,,6.742133378982544
"#include <hpx/hpx_main.hpp>\n\n/* Return the sum of the minimum value at each index of vectors x and y for all indices.\n   i.e. sum = min(x_0, y_0) + min(x_1, y_1) + min(x_2, y_2) + ...\n   Use HPX to sum in parallel.  Assume HPX has already been initialized.\n   Example:\n\n   input: x=[3, 4, 0, 2, 3], y=[2, 5, 3, 1, 7]\n   output: 10\n*/\ndouble sumOfMinimumElements(std::vector<double> const& x, std::vector<double> const& y) {",29_reduce_sum_of_min_of_pairs,reduce,cpp,hpx,0.2,0.95,True,2048,False,"{\n    // assume same size; otherwise sum up to the smaller length\n    auto n = std::min(x.size(), y.size());\n    return hpx::transform_reduce(\n        hpx::execution::par,\n        x.begin(), x.begin() + n, y.begin(),\n        0.0,\n        std::plus<double>{},\n        [](double a, double b) { return std::min(a, b); });\n}",False,True,,79,N/A,,,,,4.773488283157349
"#include <hpx/hpx_main.hpp>\n\n/* Return the sum of the minimum value at each index of vectors x and y for all indices.\n   i.e. sum = min(x_0, y_0) + min(x_1, y_1) + min(x_2, y_2) + ...\n   Use HPX to sum in parallel.  Assume HPX has already been initialized.\n   Example:\n\n   input: x=[3, 4, 0, 2, 3], y=[2, 5, 3, 1, 7]\n   output: 10\n*/\ndouble sumOfMinimumElements(std::vector<double> const& x, std::vector<double> const& y) {",29_reduce_sum_of_min_of_pairs,reduce,cpp,hpx,0.2,0.95,True,2048,False,"{\n    // Optional: ensure same size\n    if (x.size() != y.size())\n        throw std::invalid_argument(""Vectors must have the same size"");\n\n    return hpx::transform_reduce(\n        hpx::execution::par,\n        x.begin(), x.end(),\n        y.begin(),\n        0.0,\n        std::plus<double>{},\n        [](double a, double b) { return std::min(a, b); }\n    );\n}",False,True,,80,N/A,,,,,6.294736385345459
"#include <hpx/hpx_main.hpp>\n\n/* Return the sum of the minimum value at each index of vectors x and y for all indices.\n   i.e. sum = min(x_0, y_0) + min(x_1, y_1) + min(x_2, y_2) + ...\n   Use HPX to sum in parallel.  Assume HPX has already been initialized.\n   Example:\n\n   input: x=[3, 4, 0, 2, 3], y=[2, 5, 3, 1, 7]\n   output: 10\n*/\ndouble sumOfMinimumElements(std::vector<double> const& x, std::vector<double> const& y) {",29_reduce_sum_of_min_of_pairs,reduce,cpp,hpx,0.2,0.95,True,2048,False,"{\n    if (x.size() != y.size())\n        throw std::invalid_argument(""Vectors must have the same size."");\n\n    return hpx::transform_reduce(\n        hpx::execution::par,\n        x.begin(), x.end(), y.begin(),\n        0.0,\n        std::plus<double>{},\n        [](double a, double b) { return std::min(a, b); }\n    );\n}",False,True,,81,N/A,,,,,4.093770265579224
"#include <hpx/hpx_main.hpp>\n\n/* Return the sum of the minimum value at each index of vectors x and y for all indices.\n   i.e. sum = min(x_0, y_0) + min(x_1, y_1) + min(x_2, y_2) + ...\n   Use HPX to sum in parallel.  Assume HPX has already been initialized.\n   Example:\n\n   input: x=[3, 4, 0, 2, 3], y=[2, 5, 3, 1, 7]\n   output: 10\n*/\ndouble sumOfMinimumElements(std::vector<double> const& x, std::vector<double> const& y) {",29_reduce_sum_of_min_of_pairs,reduce,cpp,hpx,0.2,0.95,True,2048,False,"double sumOfMinimumElements(std::vector<double> const& x, std::vector<double> const& y) {\n    assert(x.size() == y.size());\n    return hpx::transform_reduce(\n        hpx::execution::par,\n        x.begin(), x.end(),\n        y.begin(),\n        0.0,\n        std::plus<double>{},\n        [](double a, double b) { return std::min(a, b); }\n    );\n}",False,True,,82,N/A,,,,,4.666171550750732
"#include <hpx/hpx_main.hpp>\n\n/* Return the sum of the minimum value at each index of vectors x and y for all indices.\n   i.e. sum = min(x_0, y_0) + min(x_1, y_1) + min(x_2, y_2) + ...\n   Use HPX to sum in parallel.  Assume HPX has already been initialized.\n   Example:\n\n   input: x=[3, 4, 0, 2, 3], y=[2, 5, 3, 1, 7]\n   output: 10\n*/\ndouble sumOfMinimumElements(std::vector<double> const& x, std::vector<double> const& y) {",29_reduce_sum_of_min_of_pairs,reduce,cpp,hpx,0.2,0.95,True,2048,False,"double sumOfMinimumElements(std::vector<double> const& x, std::vector<double> const& y) {\n    std::size_t n = std::min(x.size(), y.size());\n    auto first = hpx::make_counting_iterator<std::size_t>(0);\n    auto last  = first + n;\n\n    return hpx::transform_reduce(\n        hpx::execution::par, first, last, 0.0, std::plus<double>{},\n        [&](std::size_t i) { return std::min(x[i], y[i]); });\n}",False,True,,83,N/A,,,,,8.402803659439087
"#include <hpx/hpx_main.hpp>\n\n/* Return the sum of the minimum value at each index of vectors x and y for all indices.\n   i.e. sum = min(x_0, y_0) + min(x_1, y_1) + min(x_2, y_2) + ...\n   Use HPX to sum in parallel.  Assume HPX has already been initialized.\n   Example:\n\n   input: x=[3, 4, 0, 2, 3], y=[2, 5, 3, 1, 7]\n   output: 10\n*/\ndouble sumOfMinimumElements(std::vector<double> const& x, std::vector<double> const& y) {",29_reduce_sum_of_min_of_pairs,reduce,cpp,hpx,0.2,0.95,True,2048,False,"double sumOfMinimumElements(std::vector<double> const& x, std::vector<double> const& y) {\n    using hpx::execution::par;\n    std::size_t n = std::min(x.size(), y.size());\n    auto first = hpx::util::counting_iterator<std::size_t>(0);\n    auto last  = first + n;\n    return hpx::transform_reduce(\n        par, first, last, 0.0, std::plus<double>{},\n        [&](std::size_t i) { return std::min(x[i], y[i]); });\n}",False,True,,84,N/A,,,,,10.500331163406372
"#include <hpx/hpx_main.hpp>\n\n/* Return the sum of the minimum value at each index of vectors x and y for all indices.\n   i.e. sum = min(x_0, y_0) + min(x_1, y_1) + min(x_2, y_2) + ...\n   Use HPX to sum in parallel.  Assume HPX has already been initialized.\n   Example:\n\n   input: x=[3, 4, 0, 2, 3], y=[2, 5, 3, 1, 7]\n   output: 10\n*/\ndouble sumOfMinimumElements(std::vector<double> const& x, std::vector<double> const& y) {",29_reduce_sum_of_min_of_pairs,reduce,cpp,hpx,0.2,0.95,True,2048,False,"{\n    auto n = std::min(x.size(), y.size());\n    return hpx::transform_reduce(\n        hpx::execution::par,\n        x.begin(), x.begin() + n,\n        y.begin(),\n        0.0,\n        std::plus<double>{},\n        [](double a, double b) { return std::min(a, b); }\n    );\n}",False,True,,85,N/A,,,,,6.343641042709351
"#include <hpx/hpx_main.hpp>\n\n/* Return the sum of the minimum value at each index of vectors x and y for all indices.\n   i.e. sum = min(x_0, y_0) + min(x_1, y_1) + min(x_2, y_2) + ...\n   Use HPX to sum in parallel.  Assume HPX has already been initialized.\n   Example:\n\n   input: x=[3, 4, 0, 2, 3], y=[2, 5, 3, 1, 7]\n   output: 10\n*/\ndouble sumOfMinimumElements(std::vector<double> const& x, std::vector<double> const& y) {",29_reduce_sum_of_min_of_pairs,reduce,cpp,hpx,0.2,0.95,True,2048,False,"double sumOfMinimumElements(std::vector<double> const& x, std::vector<double> const& y) {\n    std::size_t n = std::min(x.size(), y.size());\n    return hpx::transform_reduce(\n        hpx::execution::par,\n        x.begin(), x.begin() + n, y.begin(),\n        0.0,\n        std::plus<double>{},\n        [](double a, double b) { return std::min(a, b); }\n    );\n}",False,True,,86,N/A,,,,,5.596349000930786
"#include <hpx/hpx_main.hpp>\n\n/* Return the sum of the minimum value at each index of vectors x and y for all indices.\n   i.e. sum = min(x_0, y_0) + min(x_1, y_1) + min(x_2, y_2) + ...\n   Use HPX to sum in parallel.  Assume HPX has already been initialized.\n   Example:\n\n   input: x=[3, 4, 0, 2, 3], y=[2, 5, 3, 1, 7]\n   output: 10\n*/\ndouble sumOfMinimumElements(std::vector<double> const& x, std::vector<double> const& y) {",29_reduce_sum_of_min_of_pairs,reduce,cpp,hpx,0.2,0.95,True,2048,False,"double sumOfMinimumElements(std::vector<double> const& x, std::vector<double> const& y) {\n    std::size_t n = std::min(x.size(), y.size());\n    return hpx::transform_reduce(\n        hpx::execution::par,\n        hpx::util::counting_iterator<std::size_t>(0),\n        hpx::util::counting_iterator<std::size_t>(n),\n        0.0,\n        std::plus<double>{},\n        [&](std::size_t i) { return std::min(x[i], y[i]); }\n    );\n}",False,True,,87,N/A,,,,,3.7053732872009277
"#include <hpx/hpx_main.hpp>\n\n/* Return the sum of the minimum value at each index of vectors x and y for all indices.\n   i.e. sum = min(x_0, y_0) + min(x_1, y_1) + min(x_2, y_2) + ...\n   Use HPX to sum in parallel.  Assume HPX has already been initialized.\n   Example:\n\n   input: x=[3, 4, 0, 2, 3], y=[2, 5, 3, 1, 7]\n   output: 10\n*/\ndouble sumOfMinimumElements(std::vector<double> const& x, std::vector<double> const& y) {",29_reduce_sum_of_min_of_pairs,reduce,cpp,hpx,0.2,0.95,True,2048,False,"double sumOfMinimumElements(std::vector<double> const& x, std::vector<double> const& y) {\n    using hpx::execution::par;\n\n    std::size_t n = std::min(x.size(), y.size());\n    auto first = hpx::util::make_counting_iterator<std::size_t>(0);\n    auto last  = hpx::util::make_counting_iterator<std::size_t>(n);\n\n    return hpx::transform_reduce(\n        par, first, last, 0.0, std::plus<double>{},\n        [&](std::size_t i) { return std::min(x[i], y[i]); });\n}",False,True,,88,N/A,,,,,5.561625003814697
"#include <hpx/hpx_main.hpp>\n\n/* Return the sum of the minimum value at each index of vectors x and y for all indices.\n   i.e. sum = min(x_0, y_0) + min(x_1, y_1) + min(x_2, y_2) + ...\n   Use HPX to sum in parallel.  Assume HPX has already been initialized.\n   Example:\n\n   input: x=[3, 4, 0, 2, 3], y=[2, 5, 3, 1, 7]\n   output: 10\n*/\ndouble sumOfMinimumElements(std::vector<double> const& x, std::vector<double> const& y) {",29_reduce_sum_of_min_of_pairs,reduce,cpp,hpx,0.2,0.95,True,2048,False,"{\n    auto n = std::min(x.size(), y.size());\n    return hpx::transform_reduce(\n        hpx::execution::par, x.begin(), x.begin() + n, y.begin(), 0.0,\n        std::plus<>(),\n        [](double a, double b) { return std::min(a, b); }\n    );\n}",False,True,,89,N/A,,,,,6.993309020996094
"#include <hpx/hpx_main.hpp>\n\n/* Return the sum of the minimum value at each index of vectors x and y for all indices.\n   i.e. sum = min(x_0, y_0) + min(x_1, y_1) + min(x_2, y_2) + ...\n   Use HPX to sum in parallel.  Assume HPX has already been initialized.\n   Example:\n\n   input: x=[3, 4, 0, 2, 3], y=[2, 5, 3, 1, 7]\n   output: 10\n*/\ndouble sumOfMinimumElements(std::vector<double> const& x, std::vector<double> const& y) {",29_reduce_sum_of_min_of_pairs,reduce,cpp,hpx,0.2,0.95,True,2048,False,"double sumOfMinimumElements(std::vector<double> const& x, std::vector<double> const& y) {\n    std::size_t n = std::min(x.size(), y.size());\n    return hpx::transform_reduce(\n        hpx::execution::par,\n        hpx::counting_iterator<std::size_t>(0),\n        hpx::counting_iterator<std::size_t>(n),\n        0.0,\n        std::plus<double>(),\n        [&](std::size_t i) { return std::min(x[i], y[i]); });\n}",False,True,,90,N/A,,,,,3.877380609512329
"#include <hpx/hpx_main.hpp>\n\n/* Return the sum of the minimum value at each index of vectors x and y for all indices.\n   i.e. sum = min(x_0, y_0) + min(x_1, y_1) + min(x_2, y_2) + ...\n   Use HPX to sum in parallel.  Assume HPX has already been initialized.\n   Example:\n\n   input: x=[3, 4, 0, 2, 3], y=[2, 5, 3, 1, 7]\n   output: 10\n*/\ndouble sumOfMinimumElements(std::vector<double> const& x, std::vector<double> const& y) {",29_reduce_sum_of_min_of_pairs,reduce,cpp,hpx,0.2,0.95,True,2048,False,"double sumOfMinimumElements(std::vector<double> const& x, std::vector<double> const& y) {\n    std::size_t n = std::min(x.size(), y.size());\n    return hpx::transform_reduce(\n        hpx::execution::par,\n        hpx::util::counting_iterator<std::size_t>(0),\n        hpx::util::counting_iterator<std::size_t>(n),\n        0.0,\n        std::plus<double>{},\n        [&](std::size_t i) { return std::min(x[i], y[i]); }\n    );\n}",False,True,,91,N/A,,,,,7.208233833312988
"#include <hpx/hpx_main.hpp>\n\n/* Return the sum of the minimum value at each index of vectors x and y for all indices.\n   i.e. sum = min(x_0, y_0) + min(x_1, y_1) + min(x_2, y_2) + ...\n   Use HPX to sum in parallel.  Assume HPX has already been initialized.\n   Example:\n\n   input: x=[3, 4, 0, 2, 3], y=[2, 5, 3, 1, 7]\n   output: 10\n*/\ndouble sumOfMinimumElements(std::vector<double> const& x, std::vector<double> const& y) {",29_reduce_sum_of_min_of_pairs,reduce,cpp,hpx,0.2,0.95,True,2048,False,"double sumOfMinimumElements(std::vector<double> const& x, std::vector<double> const& y) {\n    assert(x.size() == y.size());\n    auto first = hpx::util::counting_iterator<std::size_t>(0);\n    auto last  = hpx::util::counting_iterator<std::size_t>(x.size());\n    return hpx::transform_reduce(\n        hpx::execution::par, first, last, 0.0, std::plus<double>{},\n        [&](std::size_t i) { return std::min(x[i], y[i]); });\n}",False,True,,92,N/A,,,,,9.470095157623291
"#include <hpx/hpx_main.hpp>\n\n/* Return the sum of the minimum value at each index of vectors x and y for all indices.\n   i.e. sum = min(x_0, y_0) + min(x_1, y_1) + min(x_2, y_2) + ...\n   Use HPX to sum in parallel.  Assume HPX has already been initialized.\n   Example:\n\n   input: x=[3, 4, 0, 2, 3], y=[2, 5, 3, 1, 7]\n   output: 10\n*/\ndouble sumOfMinimumElements(std::vector<double> const& x, std::vector<double> const& y) {",29_reduce_sum_of_min_of_pairs,reduce,cpp,hpx,0.2,0.95,True,2048,False,"double sumOfMinimumElements(std::vector<double> const& x, std::vector<double> const& y) {\n    std::size_t n = std::min(x.size(), y.size());\n    return hpx::transform_reduce(\n        hpx::execution::par,\n        hpx::util::make_zip_iterator(x.begin(), y.begin()),\n        hpx::util::make_zip_iterator(x.begin() + n, y.begin() + n),\n        0.0,\n        std::plus<>(),\n        [](auto const& t) {\n            return std::min(hpx::get<0>(t), hpx::get<1>(t));\n        });\n}",False,True,,93,N/A,,,,,7.1324663162231445
"#include <hpx/hpx_main.hpp>\n\n/* Return the sum of the minimum value at each index of vectors x and y for all indices.\n   i.e. sum = min(x_0, y_0) + min(x_1, y_1) + min(x_2, y_2) + ...\n   Use HPX to sum in parallel.  Assume HPX has already been initialized.\n   Example:\n\n   input: x=[3, 4, 0, 2, 3], y=[2, 5, 3, 1, 7]\n   output: 10\n*/\ndouble sumOfMinimumElements(std::vector<double> const& x, std::vector<double> const& y) {",29_reduce_sum_of_min_of_pairs,reduce,cpp,hpx,0.2,0.95,True,2048,False,"double sumOfMinimumElements(std::vector<double> const& x, std::vector<double> const& y) {\n    std::size_t n = std::min(x.size(), y.size());\n    return hpx::transform_reduce(\n        hpx::execution::par,\n        x.begin(), x.begin() + n, y.begin(),\n        0.0,\n        std::plus<>(),\n        [](double a, double b) { return std::min(a, b); }\n    );\n}",False,True,,94,N/A,,,,,4.504337310791016
"#include <hpx/hpx_main.hpp>\n\n/* Return the sum of the minimum value at each index of vectors x and y for all indices.\n   i.e. sum = min(x_0, y_0) + min(x_1, y_1) + min(x_2, y_2) + ...\n   Use HPX to sum in parallel.  Assume HPX has already been initialized.\n   Example:\n\n   input: x=[3, 4, 0, 2, 3], y=[2, 5, 3, 1, 7]\n   output: 10\n*/\ndouble sumOfMinimumElements(std::vector<double> const& x, std::vector<double> const& y) {",29_reduce_sum_of_min_of_pairs,reduce,cpp,hpx,0.2,0.95,True,2048,False,"double sumOfMinimumElements(std::vector<double> const& x, std::vector<double> const& y) {\n    if (x.size() != y.size())\n        throw std::invalid_argument(""vectors must have same length"");\n\n    std::size_t n = x.size();\n    return hpx::transform_reduce(\n        hpx::execution::par,\n        hpx::util::counting_iterator<std::size_t>(0),\n        hpx::util::counting_iterator<std::size_t>(n),\n        0.0,\n        std::plus<double>{},\n        [&](std::size_t i) { return std::min(x[i], y[i]); }\n    );\n}",False,True,,95,N/A,,,,,6.068649053573608
"#include <hpx/hpx_main.hpp>\n\n/* Return the sum of the minimum value at each index of vectors x and y for all indices.\n   i.e. sum = min(x_0, y_0) + min(x_1, y_1) + min(x_2, y_2) + ...\n   Use HPX to sum in parallel.  Assume HPX has already been initialized.\n   Example:\n\n   input: x=[3, 4, 0, 2, 3], y=[2, 5, 3, 1, 7]\n   output: 10\n*/\ndouble sumOfMinimumElements(std::vector<double> const& x, std::vector<double> const& y) {",29_reduce_sum_of_min_of_pairs,reduce,cpp,hpx,0.2,0.95,True,2048,False,"double sumOfMinimumElements(std::vector<double> const& x, std::vector<double> const& y) {\n    if (x.size() != y.size()) throw std::invalid_argument(""Vectors must have the same size"");\n    return hpx::transform_reduce(\n        hpx::execution::par,\n        x.begin(), x.end(), y.begin(),\n        0.0,\n        std::plus<>(),\n        [](double a, double b) { return std::min(a, b); }\n    );\n}",False,True,,96,N/A,,,,,4.41780686378479
"#include <hpx/hpx_main.hpp>\n\n/* Return the sum of the minimum value at each index of vectors x and y for all indices.\n   i.e. sum = min(x_0, y_0) + min(x_1, y_1) + min(x_2, y_2) + ...\n   Use HPX to sum in parallel.  Assume HPX has already been initialized.\n   Example:\n\n   input: x=[3, 4, 0, 2, 3], y=[2, 5, 3, 1, 7]\n   output: 10\n*/\ndouble sumOfMinimumElements(std::vector<double> const& x, std::vector<double> const& y) {",29_reduce_sum_of_min_of_pairs,reduce,cpp,hpx,0.2,0.95,True,2048,False,"{\n    std::size_t n = std::min(x.size(), y.size());\n    auto first = hpx::util::counting_iterator<std::size_t>(0);\n    auto last = first + n;\n\n    return hpx::transform_reduce(\n        hpx::execution::par, first, last, 0.0, std::plus<double>(),\n        [&](std::size_t i) { return std::min(x[i], y[i]); });\n}",False,True,,97,N/A,,,,,3.474940538406372
"#include <hpx/hpx_main.hpp>\n\n/* Return the sum of the minimum value at each index of vectors x and y for all indices.\n   i.e. sum = min(x_0, y_0) + min(x_1, y_1) + min(x_2, y_2) + ...\n   Use HPX to sum in parallel.  Assume HPX has already been initialized.\n   Example:\n\n   input: x=[3, 4, 0, 2, 3], y=[2, 5, 3, 1, 7]\n   output: 10\n*/\ndouble sumOfMinimumElements(std::vector<double> const& x, std::vector<double> const& y) {",29_reduce_sum_of_min_of_pairs,reduce,cpp,hpx,0.2,0.95,True,2048,False,"double sumOfMinimumElements(std::vector<double> const& x, std::vector<double> const& y) {\n    std::size_t n = std::min(x.size(), y.size());\n    auto first = hpx::make_zip_iterator(x.begin(), y.begin());\n    auto last  = hpx::make_zip_iterator(x.begin() + n, y.begin() + n);\n\n    return hpx::transform_reduce(\n        hpx::execution::par, first, last, 0.0, std::plus<>(),\n        [](auto const& t) { return std::min(hpx::get<0>(t), hpx::get<1>(t)); }\n    );\n}",False,True,,98,N/A,,,,,4.562989711761475
"#include <hpx/hpx_main.hpp>\n\n/* Return the sum of the minimum value at each index of vectors x and y for all indices.\n   i.e. sum = min(x_0, y_0) + min(x_1, y_1) + min(x_2, y_2) + ...\n   Use HPX to sum in parallel.  Assume HPX has already been initialized.\n   Example:\n\n   input: x=[3, 4, 0, 2, 3], y=[2, 5, 3, 1, 7]\n   output: 10\n*/\ndouble sumOfMinimumElements(std::vector<double> const& x, std::vector<double> const& y) {",29_reduce_sum_of_min_of_pairs,reduce,cpp,hpx,0.2,0.95,True,2048,False,"{\n    if (x.size() != y.size())\n        throw std::invalid_argument(""x and y must have the same size"");\n\n    return hpx::transform_reduce(\n        hpx::execution::par,\n        x.begin(), x.end(), y.begin(),\n        0.0,\n        std::plus<>(),\n        [](double a, double b) { return std::min(a, b); }\n    );\n}",False,True,,99,N/A,,,,,4.826028347015381
