prompt,name,problem_type,language,parallelism_model,temperature,top_p,do_sample,max_new_tokens,prompted,generated_output,did_build,is_source_valid,best_sequential_runtime,output_idx,virtual_memory_used,max_gpu_memory_usage,max_gpu_utilization,average_gpu_memory_usage,average_gpu_utilization,generation_times
"#include <hpx/hpx_main.hpp>\n\n/* Return the logical XOR reduction of the vector of bools x.\n   Use HPX to reduce in parallel.  Assume HPX has already been initialized.\n   Example:\n\n   input: [false, false, false, true]\n   output: true\n*/\nbool reduceLogicalXOR(std::vector<bool> const& x) {",25_reduce_xor,reduce,cpp,hpx,0.2,0.95,True,2048,False,bool reduceLogicalXOR(std::vector<bool> const& x) {\n  // TODO: Implement this function.\n  return false;\n},False,False,,0,449507328,26405.0,0.97,26271.0,0.485,4.07792067527771
"#include <hpx/hpx_main.hpp>\n\n/* Return the logical XOR reduction of the vector of bools x.\n   Use HPX to reduce in parallel.  Assume HPX has already been initialized.\n   Example:\n\n   input: [false, false, false, true]\n   output: true\n*/\nbool reduceLogicalXOR(std::vector<bool> const& x) {",25_reduce_xor,reduce,cpp,hpx,0.2,0.95,True,2048,False,"bool reduceLogicalXOR(std::vector<bool> const& x) {\n  return hpx::reduce(x.begin(), x.end(), false, std::logical_xor<bool>());\n}",False,True,,1,-37621760,26465.0,0.97,26455.0,0.55,4.327686071395874
"#include <hpx/hpx_main.hpp>\n\n/* Return the logical XOR reduction of the vector of bools x.\n   Use HPX to reduce in parallel.  Assume HPX has already been initialized.\n   Example:\n\n   input: [false, false, false, true]\n   output: true\n*/\nbool reduceLogicalXOR(std::vector<bool> const& x) {",25_reduce_xor,reduce,cpp,hpx,0.2,0.95,True,2048,False,"bool reduceLogicalXOR(std::vector<bool> const& x) {\n  return hpx::parallel::reduce(\n      hpx::parallel::execution::par, x.begin(), x.end(), false,\n      [](bool a, bool b) { return a ^ b; });\n}",False,True,,2,-85577728,26465.0,0.96,26465.0,0.48,4.180102586746216
"#include <hpx/hpx_main.hpp>\n\n/* Return the logical XOR reduction of the vector of bools x.\n   Use HPX to reduce in parallel.  Assume HPX has already been initialized.\n   Example:\n\n   input: [false, false, false, true]\n   output: true\n*/\nbool reduceLogicalXOR(std::vector<bool> const& x) {",25_reduce_xor,reduce,cpp,hpx,0.2,0.95,True,2048,False,"bool reduceLogicalXOR(std::vector<bool> const& x) {\n  return hpx::reduce(x.begin(), x.end(), false, std::logical_xor<>());\n}",False,True,,3,23465984,26465.0,0.82,26465.0,0.82,2.2761731147766113
"#include <hpx/hpx_main.hpp>\n\n/* Return the logical XOR reduction of the vector of bools x.\n   Use HPX to reduce in parallel.  Assume HPX has already been initialized.\n   Example:\n\n   input: [false, false, false, true]\n   output: true\n*/\nbool reduceLogicalXOR(std::vector<bool> const& x) {",25_reduce_xor,reduce,cpp,hpx,0.2,0.95,True,2048,False,bool reduceLogicalXOR(std::vector<bool> const& x) {\n  // TODO: Implement this function.\n  return false;\n},False,False,,4,-34926592,26465.0,0.97,26465.0,0.97,4.089629650115967
"#include <hpx/hpx_main.hpp>\n\n/* Return the logical XOR reduction of the vector of bools x.\n   Use HPX to reduce in parallel.  Assume HPX has already been initialized.\n   Example:\n\n   input: [false, false, false, true]\n   output: true\n*/\nbool reduceLogicalXOR(std::vector<bool> const& x) {",25_reduce_xor,reduce,cpp,hpx,0.2,0.95,True,2048,False,"bool reduceLogicalXOR(std::vector<bool> const& x) {\n  return hpx::reduce(x.begin(), x.end(), false, [](bool a, bool b) { return a ^ b; });\n}",False,True,,5,-15183872,26525.0,0.96,26525.0,0.48,4.090954542160034
"#include <hpx/hpx_main.hpp>\n\n/* Return the logical XOR reduction of the vector of bools x.\n   Use HPX to reduce in parallel.  Assume HPX has already been initialized.\n   Example:\n\n   input: [false, false, false, true]\n   output: true\n*/\nbool reduceLogicalXOR(std::vector<bool> const& x) {",25_reduce_xor,reduce,cpp,hpx,0.2,0.95,True,2048,False,"bool reduceLogicalXOR(std::vector<bool> const& x) {\n  return hpx::reduce(hpx::execution::par, x.begin(), x.end(), false,\n                     [](bool a, bool b) { return a ^ b; });\n}",False,True,,6,-49111040,26525.0,0.96,26525.0,0.48,4.08879280090332
"#include <hpx/hpx_main.hpp>\n\n/* Return the logical XOR reduction of the vector of bools x.\n   Use HPX to reduce in parallel.  Assume HPX has already been initialized.\n   Example:\n\n   input: [false, false, false, true]\n   output: true\n*/\nbool reduceLogicalXOR(std::vector<bool> const& x) {",25_reduce_xor,reduce,cpp,hpx,0.2,0.95,True,2048,False,"bool reduceLogicalXOR(std::vector<bool> const& x) {\n  return hpx::reduce(x.begin(), x.end(), false, [](bool a, bool b) { return a ^ b; });\n}",False,True,,7,-34054144,26525.0,0.96,26525.0,0.48,4.094899415969849
"#include <hpx/hpx_main.hpp>\n\n/* Return the logical XOR reduction of the vector of bools x.\n   Use HPX to reduce in parallel.  Assume HPX has already been initialized.\n   Example:\n\n   input: [false, false, false, true]\n   output: true\n*/\nbool reduceLogicalXOR(std::vector<bool> const& x) {",25_reduce_xor,reduce,cpp,hpx,0.2,0.95,True,2048,False,"bool reduceLogicalXOR(std::vector<bool> const& x) {\n  return hpx::reduce(x.begin(), x.end(), false, std::logical_xor<bool>());\n}",False,True,,8,-33239040,26525.0,0.96,26525.0,0.48,4.095053195953369
"#include <hpx/hpx_main.hpp>\n\n/* Return the logical XOR reduction of the vector of bools x.\n   Use HPX to reduce in parallel.  Assume HPX has already been initialized.\n   Example:\n\n   input: [false, false, false, true]\n   output: true\n*/\nbool reduceLogicalXOR(std::vector<bool> const& x) {",25_reduce_xor,reduce,cpp,hpx,0.2,0.95,True,2048,False,"bool reduceLogicalXOR(std::vector<bool> const& x) {\n  return hpx::parallel::reduce(\n      hpx::parallel::execution::par, x.begin(), x.end(), false,\n      [](bool a, bool b) { return a ^ b; });\n}",False,True,,9,-140615680,26525.0,0.96,26525.0,0.48,4.166097164154053
"#include <hpx/hpx_main.hpp>\n\n/* Return the logical XOR reduction of the vector of bools x.\n   Use HPX to reduce in parallel.  Assume HPX has already been initialized.\n   Example:\n\n   input: [false, false, false, true]\n   output: true\n*/\nbool reduceLogicalXOR(std::vector<bool> const& x) {",25_reduce_xor,reduce,cpp,hpx,0.2,0.95,True,2048,False,"bool reduceLogicalXOR(std::vector<bool> const& x) {\n  return hpx::reduce(x.begin(), x.end(), false, [](bool a, bool b) { return a ^ b; });\n}",False,True,,10,26357760,26525.0,0.96,26525.0,0.54,4.39384388923645
"#include <hpx/hpx_main.hpp>\n\n/* Return the logical XOR reduction of the vector of bools x.\n   Use HPX to reduce in parallel.  Assume HPX has already been initialized.\n   Example:\n\n   input: [false, false, false, true]\n   output: true\n*/\nbool reduceLogicalXOR(std::vector<bool> const& x) {",25_reduce_xor,reduce,cpp,hpx,0.2,0.95,True,2048,False,bool reduceLogicalXOR(std::vector<bool> const& x) {\n  // TODO: Implement this function.\n  return false;\n},False,False,,11,-23240704,26525.0,0.0,26525.0,0.0,2.4635329246520996
"#include <hpx/hpx_main.hpp>\n\n/* Return the logical XOR reduction of the vector of bools x.\n   Use HPX to reduce in parallel.  Assume HPX has already been initialized.\n   Example:\n\n   input: [false, false, false, true]\n   output: true\n*/\nbool reduceLogicalXOR(std::vector<bool> const& x) {",25_reduce_xor,reduce,cpp,hpx,0.2,0.95,True,2048,False,"bool reduceLogicalXOR(std::vector<bool> const& x) {\n    return hpx::reduce(x.begin(), x.end(), false, std::logical_xor<bool>());\n}",False,True,,12,-32432128,26525.0,0.96,26525.0,0.48,4.244987487792969
"#include <hpx/hpx_main.hpp>\n\n/* Return the logical XOR reduction of the vector of bools x.\n   Use HPX to reduce in parallel.  Assume HPX has already been initialized.\n   Example:\n\n   input: [false, false, false, true]\n   output: true\n*/\nbool reduceLogicalXOR(std::vector<bool> const& x) {",25_reduce_xor,reduce,cpp,hpx,0.2,0.95,True,2048,False,"bool reduceLogicalXOR(std::vector<bool> const& x) {\n  return hpx::reduce(x.begin(), x.end(), false, std::logical_xor<bool>());\n}",False,True,,13,-18952192,26525.0,0.0,26525.0,0.0,2.3355300426483154
"#include <hpx/hpx_main.hpp>\n\n/* Return the logical XOR reduction of the vector of bools x.\n   Use HPX to reduce in parallel.  Assume HPX has already been initialized.\n   Example:\n\n   input: [false, false, false, true]\n   output: true\n*/\nbool reduceLogicalXOR(std::vector<bool> const& x) {",25_reduce_xor,reduce,cpp,hpx,0.2,0.95,True,2048,False,bool reduceLogicalXOR(std::vector<bool> const& x) {\n  // TODO: Implement this function.\n  return false;\n},False,False,,14,-26742784,26585.0,0.96,26545.0,0.96,6.131466388702393
"#include <hpx/hpx_main.hpp>\n\n/* Return the logical XOR reduction of the vector of bools x.\n   Use HPX to reduce in parallel.  Assume HPX has already been initialized.\n   Example:\n\n   input: [false, false, false, true]\n   output: true\n*/\nbool reduceLogicalXOR(std::vector<bool> const& x) {",25_reduce_xor,reduce,cpp,hpx,0.2,0.95,True,2048,False,"bool reduceLogicalXOR(std::vector<bool> const& x) {\n  return hpx::reduce(x.begin(), x.end(), false, [](bool a, bool b) { return a ^ b; });\n}",False,True,,15,-19353600,26585.0,0.96,26585.0,0.48,4.4209771156311035
"#include <hpx/hpx_main.hpp>\n\n/* Return the logical XOR reduction of the vector of bools x.\n   Use HPX to reduce in parallel.  Assume HPX has already been initialized.\n   Example:\n\n   input: [false, false, false, true]\n   output: true\n*/\nbool reduceLogicalXOR(std::vector<bool> const& x) {",25_reduce_xor,reduce,cpp,hpx,0.2,0.95,True,2048,False,"bool reduceLogicalXOR(std::vector<bool> const& x) {\n  return hpx::parallel::reduce(\n      hpx::parallel::execution::par, x.begin(), x.end(), false,\n      [](bool a, bool b) { return a ^ b; });\n}",False,True,,16,-54648832,26585.0,0.96,26585.0,0.48,4.431192874908447
"#include <hpx/hpx_main.hpp>\n\n/* Return the logical XOR reduction of the vector of bools x.\n   Use HPX to reduce in parallel.  Assume HPX has already been initialized.\n   Example:\n\n   input: [false, false, false, true]\n   output: true\n*/\nbool reduceLogicalXOR(std::vector<bool> const& x) {",25_reduce_xor,reduce,cpp,hpx,0.2,0.95,True,2048,False,"bool reduceLogicalXOR(std::vector<bool> const& x) {\n  return hpx::parallel::reduce(\n      hpx::parallel::execution::par, x.begin(), x.end(), false,\n      [](bool a, bool b) { return a ^ b; });\n}",False,True,,17,29827072,26585.0,0.97,26585.0,0.485,4.08853006362915
"#include <hpx/hpx_main.hpp>\n\n/* Return the logical XOR reduction of the vector of bools x.\n   Use HPX to reduce in parallel.  Assume HPX has already been initialized.\n   Example:\n\n   input: [false, false, false, true]\n   output: true\n*/\nbool reduceLogicalXOR(std::vector<bool> const& x) {",25_reduce_xor,reduce,cpp,hpx,0.2,0.95,True,2048,False,bool reduceLogicalXOR(std::vector<bool> const& x) {\n  // TODO: Implement this function.\n  return false;\n},False,False,,18,8749056,26585.0,0.97,26585.0,0.485,4.092919588088989
"#include <hpx/hpx_main.hpp>\n\n/* Return the logical XOR reduction of the vector of bools x.\n   Use HPX to reduce in parallel.  Assume HPX has already been initialized.\n   Example:\n\n   input: [false, false, false, true]\n   output: true\n*/\nbool reduceLogicalXOR(std::vector<bool> const& x) {",25_reduce_xor,reduce,cpp,hpx,0.2,0.95,True,2048,False,bool reduceLogicalXOR(std::vector<bool> const& x) {\n  // TODO: Implement this function\n  return false;\n},False,False,,19,3575808,26585.0,0.96,26585.0,0.515,4.410965442657471
"#include <hpx/hpx_main.hpp>\n\n/* Return the logical XOR reduction of the vector of bools x.\n   Use HPX to reduce in parallel.  Assume HPX has already been initialized.\n   Example:\n\n   input: [false, false, false, true]\n   output: true\n*/\nbool reduceLogicalXOR(std::vector<bool> const& x) {",25_reduce_xor,reduce,cpp,hpx,0.2,0.95,True,2048,False,bool reduceLogicalXOR(std::vector<bool> const& x) {\n  // TODO: Implement this function.\n  return false;\n},False,False,,20,-5328896,26585.0,0.0,26585.0,0.0,2.050678253173828
"#include <hpx/hpx_main.hpp>\n\n/* Return the logical XOR reduction of the vector of bools x.\n   Use HPX to reduce in parallel.  Assume HPX has already been initialized.\n   Example:\n\n   input: [false, false, false, true]\n   output: true\n*/\nbool reduceLogicalXOR(std::vector<bool> const& x) {",25_reduce_xor,reduce,cpp,hpx,0.2,0.95,True,2048,False,"bool reduceLogicalXOR(std::vector<bool> const& x) {\n  return hpx::parallel::reduce(\n      hpx::parallel::execution::par, x.begin(), x.end(), false,\n      [](bool a, bool b) { return a ^ b; });\n}",False,True,,21,696320,26585.0,0.96,26585.0,0.96,4.094156503677368
"#include <hpx/hpx_main.hpp>\n\n/* Return the logical XOR reduction of the vector of bools x.\n   Use HPX to reduce in parallel.  Assume HPX has already been initialized.\n   Example:\n\n   input: [false, false, false, true]\n   output: true\n*/\nbool reduceLogicalXOR(std::vector<bool> const& x) {",25_reduce_xor,reduce,cpp,hpx,0.2,0.95,True,2048,False,bool reduceLogicalXOR(std::vector<bool> const& x) {\n  // TODO: Implement this function.\n  return false;\n},False,False,,22,7200768,26585.0,0.0,26585.0,0.0,2.0416665077209473
"#include <hpx/hpx_main.hpp>\n\n/* Return the logical XOR reduction of the vector of bools x.\n   Use HPX to reduce in parallel.  Assume HPX has already been initialized.\n   Example:\n\n   input: [false, false, false, true]\n   output: true\n*/\nbool reduceLogicalXOR(std::vector<bool> const& x) {",25_reduce_xor,reduce,cpp,hpx,0.2,0.95,True,2048,False,bool reduceLogicalXOR(std::vector<bool> const& x) {\n  // TODO: Implement this function.\n  return false;\n},False,False,,23,1339392,26585.0,0.62,26585.0,0.62,2.2374250888824463
"#include <hpx/hpx_main.hpp>\n\n/* Return the logical XOR reduction of the vector of bools x.\n   Use HPX to reduce in parallel.  Assume HPX has already been initialized.\n   Example:\n\n   input: [false, false, false, true]\n   output: true\n*/\nbool reduceLogicalXOR(std::vector<bool> const& x) {",25_reduce_xor,reduce,cpp,hpx,0.2,0.95,True,2048,False,"bool reduceLogicalXOR(std::vector<bool> const& x) {\n  return hpx::reduce(x.begin(), x.end(), false, [](bool a, bool b) { return a ^ b; });\n}",False,True,,24,-544768,26585.0,0.97,26585.0,0.595,4.095829725265503
"#include <hpx/hpx_main.hpp>\n\n/* Return the logical XOR reduction of the vector of bools x.\n   Use HPX to reduce in parallel.  Assume HPX has already been initialized.\n   Example:\n\n   input: [false, false, false, true]\n   output: true\n*/\nbool reduceLogicalXOR(std::vector<bool> const& x) {",25_reduce_xor,reduce,cpp,hpx,0.2,0.95,True,2048,False,bool reduceLogicalXOR(std::vector<bool> const& x) {\n  // TODO: Implement this function.\n  return false;\n},False,False,,25,-24629248,26585.0,0.0,26585.0,0.0,2.057492971420288
"#include <hpx/hpx_main.hpp>\n\n/* Return the logical XOR reduction of the vector of bools x.\n   Use HPX to reduce in parallel.  Assume HPX has already been initialized.\n   Example:\n\n   input: [false, false, false, true]\n   output: true\n*/\nbool reduceLogicalXOR(std::vector<bool> const& x) {",25_reduce_xor,reduce,cpp,hpx,0.2,0.95,True,2048,False,bool reduceLogicalXOR(std::vector<bool> const& x) {\n  // TODO: Implement this function.\n  return false;\n},False,False,,26,22130688,26585.0,0.96,26585.0,0.9299999999999999,4.109484434127808
"#include <hpx/hpx_main.hpp>\n\n/* Return the logical XOR reduction of the vector of bools x.\n   Use HPX to reduce in parallel.  Assume HPX has already been initialized.\n   Example:\n\n   input: [false, false, false, true]\n   output: true\n*/\nbool reduceLogicalXOR(std::vector<bool> const& x) {",25_reduce_xor,reduce,cpp,hpx,0.2,0.95,True,2048,False,"bool reduceLogicalXOR(std::vector<bool> const& x) {\n    return hpx::parallel::reduce(\n        hpx::parallel::execution::par,\n        x.begin(),\n        x.end(),\n        false,\n        [](bool a, bool b) { return a ^ b; }\n    );\n}",False,True,,27,14630912,26585.0,0.97,26585.0,0.485,4.209335565567017
"#include <hpx/hpx_main.hpp>\n\n/* Return the logical XOR reduction of the vector of bools x.\n   Use HPX to reduce in parallel.  Assume HPX has already been initialized.\n   Example:\n\n   input: [false, false, false, true]\n   output: true\n*/\nbool reduceLogicalXOR(std::vector<bool> const& x) {",25_reduce_xor,reduce,cpp,hpx,0.2,0.95,True,2048,False,"bool reduceLogicalXOR(std::vector<bool> const& x) {\n    return hpx::parallel::reduce(x.begin(), x.end(), false,\n                                 [](bool a, bool b) { return a ^ b; });\n}",False,True,,28,-1490944,26585.0,0.96,26585.0,0.48,4.08856987953186
"#include <hpx/hpx_main.hpp>\n\n/* Return the logical XOR reduction of the vector of bools x.\n   Use HPX to reduce in parallel.  Assume HPX has already been initialized.\n   Example:\n\n   input: [false, false, false, true]\n   output: true\n*/\nbool reduceLogicalXOR(std::vector<bool> const& x) {",25_reduce_xor,reduce,cpp,hpx,0.2,0.95,True,2048,False,"bool reduceLogicalXOR(std::vector<bool> const& x) {\n  return hpx::parallel::reduce(\n      hpx::parallel::execution::par, x.begin(), x.end(), false,\n      [](bool a, bool b) { return a ^ b; });\n}",False,True,,29,1335296,26585.0,0.96,26585.0,0.48,4.094895362854004
"#include <hpx/hpx_main.hpp>\n\n/* Return the logical XOR reduction of the vector of bools x.\n   Use HPX to reduce in parallel.  Assume HPX has already been initialized.\n   Example:\n\n   input: [false, false, false, true]\n   output: true\n*/\nbool reduceLogicalXOR(std::vector<bool> const& x) {",25_reduce_xor,reduce,cpp,hpx,0.2,0.95,True,2048,False,bool reduceLogicalXOR(std::vector<bool> const& x) {\n  // TODO: Implement this function.\n  return false;\n},False,False,,30,-9883648,26585.0,0.63,26585.0,0.63,2.3543553352355957
"#include <hpx/hpx_main.hpp>\n\n/* Return the logical XOR reduction of the vector of bools x.\n   Use HPX to reduce in parallel.  Assume HPX has already been initialized.\n   Example:\n\n   input: [false, false, false, true]\n   output: true\n*/\nbool reduceLogicalXOR(std::vector<bool> const& x) {",25_reduce_xor,reduce,cpp,hpx,0.2,0.95,True,2048,False,bool reduceLogicalXOR(std::vector<bool> const& x) {\n  // TODO: Implement this function.\n  return false;\n},False,False,,31,7663616,26585.0,0.23,26585.0,0.23,2.0971720218658447
"#include <hpx/hpx_main.hpp>\n\n/* Return the logical XOR reduction of the vector of bools x.\n   Use HPX to reduce in parallel.  Assume HPX has already been initialized.\n   Example:\n\n   input: [false, false, false, true]\n   output: true\n*/\nbool reduceLogicalXOR(std::vector<bool> const& x) {",25_reduce_xor,reduce,cpp,hpx,0.2,0.95,True,2048,False,"bool reduceLogicalXOR(std::vector<bool> const& x) {\n  return hpx::parallel::reduce(\n      hpx::parallel::execution::par, x.begin(), x.end(), false,\n      [](bool a, bool b) { return a ^ b; });\n}",False,True,,32,1294336,26585.0,0.95,26585.0,0.735,4.468209981918335
"#include <hpx/hpx_main.hpp>\n\n/* Return the logical XOR reduction of the vector of bools x.\n   Use HPX to reduce in parallel.  Assume HPX has already been initialized.\n   Example:\n\n   input: [false, false, false, true]\n   output: true\n*/\nbool reduceLogicalXOR(std::vector<bool> const& x) {",25_reduce_xor,reduce,cpp,hpx,0.2,0.95,True,2048,False,bool reduceLogicalXOR(std::vector<bool> const& x) {\n  // TODO: Implement this function.\n  return false;\n},False,False,,33,-5922816,26585.0,0.0,26585.0,0.0,2.0514934062957764
"#include <hpx/hpx_main.hpp>\n\n/* Return the logical XOR reduction of the vector of bools x.\n   Use HPX to reduce in parallel.  Assume HPX has already been initialized.\n   Example:\n\n   input: [false, false, false, true]\n   output: true\n*/\nbool reduceLogicalXOR(std::vector<bool> const& x) {",25_reduce_xor,reduce,cpp,hpx,0.2,0.95,True,2048,False,bool reduceLogicalXOR(std::vector<bool> const& x) {\n  // TODO: Implement this function.\n  return false;\n},False,False,,34,-29155328,26585.0,0.97,26585.0,0.965,4.800987958908081
"#include <hpx/hpx_main.hpp>\n\n/* Return the logical XOR reduction of the vector of bools x.\n   Use HPX to reduce in parallel.  Assume HPX has already been initialized.\n   Example:\n\n   input: [false, false, false, true]\n   output: true\n*/\nbool reduceLogicalXOR(std::vector<bool> const& x) {",25_reduce_xor,reduce,cpp,hpx,0.2,0.95,True,2048,False,"bool reduceLogicalXOR(std::vector<bool> const& x) {\n  return hpx::parallel::reduce(x.begin(), x.end(), false, std::logical_xor<bool>());\n}",False,True,,35,12779520,26585.0,0.96,26585.0,0.48,4.089651346206665
"#include <hpx/hpx_main.hpp>\n\n/* Return the logical XOR reduction of the vector of bools x.\n   Use HPX to reduce in parallel.  Assume HPX has already been initialized.\n   Example:\n\n   input: [false, false, false, true]\n   output: true\n*/\nbool reduceLogicalXOR(std::vector<bool> const& x) {",25_reduce_xor,reduce,cpp,hpx,0.2,0.95,True,2048,False,"bool reduceLogicalXOR(std::vector<bool> const& x) {\n  return hpx::reduce(x.begin(), x.end(), false, std::logical_xor<bool>());\n}",False,True,,36,-2613248,26585.0,0.96,26585.0,0.48,4.323791027069092
"#include <hpx/hpx_main.hpp>\n\n/* Return the logical XOR reduction of the vector of bools x.\n   Use HPX to reduce in parallel.  Assume HPX has already been initialized.\n   Example:\n\n   input: [false, false, false, true]\n   output: true\n*/\nbool reduceLogicalXOR(std::vector<bool> const& x) {",25_reduce_xor,reduce,cpp,hpx,0.2,0.95,True,2048,False,"bool reduceLogicalXOR(std::vector<bool> const& x) {\n  return hpx::parallel::reduce(\n      hpx::parallel::execution::par, x.begin(), x.end(), false,\n      [](bool a, bool b) { return a ^ b; });\n}",False,True,,37,-17317888,26585.0,0.96,26585.0,0.6849999999999999,4.243048906326294
"#include <hpx/hpx_main.hpp>\n\n/* Return the logical XOR reduction of the vector of bools x.\n   Use HPX to reduce in parallel.  Assume HPX has already been initialized.\n   Example:\n\n   input: [false, false, false, true]\n   output: true\n*/\nbool reduceLogicalXOR(std::vector<bool> const& x) {",25_reduce_xor,reduce,cpp,hpx,0.2,0.95,True,2048,False,"bool reduceLogicalXOR(std::vector<bool> const& x) {\n    return hpx::reduce(x.begin(), x.end(), false, [](bool a, bool b) {\n        return a ^ b;\n    });\n}",False,True,,38,10539008,26585.0,0.97,26585.0,0.485,4.490268230438232
"#include <hpx/hpx_main.hpp>\n\n/* Return the logical XOR reduction of the vector of bools x.\n   Use HPX to reduce in parallel.  Assume HPX has already been initialized.\n   Example:\n\n   input: [false, false, false, true]\n   output: true\n*/\nbool reduceLogicalXOR(std::vector<bool> const& x) {",25_reduce_xor,reduce,cpp,hpx,0.2,0.95,True,2048,False,"bool reduceLogicalXOR(std::vector<bool> const& x) {\n  return hpx::reduce(x.begin(), x.end(), false, std::logical_xor<bool>());\n}",False,True,,39,10186752,26585.0,0.96,26585.0,0.48,4.331209421157837
"#include <hpx/hpx_main.hpp>\n\n/* Return the logical XOR reduction of the vector of bools x.\n   Use HPX to reduce in parallel.  Assume HPX has already been initialized.\n   Example:\n\n   input: [false, false, false, true]\n   output: true\n*/\nbool reduceLogicalXOR(std::vector<bool> const& x) {",25_reduce_xor,reduce,cpp,hpx,0.2,0.95,True,2048,False,"bool reduceLogicalXOR(std::vector<bool> const& x) {\n  return hpx::reduce(hpx::execution::par, x.begin(), x.end(), false,\n                     [](bool a, bool b) { return a ^ b; });\n}",False,True,,40,-65265664,26585.0,0.96,26585.0,0.48,4.090227842330933
"#include <hpx/hpx_main.hpp>\n\n/* Return the logical XOR reduction of the vector of bools x.\n   Use HPX to reduce in parallel.  Assume HPX has already been initialized.\n   Example:\n\n   input: [false, false, false, true]\n   output: true\n*/\nbool reduceLogicalXOR(std::vector<bool> const& x) {",25_reduce_xor,reduce,cpp,hpx,0.2,0.95,True,2048,False,"bool reduceLogicalXOR(std::vector<bool> const& x) {\n  return hpx::parallel::reduce(\n      hpx::parallel::execution::par, x.begin(), x.end(), false,\n      [](bool a, bool b) { return a ^ b; });\n}",False,True,,41,30048256,26585.0,0.95,26585.0,0.475,4.436300277709961
"#include <hpx/hpx_main.hpp>\n\n/* Return the logical XOR reduction of the vector of bools x.\n   Use HPX to reduce in parallel.  Assume HPX has already been initialized.\n   Example:\n\n   input: [false, false, false, true]\n   output: true\n*/\nbool reduceLogicalXOR(std::vector<bool> const& x) {",25_reduce_xor,reduce,cpp,hpx,0.2,0.95,True,2048,False,bool reduceLogicalXOR(std::vector<bool> const& x) {\n    // TODO: Implement this function.\n    return false;\n},False,False,,42,-3272704,26585.0,0.0,26585.0,0.0,2.116244077682495
"#include <hpx/hpx_main.hpp>\n\n/* Return the logical XOR reduction of the vector of bools x.\n   Use HPX to reduce in parallel.  Assume HPX has already been initialized.\n   Example:\n\n   input: [false, false, false, true]\n   output: true\n*/\nbool reduceLogicalXOR(std::vector<bool> const& x) {",25_reduce_xor,reduce,cpp,hpx,0.2,0.95,True,2048,False,bool reduceLogicalXOR(std::vector<bool> const& x) {\n  // TODO: Implement this function.\n  return false;\n},False,False,,43,18448384,26585.0,0.82,26585.0,0.82,2.101701259613037
"#include <hpx/hpx_main.hpp>\n\n/* Return the logical XOR reduction of the vector of bools x.\n   Use HPX to reduce in parallel.  Assume HPX has already been initialized.\n   Example:\n\n   input: [false, false, false, true]\n   output: true\n*/\nbool reduceLogicalXOR(std::vector<bool> const& x) {",25_reduce_xor,reduce,cpp,hpx,0.2,0.95,True,2048,False,bool reduceLogicalXOR(std::vector<bool> const& x) {\n  // TODO: Implement this function.\n  return false;\n},False,False,,44,6791168,26585.0,0.97,26585.0,0.965,4.09055233001709
"#include <hpx/hpx_main.hpp>\n\n/* Return the logical XOR reduction of the vector of bools x.\n   Use HPX to reduce in parallel.  Assume HPX has already been initialized.\n   Example:\n\n   input: [false, false, false, true]\n   output: true\n*/\nbool reduceLogicalXOR(std::vector<bool> const& x) {",25_reduce_xor,reduce,cpp,hpx,0.2,0.95,True,2048,False,"bool reduceLogicalXOR(std::vector<bool> const& x) {\n  return hpx::parallel::reduce(x.begin(), x.end(), false,\n                               [](bool a, bool b) { return a ^ b; });\n}",False,True,,45,3330048,26585.0,0.97,26585.0,0.485,4.112897634506226
"#include <hpx/hpx_main.hpp>\n\n/* Return the logical XOR reduction of the vector of bools x.\n   Use HPX to reduce in parallel.  Assume HPX has already been initialized.\n   Example:\n\n   input: [false, false, false, true]\n   output: true\n*/\nbool reduceLogicalXOR(std::vector<bool> const& x) {",25_reduce_xor,reduce,cpp,hpx,0.2,0.95,True,2048,False,bool reduceLogicalXOR(std::vector<bool> const& x) {\n  // TODO: Implement this function.\n  return false;\n},False,False,,46,-118784,26585.0,0.0,26585.0,0.0,2.0515329837799072
"#include <hpx/hpx_main.hpp>\n\n/* Return the logical XOR reduction of the vector of bools x.\n   Use HPX to reduce in parallel.  Assume HPX has already been initialized.\n   Example:\n\n   input: [false, false, false, true]\n   output: true\n*/\nbool reduceLogicalXOR(std::vector<bool> const& x) {",25_reduce_xor,reduce,cpp,hpx,0.2,0.95,True,2048,False,"bool reduceLogicalXOR(std::vector<bool> const& x) {\n  return hpx::reduce(x.begin(), x.end(), false, std::logical_xor<bool>());\n}",False,True,,47,2707456,26585.0,0.97,26585.0,0.965,4.093214988708496
"#include <hpx/hpx_main.hpp>\n\n/* Return the logical XOR reduction of the vector of bools x.\n   Use HPX to reduce in parallel.  Assume HPX has already been initialized.\n   Example:\n\n   input: [false, false, false, true]\n   output: true\n*/\nbool reduceLogicalXOR(std::vector<bool> const& x) {",25_reduce_xor,reduce,cpp,hpx,0.2,0.95,True,2048,False,bool reduceLogicalXOR(std::vector<bool> const& x) {\n  // TODO: Implement this function\n  return false;\n},False,False,,48,208896,26585.0,0.0,26585.0,0.0,2.0493266582489014
"#include <hpx/hpx_main.hpp>\n\n/* Return the logical XOR reduction of the vector of bools x.\n   Use HPX to reduce in parallel.  Assume HPX has already been initialized.\n   Example:\n\n   input: [false, false, false, true]\n   output: true\n*/\nbool reduceLogicalXOR(std::vector<bool> const& x) {",25_reduce_xor,reduce,cpp,hpx,0.2,0.95,True,2048,False,"bool reduceLogicalXOR(std::vector<bool> const& x) {\n  return hpx::parallel::reduce(\n      hpx::parallel::execution::par, x.begin(), x.end(), false,\n      [](bool a, bool b) { return a ^ b; });\n}",False,True,,49,-33226752,26585.0,0.97,26585.0,0.765,4.440353631973267
"#include <hpx/hpx_main.hpp>\n\n/* Return the logical XOR reduction of the vector of bools x.\n   Use HPX to reduce in parallel.  Assume HPX has already been initialized.\n   Example:\n\n   input: [false, false, false, true]\n   output: true\n*/\nbool reduceLogicalXOR(std::vector<bool> const& x) {",25_reduce_xor,reduce,cpp,hpx,0.2,0.95,True,2048,False,"bool reduceLogicalXOR(std::vector<bool> const& x) {\n  return hpx::reduce(hpx::execution::par, x.begin(), x.end(), false,\n                     [](bool a, bool b) { return a ^ b; });\n}",False,True,,50,18145280,26585.0,0.96,26585.0,0.48,4.171108722686768
"#include <hpx/hpx_main.hpp>\n\n/* Return the logical XOR reduction of the vector of bools x.\n   Use HPX to reduce in parallel.  Assume HPX has already been initialized.\n   Example:\n\n   input: [false, false, false, true]\n   output: true\n*/\nbool reduceLogicalXOR(std::vector<bool> const& x) {",25_reduce_xor,reduce,cpp,hpx,0.2,0.95,True,2048,False,"bool reduceLogicalXOR(std::vector<bool> const& x) {\n  return hpx::reduce(x.begin(), x.end(), false, std::logical_xor<bool>());\n}",False,True,,51,-10932224,26585.0,0.97,26585.0,0.485,4.091094732284546
"#include <hpx/hpx_main.hpp>\n\n/* Return the logical XOR reduction of the vector of bools x.\n   Use HPX to reduce in parallel.  Assume HPX has already been initialized.\n   Example:\n\n   input: [false, false, false, true]\n   output: true\n*/\nbool reduceLogicalXOR(std::vector<bool> const& x) {",25_reduce_xor,reduce,cpp,hpx,0.2,0.95,True,2048,False,"bool reduceLogicalXOR(std::vector<bool> const& x) {\n  return hpx::parallel::reduce(\n      hpx::parallel::execution::par, x.begin(), x.end(), false,\n      [](bool a, bool b) { return a ^ b; });\n}",False,True,,52,16818176,26585.0,0.96,26585.0,0.48,4.332445859909058
"#include <hpx/hpx_main.hpp>\n\n/* Return the logical XOR reduction of the vector of bools x.\n   Use HPX to reduce in parallel.  Assume HPX has already been initialized.\n   Example:\n\n   input: [false, false, false, true]\n   output: true\n*/\nbool reduceLogicalXOR(std::vector<bool> const& x) {",25_reduce_xor,reduce,cpp,hpx,0.2,0.95,True,2048,False,bool reduceLogicalXOR(std::vector<bool> const& x) {\n  // TODO: Implement this function\n  return false;\n},False,False,,53,-274432,26585.0,0.0,26585.0,0.0,2.3442392349243164
"#include <hpx/hpx_main.hpp>\n\n/* Return the logical XOR reduction of the vector of bools x.\n   Use HPX to reduce in parallel.  Assume HPX has already been initialized.\n   Example:\n\n   input: [false, false, false, true]\n   output: true\n*/\nbool reduceLogicalXOR(std::vector<bool> const& x) {",25_reduce_xor,reduce,cpp,hpx,0.2,0.95,True,2048,False,"bool reduceLogicalXOR(std::vector<bool> const& x) {\n    return hpx::parallel::reduce(\n        hpx::parallel::execution::par,\n        x.begin(),\n        x.end(),\n        false,\n        [](bool a, bool b) { return a ^ b; }\n    );\n}",False,True,,54,1781760,26585.0,0.96,26585.0,0.48,4.2148497104644775
"#include <hpx/hpx_main.hpp>\n\n/* Return the logical XOR reduction of the vector of bools x.\n   Use HPX to reduce in parallel.  Assume HPX has already been initialized.\n   Example:\n\n   input: [false, false, false, true]\n   output: true\n*/\nbool reduceLogicalXOR(std::vector<bool> const& x) {",25_reduce_xor,reduce,cpp,hpx,0.2,0.95,True,2048,False,"bool reduceLogicalXOR(std::vector<bool> const& x) {\n    return hpx::parallel::reduce(\n        hpx::parallel::execution::par,\n        x.begin(),\n        x.end(),\n        false,\n        [](bool a, bool b) { return a ^ b; }\n    );\n}",False,True,,55,-13176832,26585.0,0.97,26585.0,0.97,4.432357549667358
"#include <hpx/hpx_main.hpp>\n\n/* Return the logical XOR reduction of the vector of bools x.\n   Use HPX to reduce in parallel.  Assume HPX has already been initialized.\n   Example:\n\n   input: [false, false, false, true]\n   output: true\n*/\nbool reduceLogicalXOR(std::vector<bool> const& x) {",25_reduce_xor,reduce,cpp,hpx,0.2,0.95,True,2048,False,"bool reduceLogicalXOR(std::vector<bool> const& x) {\n  return hpx::reduce(x.begin(), x.end(), false, [](bool a, bool b) {\n    return a ^ b;\n  });\n}",False,True,,56,253829120,26585.0,0.96,26585.0,0.48,4.090815544128418
"#include <hpx/hpx_main.hpp>\n\n/* Return the logical XOR reduction of the vector of bools x.\n   Use HPX to reduce in parallel.  Assume HPX has already been initialized.\n   Example:\n\n   input: [false, false, false, true]\n   output: true\n*/\nbool reduceLogicalXOR(std::vector<bool> const& x) {",25_reduce_xor,reduce,cpp,hpx,0.2,0.95,True,2048,False,"bool reduceLogicalXOR(std::vector<bool> const& x) {\n    return hpx::parallel::reduce(\n        hpx::parallel::execution::par,\n        x.begin(), x.end(),\n        false,\n        [](bool a, bool b) { return a ^ b; }\n    );\n}",False,True,,57,283365376,26585.0,0.96,26585.0,0.8899999999999999,4.407781600952148
"#include <hpx/hpx_main.hpp>\n\n/* Return the logical XOR reduction of the vector of bools x.\n   Use HPX to reduce in parallel.  Assume HPX has already been initialized.\n   Example:\n\n   input: [false, false, false, true]\n   output: true\n*/\nbool reduceLogicalXOR(std::vector<bool> const& x) {",25_reduce_xor,reduce,cpp,hpx,0.2,0.95,True,2048,False,bool reduceLogicalXOR(std::vector<bool> const& x) {\n  // TODO: Implement this function.\n  return false;\n},False,False,,58,5529600,26585.0,0.96,26585.0,0.48,4.093088150024414
"#include <hpx/hpx_main.hpp>\n\n/* Return the logical XOR reduction of the vector of bools x.\n   Use HPX to reduce in parallel.  Assume HPX has already been initialized.\n   Example:\n\n   input: [false, false, false, true]\n   output: true\n*/\nbool reduceLogicalXOR(std::vector<bool> const& x) {",25_reduce_xor,reduce,cpp,hpx,0.2,0.95,True,2048,False,"bool reduceLogicalXOR(std::vector<bool> const& x) {\n  return hpx::reduce(x.begin(), x.end(), false, [](bool a, bool b) { return a ^ b; });\n}",False,True,,59,-469299200,26585.0,0.96,26585.0,0.48,4.090923309326172
"#include <hpx/hpx_main.hpp>\n\n/* Return the logical XOR reduction of the vector of bools x.\n   Use HPX to reduce in parallel.  Assume HPX has already been initialized.\n   Example:\n\n   input: [false, false, false, true]\n   output: true\n*/\nbool reduceLogicalXOR(std::vector<bool> const& x) {",25_reduce_xor,reduce,cpp,hpx,0.2,0.95,True,2048,False,bool reduceLogicalXOR(std::vector<bool> const& x) {\n  // TODO: Implement this function.\n  return false;\n},False,False,,60,48832512,26585.0,0.0,26585.0,0.0,2.048649787902832
"#include <hpx/hpx_main.hpp>\n\n/* Return the logical XOR reduction of the vector of bools x.\n   Use HPX to reduce in parallel.  Assume HPX has already been initialized.\n   Example:\n\n   input: [false, false, false, true]\n   output: true\n*/\nbool reduceLogicalXOR(std::vector<bool> const& x) {",25_reduce_xor,reduce,cpp,hpx,0.2,0.95,True,2048,False,"bool reduceLogicalXOR(std::vector<bool> const& x) {\n  return hpx::reduce(x.begin(), x.end(), false, std::logical_xor<bool>());\n}",False,True,,61,-11915264,26585.0,0.96,26585.0,0.96,4.092275619506836
"#include <hpx/hpx_main.hpp>\n\n/* Return the logical XOR reduction of the vector of bools x.\n   Use HPX to reduce in parallel.  Assume HPX has already been initialized.\n   Example:\n\n   input: [false, false, false, true]\n   output: true\n*/\nbool reduceLogicalXOR(std::vector<bool> const& x) {",25_reduce_xor,reduce,cpp,hpx,0.2,0.95,True,2048,False,bool reduceLogicalXOR(std::vector<bool> const& x) {\n  // TODO: implement this function\n  return false;\n},False,False,,62,-12984320,26585.0,0.0,26585.0,0.0,2.1428792476654053
"#include <hpx/hpx_main.hpp>\n\n/* Return the logical XOR reduction of the vector of bools x.\n   Use HPX to reduce in parallel.  Assume HPX has already been initialized.\n   Example:\n\n   input: [false, false, false, true]\n   output: true\n*/\nbool reduceLogicalXOR(std::vector<bool> const& x) {",25_reduce_xor,reduce,cpp,hpx,0.2,0.95,True,2048,False,bool reduceLogicalXOR(std::vector<bool> const& x) {\n  // TODO: Implement this function.\n  return false;\n},False,False,,63,-18882560,26585.0,0.92,26585.0,0.92,2.0545601844787598
"#include <hpx/hpx_main.hpp>\n\n/* Return the logical XOR reduction of the vector of bools x.\n   Use HPX to reduce in parallel.  Assume HPX has already been initialized.\n   Example:\n\n   input: [false, false, false, true]\n   output: true\n*/\nbool reduceLogicalXOR(std::vector<bool> const& x) {",25_reduce_xor,reduce,cpp,hpx,0.2,0.95,True,2048,False,"bool reduceLogicalXOR(std::vector<bool> const& x) {\n  return hpx::parallel::reduce(\n      hpx::parallel::execution::par, x.begin(), x.end(), false,\n      [](bool a, bool b) { return a ^ b; });\n}",False,True,,64,-7270400,26585.0,0.96,26585.0,0.96,4.093444585800171
"#include <hpx/hpx_main.hpp>\n\n/* Return the logical XOR reduction of the vector of bools x.\n   Use HPX to reduce in parallel.  Assume HPX has already been initialized.\n   Example:\n\n   input: [false, false, false, true]\n   output: true\n*/\nbool reduceLogicalXOR(std::vector<bool> const& x) {",25_reduce_xor,reduce,cpp,hpx,0.2,0.95,True,2048,False,bool reduceLogicalXOR(std::vector<bool> const& x) {\n  // TODO: Implement this function.\n  return false;\n},False,False,,65,4526080,26585.0,0.0,26585.0,0.0,2.049611806869507
"#include <hpx/hpx_main.hpp>\n\n/* Return the logical XOR reduction of the vector of bools x.\n   Use HPX to reduce in parallel.  Assume HPX has already been initialized.\n   Example:\n\n   input: [false, false, false, true]\n   output: true\n*/\nbool reduceLogicalXOR(std::vector<bool> const& x) {",25_reduce_xor,reduce,cpp,hpx,0.2,0.95,True,2048,False,"bool reduceLogicalXOR(std::vector<bool> const& x) {\n  return hpx::parallel::reduce(\n      hpx::parallel::execution::par, x.begin(), x.end(), false,\n      [](bool a, bool b) { return a ^ b; });\n}",False,True,,66,3817472,26585.0,0.96,26585.0,0.96,4.088451385498047
"#include <hpx/hpx_main.hpp>\n\n/* Return the logical XOR reduction of the vector of bools x.\n   Use HPX to reduce in parallel.  Assume HPX has already been initialized.\n   Example:\n\n   input: [false, false, false, true]\n   output: true\n*/\nbool reduceLogicalXOR(std::vector<bool> const& x) {",25_reduce_xor,reduce,cpp,hpx,0.2,0.95,True,2048,False,"bool reduceLogicalXOR(std::vector<bool> const& x) {\n  return hpx::reduce(hpx::execution::par, x.begin(), x.end(), false,\n                     [](bool a, bool b) { return a ^ b; });\n}",False,True,,67,-1093632,26585.0,0.97,26585.0,0.485,4.090702772140503
"#include <hpx/hpx_main.hpp>\n\n/* Return the logical XOR reduction of the vector of bools x.\n   Use HPX to reduce in parallel.  Assume HPX has already been initialized.\n   Example:\n\n   input: [false, false, false, true]\n   output: true\n*/\nbool reduceLogicalXOR(std::vector<bool> const& x) {",25_reduce_xor,reduce,cpp,hpx,0.2,0.95,True,2048,False,"bool reduceLogicalXOR(std::vector<bool> const& x) {\n    return hpx::reduce(x.begin(), x.end(), false, std::logical_xor<bool>());\n}",False,True,,68,-42942464,26585.0,0.97,26585.0,0.485,4.088935613632202
"#include <hpx/hpx_main.hpp>\n\n/* Return the logical XOR reduction of the vector of bools x.\n   Use HPX to reduce in parallel.  Assume HPX has already been initialized.\n   Example:\n\n   input: [false, false, false, true]\n   output: true\n*/\nbool reduceLogicalXOR(std::vector<bool> const& x) {",25_reduce_xor,reduce,cpp,hpx,0.2,0.95,True,2048,False,bool reduceLogicalXOR(std::vector<bool> const& x) {\n  // TODO: Implement this function.\n  return false;\n},False,False,,69,12095488,26585.0,0.0,26585.0,0.0,2.0647389888763428
"#include <hpx/hpx_main.hpp>\n\n/* Return the logical XOR reduction of the vector of bools x.\n   Use HPX to reduce in parallel.  Assume HPX has already been initialized.\n   Example:\n\n   input: [false, false, false, true]\n   output: true\n*/\nbool reduceLogicalXOR(std::vector<bool> const& x) {",25_reduce_xor,reduce,cpp,hpx,0.2,0.95,True,2048,False,"bool reduceLogicalXOR(std::vector<bool> const& x) {\n  return hpx::reduce(x.begin(), x.end(), false, std::logical_xor<bool>());\n}",False,True,,70,28364800,26585.0,0.96,26585.0,0.96,4.118175029754639
"#include <hpx/hpx_main.hpp>\n\n/* Return the logical XOR reduction of the vector of bools x.\n   Use HPX to reduce in parallel.  Assume HPX has already been initialized.\n   Example:\n\n   input: [false, false, false, true]\n   output: true\n*/\nbool reduceLogicalXOR(std::vector<bool> const& x) {",25_reduce_xor,reduce,cpp,hpx,0.2,0.95,True,2048,False,bool reduceLogicalXOR(std::vector<bool> const& x) {\n  // TODO: Implement this function.\n  return false;\n},False,False,,71,24281088,26585.0,0.93,26585.0,0.465,4.736774444580078
"#include <hpx/hpx_main.hpp>\n\n/* Return the logical XOR reduction of the vector of bools x.\n   Use HPX to reduce in parallel.  Assume HPX has already been initialized.\n   Example:\n\n   input: [false, false, false, true]\n   output: true\n*/\nbool reduceLogicalXOR(std::vector<bool> const& x) {",25_reduce_xor,reduce,cpp,hpx,0.2,0.95,True,2048,False,bool reduceLogicalXOR(std::vector<bool> const& x) {\n  // TODO: Implement this function.\n  return false;\n},False,False,,72,-10358784,26585.0,0.0,26585.0,0.0,2.043771266937256
"#include <hpx/hpx_main.hpp>\n\n/* Return the logical XOR reduction of the vector of bools x.\n   Use HPX to reduce in parallel.  Assume HPX has already been initialized.\n   Example:\n\n   input: [false, false, false, true]\n   output: true\n*/\nbool reduceLogicalXOR(std::vector<bool> const& x) {",25_reduce_xor,reduce,cpp,hpx,0.2,0.95,True,2048,False,"bool reduceLogicalXOR(std::vector<bool> const& x) {\n  return hpx::parallel::reduce(\n      hpx::parallel::execution::par, x.begin(), x.end(), false,\n      [](bool a, bool b) { return a ^ b; });\n}",False,True,,73,-7901184,26585.0,0.97,26585.0,0.965,4.088423490524292
"#include <hpx/hpx_main.hpp>\n\n/* Return the logical XOR reduction of the vector of bools x.\n   Use HPX to reduce in parallel.  Assume HPX has already been initialized.\n   Example:\n\n   input: [false, false, false, true]\n   output: true\n*/\nbool reduceLogicalXOR(std::vector<bool> const& x) {",25_reduce_xor,reduce,cpp,hpx,0.2,0.95,True,2048,False,"bool reduceLogicalXOR(std::vector<bool> const& x) {\n  return hpx::reduce(x.begin(), x.end(), false, std::logical_xor<bool>());\n}",False,True,,74,9244672,26585.0,0.96,26585.0,0.48,4.153920412063599
"#include <hpx/hpx_main.hpp>\n\n/* Return the logical XOR reduction of the vector of bools x.\n   Use HPX to reduce in parallel.  Assume HPX has already been initialized.\n   Example:\n\n   input: [false, false, false, true]\n   output: true\n*/\nbool reduceLogicalXOR(std::vector<bool> const& x) {",25_reduce_xor,reduce,cpp,hpx,0.2,0.95,True,2048,False,"bool reduceLogicalXOR(std::vector<bool> const& x) {\n    return hpx::reduce(x.begin(), x.end(), false, std::logical_xor<bool>());\n}",False,True,,75,6217728,26585.0,0.0,26585.0,0.0,2.350844621658325
"#include <hpx/hpx_main.hpp>\n\n/* Return the logical XOR reduction of the vector of bools x.\n   Use HPX to reduce in parallel.  Assume HPX has already been initialized.\n   Example:\n\n   input: [false, false, false, true]\n   output: true\n*/\nbool reduceLogicalXOR(std::vector<bool> const& x) {",25_reduce_xor,reduce,cpp,hpx,0.2,0.95,True,2048,False,"bool reduceLogicalXOR(std::vector<bool> const& x) {\n  return hpx::reduce(hpx::execution::par, x.begin(), x.end(), false,\n                     [](bool a, bool b) { return a ^ b; });\n}",False,True,,76,-34557952,26585.0,0.96,26585.0,0.87,4.498455762863159
"#include <hpx/hpx_main.hpp>\n\n/* Return the logical XOR reduction of the vector of bools x.\n   Use HPX to reduce in parallel.  Assume HPX has already been initialized.\n   Example:\n\n   input: [false, false, false, true]\n   output: true\n*/\nbool reduceLogicalXOR(std::vector<bool> const& x) {",25_reduce_xor,reduce,cpp,hpx,0.2,0.95,True,2048,False,"bool reduceLogicalXOR(std::vector<bool> const& x) {\n    return hpx::reduce(hpx::execution::par, x.begin(), x.end(), false,\n                       [](bool a, bool b) { return a ^ b; });\n}",False,True,,77,18460672,26585.0,0.96,26585.0,0.48,4.4074318408966064
"#include <hpx/hpx_main.hpp>\n\n/* Return the logical XOR reduction of the vector of bools x.\n   Use HPX to reduce in parallel.  Assume HPX has already been initialized.\n   Example:\n\n   input: [false, false, false, true]\n   output: true\n*/\nbool reduceLogicalXOR(std::vector<bool> const& x) {",25_reduce_xor,reduce,cpp,hpx,0.2,0.95,True,2048,False,bool reduceLogicalXOR(std::vector<bool> const& x) {\n  // TODO: Implement this function.\n  return false;\n},False,False,,78,18776064,26585.0,0.94,26585.0,0.47,4.447393894195557
"#include <hpx/hpx_main.hpp>\n\n/* Return the logical XOR reduction of the vector of bools x.\n   Use HPX to reduce in parallel.  Assume HPX has already been initialized.\n   Example:\n\n   input: [false, false, false, true]\n   output: true\n*/\nbool reduceLogicalXOR(std::vector<bool> const& x) {",25_reduce_xor,reduce,cpp,hpx,0.2,0.95,True,2048,False,"bool reduceLogicalXOR(std::vector<bool> const& x) {\n  return hpx::reduce(x.begin(), x.end(), false, [](bool a, bool b) { return a ^ b; });\n}",False,True,,79,-2830336,26585.0,0.96,26585.0,0.48,4.088479518890381
"#include <hpx/hpx_main.hpp>\n\n/* Return the logical XOR reduction of the vector of bools x.\n   Use HPX to reduce in parallel.  Assume HPX has already been initialized.\n   Example:\n\n   input: [false, false, false, true]\n   output: true\n*/\nbool reduceLogicalXOR(std::vector<bool> const& x) {",25_reduce_xor,reduce,cpp,hpx,0.2,0.95,True,2048,False,bool reduceLogicalXOR(std::vector<bool> const& x) {\n  // TODO: Implement this function.\n  return false;\n},False,False,,80,-974848,26585.0,0.0,26585.0,0.0,2.0446548461914062
"#include <hpx/hpx_main.hpp>\n\n/* Return the logical XOR reduction of the vector of bools x.\n   Use HPX to reduce in parallel.  Assume HPX has already been initialized.\n   Example:\n\n   input: [false, false, false, true]\n   output: true\n*/\nbool reduceLogicalXOR(std::vector<bool> const& x) {",25_reduce_xor,reduce,cpp,hpx,0.2,0.95,True,2048,False,bool reduceLogicalXOR(std::vector<bool> const& x) {\n  // TODO: Implement this function.\n  return false;\n},False,False,,81,6135808,26585.0,0.97,26585.0,0.97,2.0499563217163086
"#include <hpx/hpx_main.hpp>\n\n/* Return the logical XOR reduction of the vector of bools x.\n   Use HPX to reduce in parallel.  Assume HPX has already been initialized.\n   Example:\n\n   input: [false, false, false, true]\n   output: true\n*/\nbool reduceLogicalXOR(std::vector<bool> const& x) {",25_reduce_xor,reduce,cpp,hpx,0.2,0.95,True,2048,False,"bool reduceLogicalXOR(std::vector<bool> const& x) {\n  return hpx::reduce(x.begin(), x.end(), false, std::logical_xor<bool>());\n}",False,True,,82,-6574080,26585.0,0.96,26585.0,0.96,4.092357873916626
"#include <hpx/hpx_main.hpp>\n\n/* Return the logical XOR reduction of the vector of bools x.\n   Use HPX to reduce in parallel.  Assume HPX has already been initialized.\n   Example:\n\n   input: [false, false, false, true]\n   output: true\n*/\nbool reduceLogicalXOR(std::vector<bool> const& x) {",25_reduce_xor,reduce,cpp,hpx,0.2,0.95,True,2048,False,bool reduceLogicalXOR(std::vector<bool> const& x) {\n  // TODO: Implement this function.\n  return false;\n},False,False,,83,6955008,26585.0,0.0,26585.0,0.0,2.2257308959960938
"#include <hpx/hpx_main.hpp>\n\n/* Return the logical XOR reduction of the vector of bools x.\n   Use HPX to reduce in parallel.  Assume HPX has already been initialized.\n   Example:\n\n   input: [false, false, false, true]\n   output: true\n*/\nbool reduceLogicalXOR(std::vector<bool> const& x) {",25_reduce_xor,reduce,cpp,hpx,0.2,0.95,True,2048,False,"bool reduceLogicalXOR(std::vector<bool> const& x) {\n  return hpx::parallel::reduce(\n      hpx::parallel::execution::par, x.begin(), x.end(), false,\n      [](bool a, bool b) { return a ^ b; });\n}",False,True,,84,-11296768,26585.0,0.96,26585.0,0.63,4.097157716751099
"#include <hpx/hpx_main.hpp>\n\n/* Return the logical XOR reduction of the vector of bools x.\n   Use HPX to reduce in parallel.  Assume HPX has already been initialized.\n   Example:\n\n   input: [false, false, false, true]\n   output: true\n*/\nbool reduceLogicalXOR(std::vector<bool> const& x) {",25_reduce_xor,reduce,cpp,hpx,0.2,0.95,True,2048,False,"bool reduceLogicalXOR(std::vector<bool> const& x) {\n  return hpx::parallel::reduce(hpx::execution::par, x.begin(), x.end(), false,\n                               [](bool a, bool b) { return a ^ b; });\n}",False,True,,85,-29618176,26585.0,0.96,26585.0,0.48,4.08890175819397
"#include <hpx/hpx_main.hpp>\n\n/* Return the logical XOR reduction of the vector of bools x.\n   Use HPX to reduce in parallel.  Assume HPX has already been initialized.\n   Example:\n\n   input: [false, false, false, true]\n   output: true\n*/\nbool reduceLogicalXOR(std::vector<bool> const& x) {",25_reduce_xor,reduce,cpp,hpx,0.2,0.95,True,2048,False,bool reduceLogicalXOR(std::vector<bool> const& x) {\n  // TODO: Implement this function\n  return false;\n},False,False,,86,-4001792,26585.0,0.0,26585.0,0.0,2.047894239425659
"#include <hpx/hpx_main.hpp>\n\n/* Return the logical XOR reduction of the vector of bools x.\n   Use HPX to reduce in parallel.  Assume HPX has already been initialized.\n   Example:\n\n   input: [false, false, false, true]\n   output: true\n*/\nbool reduceLogicalXOR(std::vector<bool> const& x) {",25_reduce_xor,reduce,cpp,hpx,0.2,0.95,True,2048,False,bool reduceLogicalXOR(std::vector<bool> const& x) {\n  // TODO: Implement this function.\n  return false;\n},False,False,,87,9138176,26585.0,0.97,26585.0,0.835,4.405938386917114
"#include <hpx/hpx_main.hpp>\n\n/* Return the logical XOR reduction of the vector of bools x.\n   Use HPX to reduce in parallel.  Assume HPX has already been initialized.\n   Example:\n\n   input: [false, false, false, true]\n   output: true\n*/\nbool reduceLogicalXOR(std::vector<bool> const& x) {",25_reduce_xor,reduce,cpp,hpx,0.2,0.95,True,2048,False,"bool reduceLogicalXOR(std::vector<bool> const& x) {\n  return hpx::reduce(x.begin(), x.end(), false,\n                     [](bool a, bool b) { return a ^ b; });\n}",False,True,,88,913408,26585.0,0.97,26585.0,0.965,4.439656496047974
"#include <hpx/hpx_main.hpp>\n\n/* Return the logical XOR reduction of the vector of bools x.\n   Use HPX to reduce in parallel.  Assume HPX has already been initialized.\n   Example:\n\n   input: [false, false, false, true]\n   output: true\n*/\nbool reduceLogicalXOR(std::vector<bool> const& x) {",25_reduce_xor,reduce,cpp,hpx,0.2,0.95,True,2048,False,bool reduceLogicalXOR(std::vector<bool> const& x) {\n  // TODO: Implement this function.\n  return false;\n},False,False,,89,-7131136,26585.0,0.0,26585.0,0.0,2.080434799194336
"#include <hpx/hpx_main.hpp>\n\n/* Return the logical XOR reduction of the vector of bools x.\n   Use HPX to reduce in parallel.  Assume HPX has already been initialized.\n   Example:\n\n   input: [false, false, false, true]\n   output: true\n*/\nbool reduceLogicalXOR(std::vector<bool> const& x) {",25_reduce_xor,reduce,cpp,hpx,0.2,0.95,True,2048,False,"bool reduceLogicalXOR(std::vector<bool> const& x) {\n  return hpx::parallel::reduce(\n      hpx::parallel::execution::par, x.begin(), x.end(), false,\n      [](bool a, bool b) { return a ^ b; });\n}",False,True,,90,-2617344,26585.0,0.96,26585.0,0.695,4.401140451431274
"#include <hpx/hpx_main.hpp>\n\n/* Return the logical XOR reduction of the vector of bools x.\n   Use HPX to reduce in parallel.  Assume HPX has already been initialized.\n   Example:\n\n   input: [false, false, false, true]\n   output: true\n*/\nbool reduceLogicalXOR(std::vector<bool> const& x) {",25_reduce_xor,reduce,cpp,hpx,0.2,0.95,True,2048,False,"bool reduceLogicalXOR(std::vector<bool> const& x) {\n    return hpx::parallel::reduce(\n        hpx::parallel::execution::par,\n        x.begin(), x.end(),\n        false,\n        [](bool a, bool b) { return a ^ b; }\n    );\n}",False,True,,91,9670656,26585.0,0.96,26585.0,0.48,4.181508302688599
"#include <hpx/hpx_main.hpp>\n\n/* Return the logical XOR reduction of the vector of bools x.\n   Use HPX to reduce in parallel.  Assume HPX has already been initialized.\n   Example:\n\n   input: [false, false, false, true]\n   output: true\n*/\nbool reduceLogicalXOR(std::vector<bool> const& x) {",25_reduce_xor,reduce,cpp,hpx,0.2,0.95,True,2048,False,"bool reduceLogicalXOR(std::vector<bool> const& x) {\n  return hpx::reduce(x.begin(), x.end(), false, std::logical_xor<bool>());\n}",False,True,,92,-56770560,26585.0,0.96,26585.0,0.48,4.100184440612793
"#include <hpx/hpx_main.hpp>\n\n/* Return the logical XOR reduction of the vector of bools x.\n   Use HPX to reduce in parallel.  Assume HPX has already been initialized.\n   Example:\n\n   input: [false, false, false, true]\n   output: true\n*/\nbool reduceLogicalXOR(std::vector<bool> const& x) {",25_reduce_xor,reduce,cpp,hpx,0.2,0.95,True,2048,False,"bool reduceLogicalXOR(std::vector<bool> const& x) {\n  return hpx::parallel::reduce(\n      hpx::parallel::execution::par, x.begin(), x.end(), false,\n      [](bool a, bool b) { return a ^ b; });\n}",False,True,,93,33718272,26585.0,0.96,26585.0,0.48,4.097707986831665
"#include <hpx/hpx_main.hpp>\n\n/* Return the logical XOR reduction of the vector of bools x.\n   Use HPX to reduce in parallel.  Assume HPX has already been initialized.\n   Example:\n\n   input: [false, false, false, true]\n   output: true\n*/\nbool reduceLogicalXOR(std::vector<bool> const& x) {",25_reduce_xor,reduce,cpp,hpx,0.2,0.95,True,2048,False,bool reduceLogicalXOR(std::vector<bool> const& x) {\n  // TODO: Implement this function\n  return false;\n},False,False,,94,-2576384,26585.0,0.0,26585.0,0.0,2.1929233074188232
"#include <hpx/hpx_main.hpp>\n\n/* Return the logical XOR reduction of the vector of bools x.\n   Use HPX to reduce in parallel.  Assume HPX has already been initialized.\n   Example:\n\n   input: [false, false, false, true]\n   output: true\n*/\nbool reduceLogicalXOR(std::vector<bool> const& x) {",25_reduce_xor,reduce,cpp,hpx,0.2,0.95,True,2048,False,"bool reduceLogicalXOR(std::vector<bool> const& x) {\n  return hpx::reduce(x.begin(), x.end(), false, std::logical_xor<bool>());\n}",False,True,,95,22683648,26585.0,0.96,26585.0,0.495,4.117132902145386
"#include <hpx/hpx_main.hpp>\n\n/* Return the logical XOR reduction of the vector of bools x.\n   Use HPX to reduce in parallel.  Assume HPX has already been initialized.\n   Example:\n\n   input: [false, false, false, true]\n   output: true\n*/\nbool reduceLogicalXOR(std::vector<bool> const& x) {",25_reduce_xor,reduce,cpp,hpx,0.2,0.95,True,2048,False,bool reduceLogicalXOR(std::vector<bool> const& x) {\n  // TODO: Implement this function.\n  return false;\n},False,False,,96,1736704,26585.0,0.0,26585.0,0.0,2.2547402381896973
"#include <hpx/hpx_main.hpp>\n\n/* Return the logical XOR reduction of the vector of bools x.\n   Use HPX to reduce in parallel.  Assume HPX has already been initialized.\n   Example:\n\n   input: [false, false, false, true]\n   output: true\n*/\nbool reduceLogicalXOR(std::vector<bool> const& x) {",25_reduce_xor,reduce,cpp,hpx,0.2,0.95,True,2048,False,bool reduceLogicalXOR(std::vector<bool> const& x) {\n  // TODO: Implement this function.\n  return false;\n},False,False,,97,-802816,26585.0,0.37,26585.0,0.37,2.056864023208618
"#include <hpx/hpx_main.hpp>\n\n/* Return the logical XOR reduction of the vector of bools x.\n   Use HPX to reduce in parallel.  Assume HPX has already been initialized.\n   Example:\n\n   input: [false, false, false, true]\n   output: true\n*/\nbool reduceLogicalXOR(std::vector<bool> const& x) {",25_reduce_xor,reduce,cpp,hpx,0.2,0.95,True,2048,False,"bool reduceLogicalXOR(std::vector<bool> const& x) {\n  return hpx::reduce(x.begin(), x.end(), false, [](bool a, bool b) { return a ^ b; });\n}",False,True,,98,4648960,26585.0,0.97,26585.0,0.75,4.153707265853882
"#include <hpx/hpx_main.hpp>\n\n/* Return the logical XOR reduction of the vector of bools x.\n   Use HPX to reduce in parallel.  Assume HPX has already been initialized.\n   Example:\n\n   input: [false, false, false, true]\n   output: true\n*/\nbool reduceLogicalXOR(std::vector<bool> const& x) {",25_reduce_xor,reduce,cpp,hpx,0.2,0.95,True,2048,False,"bool reduceLogicalXOR(std::vector<bool> const& x) {\n    return hpx::reduce(x.begin(), x.end(), false,\n                       [](bool a, bool b) { return a ^ b; });\n}",False,True,,99,-6144000,26585.0,0.96,26585.0,0.48,4.086641788482666
"#include <hpx/hpx_main.hpp>\n\n/* Return the product of the vector x with every odd indexed element inverted.\n   i.e. x_0 * 1/x_1 * x_2 * 1/x_3 * x_4 ...\n   Use HPX to compute product in parallel.  Assume HPX has already been initialized.\n   Example:\n\n   input: [4, 2, 10, 4, 5]\n   output: 25\n*/\ndouble productWithInverses(std::vector<double> const& x) {",26_reduce_product_of_inverses,reduce,cpp,hpx,0.2,0.95,True,2048,False,double productWithInverses(std::vector<double> const& x) {\n  // TODO: Implement this function.\n  return 0;\n},False,False,,0,7733248,26585.0,0.97,26585.0,0.485,4.227824687957764
"#include <hpx/hpx_main.hpp>\n\n/* Return the product of the vector x with every odd indexed element inverted.\n   i.e. x_0 * 1/x_1 * x_2 * 1/x_3 * x_4 ...\n   Use HPX to compute product in parallel.  Assume HPX has already been initialized.\n   Example:\n\n   input: [4, 2, 10, 4, 5]\n   output: 25\n*/\ndouble productWithInverses(std::vector<double> const& x) {",26_reduce_product_of_inverses,reduce,cpp,hpx,0.2,0.95,True,2048,False,double productWithInverses(std::vector<double> const& x) {\n  // TODO: Implement this function\n  return 0;\n},False,False,,1,-19218432,26585.0,0.96,26585.0,0.48,4.1582417488098145
"#include <hpx/hpx_main.hpp>\n\n/* Return the product of the vector x with every odd indexed element inverted.\n   i.e. x_0 * 1/x_1 * x_2 * 1/x_3 * x_4 ...\n   Use HPX to compute product in parallel.  Assume HPX has already been initialized.\n   Example:\n\n   input: [4, 2, 10, 4, 5]\n   output: 25\n*/\ndouble productWithInverses(std::vector<double> const& x) {",26_reduce_product_of_inverses,reduce,cpp,hpx,0.2,0.95,True,2048,False,double productWithInverses(std::vector<double> const& x) {\n  // TODO: Implement this function.\n  return 0;\n},False,False,,2,-7716864,26585.0,0.96,26585.0,0.48,4.2569053173065186
"#include <hpx/hpx_main.hpp>\n\n/* Return the product of the vector x with every odd indexed element inverted.\n   i.e. x_0 * 1/x_1 * x_2 * 1/x_3 * x_4 ...\n   Use HPX to compute product in parallel.  Assume HPX has already been initialized.\n   Example:\n\n   input: [4, 2, 10, 4, 5]\n   output: 25\n*/\ndouble productWithInverses(std::vector<double> const& x) {",26_reduce_product_of_inverses,reduce,cpp,hpx,0.2,0.95,True,2048,False,double productWithInverses(std::vector<double> const& x) {\n    // TODO: Implement this function.\n    return 0;\n},False,False,,3,36720640,26585.0,0.96,26585.0,0.48,4.247977018356323
"#include <hpx/hpx_main.hpp>\n\n/* Return the product of the vector x with every odd indexed element inverted.\n   i.e. x_0 * 1/x_1 * x_2 * 1/x_3 * x_4 ...\n   Use HPX to compute product in parallel.  Assume HPX has already been initialized.\n   Example:\n\n   input: [4, 2, 10, 4, 5]\n   output: 25\n*/\ndouble productWithInverses(std::vector<double> const& x) {",26_reduce_product_of_inverses,reduce,cpp,hpx,0.2,0.95,True,2048,False,double productWithInverses(std::vector<double> const& x) {\n  // TODO: Implement this function.\n  return 0;\n},False,False,,4,1159168,26585.0,0.96,26585.0,0.48,4.261602401733398
"#include <hpx/hpx_main.hpp>\n\n/* Return the product of the vector x with every odd indexed element inverted.\n   i.e. x_0 * 1/x_1 * x_2 * 1/x_3 * x_4 ...\n   Use HPX to compute product in parallel.  Assume HPX has already been initialized.\n   Example:\n\n   input: [4, 2, 10, 4, 5]\n   output: 25\n*/\ndouble productWithInverses(std::vector<double> const& x) {",26_reduce_product_of_inverses,reduce,cpp,hpx,0.2,0.95,True,2048,False,double productWithInverses(std::vector<double> const& x) {\n  // TODO: Implement this function.\n  return 0;\n},False,False,,5,5255168,26585.0,0.96,26585.0,0.48,4.217406988143921
"#include <hpx/hpx_main.hpp>\n\n/* Return the product of the vector x with every odd indexed element inverted.\n   i.e. x_0 * 1/x_1 * x_2 * 1/x_3 * x_4 ...\n   Use HPX to compute product in parallel.  Assume HPX has already been initialized.\n   Example:\n\n   input: [4, 2, 10, 4, 5]\n   output: 25\n*/\ndouble productWithInverses(std::vector<double> const& x) {",26_reduce_product_of_inverses,reduce,cpp,hpx,0.2,0.95,True,2048,False,double productWithInverses(std::vector<double> const& x) {\n  // TODO: Implement this function\n  return 0;\n},False,False,,6,-667648,26585.0,0.0,26585.0,0.0,2.212327003479004
"#include <hpx/hpx_main.hpp>\n\n/* Return the product of the vector x with every odd indexed element inverted.\n   i.e. x_0 * 1/x_1 * x_2 * 1/x_3 * x_4 ...\n   Use HPX to compute product in parallel.  Assume HPX has already been initialized.\n   Example:\n\n   input: [4, 2, 10, 4, 5]\n   output: 25\n*/\ndouble productWithInverses(std::vector<double> const& x) {",26_reduce_product_of_inverses,reduce,cpp,hpx,0.2,0.95,True,2048,False,double productWithInverses(std::vector<double> const& x) {\n    // TODO: Implement this function.\n    return 0.0;\n},False,False,,7,6287360,26585.0,0.97,26585.0,0.97,2.3353257179260254
"#include <hpx/hpx_main.hpp>\n\n/* Return the product of the vector x with every odd indexed element inverted.\n   i.e. x_0 * 1/x_1 * x_2 * 1/x_3 * x_4 ...\n   Use HPX to compute product in parallel.  Assume HPX has already been initialized.\n   Example:\n\n   input: [4, 2, 10, 4, 5]\n   output: 25\n*/\ndouble productWithInverses(std::vector<double> const& x) {",26_reduce_product_of_inverses,reduce,cpp,hpx,0.2,0.95,True,2048,False,double productWithInverses(std::vector<double> const& x) {\n    // TODO: Implement this function.\n    return 0;\n},False,False,,8,-16130048,26585.0,0.97,26585.0,0.97,2.4144225120544434
"#include <hpx/hpx_main.hpp>\n\n/* Return the product of the vector x with every odd indexed element inverted.\n   i.e. x_0 * 1/x_1 * x_2 * 1/x_3 * x_4 ...\n   Use HPX to compute product in parallel.  Assume HPX has already been initialized.\n   Example:\n\n   input: [4, 2, 10, 4, 5]\n   output: 25\n*/\ndouble productWithInverses(std::vector<double> const& x) {",26_reduce_product_of_inverses,reduce,cpp,hpx,0.2,0.95,True,2048,False,double productWithInverses(std::vector<double> const& x) {\n    // TODO: Implement this function\n    return 0;\n},False,False,,9,-49963008,26585.0,0.53,26585.0,0.53,2.3622794151306152
"#include <hpx/hpx_main.hpp>\n\n/* Return the product of the vector x with every odd indexed element inverted.\n   i.e. x_0 * 1/x_1 * x_2 * 1/x_3 * x_4 ...\n   Use HPX to compute product in parallel.  Assume HPX has already been initialized.\n   Example:\n\n   input: [4, 2, 10, 4, 5]\n   output: 25\n*/\ndouble productWithInverses(std::vector<double> const& x) {",26_reduce_product_of_inverses,reduce,cpp,hpx,0.2,0.95,True,2048,False,double productWithInverses(std::vector<double> const& x) {\n    // TODO: Implement this function\n    return 0;\n},False,False,,10,25329664,26585.0,0.97,26585.0,0.705,4.215900897979736
"#include <hpx/hpx_main.hpp>\n\n/* Return the product of the vector x with every odd indexed element inverted.\n   i.e. x_0 * 1/x_1 * x_2 * 1/x_3 * x_4 ...\n   Use HPX to compute product in parallel.  Assume HPX has already been initialized.\n   Example:\n\n   input: [4, 2, 10, 4, 5]\n   output: 25\n*/\ndouble productWithInverses(std::vector<double> const& x) {",26_reduce_product_of_inverses,reduce,cpp,hpx,0.2,0.95,True,2048,False,double productWithInverses(std::vector<double> const& x) {\n    // TODO: Implement this function.\n    return 0;\n},False,False,,11,6537216,26585.0,0.96,26585.0,0.48,4.252307653427124
"#include <hpx/hpx_main.hpp>\n\n/* Return the product of the vector x with every odd indexed element inverted.\n   i.e. x_0 * 1/x_1 * x_2 * 1/x_3 * x_4 ...\n   Use HPX to compute product in parallel.  Assume HPX has already been initialized.\n   Example:\n\n   input: [4, 2, 10, 4, 5]\n   output: 25\n*/\ndouble productWithInverses(std::vector<double> const& x) {",26_reduce_product_of_inverses,reduce,cpp,hpx,0.2,0.95,True,2048,False,double productWithInverses(std::vector<double> const& x) {\n    // TODO: Implement this function\n    return 0;\n},False,False,,12,-4493312,26585.0,0.97,26585.0,0.485,4.217874765396118
"#include <hpx/hpx_main.hpp>\n\n/* Return the product of the vector x with every odd indexed element inverted.\n   i.e. x_0 * 1/x_1 * x_2 * 1/x_3 * x_4 ...\n   Use HPX to compute product in parallel.  Assume HPX has already been initialized.\n   Example:\n\n   input: [4, 2, 10, 4, 5]\n   output: 25\n*/\ndouble productWithInverses(std::vector<double> const& x) {",26_reduce_product_of_inverses,reduce,cpp,hpx,0.2,0.95,True,2048,False,double productWithInverses(std::vector<double> const& x) {\n  // TODO: implement this function\n  return 0;\n},False,False,,13,-6643712,26585.0,0.96,26585.0,0.48,4.200539588928223
"#include <hpx/hpx_main.hpp>\n\n/* Return the product of the vector x with every odd indexed element inverted.\n   i.e. x_0 * 1/x_1 * x_2 * 1/x_3 * x_4 ...\n   Use HPX to compute product in parallel.  Assume HPX has already been initialized.\n   Example:\n\n   input: [4, 2, 10, 4, 5]\n   output: 25\n*/\ndouble productWithInverses(std::vector<double> const& x) {",26_reduce_product_of_inverses,reduce,cpp,hpx,0.2,0.95,True,2048,False,double productWithInverses(std::vector<double> const& x) {\n    // TODO: Implement this function.\n    return 0.0;\n},False,False,,14,-3076096,26585.0,0.96,26585.0,0.48,4.160676717758179
"#include <hpx/hpx_main.hpp>\n\n/* Return the product of the vector x with every odd indexed element inverted.\n   i.e. x_0 * 1/x_1 * x_2 * 1/x_3 * x_4 ...\n   Use HPX to compute product in parallel.  Assume HPX has already been initialized.\n   Example:\n\n   input: [4, 2, 10, 4, 5]\n   output: 25\n*/\ndouble productWithInverses(std::vector<double> const& x) {",26_reduce_product_of_inverses,reduce,cpp,hpx,0.2,0.95,True,2048,False,double productWithInverses(std::vector<double> const& x) {\n  // TODO: Implement this function.\n  return 0;\n},False,False,,15,5111808,26585.0,0.97,26585.0,0.485,4.172447443008423
"#include <hpx/hpx_main.hpp>\n\n/* Return the product of the vector x with every odd indexed element inverted.\n   i.e. x_0 * 1/x_1 * x_2 * 1/x_3 * x_4 ...\n   Use HPX to compute product in parallel.  Assume HPX has already been initialized.\n   Example:\n\n   input: [4, 2, 10, 4, 5]\n   output: 25\n*/\ndouble productWithInverses(std::vector<double> const& x) {",26_reduce_product_of_inverses,reduce,cpp,hpx,0.2,0.95,True,2048,False,double productWithInverses(std::vector<double> const& x) {\n  // TODO: Implement this function.\n  return 0;\n},False,False,,16,-36061184,26585.0,0.96,26585.0,0.48,4.260666608810425
"#include <hpx/hpx_main.hpp>\n\n/* Return the product of the vector x with every odd indexed element inverted.\n   i.e. x_0 * 1/x_1 * x_2 * 1/x_3 * x_4 ...\n   Use HPX to compute product in parallel.  Assume HPX has already been initialized.\n   Example:\n\n   input: [4, 2, 10, 4, 5]\n   output: 25\n*/\ndouble productWithInverses(std::vector<double> const& x) {",26_reduce_product_of_inverses,reduce,cpp,hpx,0.2,0.95,True,2048,False,double productWithInverses(std::vector<double> const& x) {\n  // TODO: Implement this function.\n  return 0;\n},False,False,,17,32096256,26585.0,0.96,26585.0,0.48,4.210101127624512
"#include <hpx/hpx_main.hpp>\n\n/* Return the product of the vector x with every odd indexed element inverted.\n   i.e. x_0 * 1/x_1 * x_2 * 1/x_3 * x_4 ...\n   Use HPX to compute product in parallel.  Assume HPX has already been initialized.\n   Example:\n\n   input: [4, 2, 10, 4, 5]\n   output: 25\n*/\ndouble productWithInverses(std::vector<double> const& x) {",26_reduce_product_of_inverses,reduce,cpp,hpx,0.2,0.95,True,2048,False,double productWithInverses(std::vector<double> const& x) {\n  // TODO: Implement this function.\n  return 0;\n},False,False,,18,19083264,26585.0,0.96,26585.0,0.48,4.0946784019470215
"#include <hpx/hpx_main.hpp>\n\n/* Return the product of the vector x with every odd indexed element inverted.\n   i.e. x_0 * 1/x_1 * x_2 * 1/x_3 * x_4 ...\n   Use HPX to compute product in parallel.  Assume HPX has already been initialized.\n   Example:\n\n   input: [4, 2, 10, 4, 5]\n   output: 25\n*/\ndouble productWithInverses(std::vector<double> const& x) {",26_reduce_product_of_inverses,reduce,cpp,hpx,0.2,0.95,True,2048,False,double productWithInverses(std::vector<double> const& x) {\n  // TODO: Implement this function.\n  return 0;\n},False,False,,19,-29261824,26585.0,0.96,26585.0,0.48,4.225800275802612
"#include <hpx/hpx_main.hpp>\n\n/* Return the product of the vector x with every odd indexed element inverted.\n   i.e. x_0 * 1/x_1 * x_2 * 1/x_3 * x_4 ...\n   Use HPX to compute product in parallel.  Assume HPX has already been initialized.\n   Example:\n\n   input: [4, 2, 10, 4, 5]\n   output: 25\n*/\ndouble productWithInverses(std::vector<double> const& x) {",26_reduce_product_of_inverses,reduce,cpp,hpx,0.2,0.95,True,2048,False,double productWithInverses(std::vector<double> const& x) {\n  // TODO: implement this function\n  return 0;\n},False,False,,20,26251264,26585.0,0.96,26585.0,0.48,4.1464619636535645
"#include <hpx/hpx_main.hpp>\n\n/* Return the product of the vector x with every odd indexed element inverted.\n   i.e. x_0 * 1/x_1 * x_2 * 1/x_3 * x_4 ...\n   Use HPX to compute product in parallel.  Assume HPX has already been initialized.\n   Example:\n\n   input: [4, 2, 10, 4, 5]\n   output: 25\n*/\ndouble productWithInverses(std::vector<double> const& x) {",26_reduce_product_of_inverses,reduce,cpp,hpx,0.2,0.95,True,2048,False,double productWithInverses(std::vector<double> const& x) {\n  // TODO: Implement this function.\n  return 0;\n},False,False,,21,6053888,26585.0,0.97,26585.0,0.485,4.246768236160278
"#include <hpx/hpx_main.hpp>\n\n/* Return the product of the vector x with every odd indexed element inverted.\n   i.e. x_0 * 1/x_1 * x_2 * 1/x_3 * x_4 ...\n   Use HPX to compute product in parallel.  Assume HPX has already been initialized.\n   Example:\n\n   input: [4, 2, 10, 4, 5]\n   output: 25\n*/\ndouble productWithInverses(std::vector<double> const& x) {",26_reduce_product_of_inverses,reduce,cpp,hpx,0.2,0.95,True,2048,False,double productWithInverses(std::vector<double> const& x) {\n    // TODO: Implement this function\n    return 0;\n},False,False,,22,6770688,26585.0,0.96,26585.0,0.48,4.2348473072052
"#include <hpx/hpx_main.hpp>\n\n/* Return the product of the vector x with every odd indexed element inverted.\n   i.e. x_0 * 1/x_1 * x_2 * 1/x_3 * x_4 ...\n   Use HPX to compute product in parallel.  Assume HPX has already been initialized.\n   Example:\n\n   input: [4, 2, 10, 4, 5]\n   output: 25\n*/\ndouble productWithInverses(std::vector<double> const& x) {",26_reduce_product_of_inverses,reduce,cpp,hpx,0.2,0.95,True,2048,False,double productWithInverses(std::vector<double> const& x) {\n    // TODO: implement this function\n    return 0;\n},False,False,,23,-36454400,26585.0,0.96,26585.0,0.48,4.209952354431152
"#include <hpx/hpx_main.hpp>\n\n/* Return the product of the vector x with every odd indexed element inverted.\n   i.e. x_0 * 1/x_1 * x_2 * 1/x_3 * x_4 ...\n   Use HPX to compute product in parallel.  Assume HPX has already been initialized.\n   Example:\n\n   input: [4, 2, 10, 4, 5]\n   output: 25\n*/\ndouble productWithInverses(std::vector<double> const& x) {",26_reduce_product_of_inverses,reduce,cpp,hpx,0.2,0.95,True,2048,False,double productWithInverses(std::vector<double> const& x) {\n    // TODO: Implement this function.\n    return 0.0;\n},False,False,,24,9990144,26585.0,0.97,26585.0,0.495,4.285353660583496
"#include <hpx/hpx_main.hpp>\n\n/* Return the product of the vector x with every odd indexed element inverted.\n   i.e. x_0 * 1/x_1 * x_2 * 1/x_3 * x_4 ...\n   Use HPX to compute product in parallel.  Assume HPX has already been initialized.\n   Example:\n\n   input: [4, 2, 10, 4, 5]\n   output: 25\n*/\ndouble productWithInverses(std::vector<double> const& x) {",26_reduce_product_of_inverses,reduce,cpp,hpx,0.2,0.95,True,2048,False,double productWithInverses(std::vector<double> const& x) {\n  // TODO: Implement this function.\n  return 0.0;\n},False,False,,25,5316608,26585.0,0.96,26585.0,0.48,4.091014385223389
"#include <hpx/hpx_main.hpp>\n\n/* Return the product of the vector x with every odd indexed element inverted.\n   i.e. x_0 * 1/x_1 * x_2 * 1/x_3 * x_4 ...\n   Use HPX to compute product in parallel.  Assume HPX has already been initialized.\n   Example:\n\n   input: [4, 2, 10, 4, 5]\n   output: 25\n*/\ndouble productWithInverses(std::vector<double> const& x) {",26_reduce_product_of_inverses,reduce,cpp,hpx,0.2,0.95,True,2048,False,double productWithInverses(std::vector<double> const& x) {\n  // TODO: Implement this function.\n  return 0;\n},False,False,,26,237568,26585.0,0.0,26585.0,0.0,2.4121391773223877
"#include <hpx/hpx_main.hpp>\n\n/* Return the product of the vector x with every odd indexed element inverted.\n   i.e. x_0 * 1/x_1 * x_2 * 1/x_3 * x_4 ...\n   Use HPX to compute product in parallel.  Assume HPX has already been initialized.\n   Example:\n\n   input: [4, 2, 10, 4, 5]\n   output: 25\n*/\ndouble productWithInverses(std::vector<double> const& x) {",26_reduce_product_of_inverses,reduce,cpp,hpx,0.2,0.95,True,2048,False,double productWithInverses(std::vector<double> const& x) {\n    // TODO: Implement this function.\n    return 0;\n},False,False,,27,-9904128,26585.0,0.96,26585.0,0.77,4.224644422531128
"#include <hpx/hpx_main.hpp>\n\n/* Return the product of the vector x with every odd indexed element inverted.\n   i.e. x_0 * 1/x_1 * x_2 * 1/x_3 * x_4 ...\n   Use HPX to compute product in parallel.  Assume HPX has already been initialized.\n   Example:\n\n   input: [4, 2, 10, 4, 5]\n   output: 25\n*/\ndouble productWithInverses(std::vector<double> const& x) {",26_reduce_product_of_inverses,reduce,cpp,hpx,0.2,0.95,True,2048,False,double productWithInverses(std::vector<double> const& x) {\n  // TODO: Implement this function.\n  return 0;\n},False,False,,28,15245312,26585.0,0.97,26585.0,0.485,4.253268480300903
"#include <hpx/hpx_main.hpp>\n\n/* Return the product of the vector x with every odd indexed element inverted.\n   i.e. x_0 * 1/x_1 * x_2 * 1/x_3 * x_4 ...\n   Use HPX to compute product in parallel.  Assume HPX has already been initialized.\n   Example:\n\n   input: [4, 2, 10, 4, 5]\n   output: 25\n*/\ndouble productWithInverses(std::vector<double> const& x) {",26_reduce_product_of_inverses,reduce,cpp,hpx,0.2,0.95,True,2048,False,double productWithInverses(std::vector<double> const& x) {\n  // TODO: Implement this function.\n  return 0;\n},False,False,,29,-352256,26585.0,0.96,26585.0,0.48,4.106427431106567
"#include <hpx/hpx_main.hpp>\n\n/* Return the product of the vector x with every odd indexed element inverted.\n   i.e. x_0 * 1/x_1 * x_2 * 1/x_3 * x_4 ...\n   Use HPX to compute product in parallel.  Assume HPX has already been initialized.\n   Example:\n\n   input: [4, 2, 10, 4, 5]\n   output: 25\n*/\ndouble productWithInverses(std::vector<double> const& x) {",26_reduce_product_of_inverses,reduce,cpp,hpx,0.2,0.95,True,2048,False,double productWithInverses(std::vector<double> const& x) {\n    // TODO: Implement this function\n    return 0;\n},False,False,,30,-46546944,26585.0,0.97,26585.0,0.485,4.231402158737183
"#include <hpx/hpx_main.hpp>\n\n/* Return the product of the vector x with every odd indexed element inverted.\n   i.e. x_0 * 1/x_1 * x_2 * 1/x_3 * x_4 ...\n   Use HPX to compute product in parallel.  Assume HPX has already been initialized.\n   Example:\n\n   input: [4, 2, 10, 4, 5]\n   output: 25\n*/\ndouble productWithInverses(std::vector<double> const& x) {",26_reduce_product_of_inverses,reduce,cpp,hpx,0.2,0.95,True,2048,False,double productWithInverses(std::vector<double> const& x) {\n  // TODO: Implement this function.\n  return 0;\n},False,False,,31,36839424,26585.0,0.96,26585.0,0.48,4.195324659347534
"#include <hpx/hpx_main.hpp>\n\n/* Return the product of the vector x with every odd indexed element inverted.\n   i.e. x_0 * 1/x_1 * x_2 * 1/x_3 * x_4 ...\n   Use HPX to compute product in parallel.  Assume HPX has already been initialized.\n   Example:\n\n   input: [4, 2, 10, 4, 5]\n   output: 25\n*/\ndouble productWithInverses(std::vector<double> const& x) {",26_reduce_product_of_inverses,reduce,cpp,hpx,0.2,0.95,True,2048,False,double productWithInverses(std::vector<double> const& x) {\n  // TODO: Implement this function\n  return 0.0;\n},False,False,,32,14381056,26585.0,0.97,26585.0,0.485,4.126411199569702
"#include <hpx/hpx_main.hpp>\n\n/* Return the product of the vector x with every odd indexed element inverted.\n   i.e. x_0 * 1/x_1 * x_2 * 1/x_3 * x_4 ...\n   Use HPX to compute product in parallel.  Assume HPX has already been initialized.\n   Example:\n\n   input: [4, 2, 10, 4, 5]\n   output: 25\n*/\ndouble productWithInverses(std::vector<double> const& x) {",26_reduce_product_of_inverses,reduce,cpp,hpx,0.2,0.95,True,2048,False,double productWithInverses(std::vector<double> const& x) {\n    // TODO: Implement this function\n    return 0;\n},False,False,,33,-5394432,26585.0,0.96,26585.0,0.48,4.233902931213379
"#include <hpx/hpx_main.hpp>\n\n/* Return the product of the vector x with every odd indexed element inverted.\n   i.e. x_0 * 1/x_1 * x_2 * 1/x_3 * x_4 ...\n   Use HPX to compute product in parallel.  Assume HPX has already been initialized.\n   Example:\n\n   input: [4, 2, 10, 4, 5]\n   output: 25\n*/\ndouble productWithInverses(std::vector<double> const& x) {",26_reduce_product_of_inverses,reduce,cpp,hpx,0.2,0.95,True,2048,False,double productWithInverses(std::vector<double> const& x) {\n  // TODO: Implement this function.\n  return 0;\n},False,False,,34,-2732032,26585.0,0.96,26585.0,0.48,4.155020236968994
"#include <hpx/hpx_main.hpp>\n\n/* Return the product of the vector x with every odd indexed element inverted.\n   i.e. x_0 * 1/x_1 * x_2 * 1/x_3 * x_4 ...\n   Use HPX to compute product in parallel.  Assume HPX has already been initialized.\n   Example:\n\n   input: [4, 2, 10, 4, 5]\n   output: 25\n*/\ndouble productWithInverses(std::vector<double> const& x) {",26_reduce_product_of_inverses,reduce,cpp,hpx,0.2,0.95,True,2048,False,double productWithInverses(std::vector<double> const& x) {\n  // TODO: Implement this function.\n  return 0.0;\n},False,False,,35,6164480,26585.0,0.97,26585.0,0.485,4.281996965408325
"#include <hpx/hpx_main.hpp>\n\n/* Return the product of the vector x with every odd indexed element inverted.\n   i.e. x_0 * 1/x_1 * x_2 * 1/x_3 * x_4 ...\n   Use HPX to compute product in parallel.  Assume HPX has already been initialized.\n   Example:\n\n   input: [4, 2, 10, 4, 5]\n   output: 25\n*/\ndouble productWithInverses(std::vector<double> const& x) {",26_reduce_product_of_inverses,reduce,cpp,hpx,0.2,0.95,True,2048,False,double productWithInverses(std::vector<double> const& x) {\n    // TODO: Implement this function.\n    return 0.0;\n},False,False,,36,-6750208,26585.0,0.96,26585.0,0.48,4.194016456604004
"#include <hpx/hpx_main.hpp>\n\n/* Return the product of the vector x with every odd indexed element inverted.\n   i.e. x_0 * 1/x_1 * x_2 * 1/x_3 * x_4 ...\n   Use HPX to compute product in parallel.  Assume HPX has already been initialized.\n   Example:\n\n   input: [4, 2, 10, 4, 5]\n   output: 25\n*/\ndouble productWithInverses(std::vector<double> const& x) {",26_reduce_product_of_inverses,reduce,cpp,hpx,0.2,0.95,True,2048,False,double productWithInverses(std::vector<double> const& x) {\n  // TODO: Implement this function.\n  return 0;\n},False,False,,37,754352128,26585.0,0.96,26585.0,0.48,4.228580713272095
"#include <hpx/hpx_main.hpp>\n\n/* Return the product of the vector x with every odd indexed element inverted.\n   i.e. x_0 * 1/x_1 * x_2 * 1/x_3 * x_4 ...\n   Use HPX to compute product in parallel.  Assume HPX has already been initialized.\n   Example:\n\n   input: [4, 2, 10, 4, 5]\n   output: 25\n*/\ndouble productWithInverses(std::vector<double> const& x) {",26_reduce_product_of_inverses,reduce,cpp,hpx,0.2,0.95,True,2048,False,double productWithInverses(std::vector<double> const& x) {\n  // TODO: Implement this function.\n  return 0;\n},False,False,,38,40980480,26585.0,0.96,26585.0,0.48,4.1401755809783936
"#include <hpx/hpx_main.hpp>\n\n/* Return the product of the vector x with every odd indexed element inverted.\n   i.e. x_0 * 1/x_1 * x_2 * 1/x_3 * x_4 ...\n   Use HPX to compute product in parallel.  Assume HPX has already been initialized.\n   Example:\n\n   input: [4, 2, 10, 4, 5]\n   output: 25\n*/\ndouble productWithInverses(std::vector<double> const& x) {",26_reduce_product_of_inverses,reduce,cpp,hpx,0.2,0.95,True,2048,False,double productWithInverses(std::vector<double> const& x) {\n  // TODO: Implement this function.\n  return 0.0;\n},False,False,,39,-6705152,26585.0,0.96,26585.0,0.48,4.2084527015686035
"#include <hpx/hpx_main.hpp>\n\n/* Return the product of the vector x with every odd indexed element inverted.\n   i.e. x_0 * 1/x_1 * x_2 * 1/x_3 * x_4 ...\n   Use HPX to compute product in parallel.  Assume HPX has already been initialized.\n   Example:\n\n   input: [4, 2, 10, 4, 5]\n   output: 25\n*/\ndouble productWithInverses(std::vector<double> const& x) {",26_reduce_product_of_inverses,reduce,cpp,hpx,0.2,0.95,True,2048,False,double productWithInverses(std::vector<double> const& x) {\n    // TODO: Implement this function.\n    return 0.0;\n},False,False,,40,-646115328,26585.0,0.96,26585.0,0.48,4.305310010910034
"#include <hpx/hpx_main.hpp>\n\n/* Return the product of the vector x with every odd indexed element inverted.\n   i.e. x_0 * 1/x_1 * x_2 * 1/x_3 * x_4 ...\n   Use HPX to compute product in parallel.  Assume HPX has already been initialized.\n   Example:\n\n   input: [4, 2, 10, 4, 5]\n   output: 25\n*/\ndouble productWithInverses(std::vector<double> const& x) {",26_reduce_product_of_inverses,reduce,cpp,hpx,0.2,0.95,True,2048,False,double productWithInverses(std::vector<double> const& x) {\n    // TODO: Implement this function\n    return 0;\n},False,False,,41,-38117376,26585.0,0.97,26585.0,0.485,4.2127158641815186
"#include <hpx/hpx_main.hpp>\n\n/* Return the product of the vector x with every odd indexed element inverted.\n   i.e. x_0 * 1/x_1 * x_2 * 1/x_3 * x_4 ...\n   Use HPX to compute product in parallel.  Assume HPX has already been initialized.\n   Example:\n\n   input: [4, 2, 10, 4, 5]\n   output: 25\n*/\ndouble productWithInverses(std::vector<double> const& x) {",26_reduce_product_of_inverses,reduce,cpp,hpx,0.2,0.95,True,2048,False,double productWithInverses(std::vector<double> const& x) {\n  // TODO: Implement this function.\n  return 0;\n},False,False,,42,-29859840,26585.0,0.0,26585.0,0.0,2.2581725120544434
"#include <hpx/hpx_main.hpp>\n\n/* Return the product of the vector x with every odd indexed element inverted.\n   i.e. x_0 * 1/x_1 * x_2 * 1/x_3 * x_4 ...\n   Use HPX to compute product in parallel.  Assume HPX has already been initialized.\n   Example:\n\n   input: [4, 2, 10, 4, 5]\n   output: 25\n*/\ndouble productWithInverses(std::vector<double> const& x) {",26_reduce_product_of_inverses,reduce,cpp,hpx,0.2,0.95,True,2048,False,double productWithInverses(std::vector<double> const& x) {\n  // TODO: Implement this function.\n  return 0;\n},False,False,,43,-24141824,26585.0,0.96,26585.0,0.96,4.159652471542358
"#include <hpx/hpx_main.hpp>\n\n/* Return the product of the vector x with every odd indexed element inverted.\n   i.e. x_0 * 1/x_1 * x_2 * 1/x_3 * x_4 ...\n   Use HPX to compute product in parallel.  Assume HPX has already been initialized.\n   Example:\n\n   input: [4, 2, 10, 4, 5]\n   output: 25\n*/\ndouble productWithInverses(std::vector<double> const& x) {",26_reduce_product_of_inverses,reduce,cpp,hpx,0.2,0.95,True,2048,False,double productWithInverses(std::vector<double> const& x) {\n    // TODO: Implement this function.\n    return 0.0;\n},False,False,,44,-12611584,26585.0,0.96,26585.0,0.48,4.085410118103027
"#include <hpx/hpx_main.hpp>\n\n/* Return the product of the vector x with every odd indexed element inverted.\n   i.e. x_0 * 1/x_1 * x_2 * 1/x_3 * x_4 ...\n   Use HPX to compute product in parallel.  Assume HPX has already been initialized.\n   Example:\n\n   input: [4, 2, 10, 4, 5]\n   output: 25\n*/\ndouble productWithInverses(std::vector<double> const& x) {",26_reduce_product_of_inverses,reduce,cpp,hpx,0.2,0.95,True,2048,False,double productWithInverses(std::vector<double> const& x) {\n  // TODO: Implement this function.\n  return 0.0;\n},False,False,,45,-3796992,26585.0,0.0,26585.0,0.0,2.4306206703186035
"#include <hpx/hpx_main.hpp>\n\n/* Return the product of the vector x with every odd indexed element inverted.\n   i.e. x_0 * 1/x_1 * x_2 * 1/x_3 * x_4 ...\n   Use HPX to compute product in parallel.  Assume HPX has already been initialized.\n   Example:\n\n   input: [4, 2, 10, 4, 5]\n   output: 25\n*/\ndouble productWithInverses(std::vector<double> const& x) {",26_reduce_product_of_inverses,reduce,cpp,hpx,0.2,0.95,True,2048,False,double productWithInverses(std::vector<double> const& x) {\n  // TODO: Implement this function.\n  return 0.0;\n},False,False,,46,-7774208,26585.0,0.95,26585.0,0.855,4.267168760299683
"#include <hpx/hpx_main.hpp>\n\n/* Return the product of the vector x with every odd indexed element inverted.\n   i.e. x_0 * 1/x_1 * x_2 * 1/x_3 * x_4 ...\n   Use HPX to compute product in parallel.  Assume HPX has already been initialized.\n   Example:\n\n   input: [4, 2, 10, 4, 5]\n   output: 25\n*/\ndouble productWithInverses(std::vector<double> const& x) {",26_reduce_product_of_inverses,reduce,cpp,hpx,0.2,0.95,True,2048,False,double productWithInverses(std::vector<double> const& x) {\n    // TODO: Implement this function\n    return 0;\n},False,False,,47,9416704,26585.0,0.96,26585.0,0.48,4.103085517883301
"#include <hpx/hpx_main.hpp>\n\n/* Return the product of the vector x with every odd indexed element inverted.\n   i.e. x_0 * 1/x_1 * x_2 * 1/x_3 * x_4 ...\n   Use HPX to compute product in parallel.  Assume HPX has already been initialized.\n   Example:\n\n   input: [4, 2, 10, 4, 5]\n   output: 25\n*/\ndouble productWithInverses(std::vector<double> const& x) {",26_reduce_product_of_inverses,reduce,cpp,hpx,0.2,0.95,True,2048,False,double productWithInverses(std::vector<double> const& x) {\n  // TODO: Implement this function\n  return 0;\n},False,False,,48,-28217344,26585.0,0.96,26585.0,0.48,4.183562278747559
"#include <hpx/hpx_main.hpp>\n\n/* Return the product of the vector x with every odd indexed element inverted.\n   i.e. x_0 * 1/x_1 * x_2 * 1/x_3 * x_4 ...\n   Use HPX to compute product in parallel.  Assume HPX has already been initialized.\n   Example:\n\n   input: [4, 2, 10, 4, 5]\n   output: 25\n*/\ndouble productWithInverses(std::vector<double> const& x) {",26_reduce_product_of_inverses,reduce,cpp,hpx,0.2,0.95,True,2048,False,double productWithInverses(std::vector<double> const& x) {\n    // TODO: implement this function\n    return 0;\n},False,False,,49,37863424,26585.0,0.96,26585.0,0.48,4.212952136993408
"#include <hpx/hpx_main.hpp>\n\n/* Return the product of the vector x with every odd indexed element inverted.\n   i.e. x_0 * 1/x_1 * x_2 * 1/x_3 * x_4 ...\n   Use HPX to compute product in parallel.  Assume HPX has already been initialized.\n   Example:\n\n   input: [4, 2, 10, 4, 5]\n   output: 25\n*/\ndouble productWithInverses(std::vector<double> const& x) {",26_reduce_product_of_inverses,reduce,cpp,hpx,0.2,0.95,True,2048,False,double productWithInverses(std::vector<double> const& x) {\n    // TODO: Implement this function.\n    return 0.0;\n},False,False,,50,8855552,26585.0,0.96,26585.0,0.48,4.2250142097473145
"#include <hpx/hpx_main.hpp>\n\n/* Return the product of the vector x with every odd indexed element inverted.\n   i.e. x_0 * 1/x_1 * x_2 * 1/x_3 * x_4 ...\n   Use HPX to compute product in parallel.  Assume HPX has already been initialized.\n   Example:\n\n   input: [4, 2, 10, 4, 5]\n   output: 25\n*/\ndouble productWithInverses(std::vector<double> const& x) {",26_reduce_product_of_inverses,reduce,cpp,hpx,0.2,0.95,True,2048,False,"double productWithInverses(std::vector<double> const& x) {\n    return hpx::parallel::transform_reduce(\n        hpx::parallel::execution::par,\n        x.begin(), x.end(),\n        x.begin(),\n        1.0,\n        std::multiplies<double>(),\n        [](double x, std::size_t i) {\n            return i % 2 == 0 ? x : 1.0 / x;\n        }\n    );\n}",False,True,,51,-925696,26585.0,0.96,26585.0,0.48,4.281602621078491
"#include <hpx/hpx_main.hpp>\n\n/* Return the product of the vector x with every odd indexed element inverted.\n   i.e. x_0 * 1/x_1 * x_2 * 1/x_3 * x_4 ...\n   Use HPX to compute product in parallel.  Assume HPX has already been initialized.\n   Example:\n\n   input: [4, 2, 10, 4, 5]\n   output: 25\n*/\ndouble productWithInverses(std::vector<double> const& x) {",26_reduce_product_of_inverses,reduce,cpp,hpx,0.2,0.95,True,2048,False,double productWithInverses(std::vector<double> const& x) {\n  // TODO: Implement this function.\n  return 0;\n},False,False,,52,141496320,26585.0,0.96,26585.0,0.74,4.198105096817017
"#include <hpx/hpx_main.hpp>\n\n/* Return the product of the vector x with every odd indexed element inverted.\n   i.e. x_0 * 1/x_1 * x_2 * 1/x_3 * x_4 ...\n   Use HPX to compute product in parallel.  Assume HPX has already been initialized.\n   Example:\n\n   input: [4, 2, 10, 4, 5]\n   output: 25\n*/\ndouble productWithInverses(std::vector<double> const& x) {",26_reduce_product_of_inverses,reduce,cpp,hpx,0.2,0.95,True,2048,False,double productWithInverses(std::vector<double> const& x) {\n  // TODO: Implement this function.\n  return 0.0;\n},False,False,,53,-13873152,26585.0,0.96,26585.0,0.48,4.289288759231567
"#include <hpx/hpx_main.hpp>\n\n/* Return the product of the vector x with every odd indexed element inverted.\n   i.e. x_0 * 1/x_1 * x_2 * 1/x_3 * x_4 ...\n   Use HPX to compute product in parallel.  Assume HPX has already been initialized.\n   Example:\n\n   input: [4, 2, 10, 4, 5]\n   output: 25\n*/\ndouble productWithInverses(std::vector<double> const& x) {",26_reduce_product_of_inverses,reduce,cpp,hpx,0.2,0.95,True,2048,False,double productWithInverses(std::vector<double> const& x) {\n    // TODO: Implement this function.\n    return 0;\n},False,False,,54,7311360,26585.0,0.96,26585.0,0.48,4.2094316482543945
"#include <hpx/hpx_main.hpp>\n\n/* Return the product of the vector x with every odd indexed element inverted.\n   i.e. x_0 * 1/x_1 * x_2 * 1/x_3 * x_4 ...\n   Use HPX to compute product in parallel.  Assume HPX has already been initialized.\n   Example:\n\n   input: [4, 2, 10, 4, 5]\n   output: 25\n*/\ndouble productWithInverses(std::vector<double> const& x) {",26_reduce_product_of_inverses,reduce,cpp,hpx,0.2,0.95,True,2048,False,double productWithInverses(std::vector<double> const& x) {\n  // TODO: Implement this function.\n  return 0.0;\n},False,False,,55,-9940992,26585.0,0.96,26585.0,0.48,4.284977674484253
"#include <hpx/hpx_main.hpp>\n\n/* Return the product of the vector x with every odd indexed element inverted.\n   i.e. x_0 * 1/x_1 * x_2 * 1/x_3 * x_4 ...\n   Use HPX to compute product in parallel.  Assume HPX has already been initialized.\n   Example:\n\n   input: [4, 2, 10, 4, 5]\n   output: 25\n*/\ndouble productWithInverses(std::vector<double> const& x) {",26_reduce_product_of_inverses,reduce,cpp,hpx,0.2,0.95,True,2048,False,double productWithInverses(std::vector<double> const& x) {\n  // TODO: Implement this function.\n  return 0;\n},False,False,,56,10772480,26585.0,0.96,26585.0,0.48,4.222090244293213
"#include <hpx/hpx_main.hpp>\n\n/* Return the product of the vector x with every odd indexed element inverted.\n   i.e. x_0 * 1/x_1 * x_2 * 1/x_3 * x_4 ...\n   Use HPX to compute product in parallel.  Assume HPX has already been initialized.\n   Example:\n\n   input: [4, 2, 10, 4, 5]\n   output: 25\n*/\ndouble productWithInverses(std::vector<double> const& x) {",26_reduce_product_of_inverses,reduce,cpp,hpx,0.2,0.95,True,2048,False,double productWithInverses(std::vector<double> const& x) {\n  // TODO: Implement this function.\n  return 0;\n},False,False,,57,11436032,26585.0,0.96,26585.0,0.48,4.247552156448364
"#include <hpx/hpx_main.hpp>\n\n/* Return the product of the vector x with every odd indexed element inverted.\n   i.e. x_0 * 1/x_1 * x_2 * 1/x_3 * x_4 ...\n   Use HPX to compute product in parallel.  Assume HPX has already been initialized.\n   Example:\n\n   input: [4, 2, 10, 4, 5]\n   output: 25\n*/\ndouble productWithInverses(std::vector<double> const& x) {",26_reduce_product_of_inverses,reduce,cpp,hpx,0.2,0.95,True,2048,False,double productWithInverses(std::vector<double> const& x) {\n    // TODO: Implement this function.\n    return 0;\n},False,False,,58,-1835008,26585.0,0.96,26585.0,0.48,4.260190725326538
"#include <hpx/hpx_main.hpp>\n\n/* Return the product of the vector x with every odd indexed element inverted.\n   i.e. x_0 * 1/x_1 * x_2 * 1/x_3 * x_4 ...\n   Use HPX to compute product in parallel.  Assume HPX has already been initialized.\n   Example:\n\n   input: [4, 2, 10, 4, 5]\n   output: 25\n*/\ndouble productWithInverses(std::vector<double> const& x) {",26_reduce_product_of_inverses,reduce,cpp,hpx,0.2,0.95,True,2048,False,double productWithInverses(std::vector<double> const& x) {\n  // TODO: Implement this function.\n  return 0;\n},False,False,,59,147456,26585.0,0.96,26585.0,0.48,4.248026371002197
"#include <hpx/hpx_main.hpp>\n\n/* Return the product of the vector x with every odd indexed element inverted.\n   i.e. x_0 * 1/x_1 * x_2 * 1/x_3 * x_4 ...\n   Use HPX to compute product in parallel.  Assume HPX has already been initialized.\n   Example:\n\n   input: [4, 2, 10, 4, 5]\n   output: 25\n*/\ndouble productWithInverses(std::vector<double> const& x) {",26_reduce_product_of_inverses,reduce,cpp,hpx,0.2,0.95,True,2048,False,double productWithInverses(std::vector<double> const& x) {\n  // TODO: Implement this function.\n  return 0;\n},False,False,,60,1703936,26585.0,0.96,26585.0,0.48,4.0910964012146
"#include <hpx/hpx_main.hpp>\n\n/* Return the product of the vector x with every odd indexed element inverted.\n   i.e. x_0 * 1/x_1 * x_2 * 1/x_3 * x_4 ...\n   Use HPX to compute product in parallel.  Assume HPX has already been initialized.\n   Example:\n\n   input: [4, 2, 10, 4, 5]\n   output: 25\n*/\ndouble productWithInverses(std::vector<double> const& x) {",26_reduce_product_of_inverses,reduce,cpp,hpx,0.2,0.95,True,2048,False,double productWithInverses(std::vector<double> const& x) {\n    // TODO: Implement this function.\n    return 0;\n},False,False,,61,-84242432,26585.0,0.96,26585.0,0.48,4.153508424758911
"#include <hpx/hpx_main.hpp>\n\n/* Return the product of the vector x with every odd indexed element inverted.\n   i.e. x_0 * 1/x_1 * x_2 * 1/x_3 * x_4 ...\n   Use HPX to compute product in parallel.  Assume HPX has already been initialized.\n   Example:\n\n   input: [4, 2, 10, 4, 5]\n   output: 25\n*/\ndouble productWithInverses(std::vector<double> const& x) {",26_reduce_product_of_inverses,reduce,cpp,hpx,0.2,0.95,True,2048,False,double productWithInverses(std::vector<double> const& x) {\n  // TODO: Implement this function.\n  return 0;\n},False,False,,62,54374400,26585.0,0.97,26585.0,0.485,4.091426849365234
"#include <hpx/hpx_main.hpp>\n\n/* Return the product of the vector x with every odd indexed element inverted.\n   i.e. x_0 * 1/x_1 * x_2 * 1/x_3 * x_4 ...\n   Use HPX to compute product in parallel.  Assume HPX has already been initialized.\n   Example:\n\n   input: [4, 2, 10, 4, 5]\n   output: 25\n*/\ndouble productWithInverses(std::vector<double> const& x) {",26_reduce_product_of_inverses,reduce,cpp,hpx,0.2,0.95,True,2048,False,double productWithInverses(std::vector<double> const& x) {\n    // TODO: Implement this function\n    return 0.0;\n},False,False,,63,-1384448,26585.0,0.97,26585.0,0.485,4.271850347518921
"#include <hpx/hpx_main.hpp>\n\n/* Return the product of the vector x with every odd indexed element inverted.\n   i.e. x_0 * 1/x_1 * x_2 * 1/x_3 * x_4 ...\n   Use HPX to compute product in parallel.  Assume HPX has already been initialized.\n   Example:\n\n   input: [4, 2, 10, 4, 5]\n   output: 25\n*/\ndouble productWithInverses(std::vector<double> const& x) {",26_reduce_product_of_inverses,reduce,cpp,hpx,0.2,0.95,True,2048,False,double productWithInverses(std::vector<double> const& x) {\n    // TODO: Implement this function.\n    return 0.0;\n},False,False,,64,282005504,26585.0,0.96,26585.0,0.585,4.312988042831421
"#include <hpx/hpx_main.hpp>\n\n/* Return the product of the vector x with every odd indexed element inverted.\n   i.e. x_0 * 1/x_1 * x_2 * 1/x_3 * x_4 ...\n   Use HPX to compute product in parallel.  Assume HPX has already been initialized.\n   Example:\n\n   input: [4, 2, 10, 4, 5]\n   output: 25\n*/\ndouble productWithInverses(std::vector<double> const& x) {",26_reduce_product_of_inverses,reduce,cpp,hpx,0.2,0.95,True,2048,False,double productWithInverses(std::vector<double> const& x) {\n  // TODO: Implement this function.\n  return 0;\n},False,False,,65,267464704,26585.0,0.96,26585.0,0.48,4.24659538269043
"#include <hpx/hpx_main.hpp>\n\n/* Return the product of the vector x with every odd indexed element inverted.\n   i.e. x_0 * 1/x_1 * x_2 * 1/x_3 * x_4 ...\n   Use HPX to compute product in parallel.  Assume HPX has already been initialized.\n   Example:\n\n   input: [4, 2, 10, 4, 5]\n   output: 25\n*/\ndouble productWithInverses(std::vector<double> const& x) {",26_reduce_product_of_inverses,reduce,cpp,hpx,0.2,0.95,True,2048,False,double productWithInverses(std::vector<double> const& x) {\n    // TODO: Implement this function.\n    return 0;\n},False,False,,66,249180160,26585.0,0.96,26585.0,0.48,4.15332555770874
"#include <hpx/hpx_main.hpp>\n\n/* Return the product of the vector x with every odd indexed element inverted.\n   i.e. x_0 * 1/x_1 * x_2 * 1/x_3 * x_4 ...\n   Use HPX to compute product in parallel.  Assume HPX has already been initialized.\n   Example:\n\n   input: [4, 2, 10, 4, 5]\n   output: 25\n*/\ndouble productWithInverses(std::vector<double> const& x) {",26_reduce_product_of_inverses,reduce,cpp,hpx,0.2,0.95,True,2048,False,double productWithInverses(std::vector<double> const& x) {\n  // TODO: Implement this function.\n  return 0;\n},False,False,,67,231239680,26585.0,0.96,26585.0,0.48,4.2558815479278564
"#include <hpx/hpx_main.hpp>\n\n/* Return the product of the vector x with every odd indexed element inverted.\n   i.e. x_0 * 1/x_1 * x_2 * 1/x_3 * x_4 ...\n   Use HPX to compute product in parallel.  Assume HPX has already been initialized.\n   Example:\n\n   input: [4, 2, 10, 4, 5]\n   output: 25\n*/\ndouble productWithInverses(std::vector<double> const& x) {",26_reduce_product_of_inverses,reduce,cpp,hpx,0.2,0.95,True,2048,False,double productWithInverses(std::vector<double> const& x) {\n  // TODO: Implement this function.\n  return 0.0;\n},False,False,,68,1145831424,26585.0,0.96,26585.0,0.48,4.168910980224609
"#include <hpx/hpx_main.hpp>\n\n/* Return the product of the vector x with every odd indexed element inverted.\n   i.e. x_0 * 1/x_1 * x_2 * 1/x_3 * x_4 ...\n   Use HPX to compute product in parallel.  Assume HPX has already been initialized.\n   Example:\n\n   input: [4, 2, 10, 4, 5]\n   output: 25\n*/\ndouble productWithInverses(std::vector<double> const& x) {",26_reduce_product_of_inverses,reduce,cpp,hpx,0.2,0.95,True,2048,False,double productWithInverses(std::vector<double> const& x) {\n    // TODO: Implement this function.\n    return 0;\n},False,False,,69,1954578432,26585.0,0.96,26585.0,0.48,4.15645170211792
"#include <hpx/hpx_main.hpp>\n\n/* Return the product of the vector x with every odd indexed element inverted.\n   i.e. x_0 * 1/x_1 * x_2 * 1/x_3 * x_4 ...\n   Use HPX to compute product in parallel.  Assume HPX has already been initialized.\n   Example:\n\n   input: [4, 2, 10, 4, 5]\n   output: 25\n*/\ndouble productWithInverses(std::vector<double> const& x) {",26_reduce_product_of_inverses,reduce,cpp,hpx,0.2,0.95,True,2048,False,double productWithInverses(std::vector<double> const& x) {\n    // TODO: Implement this function.\n    return 0.0;\n},False,False,,70,1206550528,26585.0,0.97,26585.0,0.485,4.203526258468628
"#include <hpx/hpx_main.hpp>\n\n/* Return the product of the vector x with every odd indexed element inverted.\n   i.e. x_0 * 1/x_1 * x_2 * 1/x_3 * x_4 ...\n   Use HPX to compute product in parallel.  Assume HPX has already been initialized.\n   Example:\n\n   input: [4, 2, 10, 4, 5]\n   output: 25\n*/\ndouble productWithInverses(std::vector<double> const& x) {",26_reduce_product_of_inverses,reduce,cpp,hpx,0.2,0.95,True,2048,False,double productWithInverses(std::vector<double> const& x) {\n    // TODO: Implement this function.\n    return 0;\n},False,False,,71,-91914240,26585.0,0.96,26585.0,0.48,4.207836151123047
"#include <hpx/hpx_main.hpp>\n\n/* Return the product of the vector x with every odd indexed element inverted.\n   i.e. x_0 * 1/x_1 * x_2 * 1/x_3 * x_4 ...\n   Use HPX to compute product in parallel.  Assume HPX has already been initialized.\n   Example:\n\n   input: [4, 2, 10, 4, 5]\n   output: 25\n*/\ndouble productWithInverses(std::vector<double> const& x) {",26_reduce_product_of_inverses,reduce,cpp,hpx,0.2,0.95,True,2048,False,double productWithInverses(std::vector<double> const& x) {\n  // TODO: Implement this function.\n  return 0.0;\n},False,False,,72,-84000768,26585.0,0.0,26585.0,0.0,2.461026191711426
"#include <hpx/hpx_main.hpp>\n\n/* Return the product of the vector x with every odd indexed element inverted.\n   i.e. x_0 * 1/x_1 * x_2 * 1/x_3 * x_4 ...\n   Use HPX to compute product in parallel.  Assume HPX has already been initialized.\n   Example:\n\n   input: [4, 2, 10, 4, 5]\n   output: 25\n*/\ndouble productWithInverses(std::vector<double> const& x) {",26_reduce_product_of_inverses,reduce,cpp,hpx,0.2,0.95,True,2048,False,double productWithInverses(std::vector<double> const& x) {\n  // TODO: Implement this function.\n  return 0.0;\n},False,False,,73,-100229120,26585.0,0.96,26585.0,0.845,4.2569169998168945
"#include <hpx/hpx_main.hpp>\n\n/* Return the product of the vector x with every odd indexed element inverted.\n   i.e. x_0 * 1/x_1 * x_2 * 1/x_3 * x_4 ...\n   Use HPX to compute product in parallel.  Assume HPX has already been initialized.\n   Example:\n\n   input: [4, 2, 10, 4, 5]\n   output: 25\n*/\ndouble productWithInverses(std::vector<double> const& x) {",26_reduce_product_of_inverses,reduce,cpp,hpx,0.2,0.95,True,2048,False,double productWithInverses(std::vector<double> const& x) {\n  // TODO: Implement this function.\n  return 0;\n},False,False,,74,-98185216,26585.0,0.96,26585.0,0.48,4.214249134063721
"#include <hpx/hpx_main.hpp>\n\n/* Return the product of the vector x with every odd indexed element inverted.\n   i.e. x_0 * 1/x_1 * x_2 * 1/x_3 * x_4 ...\n   Use HPX to compute product in parallel.  Assume HPX has already been initialized.\n   Example:\n\n   input: [4, 2, 10, 4, 5]\n   output: 25\n*/\ndouble productWithInverses(std::vector<double> const& x) {",26_reduce_product_of_inverses,reduce,cpp,hpx,0.2,0.95,True,2048,False,double productWithInverses(std::vector<double> const& x) {\n    // TODO: Implement this function.\n    return 0.0;\n},False,False,,75,-102252544,26585.0,0.96,26585.0,0.48,4.290454149246216
"#include <hpx/hpx_main.hpp>\n\n/* Return the product of the vector x with every odd indexed element inverted.\n   i.e. x_0 * 1/x_1 * x_2 * 1/x_3 * x_4 ...\n   Use HPX to compute product in parallel.  Assume HPX has already been initialized.\n   Example:\n\n   input: [4, 2, 10, 4, 5]\n   output: 25\n*/\ndouble productWithInverses(std::vector<double> const& x) {",26_reduce_product_of_inverses,reduce,cpp,hpx,0.2,0.95,True,2048,False,double productWithInverses(std::vector<double> const& x) {\n  // TODO: Implement this function.\n  return 0;\n},False,False,,76,-66564096,26585.0,0.96,26585.0,0.48,4.2068541049957275
"#include <hpx/hpx_main.hpp>\n\n/* Return the product of the vector x with every odd indexed element inverted.\n   i.e. x_0 * 1/x_1 * x_2 * 1/x_3 * x_4 ...\n   Use HPX to compute product in parallel.  Assume HPX has already been initialized.\n   Example:\n\n   input: [4, 2, 10, 4, 5]\n   output: 25\n*/\ndouble productWithInverses(std::vector<double> const& x) {",26_reduce_product_of_inverses,reduce,cpp,hpx,0.2,0.95,True,2048,False,double productWithInverses(std::vector<double> const& x) {\n  // TODO: Implement this function.\n  return 0;\n},False,False,,77,-121008128,26585.0,0.96,26585.0,0.48,4.156244277954102
"#include <hpx/hpx_main.hpp>\n\n/* Return the product of the vector x with every odd indexed element inverted.\n   i.e. x_0 * 1/x_1 * x_2 * 1/x_3 * x_4 ...\n   Use HPX to compute product in parallel.  Assume HPX has already been initialized.\n   Example:\n\n   input: [4, 2, 10, 4, 5]\n   output: 25\n*/\ndouble productWithInverses(std::vector<double> const& x) {",26_reduce_product_of_inverses,reduce,cpp,hpx,0.2,0.95,True,2048,False,double productWithInverses(std::vector<double> const& x) {\n  // TODO: Implement this function.\n  return 0;\n},False,False,,78,1340829696,26585.0,0.0,26585.0,0.0,2.0477709770202637
"#include <hpx/hpx_main.hpp>\n\n/* Return the product of the vector x with every odd indexed element inverted.\n   i.e. x_0 * 1/x_1 * x_2 * 1/x_3 * x_4 ...\n   Use HPX to compute product in parallel.  Assume HPX has already been initialized.\n   Example:\n\n   input: [4, 2, 10, 4, 5]\n   output: 25\n*/\ndouble productWithInverses(std::vector<double> const& x) {",26_reduce_product_of_inverses,reduce,cpp,hpx,0.2,0.95,True,2048,False,double productWithInverses(std::vector<double> const& x) {\n  // TODO: Implement this function.\n  return 0;\n},False,False,,79,1807011840,26585.0,0.96,26585.0,0.48,4.2095112800598145
"#include <hpx/hpx_main.hpp>\n\n/* Return the product of the vector x with every odd indexed element inverted.\n   i.e. x_0 * 1/x_1 * x_2 * 1/x_3 * x_4 ...\n   Use HPX to compute product in parallel.  Assume HPX has already been initialized.\n   Example:\n\n   input: [4, 2, 10, 4, 5]\n   output: 25\n*/\ndouble productWithInverses(std::vector<double> const& x) {",26_reduce_product_of_inverses,reduce,cpp,hpx,0.2,0.95,True,2048,False,double productWithInverses(std::vector<double> const& x) {\n  // TODO: Implement this function.\n  return 0;\n},False,False,,80,-4026155008,26585.0,0.97,26585.0,0.485,4.161075830459595
"#include <hpx/hpx_main.hpp>\n\n/* Return the product of the vector x with every odd indexed element inverted.\n   i.e. x_0 * 1/x_1 * x_2 * 1/x_3 * x_4 ...\n   Use HPX to compute product in parallel.  Assume HPX has already been initialized.\n   Example:\n\n   input: [4, 2, 10, 4, 5]\n   output: 25\n*/\ndouble productWithInverses(std::vector<double> const& x) {",26_reduce_product_of_inverses,reduce,cpp,hpx,0.2,0.95,True,2048,False,double productWithInverses(std::vector<double> const& x) {\n  // TODO: Implement this function.\n  return 0;\n},False,False,,81,-123404288,26585.0,0.97,26585.0,0.485,4.251999616622925
"#include <hpx/hpx_main.hpp>\n\n/* Return the product of the vector x with every odd indexed element inverted.\n   i.e. x_0 * 1/x_1 * x_2 * 1/x_3 * x_4 ...\n   Use HPX to compute product in parallel.  Assume HPX has already been initialized.\n   Example:\n\n   input: [4, 2, 10, 4, 5]\n   output: 25\n*/\ndouble productWithInverses(std::vector<double> const& x) {",26_reduce_product_of_inverses,reduce,cpp,hpx,0.2,0.95,True,2048,False,double productWithInverses(std::vector<double> const& x) {\n    // TODO: Implement this function.\n    return 0;\n},False,False,,82,-139337728,26585.0,0.96,26585.0,0.48,4.193574905395508
"#include <hpx/hpx_main.hpp>\n\n/* Return the product of the vector x with every odd indexed element inverted.\n   i.e. x_0 * 1/x_1 * x_2 * 1/x_3 * x_4 ...\n   Use HPX to compute product in parallel.  Assume HPX has already been initialized.\n   Example:\n\n   input: [4, 2, 10, 4, 5]\n   output: 25\n*/\ndouble productWithInverses(std::vector<double> const& x) {",26_reduce_product_of_inverses,reduce,cpp,hpx,0.2,0.95,True,2048,False,double productWithInverses(std::vector<double> const& x) {\n    // TODO: Implement this function\n    return 0;\n},False,False,,83,-121327616,26585.0,0.96,26585.0,0.48,4.14136528968811
"#include <hpx/hpx_main.hpp>\n\n/* Return the product of the vector x with every odd indexed element inverted.\n   i.e. x_0 * 1/x_1 * x_2 * 1/x_3 * x_4 ...\n   Use HPX to compute product in parallel.  Assume HPX has already been initialized.\n   Example:\n\n   input: [4, 2, 10, 4, 5]\n   output: 25\n*/\ndouble productWithInverses(std::vector<double> const& x) {",26_reduce_product_of_inverses,reduce,cpp,hpx,0.2,0.95,True,2048,False,double productWithInverses(std::vector<double> const& x) {\n  // TODO: Implement this function\n  return 0;\n},False,False,,84,-178753536,26585.0,0.96,26585.0,0.48,4.215800046920776
"#include <hpx/hpx_main.hpp>\n\n/* Return the product of the vector x with every odd indexed element inverted.\n   i.e. x_0 * 1/x_1 * x_2 * 1/x_3 * x_4 ...\n   Use HPX to compute product in parallel.  Assume HPX has already been initialized.\n   Example:\n\n   input: [4, 2, 10, 4, 5]\n   output: 25\n*/\ndouble productWithInverses(std::vector<double> const& x) {",26_reduce_product_of_inverses,reduce,cpp,hpx,0.2,0.95,True,2048,False,double productWithInverses(std::vector<double> const& x) {\n    // TODO: implement this function\n    return 0;\n},False,False,,85,-91815936,26585.0,0.96,26585.0,0.48,4.131986141204834
"#include <hpx/hpx_main.hpp>\n\n/* Return the product of the vector x with every odd indexed element inverted.\n   i.e. x_0 * 1/x_1 * x_2 * 1/x_3 * x_4 ...\n   Use HPX to compute product in parallel.  Assume HPX has already been initialized.\n   Example:\n\n   input: [4, 2, 10, 4, 5]\n   output: 25\n*/\ndouble productWithInverses(std::vector<double> const& x) {",26_reduce_product_of_inverses,reduce,cpp,hpx,0.2,0.95,True,2048,False,double productWithInverses(std::vector<double> const& x) {\n  // TODO: Implement this function.\n  return 0;\n},False,False,,86,-117657600,26585.0,0.96,26585.0,0.48,4.247460603713989
"#include <hpx/hpx_main.hpp>\n\n/* Return the product of the vector x with every odd indexed element inverted.\n   i.e. x_0 * 1/x_1 * x_2 * 1/x_3 * x_4 ...\n   Use HPX to compute product in parallel.  Assume HPX has already been initialized.\n   Example:\n\n   input: [4, 2, 10, 4, 5]\n   output: 25\n*/\ndouble productWithInverses(std::vector<double> const& x) {",26_reduce_product_of_inverses,reduce,cpp,hpx,0.2,0.95,True,2048,False,double productWithInverses(std::vector<double> const& x) {\n    // TODO: Implement this function.\n    return 0;\n},False,False,,87,-162406400,26585.0,0.97,26585.0,0.485,4.260191440582275
"#include <hpx/hpx_main.hpp>\n\n/* Return the product of the vector x with every odd indexed element inverted.\n   i.e. x_0 * 1/x_1 * x_2 * 1/x_3 * x_4 ...\n   Use HPX to compute product in parallel.  Assume HPX has already been initialized.\n   Example:\n\n   input: [4, 2, 10, 4, 5]\n   output: 25\n*/\ndouble productWithInverses(std::vector<double> const& x) {",26_reduce_product_of_inverses,reduce,cpp,hpx,0.2,0.95,True,2048,False,double productWithInverses(std::vector<double> const& x) {\n  // TODO: implement this function\n  return 0;\n},False,False,,88,-136933376,26585.0,0.96,26585.0,0.48,4.15519642829895
"#include <hpx/hpx_main.hpp>\n\n/* Return the product of the vector x with every odd indexed element inverted.\n   i.e. x_0 * 1/x_1 * x_2 * 1/x_3 * x_4 ...\n   Use HPX to compute product in parallel.  Assume HPX has already been initialized.\n   Example:\n\n   input: [4, 2, 10, 4, 5]\n   output: 25\n*/\ndouble productWithInverses(std::vector<double> const& x) {",26_reduce_product_of_inverses,reduce,cpp,hpx,0.2,0.95,True,2048,False,double productWithInverses(std::vector<double> const& x) {\n  // TODO: Implement this function.\n  return 0;\n},False,False,,89,-149389312,26585.0,0.96,26585.0,0.48,4.189544200897217
"#include <hpx/hpx_main.hpp>\n\n/* Return the product of the vector x with every odd indexed element inverted.\n   i.e. x_0 * 1/x_1 * x_2 * 1/x_3 * x_4 ...\n   Use HPX to compute product in parallel.  Assume HPX has already been initialized.\n   Example:\n\n   input: [4, 2, 10, 4, 5]\n   output: 25\n*/\ndouble productWithInverses(std::vector<double> const& x) {",26_reduce_product_of_inverses,reduce,cpp,hpx,0.2,0.95,True,2048,False,double productWithInverses(std::vector<double> const& x) {\n    // TODO: Implement this function\n    return 0;\n},False,False,,90,-102010880,26585.0,0.96,26585.0,0.48,4.160928964614868
"#include <hpx/hpx_main.hpp>\n\n/* Return the product of the vector x with every odd indexed element inverted.\n   i.e. x_0 * 1/x_1 * x_2 * 1/x_3 * x_4 ...\n   Use HPX to compute product in parallel.  Assume HPX has already been initialized.\n   Example:\n\n   input: [4, 2, 10, 4, 5]\n   output: 25\n*/\ndouble productWithInverses(std::vector<double> const& x) {",26_reduce_product_of_inverses,reduce,cpp,hpx,0.2,0.95,True,2048,False,double productWithInverses(std::vector<double> const& x) {\n    // TODO: Implement this function.\n    return 0.0;\n},False,False,,91,-147124224,26585.0,0.97,26585.0,0.485,4.299685478210449
"#include <hpx/hpx_main.hpp>\n\n/* Return the product of the vector x with every odd indexed element inverted.\n   i.e. x_0 * 1/x_1 * x_2 * 1/x_3 * x_4 ...\n   Use HPX to compute product in parallel.  Assume HPX has already been initialized.\n   Example:\n\n   input: [4, 2, 10, 4, 5]\n   output: 25\n*/\ndouble productWithInverses(std::vector<double> const& x) {",26_reduce_product_of_inverses,reduce,cpp,hpx,0.2,0.95,True,2048,False,double productWithInverses(std::vector<double> const& x) {\n    // TODO: Implement this function\n    return 0.0;\n},False,False,,92,-51830784,26585.0,0.0,26585.0,0.0,2.334059476852417
"#include <hpx/hpx_main.hpp>\n\n/* Return the product of the vector x with every odd indexed element inverted.\n   i.e. x_0 * 1/x_1 * x_2 * 1/x_3 * x_4 ...\n   Use HPX to compute product in parallel.  Assume HPX has already been initialized.\n   Example:\n\n   input: [4, 2, 10, 4, 5]\n   output: 25\n*/\ndouble productWithInverses(std::vector<double> const& x) {",26_reduce_product_of_inverses,reduce,cpp,hpx,0.2,0.95,True,2048,False,double productWithInverses(std::vector<double> const& x) {\n  // TODO: implement this function\n  return 0.0;\n},False,False,,93,-128565248,26585.0,0.97,26585.0,0.965,4.234975099563599
"#include <hpx/hpx_main.hpp>\n\n/* Return the product of the vector x with every odd indexed element inverted.\n   i.e. x_0 * 1/x_1 * x_2 * 1/x_3 * x_4 ...\n   Use HPX to compute product in parallel.  Assume HPX has already been initialized.\n   Example:\n\n   input: [4, 2, 10, 4, 5]\n   output: 25\n*/\ndouble productWithInverses(std::vector<double> const& x) {",26_reduce_product_of_inverses,reduce,cpp,hpx,0.2,0.95,True,2048,False,double productWithInverses(std::vector<double> const& x) {\n    // TODO: implement this function\n    return 0;\n},False,False,,94,-111587328,26585.0,0.96,26585.0,0.48,4.116530418395996
"#include <hpx/hpx_main.hpp>\n\n/* Return the product of the vector x with every odd indexed element inverted.\n   i.e. x_0 * 1/x_1 * x_2 * 1/x_3 * x_4 ...\n   Use HPX to compute product in parallel.  Assume HPX has already been initialized.\n   Example:\n\n   input: [4, 2, 10, 4, 5]\n   output: 25\n*/\ndouble productWithInverses(std::vector<double> const& x) {",26_reduce_product_of_inverses,reduce,cpp,hpx,0.2,0.95,True,2048,False,double productWithInverses(std::vector<double> const& x) {\n  // TODO: Implement this function\n  return 0;\n},False,False,,95,-179081216,26585.0,0.96,26585.0,0.48,4.224938869476318
"#include <hpx/hpx_main.hpp>\n\n/* Return the product of the vector x with every odd indexed element inverted.\n   i.e. x_0 * 1/x_1 * x_2 * 1/x_3 * x_4 ...\n   Use HPX to compute product in parallel.  Assume HPX has already been initialized.\n   Example:\n\n   input: [4, 2, 10, 4, 5]\n   output: 25\n*/\ndouble productWithInverses(std::vector<double> const& x) {",26_reduce_product_of_inverses,reduce,cpp,hpx,0.2,0.95,True,2048,False,double productWithInverses(std::vector<double> const& x) {\n    // TODO: Implement this function\n    return 0;\n},False,False,,96,-117485568,26585.0,0.96,26585.0,0.48,4.236143350601196
"#include <hpx/hpx_main.hpp>\n\n/* Return the product of the vector x with every odd indexed element inverted.\n   i.e. x_0 * 1/x_1 * x_2 * 1/x_3 * x_4 ...\n   Use HPX to compute product in parallel.  Assume HPX has already been initialized.\n   Example:\n\n   input: [4, 2, 10, 4, 5]\n   output: 25\n*/\ndouble productWithInverses(std::vector<double> const& x) {",26_reduce_product_of_inverses,reduce,cpp,hpx,0.2,0.95,True,2048,False,double productWithInverses(std::vector<double> const& x) {\n    // TODO: Implement this function.\n    return 0;\n},False,False,,97,-162553856,26585.0,0.96,26585.0,0.48,4.218144416809082
"#include <hpx/hpx_main.hpp>\n\n/* Return the product of the vector x with every odd indexed element inverted.\n   i.e. x_0 * 1/x_1 * x_2 * 1/x_3 * x_4 ...\n   Use HPX to compute product in parallel.  Assume HPX has already been initialized.\n   Example:\n\n   input: [4, 2, 10, 4, 5]\n   output: 25\n*/\ndouble productWithInverses(std::vector<double> const& x) {",26_reduce_product_of_inverses,reduce,cpp,hpx,0.2,0.95,True,2048,False,double productWithInverses(std::vector<double> const& x) {\n  // TODO: Implement this function.\n  return 0.0;\n},False,False,,98,-98394112,26585.0,0.96,26585.0,0.48,4.155720949172974
"#include <hpx/hpx_main.hpp>\n\n/* Return the product of the vector x with every odd indexed element inverted.\n   i.e. x_0 * 1/x_1 * x_2 * 1/x_3 * x_4 ...\n   Use HPX to compute product in parallel.  Assume HPX has already been initialized.\n   Example:\n\n   input: [4, 2, 10, 4, 5]\n   output: 25\n*/\ndouble productWithInverses(std::vector<double> const& x) {",26_reduce_product_of_inverses,reduce,cpp,hpx,0.2,0.95,True,2048,False,double productWithInverses(std::vector<double> const& x) {\n    // TODO: Implement this function.\n    return 0.0;\n},False,False,,99,-95121408,26585.0,0.96,26585.0,0.48,4.142461061477661
"#include <hpx/hpx_main.hpp>\n\n/* Return the average of the vector x.\n   Use HPX to compute in parallel.  Assume HPX has already been initialized.\n   Examples:\n		\n	 input: [1, 8, 4, 5, 1]\n   output: 3.8\n\n   input: [2, 2, 2, 3]\n   output: 2.25\n*/\ndouble average(std::vector<double> const& x) {",27_reduce_average,reduce,cpp,hpx,0.2,0.95,True,2048,False,double average(std::vector<double> const& x) {\n  // TODO: Implement this function.\n  return 0.0;\n},False,False,,0,-52080640,26585.0,0.0,26585.0,0.0,2.0827600955963135
"#include <hpx/hpx_main.hpp>\n\n/* Return the average of the vector x.\n   Use HPX to compute in parallel.  Assume HPX has already been initialized.\n   Examples:\n		\n	 input: [1, 8, 4, 5, 1]\n   output: 3.8\n\n   input: [2, 2, 2, 3]\n   output: 2.25\n*/\ndouble average(std::vector<double> const& x) {",27_reduce_average,reduce,cpp,hpx,0.2,0.95,True,2048,False,double average(std::vector<double> const& x) {\n  // TODO: Implement this function.\n  return 0.0;\n},False,False,,1,-61403136,26585.0,0.96,26585.0,0.96,2.442888021469116
"#include <hpx/hpx_main.hpp>\n\n/* Return the average of the vector x.\n   Use HPX to compute in parallel.  Assume HPX has already been initialized.\n   Examples:\n		\n	 input: [1, 8, 4, 5, 1]\n   output: 3.8\n\n   input: [2, 2, 2, 3]\n   output: 2.25\n*/\ndouble average(std::vector<double> const& x) {",27_reduce_average,reduce,cpp,hpx,0.2,0.95,True,2048,False,double average(std::vector<double> const& x) {\n  // TODO: Implement this function.\n  return 0.0;\n},False,False,,2,-50642944,26585.0,0.0,26585.0,0.0,2.1828532218933105
"#include <hpx/hpx_main.hpp>\n\n/* Return the average of the vector x.\n   Use HPX to compute in parallel.  Assume HPX has already been initialized.\n   Examples:\n		\n	 input: [1, 8, 4, 5, 1]\n   output: 3.8\n\n   input: [2, 2, 2, 3]\n   output: 2.25\n*/\ndouble average(std::vector<double> const& x) {",27_reduce_average,reduce,cpp,hpx,0.2,0.95,True,2048,False,double average(std::vector<double> const& x) {\n  // TODO: Implement this function.\n  return 0.0;\n},False,False,,3,-42864640,26585.0,0.44,26585.0,0.44,2.1508123874664307
"#include <hpx/hpx_main.hpp>\n\n/* Return the average of the vector x.\n   Use HPX to compute in parallel.  Assume HPX has already been initialized.\n   Examples:\n		\n	 input: [1, 8, 4, 5, 1]\n   output: 3.8\n\n   input: [2, 2, 2, 3]\n   output: 2.25\n*/\ndouble average(std::vector<double> const& x) {",27_reduce_average,reduce,cpp,hpx,0.2,0.95,True,2048,False,double average(std::vector<double> const& x) {\n  // TODO: Implement this function.\n  return 0.0;\n},False,False,,4,-43077632,26585.0,0.0,26585.0,0.0,2.1466293334960938
"#include <hpx/hpx_main.hpp>\n\n/* Return the average of the vector x.\n   Use HPX to compute in parallel.  Assume HPX has already been initialized.\n   Examples:\n		\n	 input: [1, 8, 4, 5, 1]\n   output: 3.8\n\n   input: [2, 2, 2, 3]\n   output: 2.25\n*/\ndouble average(std::vector<double> const& x) {",27_reduce_average,reduce,cpp,hpx,0.2,0.95,True,2048,False,double average(std::vector<double> const& x) {\n  // Your code here\n  return 0;\n},False,False,,5,-61292544,26585.0,0.96,26585.0,0.96,2.084418773651123
"#include <hpx/hpx_main.hpp>\n\n/* Return the average of the vector x.\n   Use HPX to compute in parallel.  Assume HPX has already been initialized.\n   Examples:\n		\n	 input: [1, 8, 4, 5, 1]\n   output: 3.8\n\n   input: [2, 2, 2, 3]\n   output: 2.25\n*/\ndouble average(std::vector<double> const& x) {",27_reduce_average,reduce,cpp,hpx,0.2,0.95,True,2048,False,double average(std::vector<double> const& x) {\n  // TODO: Implement this function.\n  return 0.0;\n},False,False,,6,-59121664,26585.0,0.17,26585.0,0.17,2.442047595977783
"#include <hpx/hpx_main.hpp>\n\n/* Return the average of the vector x.\n   Use HPX to compute in parallel.  Assume HPX has already been initialized.\n   Examples:\n		\n	 input: [1, 8, 4, 5, 1]\n   output: 3.8\n\n   input: [2, 2, 2, 3]\n   output: 2.25\n*/\ndouble average(std::vector<double> const& x) {",27_reduce_average,reduce,cpp,hpx,0.2,0.95,True,2048,False,double average(std::vector<double> const& x) {\n  // TODO: Implement this function\n  return 0;\n},False,False,,7,-65470464,26585.0,0.96,26585.0,0.48,4.463176965713501
"#include <hpx/hpx_main.hpp>\n\n/* Return the average of the vector x.\n   Use HPX to compute in parallel.  Assume HPX has already been initialized.\n   Examples:\n		\n	 input: [1, 8, 4, 5, 1]\n   output: 3.8\n\n   input: [2, 2, 2, 3]\n   output: 2.25\n*/\ndouble average(std::vector<double> const& x) {",27_reduce_average,reduce,cpp,hpx,0.2,0.95,True,2048,False,double average(std::vector<double> const& x) {\n    // Your code here\n    return 0;\n},False,False,,8,-24203264,26585.0,0.0,26585.0,0.0,2.0985682010650635
"#include <hpx/hpx_main.hpp>\n\n/* Return the average of the vector x.\n   Use HPX to compute in parallel.  Assume HPX has already been initialized.\n   Examples:\n		\n	 input: [1, 8, 4, 5, 1]\n   output: 3.8\n\n   input: [2, 2, 2, 3]\n   output: 2.25\n*/\ndouble average(std::vector<double> const& x) {",27_reduce_average,reduce,cpp,hpx,0.2,0.95,True,2048,False,double average(std::vector<double> const& x) {\n  // TODO: Implement this function.\n  return 0.0;\n},False,False,,9,-23572480,26585.0,0.85,26585.0,0.85,2.3981292247772217
"#include <hpx/hpx_main.hpp>\n\n/* Return the average of the vector x.\n   Use HPX to compute in parallel.  Assume HPX has already been initialized.\n   Examples:\n		\n	 input: [1, 8, 4, 5, 1]\n   output: 3.8\n\n   input: [2, 2, 2, 3]\n   output: 2.25\n*/\ndouble average(std::vector<double> const& x) {",27_reduce_average,reduce,cpp,hpx,0.2,0.95,True,2048,False,double average(std::vector<double> const& x) {\n  // TODO: Implement this function.\n  return 0;\n},False,False,,10,-20979712,26585.0,0.96,26585.0,0.96,2.2159628868103027
"#include <hpx/hpx_main.hpp>\n\n/* Return the average of the vector x.\n   Use HPX to compute in parallel.  Assume HPX has already been initialized.\n   Examples:\n		\n	 input: [1, 8, 4, 5, 1]\n   output: 3.8\n\n   input: [2, 2, 2, 3]\n   output: 2.25\n*/\ndouble average(std::vector<double> const& x) {",27_reduce_average,reduce,cpp,hpx,0.2,0.95,True,2048,False,double average(std::vector<double> const& x) {\n  // Your code here\n},False,False,,11,-16515072,26585.0,0.42,26585.0,0.42,2.045125961303711
"#include <hpx/hpx_main.hpp>\n\n/* Return the average of the vector x.\n   Use HPX to compute in parallel.  Assume HPX has already been initialized.\n   Examples:\n		\n	 input: [1, 8, 4, 5, 1]\n   output: 3.8\n\n   input: [2, 2, 2, 3]\n   output: 2.25\n*/\ndouble average(std::vector<double> const& x) {",27_reduce_average,reduce,cpp,hpx,0.2,0.95,True,2048,False,double average(std::vector<double> const& x) {\n  // TODO: Implement this function.\n  return 0.0;\n},False,False,,12,-39034880,26585.0,0.96,26585.0,0.605,4.138757228851318
"#include <hpx/hpx_main.hpp>\n\n/* Return the average of the vector x.\n   Use HPX to compute in parallel.  Assume HPX has already been initialized.\n   Examples:\n		\n	 input: [1, 8, 4, 5, 1]\n   output: 3.8\n\n   input: [2, 2, 2, 3]\n   output: 2.25\n*/\ndouble average(std::vector<double> const& x) {",27_reduce_average,reduce,cpp,hpx,0.2,0.95,True,2048,False,double average(std::vector<double> const& x) {\n  // TODO: Implement this function.\n  return 0.0;\n},False,False,,13,-31375360,26585.0,0.97,26585.0,0.485,4.191518068313599
"#include <hpx/hpx_main.hpp>\n\n/* Return the average of the vector x.\n   Use HPX to compute in parallel.  Assume HPX has already been initialized.\n   Examples:\n		\n	 input: [1, 8, 4, 5, 1]\n   output: 3.8\n\n   input: [2, 2, 2, 3]\n   output: 2.25\n*/\ndouble average(std::vector<double> const& x) {",27_reduce_average,reduce,cpp,hpx,0.2,0.95,True,2048,False,double average(std::vector<double> const& x) {\n  // TODO: Implement this function.\n  return 0;\n},False,False,,14,-27107328,26585.0,0.0,26585.0,0.0,2.4378867149353027
"#include <hpx/hpx_main.hpp>\n\n/* Return the average of the vector x.\n   Use HPX to compute in parallel.  Assume HPX has already been initialized.\n   Examples:\n		\n	 input: [1, 8, 4, 5, 1]\n   output: 3.8\n\n   input: [2, 2, 2, 3]\n   output: 2.25\n*/\ndouble average(std::vector<double> const& x) {",27_reduce_average,reduce,cpp,hpx,0.2,0.95,True,2048,False,double average(std::vector<double> const& x) {\n  // TODO: Implement this function.\n  return 0;\n},False,False,,15,-18083840,26585.0,0.0,26585.0,0.0,2.1924726963043213
"#include <hpx/hpx_main.hpp>\n\n/* Return the average of the vector x.\n   Use HPX to compute in parallel.  Assume HPX has already been initialized.\n   Examples:\n		\n	 input: [1, 8, 4, 5, 1]\n   output: 3.8\n\n   input: [2, 2, 2, 3]\n   output: 2.25\n*/\ndouble average(std::vector<double> const& x) {",27_reduce_average,reduce,cpp,hpx,0.2,0.95,True,2048,False,double average(std::vector<double> const& x) {\n  // Your code here\n  return 0;\n},False,False,,16,-26218496,26585.0,0.96,26585.0,0.96,2.1469874382019043
"#include <hpx/hpx_main.hpp>\n\n/* Return the average of the vector x.\n   Use HPX to compute in parallel.  Assume HPX has already been initialized.\n   Examples:\n		\n	 input: [1, 8, 4, 5, 1]\n   output: 3.8\n\n   input: [2, 2, 2, 3]\n   output: 2.25\n*/\ndouble average(std::vector<double> const& x) {",27_reduce_average,reduce,cpp,hpx,0.2,0.95,True,2048,False,double average(std::vector<double> const& x) {\n  // Your code here\n  return 0.0;\n},False,False,,17,146649088,26585.0,0.0,26585.0,0.0,2.115159034729004
"#include <hpx/hpx_main.hpp>\n\n/* Return the average of the vector x.\n   Use HPX to compute in parallel.  Assume HPX has already been initialized.\n   Examples:\n		\n	 input: [1, 8, 4, 5, 1]\n   output: 3.8\n\n   input: [2, 2, 2, 3]\n   output: 2.25\n*/\ndouble average(std::vector<double> const& x) {",27_reduce_average,reduce,cpp,hpx,0.2,0.95,True,2048,False,double average(std::vector<double> const& x) {\n  // TODO: Implement this function.\n  return 0.0;\n},False,False,,18,301899776,26585.0,0.71,26585.0,0.71,2.114595651626587
"#include <hpx/hpx_main.hpp>\n\n/* Return the average of the vector x.\n   Use HPX to compute in parallel.  Assume HPX has already been initialized.\n   Examples:\n		\n	 input: [1, 8, 4, 5, 1]\n   output: 3.8\n\n   input: [2, 2, 2, 3]\n   output: 2.25\n*/\ndouble average(std::vector<double> const& x) {",27_reduce_average,reduce,cpp,hpx,0.2,0.95,True,2048,False,double average(std::vector<double> const& x) {\n  // Your code here\n  return 0.0;\n},False,False,,19,-74526720,26585.0,0.96,26585.0,0.48,4.615526437759399
"#include <hpx/hpx_main.hpp>\n\n/* Return the average of the vector x.\n   Use HPX to compute in parallel.  Assume HPX has already been initialized.\n   Examples:\n		\n	 input: [1, 8, 4, 5, 1]\n   output: 3.8\n\n   input: [2, 2, 2, 3]\n   output: 2.25\n*/\ndouble average(std::vector<double> const& x) {",27_reduce_average,reduce,cpp,hpx,0.2,0.95,True,2048,False,double average(std::vector<double> const& x) {\n  // TODO: Implement this function.\n  return 0.0;\n},False,False,,20,-30896128,26585.0,0.0,26585.0,0.0,2.148344039916992
"#include <hpx/hpx_main.hpp>\n\n/* Return the average of the vector x.\n   Use HPX to compute in parallel.  Assume HPX has already been initialized.\n   Examples:\n		\n	 input: [1, 8, 4, 5, 1]\n   output: 3.8\n\n   input: [2, 2, 2, 3]\n   output: 2.25\n*/\ndouble average(std::vector<double> const& x) {",27_reduce_average,reduce,cpp,hpx,0.2,0.95,True,2048,False,double average(std::vector<double> const& x) {\n    // Your code here\n    return 0;\n},False,False,,21,-34013184,26585.0,0.96,26585.0,0.96,2.1790685653686523
"#include <hpx/hpx_main.hpp>\n\n/* Return the average of the vector x.\n   Use HPX to compute in parallel.  Assume HPX has already been initialized.\n   Examples:\n		\n	 input: [1, 8, 4, 5, 1]\n   output: 3.8\n\n   input: [2, 2, 2, 3]\n   output: 2.25\n*/\ndouble average(std::vector<double> const& x) {",27_reduce_average,reduce,cpp,hpx,0.2,0.95,True,2048,False,double average(std::vector<double> const& x) {\n  // TODO: Implement this function.\n  return 0;\n},False,False,,22,103628800,26585.0,0.88,26585.0,0.88,2.052128791809082
"#include <hpx/hpx_main.hpp>\n\n/* Return the average of the vector x.\n   Use HPX to compute in parallel.  Assume HPX has already been initialized.\n   Examples:\n		\n	 input: [1, 8, 4, 5, 1]\n   output: 3.8\n\n   input: [2, 2, 2, 3]\n   output: 2.25\n*/\ndouble average(std::vector<double> const& x) {",27_reduce_average,reduce,cpp,hpx,0.2,0.95,True,2048,False,double average(std::vector<double> const& x) {\n  // TODO: Implement this function.\n  return 0.0;\n},False,False,,23,-499621888,26585.0,0.96,26585.0,0.96,4.438445568084717
"#include <hpx/hpx_main.hpp>\n\n/* Return the average of the vector x.\n   Use HPX to compute in parallel.  Assume HPX has already been initialized.\n   Examples:\n		\n	 input: [1, 8, 4, 5, 1]\n   output: 3.8\n\n   input: [2, 2, 2, 3]\n   output: 2.25\n*/\ndouble average(std::vector<double> const& x) {",27_reduce_average,reduce,cpp,hpx,0.2,0.95,True,2048,False,double average(std::vector<double> const& x) {\n  // TODO: Implement this function.\n  return 0.0;\n},False,False,,24,-64528384,26585.0,0.96,26585.0,0.48,4.319237947463989
"#include <hpx/hpx_main.hpp>\n\n/* Return the average of the vector x.\n   Use HPX to compute in parallel.  Assume HPX has already been initialized.\n   Examples:\n		\n	 input: [1, 8, 4, 5, 1]\n   output: 3.8\n\n   input: [2, 2, 2, 3]\n   output: 2.25\n*/\ndouble average(std::vector<double> const& x) {",27_reduce_average,reduce,cpp,hpx,0.2,0.95,True,2048,False,double average(std::vector<double> const& x) {\n  // TODO: Implement this function.\n  return 0.0;\n},False,False,,25,-52031488,26585.0,0.96,26585.0,0.48,4.20854377746582
"#include <hpx/hpx_main.hpp>\n\n/* Return the average of the vector x.\n   Use HPX to compute in parallel.  Assume HPX has already been initialized.\n   Examples:\n		\n	 input: [1, 8, 4, 5, 1]\n   output: 3.8\n\n   input: [2, 2, 2, 3]\n   output: 2.25\n*/\ndouble average(std::vector<double> const& x) {",27_reduce_average,reduce,cpp,hpx,0.2,0.95,True,2048,False,double average(std::vector<double> const& x) {\n  // TODO: Implement this function.\n  return 0.0;\n},False,False,,26,-44429312,26585.0,0.0,26585.0,0.0,2.4768357276916504
"#include <hpx/hpx_main.hpp>\n\n/* Return the average of the vector x.\n   Use HPX to compute in parallel.  Assume HPX has already been initialized.\n   Examples:\n		\n	 input: [1, 8, 4, 5, 1]\n   output: 3.8\n\n   input: [2, 2, 2, 3]\n   output: 2.25\n*/\ndouble average(std::vector<double> const& x) {",27_reduce_average,reduce,cpp,hpx,0.2,0.95,True,2048,False,double average(std::vector<double> const& x) {\n  // TODO: Implement this function.\n  return 0.0;\n},False,False,,27,-22986752,26585.0,0.14,26585.0,0.14,2.2062325477600098
"#include <hpx/hpx_main.hpp>\n\n/* Return the average of the vector x.\n   Use HPX to compute in parallel.  Assume HPX has already been initialized.\n   Examples:\n		\n	 input: [1, 8, 4, 5, 1]\n   output: 3.8\n\n   input: [2, 2, 2, 3]\n   output: 2.25\n*/\ndouble average(std::vector<double> const& x) {",27_reduce_average,reduce,cpp,hpx,0.2,0.95,True,2048,False,double average(std::vector<double> const& x) {\n  // Your code here\n  return 0.0;\n},False,False,,28,10297344,26585.0,0.97,26585.0,0.97,2.124235153198242
"#include <hpx/hpx_main.hpp>\n\n/* Return the average of the vector x.\n   Use HPX to compute in parallel.  Assume HPX has already been initialized.\n   Examples:\n		\n	 input: [1, 8, 4, 5, 1]\n   output: 3.8\n\n   input: [2, 2, 2, 3]\n   output: 2.25\n*/\ndouble average(std::vector<double> const& x) {",27_reduce_average,reduce,cpp,hpx,0.2,0.95,True,2048,False,double average(std::vector<double> const& x) {\n  // TODO: Implement this function.\n  return 0.0;\n},False,False,,29,-34947072,26585.0,0.96,26585.0,0.895,4.230975389480591
"#include <hpx/hpx_main.hpp>\n\n/* Return the average of the vector x.\n   Use HPX to compute in parallel.  Assume HPX has already been initialized.\n   Examples:\n		\n	 input: [1, 8, 4, 5, 1]\n   output: 3.8\n\n   input: [2, 2, 2, 3]\n   output: 2.25\n*/\ndouble average(std::vector<double> const& x) {",27_reduce_average,reduce,cpp,hpx,0.2,0.95,True,2048,False,double average(std::vector<double> const& x) {\n  // TODO: Implement this function.\n  return 0;\n},False,False,,30,-34283520,26585.0,0.0,26585.0,0.0,2.3953778743743896
"#include <hpx/hpx_main.hpp>\n\n/* Return the average of the vector x.\n   Use HPX to compute in parallel.  Assume HPX has already been initialized.\n   Examples:\n		\n	 input: [1, 8, 4, 5, 1]\n   output: 3.8\n\n   input: [2, 2, 2, 3]\n   output: 2.25\n*/\ndouble average(std::vector<double> const& x) {",27_reduce_average,reduce,cpp,hpx,0.2,0.95,True,2048,False,double average(std::vector<double> const& x) {\n  // TODO: Implement this function.\n  return 0.0;\n},False,False,,31,-56250368,26585.0,0.96,26585.0,0.53,4.296716690063477
"#include <hpx/hpx_main.hpp>\n\n/* Return the average of the vector x.\n   Use HPX to compute in parallel.  Assume HPX has already been initialized.\n   Examples:\n		\n	 input: [1, 8, 4, 5, 1]\n   output: 3.8\n\n   input: [2, 2, 2, 3]\n   output: 2.25\n*/\ndouble average(std::vector<double> const& x) {",27_reduce_average,reduce,cpp,hpx,0.2,0.95,True,2048,False,double average(std::vector<double> const& x) {\n  // TODO: Implement this function.\n  return 0.0;\n},False,False,,32,-24797184,26585.0,0.0,26585.0,0.0,2.061328887939453
"#include <hpx/hpx_main.hpp>\n\n/* Return the average of the vector x.\n   Use HPX to compute in parallel.  Assume HPX has already been initialized.\n   Examples:\n		\n	 input: [1, 8, 4, 5, 1]\n   output: 3.8\n\n   input: [2, 2, 2, 3]\n   output: 2.25\n*/\ndouble average(std::vector<double> const& x) {",27_reduce_average,reduce,cpp,hpx,0.2,0.95,True,2048,False,double average(std::vector<double> const& x) {\n  // Your code here\n  return 0;\n},False,False,,33,-1544192,26585.0,0.96,26585.0,0.96,2.074467897415161
"#include <hpx/hpx_main.hpp>\n\n/* Return the average of the vector x.\n   Use HPX to compute in parallel.  Assume HPX has already been initialized.\n   Examples:\n		\n	 input: [1, 8, 4, 5, 1]\n   output: 3.8\n\n   input: [2, 2, 2, 3]\n   output: 2.25\n*/\ndouble average(std::vector<double> const& x) {",27_reduce_average,reduce,cpp,hpx,0.2,0.95,True,2048,False,double average(std::vector<double> const& x) {\n  // TODO: Implement this function.\n  return 0.0;\n},False,False,,34,-33583104,26585.0,0.0,26585.0,0.0,2.0477700233459473
"#include <hpx/hpx_main.hpp>\n\n/* Return the average of the vector x.\n   Use HPX to compute in parallel.  Assume HPX has already been initialized.\n   Examples:\n		\n	 input: [1, 8, 4, 5, 1]\n   output: 3.8\n\n   input: [2, 2, 2, 3]\n   output: 2.25\n*/\ndouble average(std::vector<double> const& x) {",27_reduce_average,reduce,cpp,hpx,0.2,0.95,True,2048,False,double average(std::vector<double> const& x) {\n  // TODO: Implement this function.\n  return 0;\n},False,False,,35,-44900352,26585.0,0.96,26585.0,0.96,4.156031131744385
"#include <hpx/hpx_main.hpp>\n\n/* Return the average of the vector x.\n   Use HPX to compute in parallel.  Assume HPX has already been initialized.\n   Examples:\n		\n	 input: [1, 8, 4, 5, 1]\n   output: 3.8\n\n   input: [2, 2, 2, 3]\n   output: 2.25\n*/\ndouble average(std::vector<double> const& x) {",27_reduce_average,reduce,cpp,hpx,0.2,0.95,True,2048,False,double average(std::vector<double> const& x) {\n  // TODO: Implement this function.\n  return 0.0;\n},False,False,,36,-28418048,26585.0,0.0,26585.0,0.0,2.374230146408081
"#include <hpx/hpx_main.hpp>\n\n/* Return the average of the vector x.\n   Use HPX to compute in parallel.  Assume HPX has already been initialized.\n   Examples:\n		\n	 input: [1, 8, 4, 5, 1]\n   output: 3.8\n\n   input: [2, 2, 2, 3]\n   output: 2.25\n*/\ndouble average(std::vector<double> const& x) {",27_reduce_average,reduce,cpp,hpx,0.2,0.95,True,2048,False,double average(std::vector<double> const& x) {\n  // TODO: Implement this function.\n  return 0;\n},False,False,,37,-43425792,26585.0,0.96,26585.0,0.815,4.351239919662476
"#include <hpx/hpx_main.hpp>\n\n/* Return the average of the vector x.\n   Use HPX to compute in parallel.  Assume HPX has already been initialized.\n   Examples:\n		\n	 input: [1, 8, 4, 5, 1]\n   output: 3.8\n\n   input: [2, 2, 2, 3]\n   output: 2.25\n*/\ndouble average(std::vector<double> const& x) {",27_reduce_average,reduce,cpp,hpx,0.2,0.95,True,2048,False,double average(std::vector<double> const& x) {\n  // Your code here\n  return 0;\n},False,False,,38,-17125376,26585.0,0.0,26585.0,0.0,2.0465335845947266
"#include <hpx/hpx_main.hpp>\n\n/* Return the average of the vector x.\n   Use HPX to compute in parallel.  Assume HPX has already been initialized.\n   Examples:\n		\n	 input: [1, 8, 4, 5, 1]\n   output: 3.8\n\n   input: [2, 2, 2, 3]\n   output: 2.25\n*/\ndouble average(std::vector<double> const& x) {",27_reduce_average,reduce,cpp,hpx,0.2,0.95,True,2048,False,double average(std::vector<double> const& x) {\n  // TODO: Implement this function.\n  return 0;\n},False,False,,39,5668864,26585.0,0.55,26585.0,0.55,2.1158368587493896
"#include <hpx/hpx_main.hpp>\n\n/* Return the average of the vector x.\n   Use HPX to compute in parallel.  Assume HPX has already been initialized.\n   Examples:\n		\n	 input: [1, 8, 4, 5, 1]\n   output: 3.8\n\n   input: [2, 2, 2, 3]\n   output: 2.25\n*/\ndouble average(std::vector<double> const& x) {",27_reduce_average,reduce,cpp,hpx,0.2,0.95,True,2048,False,double average(std::vector<double> const& x) {\n  // TODO: Implement this function.\n  return 0;\n},False,False,,40,-3715072,26585.0,0.0,26585.0,0.0,2.080925226211548
"#include <hpx/hpx_main.hpp>\n\n/* Return the average of the vector x.\n   Use HPX to compute in parallel.  Assume HPX has already been initialized.\n   Examples:\n		\n	 input: [1, 8, 4, 5, 1]\n   output: 3.8\n\n   input: [2, 2, 2, 3]\n   output: 2.25\n*/\ndouble average(std::vector<double> const& x) {",27_reduce_average,reduce,cpp,hpx,0.2,0.95,True,2048,False,double average(std::vector<double> const& x) {\n  // TODO: Implement this function.\n  return 0;\n},False,False,,41,-63172608,26585.0,0.96,26585.0,0.96,4.092115640640259
"#include <hpx/hpx_main.hpp>\n\n/* Return the average of the vector x.\n   Use HPX to compute in parallel.  Assume HPX has already been initialized.\n   Examples:\n		\n	 input: [1, 8, 4, 5, 1]\n   output: 3.8\n\n   input: [2, 2, 2, 3]\n   output: 2.25\n*/\ndouble average(std::vector<double> const& x) {",27_reduce_average,reduce,cpp,hpx,0.2,0.95,True,2048,False,double average(std::vector<double> const& x) {\n  // TODO: Implement this function.\n  return 0;\n},False,False,,42,33501184,26585.0,0.0,26585.0,0.0,2.350733757019043
"#include <hpx/hpx_main.hpp>\n\n/* Return the average of the vector x.\n   Use HPX to compute in parallel.  Assume HPX has already been initialized.\n   Examples:\n		\n	 input: [1, 8, 4, 5, 1]\n   output: 3.8\n\n   input: [2, 2, 2, 3]\n   output: 2.25\n*/\ndouble average(std::vector<double> const& x) {",27_reduce_average,reduce,cpp,hpx,0.2,0.95,True,2048,False,double average(std::vector<double> const& x) {\n  // TODO: Implement this function.\n  return 0;\n},False,False,,43,-25092096,26585.0,0.96,26585.0,0.5449999999999999,4.3178441524505615
"#include <hpx/hpx_main.hpp>\n\n/* Return the average of the vector x.\n   Use HPX to compute in parallel.  Assume HPX has already been initialized.\n   Examples:\n		\n	 input: [1, 8, 4, 5, 1]\n   output: 3.8\n\n   input: [2, 2, 2, 3]\n   output: 2.25\n*/\ndouble average(std::vector<double> const& x) {",27_reduce_average,reduce,cpp,hpx,0.2,0.95,True,2048,False,double average(std::vector<double> const& x) {\n  // TODO: Implement this function.\n  return 0.0;\n},False,False,,44,21409792,26585.0,0.0,26585.0,0.0,2.0649139881134033
"#include <hpx/hpx_main.hpp>\n\n/* Return the average of the vector x.\n   Use HPX to compute in parallel.  Assume HPX has already been initialized.\n   Examples:\n		\n	 input: [1, 8, 4, 5, 1]\n   output: 3.8\n\n   input: [2, 2, 2, 3]\n   output: 2.25\n*/\ndouble average(std::vector<double> const& x) {",27_reduce_average,reduce,cpp,hpx,0.2,0.95,True,2048,False,double average(std::vector<double> const& x) {\n  // Your code here\n},False,False,,45,-233472,26585.0,0.97,26585.0,0.97,2.0930116176605225
"#include <hpx/hpx_main.hpp>\n\n/* Return the average of the vector x.\n   Use HPX to compute in parallel.  Assume HPX has already been initialized.\n   Examples:\n		\n	 input: [1, 8, 4, 5, 1]\n   output: 3.8\n\n   input: [2, 2, 2, 3]\n   output: 2.25\n*/\ndouble average(std::vector<double> const& x) {",27_reduce_average,reduce,cpp,hpx,0.2,0.95,True,2048,False,double average(std::vector<double> const& x) {\n  // Your code here\n  return 0.0;\n},False,False,,46,-1114112,26585.0,0.67,26585.0,0.67,2.081911563873291
"#include <hpx/hpx_main.hpp>\n\n/* Return the average of the vector x.\n   Use HPX to compute in parallel.  Assume HPX has already been initialized.\n   Examples:\n		\n	 input: [1, 8, 4, 5, 1]\n   output: 3.8\n\n   input: [2, 2, 2, 3]\n   output: 2.25\n*/\ndouble average(std::vector<double> const& x) {",27_reduce_average,reduce,cpp,hpx,0.2,0.95,True,2048,False,double average(std::vector<double> const& x) {\n  // Your code here\n  return 0;\n},False,False,,47,-2338816,26585.0,0.63,26585.0,0.63,2.2251336574554443
"#include <hpx/hpx_main.hpp>\n\n/* Return the average of the vector x.\n   Use HPX to compute in parallel.  Assume HPX has already been initialized.\n   Examples:\n		\n	 input: [1, 8, 4, 5, 1]\n   output: 3.8\n\n   input: [2, 2, 2, 3]\n   output: 2.25\n*/\ndouble average(std::vector<double> const& x) {",27_reduce_average,reduce,cpp,hpx,0.2,0.95,True,2048,False,double average(std::vector<double> const& x) {\n  // TODO: Implement this function.\n  return 0.0;\n},False,False,,48,-2445312,26585.0,0.96,26585.0,0.96,2.1906728744506836
"#include <hpx/hpx_main.hpp>\n\n/* Return the average of the vector x.\n   Use HPX to compute in parallel.  Assume HPX has already been initialized.\n   Examples:\n		\n	 input: [1, 8, 4, 5, 1]\n   output: 3.8\n\n   input: [2, 2, 2, 3]\n   output: 2.25\n*/\ndouble average(std::vector<double> const& x) {",27_reduce_average,reduce,cpp,hpx,0.2,0.95,True,2048,False,double average(std::vector<double> const& x) {\n  // Your code here\n},False,False,,49,-4902912,26585.0,0.97,26585.0,0.97,4.356736183166504
"#include <hpx/hpx_main.hpp>\n\n/* Return the average of the vector x.\n   Use HPX to compute in parallel.  Assume HPX has already been initialized.\n   Examples:\n		\n	 input: [1, 8, 4, 5, 1]\n   output: 3.8\n\n   input: [2, 2, 2, 3]\n   output: 2.25\n*/\ndouble average(std::vector<double> const& x) {",27_reduce_average,reduce,cpp,hpx,0.2,0.95,True,2048,False,double average(std::vector<double> const& x) {\n  // TODO: Implement this function.\n  return 0;\n},False,False,,50,14438400,26585.0,0.0,26585.0,0.0,2.134676933288574
"#include <hpx/hpx_main.hpp>\n\n/* Return the average of the vector x.\n   Use HPX to compute in parallel.  Assume HPX has already been initialized.\n   Examples:\n		\n	 input: [1, 8, 4, 5, 1]\n   output: 3.8\n\n   input: [2, 2, 2, 3]\n   output: 2.25\n*/\ndouble average(std::vector<double> const& x) {",27_reduce_average,reduce,cpp,hpx,0.2,0.95,True,2048,False,double average(std::vector<double> const& x) {\n  // TODO: Implement this function.\n  return 0.0;\n},False,False,,51,716800,26585.0,0.0,26585.0,0.0,2.08595871925354
"#include <hpx/hpx_main.hpp>\n\n/* Return the average of the vector x.\n   Use HPX to compute in parallel.  Assume HPX has already been initialized.\n   Examples:\n		\n	 input: [1, 8, 4, 5, 1]\n   output: 3.8\n\n   input: [2, 2, 2, 3]\n   output: 2.25\n*/\ndouble average(std::vector<double> const& x) {",27_reduce_average,reduce,cpp,hpx,0.2,0.95,True,2048,False,double average(std::vector<double> const& x) {\n  // TODO: Implement this function.\n  return 0.0;\n},False,False,,52,-58060800,26585.0,0.76,26585.0,0.76,2.4256582260131836
"#include <hpx/hpx_main.hpp>\n\n/* Return the average of the vector x.\n   Use HPX to compute in parallel.  Assume HPX has already been initialized.\n   Examples:\n		\n	 input: [1, 8, 4, 5, 1]\n   output: 3.8\n\n   input: [2, 2, 2, 3]\n   output: 2.25\n*/\ndouble average(std::vector<double> const& x) {",27_reduce_average,reduce,cpp,hpx,0.2,0.95,True,2048,False,double average(std::vector<double> const& x) {\n  // TODO: Implement this function.\n  return 0;\n},False,False,,53,15421440,26585.0,0.96,26585.0,0.96,4.3539628982543945
"#include <hpx/hpx_main.hpp>\n\n/* Return the average of the vector x.\n   Use HPX to compute in parallel.  Assume HPX has already been initialized.\n   Examples:\n		\n	 input: [1, 8, 4, 5, 1]\n   output: 3.8\n\n   input: [2, 2, 2, 3]\n   output: 2.25\n*/\ndouble average(std::vector<double> const& x) {",27_reduce_average,reduce,cpp,hpx,0.2,0.95,True,2048,False,double average(std::vector<double> const& x) {\n  // TODO: implement this function\n  return 0;\n},False,False,,54,753664,26585.0,0.0,26585.0,0.0,2.1469829082489014
"#include <hpx/hpx_main.hpp>\n\n/* Return the average of the vector x.\n   Use HPX to compute in parallel.  Assume HPX has already been initialized.\n   Examples:\n		\n	 input: [1, 8, 4, 5, 1]\n   output: 3.8\n\n   input: [2, 2, 2, 3]\n   output: 2.25\n*/\ndouble average(std::vector<double> const& x) {",27_reduce_average,reduce,cpp,hpx,0.2,0.95,True,2048,False,double average(std::vector<double> const& x) {\n  // TODO: Implement this function.\n  return 0.0;\n},False,False,,55,5730304,26585.0,0.97,26585.0,0.97,2.075904130935669
"#include <hpx/hpx_main.hpp>\n\n/* Return the average of the vector x.\n   Use HPX to compute in parallel.  Assume HPX has already been initialized.\n   Examples:\n		\n	 input: [1, 8, 4, 5, 1]\n   output: 3.8\n\n   input: [2, 2, 2, 3]\n   output: 2.25\n*/\ndouble average(std::vector<double> const& x) {",27_reduce_average,reduce,cpp,hpx,0.2,0.95,True,2048,False,double average(std::vector<double> const& x) {\n  // TODO: Implement this function.\n  return 0.0;\n},False,False,,56,16457728,26585.0,0.98,26585.0,0.97,4.538552284240723
"#include <hpx/hpx_main.hpp>\n\n/* Return the average of the vector x.\n   Use HPX to compute in parallel.  Assume HPX has already been initialized.\n   Examples:\n		\n	 input: [1, 8, 4, 5, 1]\n   output: 3.8\n\n   input: [2, 2, 2, 3]\n   output: 2.25\n*/\ndouble average(std::vector<double> const& x) {",27_reduce_average,reduce,cpp,hpx,0.2,0.95,True,2048,False,double average(std::vector<double> const& x) {\n  // TODO: Implement this function.\n  return 0;\n},False,False,,57,-1314816,26585.0,0.0,26585.0,0.0,2.141418695449829
"#include <hpx/hpx_main.hpp>\n\n/* Return the average of the vector x.\n   Use HPX to compute in parallel.  Assume HPX has already been initialized.\n   Examples:\n		\n	 input: [1, 8, 4, 5, 1]\n   output: 3.8\n\n   input: [2, 2, 2, 3]\n   output: 2.25\n*/\ndouble average(std::vector<double> const& x) {",27_reduce_average,reduce,cpp,hpx,0.2,0.95,True,2048,False,double average(std::vector<double> const& x) {\n  // TODO: implement this function\n  return 0.0;\n},False,False,,58,2002944,26585.0,0.97,26585.0,0.97,2.0777933597564697
"#include <hpx/hpx_main.hpp>\n\n/* Return the average of the vector x.\n   Use HPX to compute in parallel.  Assume HPX has already been initialized.\n   Examples:\n		\n	 input: [1, 8, 4, 5, 1]\n   output: 3.8\n\n   input: [2, 2, 2, 3]\n   output: 2.25\n*/\ndouble average(std::vector<double> const& x) {",27_reduce_average,reduce,cpp,hpx,0.2,0.95,True,2048,False,double average(std::vector<double> const& x) {\n  // TODO: Implement this function.\n  return 0.0;\n},False,False,,59,-6295552,26585.0,0.7,26585.0,0.7,2.235867738723755
"#include <hpx/hpx_main.hpp>\n\n/* Return the average of the vector x.\n   Use HPX to compute in parallel.  Assume HPX has already been initialized.\n   Examples:\n		\n	 input: [1, 8, 4, 5, 1]\n   output: 3.8\n\n   input: [2, 2, 2, 3]\n   output: 2.25\n*/\ndouble average(std::vector<double> const& x) {",27_reduce_average,reduce,cpp,hpx,0.2,0.95,True,2048,False,double average(std::vector<double> const& x) {\n  // TODO: Implement this function.\n  return 0;\n},False,False,,60,-8015872,26585.0,0.96,26585.0,0.48,4.690198183059692
"#include <hpx/hpx_main.hpp>\n\n/* Return the average of the vector x.\n   Use HPX to compute in parallel.  Assume HPX has already been initialized.\n   Examples:\n		\n	 input: [1, 8, 4, 5, 1]\n   output: 3.8\n\n   input: [2, 2, 2, 3]\n   output: 2.25\n*/\ndouble average(std::vector<double> const& x) {",27_reduce_average,reduce,cpp,hpx,0.2,0.95,True,2048,False,double average(std::vector<double> const& x) {\n  // TODO: Implement this function.\n  return 0.0;\n},False,False,,61,-47312896,26585.0,0.97,26585.0,0.485,4.141509056091309
"#include <hpx/hpx_main.hpp>\n\n/* Return the average of the vector x.\n   Use HPX to compute in parallel.  Assume HPX has already been initialized.\n   Examples:\n		\n	 input: [1, 8, 4, 5, 1]\n   output: 3.8\n\n   input: [2, 2, 2, 3]\n   output: 2.25\n*/\ndouble average(std::vector<double> const& x) {",27_reduce_average,reduce,cpp,hpx,0.2,0.95,True,2048,False,double average(std::vector<double> const& x) {\n  // TODO: Implement this function.\n  return 0;\n},False,False,,62,20578304,26585.0,0.0,26585.0,0.0,2.0832440853118896
"#include <hpx/hpx_main.hpp>\n\n/* Return the average of the vector x.\n   Use HPX to compute in parallel.  Assume HPX has already been initialized.\n   Examples:\n		\n	 input: [1, 8, 4, 5, 1]\n   output: 3.8\n\n   input: [2, 2, 2, 3]\n   output: 2.25\n*/\ndouble average(std::vector<double> const& x) {",27_reduce_average,reduce,cpp,hpx,0.2,0.95,True,2048,False,double average(std::vector<double> const& x) {\n  // TODO: Implement this function.\n  return 0.0;\n},False,False,,63,-1044480,26585.0,0.96,26585.0,0.96,2.0929486751556396
"#include <hpx/hpx_main.hpp>\n\n/* Return the average of the vector x.\n   Use HPX to compute in parallel.  Assume HPX has already been initialized.\n   Examples:\n		\n	 input: [1, 8, 4, 5, 1]\n   output: 3.8\n\n   input: [2, 2, 2, 3]\n   output: 2.25\n*/\ndouble average(std::vector<double> const& x) {",27_reduce_average,reduce,cpp,hpx,0.2,0.95,True,2048,False,double average(std::vector<double> const& x) {\n  // TODO: Implement this function.\n  return 0.0;\n},False,False,,64,-8228864,26585.0,0.0,26585.0,0.0,2.677839517593384
"#include <hpx/hpx_main.hpp>\n\n/* Return the average of the vector x.\n   Use HPX to compute in parallel.  Assume HPX has already been initialized.\n   Examples:\n		\n	 input: [1, 8, 4, 5, 1]\n   output: 3.8\n\n   input: [2, 2, 2, 3]\n   output: 2.25\n*/\ndouble average(std::vector<double> const& x) {",27_reduce_average,reduce,cpp,hpx,0.2,0.95,True,2048,False,double average(std::vector<double> const& x) {\n  // TODO: Implement this function.\n  return 0;\n},False,False,,65,16760832,26585.0,0.96,26585.0,0.48,4.227618932723999
"#include <hpx/hpx_main.hpp>\n\n/* Return the average of the vector x.\n   Use HPX to compute in parallel.  Assume HPX has already been initialized.\n   Examples:\n		\n	 input: [1, 8, 4, 5, 1]\n   output: 3.8\n\n   input: [2, 2, 2, 3]\n   output: 2.25\n*/\ndouble average(std::vector<double> const& x) {",27_reduce_average,reduce,cpp,hpx,0.2,0.95,True,2048,False,double average(std::vector<double> const& x) {\n  // Your code here\n  return 0;\n},False,False,,66,14036992,26585.0,0.0,26585.0,0.0,2.09027361869812
"#include <hpx/hpx_main.hpp>\n\n/* Return the average of the vector x.\n   Use HPX to compute in parallel.  Assume HPX has already been initialized.\n   Examples:\n		\n	 input: [1, 8, 4, 5, 1]\n   output: 3.8\n\n   input: [2, 2, 2, 3]\n   output: 2.25\n*/\ndouble average(std::vector<double> const& x) {",27_reduce_average,reduce,cpp,hpx,0.2,0.95,True,2048,False,double average(std::vector<double> const& x) {\n  // TODO: Implement this function.\n  return 0.0;\n},False,False,,67,11407360,26585.0,0.96,26585.0,0.825,4.106102466583252
"#include <hpx/hpx_main.hpp>\n\n/* Return the average of the vector x.\n   Use HPX to compute in parallel.  Assume HPX has already been initialized.\n   Examples:\n		\n	 input: [1, 8, 4, 5, 1]\n   output: 3.8\n\n   input: [2, 2, 2, 3]\n   output: 2.25\n*/\ndouble average(std::vector<double> const& x) {",27_reduce_average,reduce,cpp,hpx,0.2,0.95,True,2048,False,double average(std::vector<double> const& x) {\n  // TODO: Implement this function.\n  return 0;\n},False,False,,68,-4022272,26585.0,0.63,26585.0,0.63,2.3276901245117188
"#include <hpx/hpx_main.hpp>\n\n/* Return the average of the vector x.\n   Use HPX to compute in parallel.  Assume HPX has already been initialized.\n   Examples:\n		\n	 input: [1, 8, 4, 5, 1]\n   output: 3.8\n\n   input: [2, 2, 2, 3]\n   output: 2.25\n*/\ndouble average(std::vector<double> const& x) {",27_reduce_average,reduce,cpp,hpx,0.2,0.95,True,2048,False,double average(std::vector<double> const& x) {\n  // TODO: implement this function\n  return 0.0;\n},False,False,,69,-1589248,26585.0,0.34,26585.0,0.34,2.2599289417266846
"#include <hpx/hpx_main.hpp>\n\n/* Return the average of the vector x.\n   Use HPX to compute in parallel.  Assume HPX has already been initialized.\n   Examples:\n		\n	 input: [1, 8, 4, 5, 1]\n   output: 3.8\n\n   input: [2, 2, 2, 3]\n   output: 2.25\n*/\ndouble average(std::vector<double> const& x) {",27_reduce_average,reduce,cpp,hpx,0.2,0.95,True,2048,False,double average(std::vector<double> const& x) {\n  // TODO: Implement this function.\n  return 0.0;\n},False,False,,70,-1843200,26585.0,0.97,26585.0,0.97,2.0823068618774414
"#include <hpx/hpx_main.hpp>\n\n/* Return the average of the vector x.\n   Use HPX to compute in parallel.  Assume HPX has already been initialized.\n   Examples:\n		\n	 input: [1, 8, 4, 5, 1]\n   output: 3.8\n\n   input: [2, 2, 2, 3]\n   output: 2.25\n*/\ndouble average(std::vector<double> const& x) {",27_reduce_average,reduce,cpp,hpx,0.2,0.95,True,2048,False,double average(std::vector<double> const& x) {\n  // TODO: Implement this function.\n  return 0.0;\n},False,False,,71,-2916352,26585.0,0.96,26585.0,0.96,2.2208194732666016
"#include <hpx/hpx_main.hpp>\n\n/* Return the average of the vector x.\n   Use HPX to compute in parallel.  Assume HPX has already been initialized.\n   Examples:\n		\n	 input: [1, 8, 4, 5, 1]\n   output: 3.8\n\n   input: [2, 2, 2, 3]\n   output: 2.25\n*/\ndouble average(std::vector<double> const& x) {",27_reduce_average,reduce,cpp,hpx,0.2,0.95,True,2048,False,double average(std::vector<double> const& x) {\n  // TODO: Implement this function.\n  return 0;\n},False,False,,72,-41570304,26585.0,0.97,26585.0,0.97,2.458104372024536
"#include <hpx/hpx_main.hpp>\n\n/* Return the average of the vector x.\n   Use HPX to compute in parallel.  Assume HPX has already been initialized.\n   Examples:\n		\n	 input: [1, 8, 4, 5, 1]\n   output: 3.8\n\n   input: [2, 2, 2, 3]\n   output: 2.25\n*/\ndouble average(std::vector<double> const& x) {",27_reduce_average,reduce,cpp,hpx,0.2,0.95,True,2048,False,double average(std::vector<double> const& x) {\n  // TODO: Implement this function.\n  return 0;\n},False,False,,73,26423296,26585.0,0.0,26585.0,0.0,2.250925064086914
"#include <hpx/hpx_main.hpp>\n\n/* Return the average of the vector x.\n   Use HPX to compute in parallel.  Assume HPX has already been initialized.\n   Examples:\n		\n	 input: [1, 8, 4, 5, 1]\n   output: 3.8\n\n   input: [2, 2, 2, 3]\n   output: 2.25\n*/\ndouble average(std::vector<double> const& x) {",27_reduce_average,reduce,cpp,hpx,0.2,0.95,True,2048,False,double average(std::vector<double> const& x) {\n  // TODO: Implement this function.\n  return 0.0;\n},False,False,,74,663552,26585.0,0.37,26585.0,0.37,2.068671464920044
"#include <hpx/hpx_main.hpp>\n\n/* Return the average of the vector x.\n   Use HPX to compute in parallel.  Assume HPX has already been initialized.\n   Examples:\n		\n	 input: [1, 8, 4, 5, 1]\n   output: 3.8\n\n   input: [2, 2, 2, 3]\n   output: 2.25\n*/\ndouble average(std::vector<double> const& x) {",27_reduce_average,reduce,cpp,hpx,0.2,0.95,True,2048,False,double average(std::vector<double> const& x) {\n  // Your code here\n  return 0;\n},False,False,,75,720896,26585.0,0.96,26585.0,0.96,2.139803647994995
"#include <hpx/hpx_main.hpp>\n\n/* Return the average of the vector x.\n   Use HPX to compute in parallel.  Assume HPX has already been initialized.\n   Examples:\n		\n	 input: [1, 8, 4, 5, 1]\n   output: 3.8\n\n   input: [2, 2, 2, 3]\n   output: 2.25\n*/\ndouble average(std::vector<double> const& x) {",27_reduce_average,reduce,cpp,hpx,0.2,0.95,True,2048,False,double average(std::vector<double> const& x) {\n  // TODO: Implement this function.\n  return 0.0;\n},False,False,,76,995328,26585.0,0.96,26585.0,0.675,4.482418537139893
"#include <hpx/hpx_main.hpp>\n\n/* Return the average of the vector x.\n   Use HPX to compute in parallel.  Assume HPX has already been initialized.\n   Examples:\n		\n	 input: [1, 8, 4, 5, 1]\n   output: 3.8\n\n   input: [2, 2, 2, 3]\n   output: 2.25\n*/\ndouble average(std::vector<double> const& x) {",27_reduce_average,reduce,cpp,hpx,0.2,0.95,True,2048,False,double average(std::vector<double> const& x) {\n  // Your code here\n  return 0;\n},False,False,,77,-20942848,26585.0,0.97,26585.0,0.485,4.365639925003052
"#include <hpx/hpx_main.hpp>\n\n/* Return the average of the vector x.\n   Use HPX to compute in parallel.  Assume HPX has already been initialized.\n   Examples:\n		\n	 input: [1, 8, 4, 5, 1]\n   output: 3.8\n\n   input: [2, 2, 2, 3]\n   output: 2.25\n*/\ndouble average(std::vector<double> const& x) {",27_reduce_average,reduce,cpp,hpx,0.2,0.95,True,2048,False,double average(std::vector<double> const& x) {\n  // TODO: Implement this function.\n  return 0;\n},False,False,,78,10174464,26585.0,0.0,26585.0,0.0,2.1572134494781494
"#include <hpx/hpx_main.hpp>\n\n/* Return the average of the vector x.\n   Use HPX to compute in parallel.  Assume HPX has already been initialized.\n   Examples:\n		\n	 input: [1, 8, 4, 5, 1]\n   output: 3.8\n\n   input: [2, 2, 2, 3]\n   output: 2.25\n*/\ndouble average(std::vector<double> const& x) {",27_reduce_average,reduce,cpp,hpx,0.2,0.95,True,2048,False,double average(std::vector<double> const& x) {\n  // TODO: Implement this function.\n  return 0;\n},False,False,,79,1245184,26585.0,0.96,26585.0,0.96,2.074953317642212
"#include <hpx/hpx_main.hpp>\n\n/* Return the average of the vector x.\n   Use HPX to compute in parallel.  Assume HPX has already been initialized.\n   Examples:\n		\n	 input: [1, 8, 4, 5, 1]\n   output: 3.8\n\n   input: [2, 2, 2, 3]\n   output: 2.25\n*/\ndouble average(std::vector<double> const& x) {",27_reduce_average,reduce,cpp,hpx,0.2,0.95,True,2048,False,double average(std::vector<double> const& x) {\n  // TODO: Implement this function.\n  return 0.0;\n},False,False,,80,-1589248,26585.0,0.97,26585.0,0.97,2.410923480987549
"#include <hpx/hpx_main.hpp>\n\n/* Return the average of the vector x.\n   Use HPX to compute in parallel.  Assume HPX has already been initialized.\n   Examples:\n		\n	 input: [1, 8, 4, 5, 1]\n   output: 3.8\n\n   input: [2, 2, 2, 3]\n   output: 2.25\n*/\ndouble average(std::vector<double> const& x) {",27_reduce_average,reduce,cpp,hpx,0.2,0.95,True,2048,False,double average(std::vector<double> const& x) {\n  // Your code here\n},False,False,,81,9293824,26585.0,0.96,26585.0,0.96,2.1162242889404297
"#include <hpx/hpx_main.hpp>\n\n/* Return the average of the vector x.\n   Use HPX to compute in parallel.  Assume HPX has already been initialized.\n   Examples:\n		\n	 input: [1, 8, 4, 5, 1]\n   output: 3.8\n\n   input: [2, 2, 2, 3]\n   output: 2.25\n*/\ndouble average(std::vector<double> const& x) {",27_reduce_average,reduce,cpp,hpx,0.2,0.95,True,2048,False,double average(std::vector<double> const& x) {\n  // TODO: Implement this function\n  return 0.0;\n},False,False,,82,-1216512,26585.0,0.38,26585.0,0.38,2.1876683235168457
"#include <hpx/hpx_main.hpp>\n\n/* Return the average of the vector x.\n   Use HPX to compute in parallel.  Assume HPX has already been initialized.\n   Examples:\n		\n	 input: [1, 8, 4, 5, 1]\n   output: 3.8\n\n   input: [2, 2, 2, 3]\n   output: 2.25\n*/\ndouble average(std::vector<double> const& x) {",27_reduce_average,reduce,cpp,hpx,0.2,0.95,True,2048,False,double average(std::vector<double> const& x) {\n  // TODO: Implement this function\n  return 0.0;\n},False,False,,83,-76828672,26585.0,0.0,26585.0,0.0,2.0591630935668945
"#include <hpx/hpx_main.hpp>\n\n/* Return the average of the vector x.\n   Use HPX to compute in parallel.  Assume HPX has already been initialized.\n   Examples:\n		\n	 input: [1, 8, 4, 5, 1]\n   output: 3.8\n\n   input: [2, 2, 2, 3]\n   output: 2.25\n*/\ndouble average(std::vector<double> const& x) {",27_reduce_average,reduce,cpp,hpx,0.2,0.95,True,2048,False,double average(std::vector<double> const& x) {\n  // TODO: Implement this function.\n  return 0;\n},False,False,,84,42123264,26585.0,0.97,26585.0,0.97,2.223747730255127
"#include <hpx/hpx_main.hpp>\n\n/* Return the average of the vector x.\n   Use HPX to compute in parallel.  Assume HPX has already been initialized.\n   Examples:\n		\n	 input: [1, 8, 4, 5, 1]\n   output: 3.8\n\n   input: [2, 2, 2, 3]\n   output: 2.25\n*/\ndouble average(std::vector<double> const& x) {",27_reduce_average,reduce,cpp,hpx,0.2,0.95,True,2048,False,double average(std::vector<double> const& x) {\n    // TODO: Implement this function.\n    return 0;\n},False,False,,85,-327680,26585.0,0.0,26585.0,0.0,2.047776699066162
"#include <hpx/hpx_main.hpp>\n\n/* Return the average of the vector x.\n   Use HPX to compute in parallel.  Assume HPX has already been initialized.\n   Examples:\n		\n	 input: [1, 8, 4, 5, 1]\n   output: 3.8\n\n   input: [2, 2, 2, 3]\n   output: 2.25\n*/\ndouble average(std::vector<double> const& x) {",27_reduce_average,reduce,cpp,hpx,0.2,0.95,True,2048,False,double average(std::vector<double> const& x) {\n  // TODO: Implement this function.\n  return 0.0;\n},False,False,,86,-212992,26585.0,0.96,26585.0,0.96,2.3499808311462402
"#include <hpx/hpx_main.hpp>\n\n/* Return the average of the vector x.\n   Use HPX to compute in parallel.  Assume HPX has already been initialized.\n   Examples:\n		\n	 input: [1, 8, 4, 5, 1]\n   output: 3.8\n\n   input: [2, 2, 2, 3]\n   output: 2.25\n*/\ndouble average(std::vector<double> const& x) {",27_reduce_average,reduce,cpp,hpx,0.2,0.95,True,2048,False,double average(std::vector<double> const& x) {\n  // Your code here\n},False,False,,87,10072064,26585.0,0.62,26585.0,0.62,2.321937322616577
"#include <hpx/hpx_main.hpp>\n\n/* Return the average of the vector x.\n   Use HPX to compute in parallel.  Assume HPX has already been initialized.\n   Examples:\n		\n	 input: [1, 8, 4, 5, 1]\n   output: 3.8\n\n   input: [2, 2, 2, 3]\n   output: 2.25\n*/\ndouble average(std::vector<double> const& x) {",27_reduce_average,reduce,cpp,hpx,0.2,0.95,True,2048,False,double average(std::vector<double> const& x) {\n  // TODO: Implement this function.\n  return 0.0;\n},False,False,,88,-1056768,26585.0,0.0,26585.0,0.0,2.047960042953491
"#include <hpx/hpx_main.hpp>\n\n/* Return the average of the vector x.\n   Use HPX to compute in parallel.  Assume HPX has already been initialized.\n   Examples:\n		\n	 input: [1, 8, 4, 5, 1]\n   output: 3.8\n\n   input: [2, 2, 2, 3]\n   output: 2.25\n*/\ndouble average(std::vector<double> const& x) {",27_reduce_average,reduce,cpp,hpx,0.2,0.95,True,2048,False,double average(std::vector<double> const& x) {\n  // TODO: Implement this function.\n  return 0;\n},False,False,,89,3682304,26585.0,0.96,26585.0,0.96,2.1522371768951416
"#include <hpx/hpx_main.hpp>\n\n/* Return the average of the vector x.\n   Use HPX to compute in parallel.  Assume HPX has already been initialized.\n   Examples:\n		\n	 input: [1, 8, 4, 5, 1]\n   output: 3.8\n\n   input: [2, 2, 2, 3]\n   output: 2.25\n*/\ndouble average(std::vector<double> const& x) {",27_reduce_average,reduce,cpp,hpx,0.2,0.95,True,2048,False,double average(std::vector<double> const& x) {\n  // TODO: Implement this function.\n  return 0.0;\n},False,False,,90,-13185024,26585.0,0.1,26585.0,0.1,2.37491774559021
"#include <hpx/hpx_main.hpp>\n\n/* Return the average of the vector x.\n   Use HPX to compute in parallel.  Assume HPX has already been initialized.\n   Examples:\n		\n	 input: [1, 8, 4, 5, 1]\n   output: 3.8\n\n   input: [2, 2, 2, 3]\n   output: 2.25\n*/\ndouble average(std::vector<double> const& x) {",27_reduce_average,reduce,cpp,hpx,0.2,0.95,True,2048,False,double average(std::vector<double> const& x) {\n  // TODO: Implement this function.\n  return 0.0;\n},False,False,,91,18399232,26585.0,0.96,26585.0,0.96,4.096054315567017
"#include <hpx/hpx_main.hpp>\n\n/* Return the average of the vector x.\n   Use HPX to compute in parallel.  Assume HPX has already been initialized.\n   Examples:\n		\n	 input: [1, 8, 4, 5, 1]\n   output: 3.8\n\n   input: [2, 2, 2, 3]\n   output: 2.25\n*/\ndouble average(std::vector<double> const& x) {",27_reduce_average,reduce,cpp,hpx,0.2,0.95,True,2048,False,double average(std::vector<double> const& x) {\n  // Your code here\n},False,False,,92,-1048576,26585.0,0.0,26585.0,0.0,2.1087441444396973
"#include <hpx/hpx_main.hpp>\n\n/* Return the average of the vector x.\n   Use HPX to compute in parallel.  Assume HPX has already been initialized.\n   Examples:\n		\n	 input: [1, 8, 4, 5, 1]\n   output: 3.8\n\n   input: [2, 2, 2, 3]\n   output: 2.25\n*/\ndouble average(std::vector<double> const& x) {",27_reduce_average,reduce,cpp,hpx,0.2,0.95,True,2048,False,double average(std::vector<double> const& x) {\n    // TODO: Implement this function.\n    return 0;\n},False,False,,93,-2023424,26585.0,0.64,26585.0,0.64,2.044005870819092
"#include <hpx/hpx_main.hpp>\n\n/* Return the average of the vector x.\n   Use HPX to compute in parallel.  Assume HPX has already been initialized.\n   Examples:\n		\n	 input: [1, 8, 4, 5, 1]\n   output: 3.8\n\n   input: [2, 2, 2, 3]\n   output: 2.25\n*/\ndouble average(std::vector<double> const& x) {",27_reduce_average,reduce,cpp,hpx,0.2,0.95,True,2048,False,double average(std::vector<double> const& x) {\n  // TODO: Implement this function.\n  return 0.0;\n},False,False,,94,-1548288,26585.0,0.96,26585.0,0.96,2.18795108795166
"#include <hpx/hpx_main.hpp>\n\n/* Return the average of the vector x.\n   Use HPX to compute in parallel.  Assume HPX has already been initialized.\n   Examples:\n		\n	 input: [1, 8, 4, 5, 1]\n   output: 3.8\n\n   input: [2, 2, 2, 3]\n   output: 2.25\n*/\ndouble average(std::vector<double> const& x) {",27_reduce_average,reduce,cpp,hpx,0.2,0.95,True,2048,False,double average(std::vector<double> const& x) {\n  // TODO: Implement this function\n  return 0.0;\n},False,False,,95,-41431040,26585.0,0.96,26585.0,0.96,2.04647159576416
"#include <hpx/hpx_main.hpp>\n\n/* Return the average of the vector x.\n   Use HPX to compute in parallel.  Assume HPX has already been initialized.\n   Examples:\n		\n	 input: [1, 8, 4, 5, 1]\n   output: 3.8\n\n   input: [2, 2, 2, 3]\n   output: 2.25\n*/\ndouble average(std::vector<double> const& x) {",27_reduce_average,reduce,cpp,hpx,0.2,0.95,True,2048,False,double average(std::vector<double> const& x) {\n  // TODO: Implement this function.\n  return 0.0;\n},False,False,,96,31498240,26585.0,0.97,26585.0,0.97,4.179140090942383
"#include <hpx/hpx_main.hpp>\n\n/* Return the average of the vector x.\n   Use HPX to compute in parallel.  Assume HPX has already been initialized.\n   Examples:\n		\n	 input: [1, 8, 4, 5, 1]\n   output: 3.8\n\n   input: [2, 2, 2, 3]\n   output: 2.25\n*/\ndouble average(std::vector<double> const& x) {",27_reduce_average,reduce,cpp,hpx,0.2,0.95,True,2048,False,double average(std::vector<double> const& x) {\n  // TODO: implement this function\n  return 0.0;\n},False,False,,97,4521984,26585.0,0.0,26585.0,0.0,2.4685885906219482
"#include <hpx/hpx_main.hpp>\n\n/* Return the average of the vector x.\n   Use HPX to compute in parallel.  Assume HPX has already been initialized.\n   Examples:\n		\n	 input: [1, 8, 4, 5, 1]\n   output: 3.8\n\n   input: [2, 2, 2, 3]\n   output: 2.25\n*/\ndouble average(std::vector<double> const& x) {",27_reduce_average,reduce,cpp,hpx,0.2,0.95,True,2048,False,double average(std::vector<double> const& x) {\n  // TODO: Implement this function.\n  return 0.0;\n},False,False,,98,18206720,26585.0,0.0,26585.0,0.0,2.3032402992248535
"#include <hpx/hpx_main.hpp>\n\n/* Return the average of the vector x.\n   Use HPX to compute in parallel.  Assume HPX has already been initialized.\n   Examples:\n		\n	 input: [1, 8, 4, 5, 1]\n   output: 3.8\n\n   input: [2, 2, 2, 3]\n   output: 2.25\n*/\ndouble average(std::vector<double> const& x) {",27_reduce_average,reduce,cpp,hpx,0.2,0.95,True,2048,False,double average(std::vector<double> const& x) {\n  // TODO: Implement this function.\n  return 0.0;\n},False,False,,99,-299008,26585.0,0.0,26585.0,0.0,2.0500972270965576
"#include <hpx/hpx_main.hpp>\n\n/* Return the value of the smallest odd number in the vector x.\n   Use HPX to compute in parallel.  Assume HPX has already been initialized.\n   Examples:\n\n   input: [7, 9, 5, 2, 8, 16, 4, 1]\n   output: 1\n\n   input: [8, 36, 7, 2, 11]\n   output: 7\n*/\nint smallestOdd(std::vector<int> const& x) {",28_reduce_smallest_odd_number,reduce,cpp,hpx,0.2,0.95,True,2048,False,int smallestOdd(std::vector<int> const& x) {\n  // TODO: Implement this function.\n  return 0;\n},False,False,,0,-2605056,26585.0,0.96,26585.0,0.96,2.133070945739746
"#include <hpx/hpx_main.hpp>\n\n/* Return the value of the smallest odd number in the vector x.\n   Use HPX to compute in parallel.  Assume HPX has already been initialized.\n   Examples:\n\n   input: [7, 9, 5, 2, 8, 16, 4, 1]\n   output: 1\n\n   input: [8, 36, 7, 2, 11]\n   output: 7\n*/\nint smallestOdd(std::vector<int> const& x) {",28_reduce_smallest_odd_number,reduce,cpp,hpx,0.2,0.95,True,2048,False,int smallestOdd(std::vector<int> const& x) {\n  // TODO: Implement this function.\n  return 0;\n},False,False,,1,-14852096,26585.0,0.96,26585.0,0.95,4.534034252166748
"#include <hpx/hpx_main.hpp>\n\n/* Return the value of the smallest odd number in the vector x.\n   Use HPX to compute in parallel.  Assume HPX has already been initialized.\n   Examples:\n\n   input: [7, 9, 5, 2, 8, 16, 4, 1]\n   output: 1\n\n   input: [8, 36, 7, 2, 11]\n   output: 7\n*/\nint smallestOdd(std::vector<int> const& x) {",28_reduce_smallest_odd_number,reduce,cpp,hpx,0.2,0.95,True,2048,False,int smallestOdd(std::vector<int> const& x) {\n  // TODO: implement this function\n  return 0;\n},False,False,,2,9179136,26585.0,0.0,26585.0,0.0,2.0521388053894043
"#include <hpx/hpx_main.hpp>\n\n/* Return the value of the smallest odd number in the vector x.\n   Use HPX to compute in parallel.  Assume HPX has already been initialized.\n   Examples:\n\n   input: [7, 9, 5, 2, 8, 16, 4, 1]\n   output: 1\n\n   input: [8, 36, 7, 2, 11]\n   output: 7\n*/\nint smallestOdd(std::vector<int> const& x) {",28_reduce_smallest_odd_number,reduce,cpp,hpx,0.2,0.95,True,2048,False,int smallestOdd(std::vector<int> const& x) {\n  // TODO: Implement this function.\n  return 0;\n},False,False,,3,-19099648,26585.0,0.96,26585.0,0.48,4.41216516494751
"#include <hpx/hpx_main.hpp>\n\n/* Return the value of the smallest odd number in the vector x.\n   Use HPX to compute in parallel.  Assume HPX has already been initialized.\n   Examples:\n\n   input: [7, 9, 5, 2, 8, 16, 4, 1]\n   output: 1\n\n   input: [8, 36, 7, 2, 11]\n   output: 7\n*/\nint smallestOdd(std::vector<int> const& x) {",28_reduce_smallest_odd_number,reduce,cpp,hpx,0.2,0.95,True,2048,False,int smallestOdd(std::vector<int> const& x) {\n  // TODO: Implement this function.\n  return 0;\n},False,False,,4,-598016,26585.0,0.0,26585.0,0.0,2.0833659172058105
"#include <hpx/hpx_main.hpp>\n\n/* Return the value of the smallest odd number in the vector x.\n   Use HPX to compute in parallel.  Assume HPX has already been initialized.\n   Examples:\n\n   input: [7, 9, 5, 2, 8, 16, 4, 1]\n   output: 1\n\n   input: [8, 36, 7, 2, 11]\n   output: 7\n*/\nint smallestOdd(std::vector<int> const& x) {",28_reduce_smallest_odd_number,reduce,cpp,hpx,0.2,0.95,True,2048,False,int smallestOdd(std::vector<int> const& x) {\n  // TODO: Implement this function.\n  return 0;\n},False,False,,5,-70828032,26585.0,0.0,26585.0,0.0,2.7356417179107666
"#include <hpx/hpx_main.hpp>\n\n/* Return the value of the smallest odd number in the vector x.\n   Use HPX to compute in parallel.  Assume HPX has already been initialized.\n   Examples:\n\n   input: [7, 9, 5, 2, 8, 16, 4, 1]\n   output: 1\n\n   input: [8, 36, 7, 2, 11]\n   output: 7\n*/\nint smallestOdd(std::vector<int> const& x) {",28_reduce_smallest_odd_number,reduce,cpp,hpx,0.2,0.95,True,2048,False,int smallestOdd(std::vector<int> const& x) {\n  // TODO: Implement this function.\n  return 0;\n},False,False,,6,27627520,26585.0,0.96,26585.0,0.48,4.196070194244385
"#include <hpx/hpx_main.hpp>\n\n/* Return the value of the smallest odd number in the vector x.\n   Use HPX to compute in parallel.  Assume HPX has already been initialized.\n   Examples:\n\n   input: [7, 9, 5, 2, 8, 16, 4, 1]\n   output: 1\n\n   input: [8, 36, 7, 2, 11]\n   output: 7\n*/\nint smallestOdd(std::vector<int> const& x) {",28_reduce_smallest_odd_number,reduce,cpp,hpx,0.2,0.95,True,2048,False,int smallestOdd(std::vector<int> const& x) {\n  // TODO: Implement this function.\n  return 0;\n},False,False,,7,20893696,26585.0,0.0,26585.0,0.0,2.0703859329223633
"#include <hpx/hpx_main.hpp>\n\n/* Return the value of the smallest odd number in the vector x.\n   Use HPX to compute in parallel.  Assume HPX has already been initialized.\n   Examples:\n\n   input: [7, 9, 5, 2, 8, 16, 4, 1]\n   output: 1\n\n   input: [8, 36, 7, 2, 11]\n   output: 7\n*/\nint smallestOdd(std::vector<int> const& x) {",28_reduce_smallest_odd_number,reduce,cpp,hpx,0.2,0.95,True,2048,False,int smallestOdd(std::vector<int> const& x) {\n  // TODO: Implement this function.\n  return 0;\n},False,False,,8,6668288,26585.0,0.0,26585.0,0.0,2.742220878601074
"#include <hpx/hpx_main.hpp>\n\n/* Return the value of the smallest odd number in the vector x.\n   Use HPX to compute in parallel.  Assume HPX has already been initialized.\n   Examples:\n\n   input: [7, 9, 5, 2, 8, 16, 4, 1]\n   output: 1\n\n   input: [8, 36, 7, 2, 11]\n   output: 7\n*/\nint smallestOdd(std::vector<int> const& x) {",28_reduce_smallest_odd_number,reduce,cpp,hpx,0.2,0.95,True,2048,False,int smallestOdd(std::vector<int> const& x) {\n  // TODO: implement this function\n  return 0;\n},False,False,,9,200704,26585.0,0.0,26585.0,0.0,2.1758010387420654
"#include <hpx/hpx_main.hpp>\n\n/* Return the value of the smallest odd number in the vector x.\n   Use HPX to compute in parallel.  Assume HPX has already been initialized.\n   Examples:\n\n   input: [7, 9, 5, 2, 8, 16, 4, 1]\n   output: 1\n\n   input: [8, 36, 7, 2, 11]\n   output: 7\n*/\nint smallestOdd(std::vector<int> const& x) {",28_reduce_smallest_odd_number,reduce,cpp,hpx,0.2,0.95,True,2048,False,int smallestOdd(std::vector<int> const& x) {\n  // TODO: Implement this function.\n  return 0;\n},False,False,,10,-2650112,26585.0,0.96,26585.0,0.48,4.121305227279663
"#include <hpx/hpx_main.hpp>\n\n/* Return the value of the smallest odd number in the vector x.\n   Use HPX to compute in parallel.  Assume HPX has already been initialized.\n   Examples:\n\n   input: [7, 9, 5, 2, 8, 16, 4, 1]\n   output: 1\n\n   input: [8, 36, 7, 2, 11]\n   output: 7\n*/\nint smallestOdd(std::vector<int> const& x) {",28_reduce_smallest_odd_number,reduce,cpp,hpx,0.2,0.95,True,2048,False,int smallestOdd(std::vector<int> const& x) {\n  // TODO: Implement this function.\n  return 0;\n},False,False,,11,-12668928,26585.0,0.96,26585.0,0.48,4.389593601226807
"#include <hpx/hpx_main.hpp>\n\n/* Return the value of the smallest odd number in the vector x.\n   Use HPX to compute in parallel.  Assume HPX has already been initialized.\n   Examples:\n\n   input: [7, 9, 5, 2, 8, 16, 4, 1]\n   output: 1\n\n   input: [8, 36, 7, 2, 11]\n   output: 7\n*/\nint smallestOdd(std::vector<int> const& x) {",28_reduce_smallest_odd_number,reduce,cpp,hpx,0.2,0.95,True,2048,False,int smallestOdd(std::vector<int> const& x) {\n  // TODO: implement this function\n  return 0;\n},False,False,,12,23072768,26585.0,0.96,26585.0,0.48,4.112679719924927
"#include <hpx/hpx_main.hpp>\n\n/* Return the value of the smallest odd number in the vector x.\n   Use HPX to compute in parallel.  Assume HPX has already been initialized.\n   Examples:\n\n   input: [7, 9, 5, 2, 8, 16, 4, 1]\n   output: 1\n\n   input: [8, 36, 7, 2, 11]\n   output: 7\n*/\nint smallestOdd(std::vector<int> const& x) {",28_reduce_smallest_odd_number,reduce,cpp,hpx,0.2,0.95,True,2048,False,int smallestOdd(std::vector<int> const& x) {\n  // TODO: Implement this function.\n  return 0;\n},False,False,,13,2969600,26585.0,0.08,26585.0,0.08,2.222820997238159
"#include <hpx/hpx_main.hpp>\n\n/* Return the value of the smallest odd number in the vector x.\n   Use HPX to compute in parallel.  Assume HPX has already been initialized.\n   Examples:\n\n   input: [7, 9, 5, 2, 8, 16, 4, 1]\n   output: 1\n\n   input: [8, 36, 7, 2, 11]\n   output: 7\n*/\nint smallestOdd(std::vector<int> const& x) {",28_reduce_smallest_odd_number,reduce,cpp,hpx,0.2,0.95,True,2048,False,int smallestOdd(std::vector<int> const& x) {\n  // TODO: Implement this function.\n  return 0;\n},False,False,,14,-35106816,26585.0,0.97,26585.0,0.97,2.1494226455688477
"#include <hpx/hpx_main.hpp>\n\n/* Return the value of the smallest odd number in the vector x.\n   Use HPX to compute in parallel.  Assume HPX has already been initialized.\n   Examples:\n\n   input: [7, 9, 5, 2, 8, 16, 4, 1]\n   output: 1\n\n   input: [8, 36, 7, 2, 11]\n   output: 7\n*/\nint smallestOdd(std::vector<int> const& x) {",28_reduce_smallest_odd_number,reduce,cpp,hpx,0.2,0.95,True,2048,False,int smallestOdd(std::vector<int> const& x) {\n  // TODO: Implement this function.\n  return 0;\n},False,False,,15,33832960,26585.0,0.0,26585.0,0.0,2.084798574447632
"#include <hpx/hpx_main.hpp>\n\n/* Return the value of the smallest odd number in the vector x.\n   Use HPX to compute in parallel.  Assume HPX has already been initialized.\n   Examples:\n\n   input: [7, 9, 5, 2, 8, 16, 4, 1]\n   output: 1\n\n   input: [8, 36, 7, 2, 11]\n   output: 7\n*/\nint smallestOdd(std::vector<int> const& x) {",28_reduce_smallest_odd_number,reduce,cpp,hpx,0.2,0.95,True,2048,False,int smallestOdd(std::vector<int> const& x) {\n  // TODO: Implement this function.\n  return 0;\n},False,False,,16,-212992,26585.0,0.0,26585.0,0.0,2.759902000427246
"#include <hpx/hpx_main.hpp>\n\n/* Return the value of the smallest odd number in the vector x.\n   Use HPX to compute in parallel.  Assume HPX has already been initialized.\n   Examples:\n\n   input: [7, 9, 5, 2, 8, 16, 4, 1]\n   output: 1\n\n   input: [8, 36, 7, 2, 11]\n   output: 7\n*/\nint smallestOdd(std::vector<int> const& x) {",28_reduce_smallest_odd_number,reduce,cpp,hpx,0.2,0.95,True,2048,False,int smallestOdd(std::vector<int> const& x) {\n  // TODO: Implement this function.\n  return 0;\n},False,False,,17,-10121216,26585.0,0.0,26585.0,0.0,2.1548452377319336
"#include <hpx/hpx_main.hpp>\n\n/* Return the value of the smallest odd number in the vector x.\n   Use HPX to compute in parallel.  Assume HPX has already been initialized.\n   Examples:\n\n   input: [7, 9, 5, 2, 8, 16, 4, 1]\n   output: 1\n\n   input: [8, 36, 7, 2, 11]\n   output: 7\n*/\nint smallestOdd(std::vector<int> const& x) {",28_reduce_smallest_odd_number,reduce,cpp,hpx,0.2,0.95,True,2048,False,int smallestOdd(std::vector<int> const& x) {\n  // TODO: Implement this function.\n  return 0;\n},False,False,,18,21725184,26585.0,0.96,26585.0,0.96,4.10297155380249
"#include <hpx/hpx_main.hpp>\n\n/* Return the value of the smallest odd number in the vector x.\n   Use HPX to compute in parallel.  Assume HPX has already been initialized.\n   Examples:\n\n   input: [7, 9, 5, 2, 8, 16, 4, 1]\n   output: 1\n\n   input: [8, 36, 7, 2, 11]\n   output: 7\n*/\nint smallestOdd(std::vector<int> const& x) {",28_reduce_smallest_odd_number,reduce,cpp,hpx,0.2,0.95,True,2048,False,int smallestOdd(std::vector<int> const& x) {\n  // TODO: Implement this function.\n  return 0;\n},False,False,,19,-6119424,26585.0,0.0,26585.0,0.0,2.0453436374664307
"#include <hpx/hpx_main.hpp>\n\n/* Return the value of the smallest odd number in the vector x.\n   Use HPX to compute in parallel.  Assume HPX has already been initialized.\n   Examples:\n\n   input: [7, 9, 5, 2, 8, 16, 4, 1]\n   output: 1\n\n   input: [8, 36, 7, 2, 11]\n   output: 7\n*/\nint smallestOdd(std::vector<int> const& x) {",28_reduce_smallest_odd_number,reduce,cpp,hpx,0.2,0.95,True,2048,False,int smallestOdd(std::vector<int> const& x) {\n  // TODO: Implement this function\n  return 0;\n},False,False,,20,-9273344,26585.0,0.0,26585.0,0.0,2.3460121154785156
"#include <hpx/hpx_main.hpp>\n\n/* Return the value of the smallest odd number in the vector x.\n   Use HPX to compute in parallel.  Assume HPX has already been initialized.\n   Examples:\n\n   input: [7, 9, 5, 2, 8, 16, 4, 1]\n   output: 1\n\n   input: [8, 36, 7, 2, 11]\n   output: 7\n*/\nint smallestOdd(std::vector<int> const& x) {",28_reduce_smallest_odd_number,reduce,cpp,hpx,0.2,0.95,True,2048,False,int smallestOdd(std::vector<int> const& x) {\n  // TODO: implement this function\n  return 0;\n},False,False,,21,20025344,26585.0,0.97,26585.0,0.97,2.3569743633270264
"#include <hpx/hpx_main.hpp>\n\n/* Return the value of the smallest odd number in the vector x.\n   Use HPX to compute in parallel.  Assume HPX has already been initialized.\n   Examples:\n\n   input: [7, 9, 5, 2, 8, 16, 4, 1]\n   output: 1\n\n   input: [8, 36, 7, 2, 11]\n   output: 7\n*/\nint smallestOdd(std::vector<int> const& x) {",28_reduce_smallest_odd_number,reduce,cpp,hpx,0.2,0.95,True,2048,False,int smallestOdd(std::vector<int> const& x) {\n  // TODO: Implement this function.\n  return 0;\n},False,False,,22,552960,26585.0,0.0,26585.0,0.0,2.1486148834228516
"#include <hpx/hpx_main.hpp>\n\n/* Return the value of the smallest odd number in the vector x.\n   Use HPX to compute in parallel.  Assume HPX has already been initialized.\n   Examples:\n\n   input: [7, 9, 5, 2, 8, 16, 4, 1]\n   output: 1\n\n   input: [8, 36, 7, 2, 11]\n   output: 7\n*/\nint smallestOdd(std::vector<int> const& x) {",28_reduce_smallest_odd_number,reduce,cpp,hpx,0.2,0.95,True,2048,False,int smallestOdd(std::vector<int> const& x) {\n  // TODO: Implement this function.\n  return 0;\n},False,False,,23,7700480,26585.0,0.96,26585.0,0.48,4.117763042449951
"#include <hpx/hpx_main.hpp>\n\n/* Return the value of the smallest odd number in the vector x.\n   Use HPX to compute in parallel.  Assume HPX has already been initialized.\n   Examples:\n\n   input: [7, 9, 5, 2, 8, 16, 4, 1]\n   output: 1\n\n   input: [8, 36, 7, 2, 11]\n   output: 7\n*/\nint smallestOdd(std::vector<int> const& x) {",28_reduce_smallest_odd_number,reduce,cpp,hpx,0.2,0.95,True,2048,False,int smallestOdd(std::vector<int> const& x) {\n  // TODO: Implement this function.\n  return 0;\n},False,False,,24,208216064,26585.0,0.96,26585.0,0.48,4.531897783279419
"#include <hpx/hpx_main.hpp>\n\n/* Return the value of the smallest odd number in the vector x.\n   Use HPX to compute in parallel.  Assume HPX has already been initialized.\n   Examples:\n\n   input: [7, 9, 5, 2, 8, 16, 4, 1]\n   output: 1\n\n   input: [8, 36, 7, 2, 11]\n   output: 7\n*/\nint smallestOdd(std::vector<int> const& x) {",28_reduce_smallest_odd_number,reduce,cpp,hpx,0.2,0.95,True,2048,False,int smallestOdd(std::vector<int> const& x) {\n  // TODO: Implement this function.\n  return 0;\n},False,False,,25,308326400,26585.0,0.0,26585.0,0.0,2.202852249145508
"#include <hpx/hpx_main.hpp>\n\n/* Return the value of the smallest odd number in the vector x.\n   Use HPX to compute in parallel.  Assume HPX has already been initialized.\n   Examples:\n\n   input: [7, 9, 5, 2, 8, 16, 4, 1]\n   output: 1\n\n   input: [8, 36, 7, 2, 11]\n   output: 7\n*/\nint smallestOdd(std::vector<int> const& x) {",28_reduce_smallest_odd_number,reduce,cpp,hpx,0.2,0.95,True,2048,False,int smallestOdd(std::vector<int> const& x) {\n  // TODO: Implement this function.\n  return 0;\n},False,False,,26,-6881280,26585.0,0.96,26585.0,0.96,2.1506168842315674
"#include <hpx/hpx_main.hpp>\n\n/* Return the value of the smallest odd number in the vector x.\n   Use HPX to compute in parallel.  Assume HPX has already been initialized.\n   Examples:\n\n   input: [7, 9, 5, 2, 8, 16, 4, 1]\n   output: 1\n\n   input: [8, 36, 7, 2, 11]\n   output: 7\n*/\nint smallestOdd(std::vector<int> const& x) {",28_reduce_smallest_odd_number,reduce,cpp,hpx,0.2,0.95,True,2048,False,int smallestOdd(std::vector<int> const& x) {\n    // TODO: Implement this function.\n    return 0;\n},False,False,,27,-9838592,26585.0,0.96,26585.0,0.96,4.118262052536011
"#include <hpx/hpx_main.hpp>\n\n/* Return the value of the smallest odd number in the vector x.\n   Use HPX to compute in parallel.  Assume HPX has already been initialized.\n   Examples:\n\n   input: [7, 9, 5, 2, 8, 16, 4, 1]\n   output: 1\n\n   input: [8, 36, 7, 2, 11]\n   output: 7\n*/\nint smallestOdd(std::vector<int> const& x) {",28_reduce_smallest_odd_number,reduce,cpp,hpx,0.2,0.95,True,2048,False,int smallestOdd(std::vector<int> const& x) {\n  // TODO: Implement this function\n  return 0;\n},False,False,,28,20910080,26585.0,0.96,26585.0,0.48,4.13996958732605
"#include <hpx/hpx_main.hpp>\n\n/* Return the value of the smallest odd number in the vector x.\n   Use HPX to compute in parallel.  Assume HPX has already been initialized.\n   Examples:\n\n   input: [7, 9, 5, 2, 8, 16, 4, 1]\n   output: 1\n\n   input: [8, 36, 7, 2, 11]\n   output: 7\n*/\nint smallestOdd(std::vector<int> const& x) {",28_reduce_smallest_odd_number,reduce,cpp,hpx,0.2,0.95,True,2048,False,int smallestOdd(std::vector<int> const& x) {\n    // TODO: Implement this function.\n    return 0;\n},False,False,,29,-357199872,26585.0,0.0,26585.0,0.0,2.0466268062591553
"#include <hpx/hpx_main.hpp>\n\n/* Return the value of the smallest odd number in the vector x.\n   Use HPX to compute in parallel.  Assume HPX has already been initialized.\n   Examples:\n\n   input: [7, 9, 5, 2, 8, 16, 4, 1]\n   output: 1\n\n   input: [8, 36, 7, 2, 11]\n   output: 7\n*/\nint smallestOdd(std::vector<int> const& x) {",28_reduce_smallest_odd_number,reduce,cpp,hpx,0.2,0.95,True,2048,False,int smallestOdd(std::vector<int> const& x) {\n  // TODO: Implement this function.\n  return 0;\n},False,False,,30,-29323264,26585.0,0.93,26585.0,0.465,4.464509963989258
"#include <hpx/hpx_main.hpp>\n\n/* Return the value of the smallest odd number in the vector x.\n   Use HPX to compute in parallel.  Assume HPX has already been initialized.\n   Examples:\n\n   input: [7, 9, 5, 2, 8, 16, 4, 1]\n   output: 1\n\n   input: [8, 36, 7, 2, 11]\n   output: 7\n*/\nint smallestOdd(std::vector<int> const& x) {",28_reduce_smallest_odd_number,reduce,cpp,hpx,0.2,0.95,True,2048,False,int smallestOdd(std::vector<int> const& x) {\n  // TODO: Implement this function\n  return 0;\n},False,False,,31,-14659584,26585.0,0.0,26585.0,0.0,2.08087158203125
"#include <hpx/hpx_main.hpp>\n\n/* Return the value of the smallest odd number in the vector x.\n   Use HPX to compute in parallel.  Assume HPX has already been initialized.\n   Examples:\n\n   input: [7, 9, 5, 2, 8, 16, 4, 1]\n   output: 1\n\n   input: [8, 36, 7, 2, 11]\n   output: 7\n*/\nint smallestOdd(std::vector<int> const& x) {",28_reduce_smallest_odd_number,reduce,cpp,hpx,0.2,0.95,True,2048,False,int smallestOdd(std::vector<int> const& x) {\n  // TODO: implement this function\n  return 0;\n},False,False,,32,-44134400,26585.0,0.0,26585.0,0.0,2.1459455490112305
"#include <hpx/hpx_main.hpp>\n\n/* Return the value of the smallest odd number in the vector x.\n   Use HPX to compute in parallel.  Assume HPX has already been initialized.\n   Examples:\n\n   input: [7, 9, 5, 2, 8, 16, 4, 1]\n   output: 1\n\n   input: [8, 36, 7, 2, 11]\n   output: 7\n*/\nint smallestOdd(std::vector<int> const& x) {",28_reduce_smallest_odd_number,reduce,cpp,hpx,0.2,0.95,True,2048,False,int smallestOdd(std::vector<int> const& x) {\n  // TODO: Implement this function.\n  return 0;\n},False,False,,33,-131072,26585.0,0.96,26585.0,0.96,4.118162155151367
"#include <hpx/hpx_main.hpp>\n\n/* Return the value of the smallest odd number in the vector x.\n   Use HPX to compute in parallel.  Assume HPX has already been initialized.\n   Examples:\n\n   input: [7, 9, 5, 2, 8, 16, 4, 1]\n   output: 1\n\n   input: [8, 36, 7, 2, 11]\n   output: 7\n*/\nint smallestOdd(std::vector<int> const& x) {",28_reduce_smallest_odd_number,reduce,cpp,hpx,0.2,0.95,True,2048,False,int smallestOdd(std::vector<int> const& x) {\n  // TODO: Implement this function.\n  return 0;\n},False,False,,34,2363392,26585.0,0.0,26585.0,0.0,2.3936855792999268
"#include <hpx/hpx_main.hpp>\n\n/* Return the value of the smallest odd number in the vector x.\n   Use HPX to compute in parallel.  Assume HPX has already been initialized.\n   Examples:\n\n   input: [7, 9, 5, 2, 8, 16, 4, 1]\n   output: 1\n\n   input: [8, 36, 7, 2, 11]\n   output: 7\n*/\nint smallestOdd(std::vector<int> const& x) {",28_reduce_smallest_odd_number,reduce,cpp,hpx,0.2,0.95,True,2048,False,int smallestOdd(std::vector<int> const& x) {\n  // TODO: Implement this function.\n  return 0;\n},False,False,,35,2260992,26585.0,0.96,26585.0,0.96,2.3416411876678467
"#include <hpx/hpx_main.hpp>\n\n/* Return the value of the smallest odd number in the vector x.\n   Use HPX to compute in parallel.  Assume HPX has already been initialized.\n   Examples:\n\n   input: [7, 9, 5, 2, 8, 16, 4, 1]\n   output: 1\n\n   input: [8, 36, 7, 2, 11]\n   output: 7\n*/\nint smallestOdd(std::vector<int> const& x) {",28_reduce_smallest_odd_number,reduce,cpp,hpx,0.2,0.95,True,2048,False,int smallestOdd(std::vector<int> const& x) {\n  // TODO: Implement this function.\n  return 0;\n},False,False,,36,-2387968,26585.0,0.96,26585.0,0.925,4.233360767364502
"#include <hpx/hpx_main.hpp>\n\n/* Return the value of the smallest odd number in the vector x.\n   Use HPX to compute in parallel.  Assume HPX has already been initialized.\n   Examples:\n\n   input: [7, 9, 5, 2, 8, 16, 4, 1]\n   output: 1\n\n   input: [8, 36, 7, 2, 11]\n   output: 7\n*/\nint smallestOdd(std::vector<int> const& x) {",28_reduce_smallest_odd_number,reduce,cpp,hpx,0.2,0.95,True,2048,False,int smallestOdd(std::vector<int> const& x) {\n  // TODO: Implement this function.\n  return 0;\n},False,False,,37,-8572928,26585.0,0.0,26585.0,0.0,2.4400382041931152
"#include <hpx/hpx_main.hpp>\n\n/* Return the value of the smallest odd number in the vector x.\n   Use HPX to compute in parallel.  Assume HPX has already been initialized.\n   Examples:\n\n   input: [7, 9, 5, 2, 8, 16, 4, 1]\n   output: 1\n\n   input: [8, 36, 7, 2, 11]\n   output: 7\n*/\nint smallestOdd(std::vector<int> const& x) {",28_reduce_smallest_odd_number,reduce,cpp,hpx,0.2,0.95,True,2048,False,int smallestOdd(std::vector<int> const& x) {\n  // TODO: Implement this function.\n  return 0;\n},False,False,,38,8474624,26585.0,0.96,26585.0,0.48,4.4922873973846436
"#include <hpx/hpx_main.hpp>\n\n/* Return the value of the smallest odd number in the vector x.\n   Use HPX to compute in parallel.  Assume HPX has already been initialized.\n   Examples:\n\n   input: [7, 9, 5, 2, 8, 16, 4, 1]\n   output: 1\n\n   input: [8, 36, 7, 2, 11]\n   output: 7\n*/\nint smallestOdd(std::vector<int> const& x) {",28_reduce_smallest_odd_number,reduce,cpp,hpx,0.2,0.95,True,2048,False,int smallestOdd(std::vector<int> const& x) {\n  // TODO: Implement this function\n  return 0;\n},False,False,,39,27299840,26585.0,0.96,26585.0,0.48,4.1156439781188965
"#include <hpx/hpx_main.hpp>\n\n/* Return the value of the smallest odd number in the vector x.\n   Use HPX to compute in parallel.  Assume HPX has already been initialized.\n   Examples:\n\n   input: [7, 9, 5, 2, 8, 16, 4, 1]\n   output: 1\n\n   input: [8, 36, 7, 2, 11]\n   output: 7\n*/\nint smallestOdd(std::vector<int> const& x) {",28_reduce_smallest_odd_number,reduce,cpp,hpx,0.2,0.95,True,2048,False,int smallestOdd(std::vector<int> const& x) {\n    // TODO: Implement this function\n    return 0;\n},False,False,,40,9461760,26585.0,0.97,26585.0,0.485,4.504329681396484
"#include <hpx/hpx_main.hpp>\n\n/* Return the value of the smallest odd number in the vector x.\n   Use HPX to compute in parallel.  Assume HPX has already been initialized.\n   Examples:\n\n   input: [7, 9, 5, 2, 8, 16, 4, 1]\n   output: 1\n\n   input: [8, 36, 7, 2, 11]\n   output: 7\n*/\nint smallestOdd(std::vector<int> const& x) {",28_reduce_smallest_odd_number,reduce,cpp,hpx,0.2,0.95,True,2048,False,int smallestOdd(std::vector<int> const& x) {\n  // TODO: Implement this function.\n  return 0;\n},False,False,,41,10932224,26585.0,0.96,26585.0,0.48,4.084606409072876
"#include <hpx/hpx_main.hpp>\n\n/* Return the value of the smallest odd number in the vector x.\n   Use HPX to compute in parallel.  Assume HPX has already been initialized.\n   Examples:\n\n   input: [7, 9, 5, 2, 8, 16, 4, 1]\n   output: 1\n\n   input: [8, 36, 7, 2, 11]\n   output: 7\n*/\nint smallestOdd(std::vector<int> const& x) {",28_reduce_smallest_odd_number,reduce,cpp,hpx,0.2,0.95,True,2048,False,int smallestOdd(std::vector<int> const& x) {\n  // TODO: implement this function\n  return 0;\n},False,False,,42,-1142784,26585.0,0.0,26585.0,0.0,2.1325507164001465
"#include <hpx/hpx_main.hpp>\n\n/* Return the value of the smallest odd number in the vector x.\n   Use HPX to compute in parallel.  Assume HPX has already been initialized.\n   Examples:\n\n   input: [7, 9, 5, 2, 8, 16, 4, 1]\n   output: 1\n\n   input: [8, 36, 7, 2, 11]\n   output: 7\n*/\nint smallestOdd(std::vector<int> const& x) {",28_reduce_smallest_odd_number,reduce,cpp,hpx,0.2,0.95,True,2048,False,int smallestOdd(std::vector<int> const& x) {\n  // TODO: Implement this function.\n  return 0;\n},False,False,,43,2433024,26585.0,0.97,26585.0,0.965,4.135658502578735
"#include <hpx/hpx_main.hpp>\n\n/* Return the value of the smallest odd number in the vector x.\n   Use HPX to compute in parallel.  Assume HPX has already been initialized.\n   Examples:\n\n   input: [7, 9, 5, 2, 8, 16, 4, 1]\n   output: 1\n\n   input: [8, 36, 7, 2, 11]\n   output: 7\n*/\nint smallestOdd(std::vector<int> const& x) {",28_reduce_smallest_odd_number,reduce,cpp,hpx,0.2,0.95,True,2048,False,int smallestOdd(std::vector<int> const& x) {\n  // TODO: Implement this function.\n  return 0;\n},False,False,,44,-5951488,26585.0,0.0,26585.0,0.0,2.0448060035705566
"#include <hpx/hpx_main.hpp>\n\n/* Return the value of the smallest odd number in the vector x.\n   Use HPX to compute in parallel.  Assume HPX has already been initialized.\n   Examples:\n\n   input: [7, 9, 5, 2, 8, 16, 4, 1]\n   output: 1\n\n   input: [8, 36, 7, 2, 11]\n   output: 7\n*/\nint smallestOdd(std::vector<int> const& x) {",28_reduce_smallest_odd_number,reduce,cpp,hpx,0.2,0.95,True,2048,False,int smallestOdd(std::vector<int> const& x) {\n  // TODO: Implement this function.\n  return 0;\n},False,False,,45,-1888256,26585.0,0.0,26585.0,0.0,2.0463924407958984
"#include <hpx/hpx_main.hpp>\n\n/* Return the value of the smallest odd number in the vector x.\n   Use HPX to compute in parallel.  Assume HPX has already been initialized.\n   Examples:\n\n   input: [7, 9, 5, 2, 8, 16, 4, 1]\n   output: 1\n\n   input: [8, 36, 7, 2, 11]\n   output: 7\n*/\nint smallestOdd(std::vector<int> const& x) {",28_reduce_smallest_odd_number,reduce,cpp,hpx,0.2,0.95,True,2048,False,int smallestOdd(std::vector<int> const& x) {\n  // TODO: Implement this function.\n  return 0;\n},False,False,,46,-28536832,26585.0,0.0,26585.0,0.0,2.394498825073242
"#include <hpx/hpx_main.hpp>\n\n/* Return the value of the smallest odd number in the vector x.\n   Use HPX to compute in parallel.  Assume HPX has already been initialized.\n   Examples:\n\n   input: [7, 9, 5, 2, 8, 16, 4, 1]\n   output: 1\n\n   input: [8, 36, 7, 2, 11]\n   output: 7\n*/\nint smallestOdd(std::vector<int> const& x) {",28_reduce_smallest_odd_number,reduce,cpp,hpx,0.2,0.95,True,2048,False,int smallestOdd(std::vector<int> const& x) {\n    // TODO: Implement this function\n    return 0;\n},False,False,,47,-46956544,26585.0,0.0,26585.0,0.0,2.389577865600586
"#include <hpx/hpx_main.hpp>\n\n/* Return the value of the smallest odd number in the vector x.\n   Use HPX to compute in parallel.  Assume HPX has already been initialized.\n   Examples:\n\n   input: [7, 9, 5, 2, 8, 16, 4, 1]\n   output: 1\n\n   input: [8, 36, 7, 2, 11]\n   output: 7\n*/\nint smallestOdd(std::vector<int> const& x) {",28_reduce_smallest_odd_number,reduce,cpp,hpx,0.2,0.95,True,2048,False,int smallestOdd(std::vector<int> const& x) {\n    // TODO: Implement this function.\n    return 0;\n},False,False,,48,44838912,26585.0,0.97,26585.0,0.69,4.132676124572754
"#include <hpx/hpx_main.hpp>\n\n/* Return the value of the smallest odd number in the vector x.\n   Use HPX to compute in parallel.  Assume HPX has already been initialized.\n   Examples:\n\n   input: [7, 9, 5, 2, 8, 16, 4, 1]\n   output: 1\n\n   input: [8, 36, 7, 2, 11]\n   output: 7\n*/\nint smallestOdd(std::vector<int> const& x) {",28_reduce_smallest_odd_number,reduce,cpp,hpx,0.2,0.95,True,2048,False,int smallestOdd(std::vector<int> const& x) {\n    // TODO: Implement this function.\n    return 0;\n},False,False,,49,3637248,26585.0,0.96,26585.0,0.48,4.1040356159210205
"#include <hpx/hpx_main.hpp>\n\n/* Return the value of the smallest odd number in the vector x.\n   Use HPX to compute in parallel.  Assume HPX has already been initialized.\n   Examples:\n\n   input: [7, 9, 5, 2, 8, 16, 4, 1]\n   output: 1\n\n   input: [8, 36, 7, 2, 11]\n   output: 7\n*/\nint smallestOdd(std::vector<int> const& x) {",28_reduce_smallest_odd_number,reduce,cpp,hpx,0.2,0.95,True,2048,False,int smallestOdd(std::vector<int> const& x) {\n  // TODO: Implement this function.\n  return 0;\n},False,False,,50,-1363968,26585.0,0.14,26585.0,0.14,2.4362263679504395
"#include <hpx/hpx_main.hpp>\n\n/* Return the value of the smallest odd number in the vector x.\n   Use HPX to compute in parallel.  Assume HPX has already been initialized.\n   Examples:\n\n   input: [7, 9, 5, 2, 8, 16, 4, 1]\n   output: 1\n\n   input: [8, 36, 7, 2, 11]\n   output: 7\n*/\nint smallestOdd(std::vector<int> const& x) {",28_reduce_smallest_odd_number,reduce,cpp,hpx,0.2,0.95,True,2048,False,int smallestOdd(std::vector<int> const& x) {\n  // TODO: Implement this function.\n  return 0;\n},False,False,,51,-8728576,26585.0,0.0,26585.0,0.0,2.3166730403900146
"#include <hpx/hpx_main.hpp>\n\n/* Return the value of the smallest odd number in the vector x.\n   Use HPX to compute in parallel.  Assume HPX has already been initialized.\n   Examples:\n\n   input: [7, 9, 5, 2, 8, 16, 4, 1]\n   output: 1\n\n   input: [8, 36, 7, 2, 11]\n   output: 7\n*/\nint smallestOdd(std::vector<int> const& x) {",28_reduce_smallest_odd_number,reduce,cpp,hpx,0.2,0.95,True,2048,False,int smallestOdd(std::vector<int> const& x) {\n  // TODO: Implement this function.\n  return 0;\n},False,False,,52,-2682880,26585.0,0.0,26585.0,0.0,2.1424691677093506
"#include <hpx/hpx_main.hpp>\n\n/* Return the value of the smallest odd number in the vector x.\n   Use HPX to compute in parallel.  Assume HPX has already been initialized.\n   Examples:\n\n   input: [7, 9, 5, 2, 8, 16, 4, 1]\n   output: 1\n\n   input: [8, 36, 7, 2, 11]\n   output: 7\n*/\nint smallestOdd(std::vector<int> const& x) {",28_reduce_smallest_odd_number,reduce,cpp,hpx,0.2,0.95,True,2048,False,int smallestOdd(std::vector<int> const& x) {\n    // TODO: Implement this function.\n    return 0;\n},False,False,,53,20426752,26585.0,0.96,26585.0,0.48,4.365980863571167
"#include <hpx/hpx_main.hpp>\n\n/* Return the value of the smallest odd number in the vector x.\n   Use HPX to compute in parallel.  Assume HPX has already been initialized.\n   Examples:\n\n   input: [7, 9, 5, 2, 8, 16, 4, 1]\n   output: 1\n\n   input: [8, 36, 7, 2, 11]\n   output: 7\n*/\nint smallestOdd(std::vector<int> const& x) {",28_reduce_smallest_odd_number,reduce,cpp,hpx,0.2,0.95,True,2048,False,int smallestOdd(std::vector<int> const& x) {\n  // TODO: Implement this function\n  return 0;\n},False,False,,54,-335872,26585.0,0.0,26585.0,0.0,2.111987352371216
"#include <hpx/hpx_main.hpp>\n\n/* Return the value of the smallest odd number in the vector x.\n   Use HPX to compute in parallel.  Assume HPX has already been initialized.\n   Examples:\n\n   input: [7, 9, 5, 2, 8, 16, 4, 1]\n   output: 1\n\n   input: [8, 36, 7, 2, 11]\n   output: 7\n*/\nint smallestOdd(std::vector<int> const& x) {",28_reduce_smallest_odd_number,reduce,cpp,hpx,0.2,0.95,True,2048,False,int smallestOdd(std::vector<int> const& x) {\n  // TODO: implement this function\n  return 0;\n},False,False,,55,-1564672,26585.0,0.0,26585.0,0.0,2.375234365463257
"#include <hpx/hpx_main.hpp>\n\n/* Return the value of the smallest odd number in the vector x.\n   Use HPX to compute in parallel.  Assume HPX has already been initialized.\n   Examples:\n\n   input: [7, 9, 5, 2, 8, 16, 4, 1]\n   output: 1\n\n   input: [8, 36, 7, 2, 11]\n   output: 7\n*/\nint smallestOdd(std::vector<int> const& x) {",28_reduce_smallest_odd_number,reduce,cpp,hpx,0.2,0.95,True,2048,False,int smallestOdd(std::vector<int> const& x) {\n  // TODO: Implement this function.\n  return 0;\n},False,False,,56,-17506304,26585.0,0.49,26585.0,0.49,2.057558298110962
"#include <hpx/hpx_main.hpp>\n\n/* Return the value of the smallest odd number in the vector x.\n   Use HPX to compute in parallel.  Assume HPX has already been initialized.\n   Examples:\n\n   input: [7, 9, 5, 2, 8, 16, 4, 1]\n   output: 1\n\n   input: [8, 36, 7, 2, 11]\n   output: 7\n*/\nint smallestOdd(std::vector<int> const& x) {",28_reduce_smallest_odd_number,reduce,cpp,hpx,0.2,0.95,True,2048,False,int smallestOdd(std::vector<int> const& x) {\n  // TODO: Implement this function.\n  return 0;\n},False,False,,57,-59199488,26585.0,0.0,26585.0,0.0,2.0917789936065674
"#include <hpx/hpx_main.hpp>\n\n/* Return the value of the smallest odd number in the vector x.\n   Use HPX to compute in parallel.  Assume HPX has already been initialized.\n   Examples:\n\n   input: [7, 9, 5, 2, 8, 16, 4, 1]\n   output: 1\n\n   input: [8, 36, 7, 2, 11]\n   output: 7\n*/\nint smallestOdd(std::vector<int> const& x) {",28_reduce_smallest_odd_number,reduce,cpp,hpx,0.2,0.95,True,2048,False,int smallestOdd(std::vector<int> const& x) {\n  // TODO: Implement this function.\n  return 0;\n},False,False,,58,36356096,26585.0,0.96,26585.0,0.48,4.118156909942627
"#include <hpx/hpx_main.hpp>\n\n/* Return the value of the smallest odd number in the vector x.\n   Use HPX to compute in parallel.  Assume HPX has already been initialized.\n   Examples:\n\n   input: [7, 9, 5, 2, 8, 16, 4, 1]\n   output: 1\n\n   input: [8, 36, 7, 2, 11]\n   output: 7\n*/\nint smallestOdd(std::vector<int> const& x) {",28_reduce_smallest_odd_number,reduce,cpp,hpx,0.2,0.95,True,2048,False,int smallestOdd(std::vector<int> const& x) {\n  // TODO: Implement this function.\n  return 0;\n},False,False,,59,-7778304,26585.0,0.97,26585.0,0.925,4.6055519580841064
"#include <hpx/hpx_main.hpp>\n\n/* Return the value of the smallest odd number in the vector x.\n   Use HPX to compute in parallel.  Assume HPX has already been initialized.\n   Examples:\n\n   input: [7, 9, 5, 2, 8, 16, 4, 1]\n   output: 1\n\n   input: [8, 36, 7, 2, 11]\n   output: 7\n*/\nint smallestOdd(std::vector<int> const& x) {",28_reduce_smallest_odd_number,reduce,cpp,hpx,0.2,0.95,True,2048,False,int smallestOdd(std::vector<int> const& x) {\n  // TODO: Implement this function.\n  return 0;\n},False,False,,60,-483328,26585.0,0.0,26585.0,0.0,2.126758337020874
"#include <hpx/hpx_main.hpp>\n\n/* Return the value of the smallest odd number in the vector x.\n   Use HPX to compute in parallel.  Assume HPX has already been initialized.\n   Examples:\n\n   input: [7, 9, 5, 2, 8, 16, 4, 1]\n   output: 1\n\n   input: [8, 36, 7, 2, 11]\n   output: 7\n*/\nint smallestOdd(std::vector<int> const& x) {",28_reduce_smallest_odd_number,reduce,cpp,hpx,0.2,0.95,True,2048,False,int smallestOdd(std::vector<int> const& x) {\n    // TODO: implement this function\n    return 0;\n},False,False,,61,-344064,26585.0,0.97,26585.0,0.97,2.153843641281128
"#include <hpx/hpx_main.hpp>\n\n/* Return the value of the smallest odd number in the vector x.\n   Use HPX to compute in parallel.  Assume HPX has already been initialized.\n   Examples:\n\n   input: [7, 9, 5, 2, 8, 16, 4, 1]\n   output: 1\n\n   input: [8, 36, 7, 2, 11]\n   output: 7\n*/\nint smallestOdd(std::vector<int> const& x) {",28_reduce_smallest_odd_number,reduce,cpp,hpx,0.2,0.95,True,2048,False,int smallestOdd(std::vector<int> const& x) {\n  // TODO: implement this function\n  return 0;\n},False,False,,62,4153344,26585.0,0.0,26585.0,0.0,2.0763769149780273
"#include <hpx/hpx_main.hpp>\n\n/* Return the value of the smallest odd number in the vector x.\n   Use HPX to compute in parallel.  Assume HPX has already been initialized.\n   Examples:\n\n   input: [7, 9, 5, 2, 8, 16, 4, 1]\n   output: 1\n\n   input: [8, 36, 7, 2, 11]\n   output: 7\n*/\nint smallestOdd(std::vector<int> const& x) {",28_reduce_smallest_odd_number,reduce,cpp,hpx,0.2,0.95,True,2048,False,int smallestOdd(std::vector<int> const& x) {\n  // TODO: implement this function\n  return 0;\n},False,False,,63,-18141184,26585.0,0.0,26585.0,0.0,2.772217273712158
"#include <hpx/hpx_main.hpp>\n\n/* Return the value of the smallest odd number in the vector x.\n   Use HPX to compute in parallel.  Assume HPX has already been initialized.\n   Examples:\n\n   input: [7, 9, 5, 2, 8, 16, 4, 1]\n   output: 1\n\n   input: [8, 36, 7, 2, 11]\n   output: 7\n*/\nint smallestOdd(std::vector<int> const& x) {",28_reduce_smallest_odd_number,reduce,cpp,hpx,0.2,0.95,True,2048,False,int smallestOdd(std::vector<int> const& x) {\n  // TODO: implement this function\n  return 0;\n},False,False,,64,9420800,26585.0,0.0,26585.0,0.0,2.142767906188965
"#include <hpx/hpx_main.hpp>\n\n/* Return the value of the smallest odd number in the vector x.\n   Use HPX to compute in parallel.  Assume HPX has already been initialized.\n   Examples:\n\n   input: [7, 9, 5, 2, 8, 16, 4, 1]\n   output: 1\n\n   input: [8, 36, 7, 2, 11]\n   output: 7\n*/\nint smallestOdd(std::vector<int> const& x) {",28_reduce_smallest_odd_number,reduce,cpp,hpx,0.2,0.95,True,2048,False,int smallestOdd(std::vector<int> const& x) {\n  // TODO: implement this function\n  return 0;\n},False,False,,65,1011712,26585.0,0.0,26585.0,0.0,2.0843465328216553
"#include <hpx/hpx_main.hpp>\n\n/* Return the value of the smallest odd number in the vector x.\n   Use HPX to compute in parallel.  Assume HPX has already been initialized.\n   Examples:\n\n   input: [7, 9, 5, 2, 8, 16, 4, 1]\n   output: 1\n\n   input: [8, 36, 7, 2, 11]\n   output: 7\n*/\nint smallestOdd(std::vector<int> const& x) {",28_reduce_smallest_odd_number,reduce,cpp,hpx,0.2,0.95,True,2048,False,int smallestOdd(std::vector<int> const& x) {\n  // TODO: Implement this function.\n  return 0;\n},False,False,,66,-856064,26585.0,0.96,26585.0,0.96,2.4349148273468018
"#include <hpx/hpx_main.hpp>\n\n/* Return the value of the smallest odd number in the vector x.\n   Use HPX to compute in parallel.  Assume HPX has already been initialized.\n   Examples:\n\n   input: [7, 9, 5, 2, 8, 16, 4, 1]\n   output: 1\n\n   input: [8, 36, 7, 2, 11]\n   output: 7\n*/\nint smallestOdd(std::vector<int> const& x) {",28_reduce_smallest_odd_number,reduce,cpp,hpx,0.2,0.95,True,2048,False,int smallestOdd(std::vector<int> const& x) {\n  // TODO: Implement this function.\n  return 0;\n},False,False,,67,552960,26585.0,0.0,26585.0,0.0,2.3386878967285156
"#include <hpx/hpx_main.hpp>\n\n/* Return the value of the smallest odd number in the vector x.\n   Use HPX to compute in parallel.  Assume HPX has already been initialized.\n   Examples:\n\n   input: [7, 9, 5, 2, 8, 16, 4, 1]\n   output: 1\n\n   input: [8, 36, 7, 2, 11]\n   output: 7\n*/\nint smallestOdd(std::vector<int> const& x) {",28_reduce_smallest_odd_number,reduce,cpp,hpx,0.2,0.95,True,2048,False,int smallestOdd(std::vector<int> const& x) {\n  // TODO: Implement this function.\n  return 0;\n},False,False,,68,-67706880,26585.0,0.82,26585.0,0.82,2.146514415740967
"#include <hpx/hpx_main.hpp>\n\n/* Return the value of the smallest odd number in the vector x.\n   Use HPX to compute in parallel.  Assume HPX has already been initialized.\n   Examples:\n\n   input: [7, 9, 5, 2, 8, 16, 4, 1]\n   output: 1\n\n   input: [8, 36, 7, 2, 11]\n   output: 7\n*/\nint smallestOdd(std::vector<int> const& x) {",28_reduce_smallest_odd_number,reduce,cpp,hpx,0.2,0.95,True,2048,False,int smallestOdd(std::vector<int> const& x) {\n  // TODO: implement this function\n  return 0;\n},False,False,,69,14671872,26585.0,0.97,26585.0,0.97,2.0797624588012695
"#include <hpx/hpx_main.hpp>\n\n/* Return the value of the smallest odd number in the vector x.\n   Use HPX to compute in parallel.  Assume HPX has already been initialized.\n   Examples:\n\n   input: [7, 9, 5, 2, 8, 16, 4, 1]\n   output: 1\n\n   input: [8, 36, 7, 2, 11]\n   output: 7\n*/\nint smallestOdd(std::vector<int> const& x) {",28_reduce_smallest_odd_number,reduce,cpp,hpx,0.2,0.95,True,2048,False,int smallestOdd(std::vector<int> const& x) {\n  // TODO: Implement this function.\n  return 0;\n},False,False,,70,1093632,26585.0,0.96,26585.0,0.96,2.3948099613189697
"#include <hpx/hpx_main.hpp>\n\n/* Return the value of the smallest odd number in the vector x.\n   Use HPX to compute in parallel.  Assume HPX has already been initialized.\n   Examples:\n\n   input: [7, 9, 5, 2, 8, 16, 4, 1]\n   output: 1\n\n   input: [8, 36, 7, 2, 11]\n   output: 7\n*/\nint smallestOdd(std::vector<int> const& x) {",28_reduce_smallest_odd_number,reduce,cpp,hpx,0.2,0.95,True,2048,False,int smallestOdd(std::vector<int> const& x) {\n  // TODO: Implement this function.\n  return 0;\n},False,False,,71,14360576,26585.0,0.0,26585.0,0.0,2.3755908012390137
"#include <hpx/hpx_main.hpp>\n\n/* Return the value of the smallest odd number in the vector x.\n   Use HPX to compute in parallel.  Assume HPX has already been initialized.\n   Examples:\n\n   input: [7, 9, 5, 2, 8, 16, 4, 1]\n   output: 1\n\n   input: [8, 36, 7, 2, 11]\n   output: 7\n*/\nint smallestOdd(std::vector<int> const& x) {",28_reduce_smallest_odd_number,reduce,cpp,hpx,0.2,0.95,True,2048,False,int smallestOdd(std::vector<int> const& x) {\n  // TODO: implement this function\n  return 0;\n},False,False,,72,1286144,26585.0,0.97,26585.0,0.965,4.091792106628418
"#include <hpx/hpx_main.hpp>\n\n/* Return the value of the smallest odd number in the vector x.\n   Use HPX to compute in parallel.  Assume HPX has already been initialized.\n   Examples:\n\n   input: [7, 9, 5, 2, 8, 16, 4, 1]\n   output: 1\n\n   input: [8, 36, 7, 2, 11]\n   output: 7\n*/\nint smallestOdd(std::vector<int> const& x) {",28_reduce_smallest_odd_number,reduce,cpp,hpx,0.2,0.95,True,2048,False,int smallestOdd(std::vector<int> const& x) {\n  // TODO: Implement this function.\n  return 0;\n},False,False,,73,-2441216,26585.0,0.96,26585.0,0.48,4.137938499450684
"#include <hpx/hpx_main.hpp>\n\n/* Return the value of the smallest odd number in the vector x.\n   Use HPX to compute in parallel.  Assume HPX has already been initialized.\n   Examples:\n\n   input: [7, 9, 5, 2, 8, 16, 4, 1]\n   output: 1\n\n   input: [8, 36, 7, 2, 11]\n   output: 7\n*/\nint smallestOdd(std::vector<int> const& x) {",28_reduce_smallest_odd_number,reduce,cpp,hpx,0.2,0.95,True,2048,False,int smallestOdd(std::vector<int> const& x) {\n  // TODO: Implement this function.\n  return 0;\n},False,False,,74,-7651328,26585.0,0.0,26585.0,0.0,2.4505014419555664
"#include <hpx/hpx_main.hpp>\n\n/* Return the value of the smallest odd number in the vector x.\n   Use HPX to compute in parallel.  Assume HPX has already been initialized.\n   Examples:\n\n   input: [7, 9, 5, 2, 8, 16, 4, 1]\n   output: 1\n\n   input: [8, 36, 7, 2, 11]\n   output: 7\n*/\nint smallestOdd(std::vector<int> const& x) {",28_reduce_smallest_odd_number,reduce,cpp,hpx,0.2,0.95,True,2048,False,int smallestOdd(std::vector<int> const& x) {\n  // TODO: Implement this function.\n  return 0;\n},False,False,,75,704512,26585.0,0.0,26585.0,0.0,2.3313965797424316
"#include <hpx/hpx_main.hpp>\n\n/* Return the value of the smallest odd number in the vector x.\n   Use HPX to compute in parallel.  Assume HPX has already been initialized.\n   Examples:\n\n   input: [7, 9, 5, 2, 8, 16, 4, 1]\n   output: 1\n\n   input: [8, 36, 7, 2, 11]\n   output: 7\n*/\nint smallestOdd(std::vector<int> const& x) {",28_reduce_smallest_odd_number,reduce,cpp,hpx,0.2,0.95,True,2048,False,int smallestOdd(std::vector<int> const& x) {\n  // TODO: Implement this function.\n  return 0;\n},False,False,,76,-577536,26585.0,0.96,26585.0,0.96,2.132992744445801
"#include <hpx/hpx_main.hpp>\n\n/* Return the value of the smallest odd number in the vector x.\n   Use HPX to compute in parallel.  Assume HPX has already been initialized.\n   Examples:\n\n   input: [7, 9, 5, 2, 8, 16, 4, 1]\n   output: 1\n\n   input: [8, 36, 7, 2, 11]\n   output: 7\n*/\nint smallestOdd(std::vector<int> const& x) {",28_reduce_smallest_odd_number,reduce,cpp,hpx,0.2,0.95,True,2048,False,int smallestOdd(std::vector<int> const& x) {\n  // TODO: Implement this function.\n  return 0;\n},False,False,,77,1474560,26585.0,0.96,26585.0,0.96,2.121691942214966
"#include <hpx/hpx_main.hpp>\n\n/* Return the value of the smallest odd number in the vector x.\n   Use HPX to compute in parallel.  Assume HPX has already been initialized.\n   Examples:\n\n   input: [7, 9, 5, 2, 8, 16, 4, 1]\n   output: 1\n\n   input: [8, 36, 7, 2, 11]\n   output: 7\n*/\nint smallestOdd(std::vector<int> const& x) {",28_reduce_smallest_odd_number,reduce,cpp,hpx,0.2,0.95,True,2048,False,int smallestOdd(std::vector<int> const& x) {\n  // TODO: Implement this function.\n  return 0;\n},False,False,,78,1785856,26585.0,0.96,26585.0,0.96,2.3736462593078613
"#include <hpx/hpx_main.hpp>\n\n/* Return the value of the smallest odd number in the vector x.\n   Use HPX to compute in parallel.  Assume HPX has already been initialized.\n   Examples:\n\n   input: [7, 9, 5, 2, 8, 16, 4, 1]\n   output: 1\n\n   input: [8, 36, 7, 2, 11]\n   output: 7\n*/\nint smallestOdd(std::vector<int> const& x) {",28_reduce_smallest_odd_number,reduce,cpp,hpx,0.2,0.95,True,2048,False,int smallestOdd(std::vector<int> const& x) {\n  // TODO: Implement this function.\n  return 0;\n},False,False,,79,-13381632,26585.0,0.0,26585.0,0.0,2.360973596572876
"#include <hpx/hpx_main.hpp>\n\n/* Return the value of the smallest odd number in the vector x.\n   Use HPX to compute in parallel.  Assume HPX has already been initialized.\n   Examples:\n\n   input: [7, 9, 5, 2, 8, 16, 4, 1]\n   output: 1\n\n   input: [8, 36, 7, 2, 11]\n   output: 7\n*/\nint smallestOdd(std::vector<int> const& x) {",28_reduce_smallest_odd_number,reduce,cpp,hpx,0.2,0.95,True,2048,False,int smallestOdd(std::vector<int> const& x) {\n    // TODO: Implement this function.\n    return 0;\n},False,False,,80,25649152,26585.0,0.96,26585.0,0.83,4.1153037548065186
"#include <hpx/hpx_main.hpp>\n\n/* Return the value of the smallest odd number in the vector x.\n   Use HPX to compute in parallel.  Assume HPX has already been initialized.\n   Examples:\n\n   input: [7, 9, 5, 2, 8, 16, 4, 1]\n   output: 1\n\n   input: [8, 36, 7, 2, 11]\n   output: 7\n*/\nint smallestOdd(std::vector<int> const& x) {",28_reduce_smallest_odd_number,reduce,cpp,hpx,0.2,0.95,True,2048,False,int smallestOdd(std::vector<int> const& x) {\n  // TODO: implement this function\n  return 0;\n},False,False,,81,8589312,26585.0,0.0,26585.0,0.0,2.0471301078796387
"#include <hpx/hpx_main.hpp>\n\n/* Return the value of the smallest odd number in the vector x.\n   Use HPX to compute in parallel.  Assume HPX has already been initialized.\n   Examples:\n\n   input: [7, 9, 5, 2, 8, 16, 4, 1]\n   output: 1\n\n   input: [8, 36, 7, 2, 11]\n   output: 7\n*/\nint smallestOdd(std::vector<int> const& x) {",28_reduce_smallest_odd_number,reduce,cpp,hpx,0.2,0.95,True,2048,False,int smallestOdd(std::vector<int> const& x) {\n  // TODO: Implement this function.\n  return 0;\n},False,False,,82,10489856,26585.0,0.0,26585.0,0.0,2.0681042671203613
"#include <hpx/hpx_main.hpp>\n\n/* Return the value of the smallest odd number in the vector x.\n   Use HPX to compute in parallel.  Assume HPX has already been initialized.\n   Examples:\n\n   input: [7, 9, 5, 2, 8, 16, 4, 1]\n   output: 1\n\n   input: [8, 36, 7, 2, 11]\n   output: 7\n*/\nint smallestOdd(std::vector<int> const& x) {",28_reduce_smallest_odd_number,reduce,cpp,hpx,0.2,0.95,True,2048,False,int smallestOdd(std::vector<int> const& x) {\n  // TODO: implement this function\n  return 0;\n},False,False,,83,434176,26585.0,0.97,26585.0,0.485,4.45782470703125
"#include <hpx/hpx_main.hpp>\n\n/* Return the value of the smallest odd number in the vector x.\n   Use HPX to compute in parallel.  Assume HPX has already been initialized.\n   Examples:\n\n   input: [7, 9, 5, 2, 8, 16, 4, 1]\n   output: 1\n\n   input: [8, 36, 7, 2, 11]\n   output: 7\n*/\nint smallestOdd(std::vector<int> const& x) {",28_reduce_smallest_odd_number,reduce,cpp,hpx,0.2,0.95,True,2048,False,int smallestOdd(std::vector<int> const& x) {\n  // TODO: Implement this function.\n  return 0;\n},False,False,,84,-6176768,26585.0,0.96,26585.0,0.48,4.167935132980347
"#include <hpx/hpx_main.hpp>\n\n/* Return the value of the smallest odd number in the vector x.\n   Use HPX to compute in parallel.  Assume HPX has already been initialized.\n   Examples:\n\n   input: [7, 9, 5, 2, 8, 16, 4, 1]\n   output: 1\n\n   input: [8, 36, 7, 2, 11]\n   output: 7\n*/\nint smallestOdd(std::vector<int> const& x) {",28_reduce_smallest_odd_number,reduce,cpp,hpx,0.2,0.95,True,2048,False,int smallestOdd(std::vector<int> const& x) {\n    // TODO: Implement this function.\n    return 0;\n},False,False,,85,-9318400,26585.0,0.96,26585.0,0.48,4.162844657897949
"#include <hpx/hpx_main.hpp>\n\n/* Return the value of the smallest odd number in the vector x.\n   Use HPX to compute in parallel.  Assume HPX has already been initialized.\n   Examples:\n\n   input: [7, 9, 5, 2, 8, 16, 4, 1]\n   output: 1\n\n   input: [8, 36, 7, 2, 11]\n   output: 7\n*/\nint smallestOdd(std::vector<int> const& x) {",28_reduce_smallest_odd_number,reduce,cpp,hpx,0.2,0.95,True,2048,False,int smallestOdd(std::vector<int> const& x) {\n  // TODO: Implement this function.\n  return 0;\n},False,False,,86,23375872,26585.0,0.0,26585.0,0.0,2.1242573261260986
"#include <hpx/hpx_main.hpp>\n\n/* Return the value of the smallest odd number in the vector x.\n   Use HPX to compute in parallel.  Assume HPX has already been initialized.\n   Examples:\n\n   input: [7, 9, 5, 2, 8, 16, 4, 1]\n   output: 1\n\n   input: [8, 36, 7, 2, 11]\n   output: 7\n*/\nint smallestOdd(std::vector<int> const& x) {",28_reduce_smallest_odd_number,reduce,cpp,hpx,0.2,0.95,True,2048,False,int smallestOdd(std::vector<int> const& x) {\n  // TODO: implement this function\n  return 0;\n},False,False,,87,-19177472,26585.0,0.0,26585.0,0.0,2.0855934619903564
"#include <hpx/hpx_main.hpp>\n\n/* Return the value of the smallest odd number in the vector x.\n   Use HPX to compute in parallel.  Assume HPX has already been initialized.\n   Examples:\n\n   input: [7, 9, 5, 2, 8, 16, 4, 1]\n   output: 1\n\n   input: [8, 36, 7, 2, 11]\n   output: 7\n*/\nint smallestOdd(std::vector<int> const& x) {",28_reduce_smallest_odd_number,reduce,cpp,hpx,0.2,0.95,True,2048,False,int smallestOdd(std::vector<int> const& x) {\n  // TODO: Implement this function.\n  return 0;\n},False,False,,88,-1118208,26585.0,0.96,26585.0,0.96,2.425703287124634
"#include <hpx/hpx_main.hpp>\n\n/* Return the value of the smallest odd number in the vector x.\n   Use HPX to compute in parallel.  Assume HPX has already been initialized.\n   Examples:\n\n   input: [7, 9, 5, 2, 8, 16, 4, 1]\n   output: 1\n\n   input: [8, 36, 7, 2, 11]\n   output: 7\n*/\nint smallestOdd(std::vector<int> const& x) {",28_reduce_smallest_odd_number,reduce,cpp,hpx,0.2,0.95,True,2048,False,int smallestOdd(std::vector<int> const& x) {\n  // TODO: Implement this function.\n  return 0;\n},False,False,,89,30232576,26585.0,0.0,26585.0,0.0,2.34554386138916
"#include <hpx/hpx_main.hpp>\n\n/* Return the value of the smallest odd number in the vector x.\n   Use HPX to compute in parallel.  Assume HPX has already been initialized.\n   Examples:\n\n   input: [7, 9, 5, 2, 8, 16, 4, 1]\n   output: 1\n\n   input: [8, 36, 7, 2, 11]\n   output: 7\n*/\nint smallestOdd(std::vector<int> const& x) {",28_reduce_smallest_odd_number,reduce,cpp,hpx,0.2,0.95,True,2048,False,int smallestOdd(std::vector<int> const& x) {\n  // TODO: Implement this function.\n  return 0;\n},False,False,,90,2342912,26585.0,0.84,26585.0,0.84,2.0990359783172607
"#include <hpx/hpx_main.hpp>\n\n/* Return the value of the smallest odd number in the vector x.\n   Use HPX to compute in parallel.  Assume HPX has already been initialized.\n   Examples:\n\n   input: [7, 9, 5, 2, 8, 16, 4, 1]\n   output: 1\n\n   input: [8, 36, 7, 2, 11]\n   output: 7\n*/\nint smallestOdd(std::vector<int> const& x) {",28_reduce_smallest_odd_number,reduce,cpp,hpx,0.2,0.95,True,2048,False,int smallestOdd(std::vector<int> const& x) {\n  // TODO: implement this function\n  return 0;\n},False,False,,91,-5431296,26585.0,0.96,26585.0,0.48,4.079927444458008
"#include <hpx/hpx_main.hpp>\n\n/* Return the value of the smallest odd number in the vector x.\n   Use HPX to compute in parallel.  Assume HPX has already been initialized.\n   Examples:\n\n   input: [7, 9, 5, 2, 8, 16, 4, 1]\n   output: 1\n\n   input: [8, 36, 7, 2, 11]\n   output: 7\n*/\nint smallestOdd(std::vector<int> const& x) {",28_reduce_smallest_odd_number,reduce,cpp,hpx,0.2,0.95,True,2048,False,int smallestOdd(std::vector<int> const& x) {\n  // TODO: Implement this function.\n  return 0;\n},False,False,,92,13459456,26585.0,0.0,26585.0,0.0,2.8190670013427734
"#include <hpx/hpx_main.hpp>\n\n/* Return the value of the smallest odd number in the vector x.\n   Use HPX to compute in parallel.  Assume HPX has already been initialized.\n   Examples:\n\n   input: [7, 9, 5, 2, 8, 16, 4, 1]\n   output: 1\n\n   input: [8, 36, 7, 2, 11]\n   output: 7\n*/\nint smallestOdd(std::vector<int> const& x) {",28_reduce_smallest_odd_number,reduce,cpp,hpx,0.2,0.95,True,2048,False,int smallestOdd(std::vector<int> const& x) {\n  // TODO: implement this function\n  return 0;\n},False,False,,93,10190848,26585.0,0.0,26585.0,0.0,2.145575523376465
"#include <hpx/hpx_main.hpp>\n\n/* Return the value of the smallest odd number in the vector x.\n   Use HPX to compute in parallel.  Assume HPX has already been initialized.\n   Examples:\n\n   input: [7, 9, 5, 2, 8, 16, 4, 1]\n   output: 1\n\n   input: [8, 36, 7, 2, 11]\n   output: 7\n*/\nint smallestOdd(std::vector<int> const& x) {",28_reduce_smallest_odd_number,reduce,cpp,hpx,0.2,0.95,True,2048,False,int smallestOdd(std::vector<int> const& x) {\n  // TODO: Implement this function.\n  return 0;\n},False,False,,94,9220096,26585.0,0.97,26585.0,0.965,4.12156867980957
"#include <hpx/hpx_main.hpp>\n\n/* Return the value of the smallest odd number in the vector x.\n   Use HPX to compute in parallel.  Assume HPX has already been initialized.\n   Examples:\n\n   input: [7, 9, 5, 2, 8, 16, 4, 1]\n   output: 1\n\n   input: [8, 36, 7, 2, 11]\n   output: 7\n*/\nint smallestOdd(std::vector<int> const& x) {",28_reduce_smallest_odd_number,reduce,cpp,hpx,0.2,0.95,True,2048,False,int smallestOdd(std::vector<int> const& x) {\n  // TODO: Implement this function.\n  return 0;\n},False,False,,95,-2850816,26585.0,0.97,26585.0,0.485,4.158906698226929
"#include <hpx/hpx_main.hpp>\n\n/* Return the value of the smallest odd number in the vector x.\n   Use HPX to compute in parallel.  Assume HPX has already been initialized.\n   Examples:\n\n   input: [7, 9, 5, 2, 8, 16, 4, 1]\n   output: 1\n\n   input: [8, 36, 7, 2, 11]\n   output: 7\n*/\nint smallestOdd(std::vector<int> const& x) {",28_reduce_smallest_odd_number,reduce,cpp,hpx,0.2,0.95,True,2048,False,int smallestOdd(std::vector<int> const& x) {\n  // TODO: Implement this function.\n  return 0;\n},False,False,,96,-106496,26585.0,0.96,26585.0,0.48,4.2350451946258545
"#include <hpx/hpx_main.hpp>\n\n/* Return the value of the smallest odd number in the vector x.\n   Use HPX to compute in parallel.  Assume HPX has already been initialized.\n   Examples:\n\n   input: [7, 9, 5, 2, 8, 16, 4, 1]\n   output: 1\n\n   input: [8, 36, 7, 2, 11]\n   output: 7\n*/\nint smallestOdd(std::vector<int> const& x) {",28_reduce_smallest_odd_number,reduce,cpp,hpx,0.2,0.95,True,2048,False,int smallestOdd(std::vector<int> const& x) {\n  // TODO: Implement this function\n  return 0;\n},False,False,,97,-68304896,26585.0,0.96,26585.0,0.6849999999999999,4.49762225151062
"#include <hpx/hpx_main.hpp>\n\n/* Return the value of the smallest odd number in the vector x.\n   Use HPX to compute in parallel.  Assume HPX has already been initialized.\n   Examples:\n\n   input: [7, 9, 5, 2, 8, 16, 4, 1]\n   output: 1\n\n   input: [8, 36, 7, 2, 11]\n   output: 7\n*/\nint smallestOdd(std::vector<int> const& x) {",28_reduce_smallest_odd_number,reduce,cpp,hpx,0.2,0.95,True,2048,False,int smallestOdd(std::vector<int> const& x) {\n  // TODO: Implement this function.\n  return 0;\n},False,False,,98,-13844480,26585.0,0.96,26585.0,0.48,4.093271493911743
"#include <hpx/hpx_main.hpp>\n\n/* Return the value of the smallest odd number in the vector x.\n   Use HPX to compute in parallel.  Assume HPX has already been initialized.\n   Examples:\n\n   input: [7, 9, 5, 2, 8, 16, 4, 1]\n   output: 1\n\n   input: [8, 36, 7, 2, 11]\n   output: 7\n*/\nint smallestOdd(std::vector<int> const& x) {",28_reduce_smallest_odd_number,reduce,cpp,hpx,0.2,0.95,True,2048,False,int smallestOdd(std::vector<int> const& x) {\n    // TODO: implement this function\n    return 0;\n},False,False,,99,3698688,26585.0,0.0,26585.0,0.0,2.04561185836792
"#include <hpx/hpx_main.hpp>\n\n/* Return the sum of the minimum value at each index of vectors x and y for all indices.\n   i.e. sum = min(x_0, y_0) + min(x_1, y_1) + min(x_2, y_2) + ...\n   Use HPX to sum in parallel.  Assume HPX has already been initialized.\n   Example:\n\n   input: x=[3, 4, 0, 2, 3], y=[2, 5, 3, 1, 7]\n   output: 10\n*/\ndouble sumOfMinimumElements(std::vector<double> const& x, std::vector<double> const& y) {",29_reduce_sum_of_min_of_pairs,reduce,cpp,hpx,0.2,0.95,True,2048,False,"double sumOfMinimumElements(std::vector<double> const& x, std::vector<double> const& y) {\n    // TODO: implement this function\n    return 0;\n}",False,False,,0,9179136,26585.0,0.97,26585.0,0.485,4.399751424789429
"#include <hpx/hpx_main.hpp>\n\n/* Return the sum of the minimum value at each index of vectors x and y for all indices.\n   i.e. sum = min(x_0, y_0) + min(x_1, y_1) + min(x_2, y_2) + ...\n   Use HPX to sum in parallel.  Assume HPX has already been initialized.\n   Example:\n\n   input: x=[3, 4, 0, 2, 3], y=[2, 5, 3, 1, 7]\n   output: 10\n*/\ndouble sumOfMinimumElements(std::vector<double> const& x, std::vector<double> const& y) {",29_reduce_sum_of_min_of_pairs,reduce,cpp,hpx,0.2,0.95,True,2048,False,"double sumOfMinimumElements(std::vector<double> const& x, std::vector<double> const& y) {\n  // TODO: Implement this function.\n  return 0.0;\n}",False,False,,1,9576448,26585.0,0.96,26585.0,0.48,4.31859016418457
"#include <hpx/hpx_main.hpp>\n\n/* Return the sum of the minimum value at each index of vectors x and y for all indices.\n   i.e. sum = min(x_0, y_0) + min(x_1, y_1) + min(x_2, y_2) + ...\n   Use HPX to sum in parallel.  Assume HPX has already been initialized.\n   Example:\n\n   input: x=[3, 4, 0, 2, 3], y=[2, 5, 3, 1, 7]\n   output: 10\n*/\ndouble sumOfMinimumElements(std::vector<double> const& x, std::vector<double> const& y) {",29_reduce_sum_of_min_of_pairs,reduce,cpp,hpx,0.2,0.95,True,2048,False,"double sumOfMinimumElements(std::vector<double> const& x, std::vector<double> const& y) {\n    // TODO: Implement this function.\n    return 0;\n}",False,False,,2,-12705792,26585.0,0.96,26585.0,0.48,4.1480302810668945
"#include <hpx/hpx_main.hpp>\n\n/* Return the sum of the minimum value at each index of vectors x and y for all indices.\n   i.e. sum = min(x_0, y_0) + min(x_1, y_1) + min(x_2, y_2) + ...\n   Use HPX to sum in parallel.  Assume HPX has already been initialized.\n   Example:\n\n   input: x=[3, 4, 0, 2, 3], y=[2, 5, 3, 1, 7]\n   output: 10\n*/\ndouble sumOfMinimumElements(std::vector<double> const& x, std::vector<double> const& y) {",29_reduce_sum_of_min_of_pairs,reduce,cpp,hpx,0.2,0.95,True,2048,False,"double sumOfMinimumElements(std::vector<double> const& x, std::vector<double> const& y) {\n  // TODO: Implement this function.\n  return 0;\n}",False,False,,3,-8577024,26585.0,0.96,26585.0,0.48,4.512065172195435
"#include <hpx/hpx_main.hpp>\n\n/* Return the sum of the minimum value at each index of vectors x and y for all indices.\n   i.e. sum = min(x_0, y_0) + min(x_1, y_1) + min(x_2, y_2) + ...\n   Use HPX to sum in parallel.  Assume HPX has already been initialized.\n   Example:\n\n   input: x=[3, 4, 0, 2, 3], y=[2, 5, 3, 1, 7]\n   output: 10\n*/\ndouble sumOfMinimumElements(std::vector<double> const& x, std::vector<double> const& y) {",29_reduce_sum_of_min_of_pairs,reduce,cpp,hpx,0.2,0.95,True,2048,False,"double sumOfMinimumElements(std::vector<double> const& x, std::vector<double> const& y) {\n    // TODO: Implement this function\n    return 0;\n}",False,False,,4,-24776704,26585.0,0.96,26585.0,0.48,4.367502450942993
"#include <hpx/hpx_main.hpp>\n\n/* Return the sum of the minimum value at each index of vectors x and y for all indices.\n   i.e. sum = min(x_0, y_0) + min(x_1, y_1) + min(x_2, y_2) + ...\n   Use HPX to sum in parallel.  Assume HPX has already been initialized.\n   Example:\n\n   input: x=[3, 4, 0, 2, 3], y=[2, 5, 3, 1, 7]\n   output: 10\n*/\ndouble sumOfMinimumElements(std::vector<double> const& x, std::vector<double> const& y) {",29_reduce_sum_of_min_of_pairs,reduce,cpp,hpx,0.2,0.95,True,2048,False,"double sumOfMinimumElements(std::vector<double> const& x, std::vector<double> const& y) {\n    // TODO: Implement this function.\n    return 0.0;\n}",False,False,,5,24973312,26585.0,0.97,26585.0,0.485,4.180627107620239
"#include <hpx/hpx_main.hpp>\n\n/* Return the sum of the minimum value at each index of vectors x and y for all indices.\n   i.e. sum = min(x_0, y_0) + min(x_1, y_1) + min(x_2, y_2) + ...\n   Use HPX to sum in parallel.  Assume HPX has already been initialized.\n   Example:\n\n   input: x=[3, 4, 0, 2, 3], y=[2, 5, 3, 1, 7]\n   output: 10\n*/\ndouble sumOfMinimumElements(std::vector<double> const& x, std::vector<double> const& y) {",29_reduce_sum_of_min_of_pairs,reduce,cpp,hpx,0.2,0.95,True,2048,False,"double sumOfMinimumElements(std::vector<double> const& x, std::vector<double> const& y) {\n  // TODO: Implement this function.\n  return 0;\n}",False,False,,6,8945664,26585.0,0.96,26585.0,0.48,4.447155475616455
"#include <hpx/hpx_main.hpp>\n\n/* Return the sum of the minimum value at each index of vectors x and y for all indices.\n   i.e. sum = min(x_0, y_0) + min(x_1, y_1) + min(x_2, y_2) + ...\n   Use HPX to sum in parallel.  Assume HPX has already been initialized.\n   Example:\n\n   input: x=[3, 4, 0, 2, 3], y=[2, 5, 3, 1, 7]\n   output: 10\n*/\ndouble sumOfMinimumElements(std::vector<double> const& x, std::vector<double> const& y) {",29_reduce_sum_of_min_of_pairs,reduce,cpp,hpx,0.2,0.95,True,2048,False,"double sumOfMinimumElements(std::vector<double> const& x, std::vector<double> const& y) {\n    // TODO: Implement this function using HPX\n    return 0;\n}",False,False,,7,-34480128,26585.0,0.97,26585.0,0.485,4.346102237701416
"#include <hpx/hpx_main.hpp>\n\n/* Return the sum of the minimum value at each index of vectors x and y for all indices.\n   i.e. sum = min(x_0, y_0) + min(x_1, y_1) + min(x_2, y_2) + ...\n   Use HPX to sum in parallel.  Assume HPX has already been initialized.\n   Example:\n\n   input: x=[3, 4, 0, 2, 3], y=[2, 5, 3, 1, 7]\n   output: 10\n*/\ndouble sumOfMinimumElements(std::vector<double> const& x, std::vector<double> const& y) {",29_reduce_sum_of_min_of_pairs,reduce,cpp,hpx,0.2,0.95,True,2048,False,"double sumOfMinimumElements(std::vector<double> const& x, std::vector<double> const& y) {\n    // TODO: Implement this function\n    return 0;\n}",False,False,,8,32382976,26585.0,0.96,26585.0,0.48,4.218774795532227
"#include <hpx/hpx_main.hpp>\n\n/* Return the sum of the minimum value at each index of vectors x and y for all indices.\n   i.e. sum = min(x_0, y_0) + min(x_1, y_1) + min(x_2, y_2) + ...\n   Use HPX to sum in parallel.  Assume HPX has already been initialized.\n   Example:\n\n   input: x=[3, 4, 0, 2, 3], y=[2, 5, 3, 1, 7]\n   output: 10\n*/\ndouble sumOfMinimumElements(std::vector<double> const& x, std::vector<double> const& y) {",29_reduce_sum_of_min_of_pairs,reduce,cpp,hpx,0.2,0.95,True,2048,False,"double sumOfMinimumElements(std::vector<double> const& x, std::vector<double> const& y) {\n    // TODO: Implement this function.\n    return 0.0;\n}",False,False,,9,1581056,26585.0,0.97,26585.0,0.485,4.757720947265625
"#include <hpx/hpx_main.hpp>\n\n/* Return the sum of the minimum value at each index of vectors x and y for all indices.\n   i.e. sum = min(x_0, y_0) + min(x_1, y_1) + min(x_2, y_2) + ...\n   Use HPX to sum in parallel.  Assume HPX has already been initialized.\n   Example:\n\n   input: x=[3, 4, 0, 2, 3], y=[2, 5, 3, 1, 7]\n   output: 10\n*/\ndouble sumOfMinimumElements(std::vector<double> const& x, std::vector<double> const& y) {",29_reduce_sum_of_min_of_pairs,reduce,cpp,hpx,0.2,0.95,True,2048,False,"double sumOfMinimumElements(std::vector<double> const& x, std::vector<double> const& y) {\n    // TODO: Implement this function\n    return 0.0;\n}",False,False,,10,-28266496,26585.0,0.96,26585.0,0.48,4.161159038543701
"#include <hpx/hpx_main.hpp>\n\n/* Return the sum of the minimum value at each index of vectors x and y for all indices.\n   i.e. sum = min(x_0, y_0) + min(x_1, y_1) + min(x_2, y_2) + ...\n   Use HPX to sum in parallel.  Assume HPX has already been initialized.\n   Example:\n\n   input: x=[3, 4, 0, 2, 3], y=[2, 5, 3, 1, 7]\n   output: 10\n*/\ndouble sumOfMinimumElements(std::vector<double> const& x, std::vector<double> const& y) {",29_reduce_sum_of_min_of_pairs,reduce,cpp,hpx,0.2,0.95,True,2048,False,"double sumOfMinimumElements(std::vector<double> const& x, std::vector<double> const& y) {\n  // TODO: Implement this function.\n  return 0;\n}",False,False,,11,4825088,26585.0,0.96,26585.0,0.48,4.106513738632202
"#include <hpx/hpx_main.hpp>\n\n/* Return the sum of the minimum value at each index of vectors x and y for all indices.\n   i.e. sum = min(x_0, y_0) + min(x_1, y_1) + min(x_2, y_2) + ...\n   Use HPX to sum in parallel.  Assume HPX has already been initialized.\n   Example:\n\n   input: x=[3, 4, 0, 2, 3], y=[2, 5, 3, 1, 7]\n   output: 10\n*/\ndouble sumOfMinimumElements(std::vector<double> const& x, std::vector<double> const& y) {",29_reduce_sum_of_min_of_pairs,reduce,cpp,hpx,0.2,0.95,True,2048,False,"double sumOfMinimumElements(std::vector<double> const& x, std::vector<double> const& y) {\n    // TODO: Implement this function.\n    return 0.0;\n}",False,False,,12,27840512,26585.0,0.96,26585.0,0.48,4.4032509326934814
"#include <hpx/hpx_main.hpp>\n\n/* Return the sum of the minimum value at each index of vectors x and y for all indices.\n   i.e. sum = min(x_0, y_0) + min(x_1, y_1) + min(x_2, y_2) + ...\n   Use HPX to sum in parallel.  Assume HPX has already been initialized.\n   Example:\n\n   input: x=[3, 4, 0, 2, 3], y=[2, 5, 3, 1, 7]\n   output: 10\n*/\ndouble sumOfMinimumElements(std::vector<double> const& x, std::vector<double> const& y) {",29_reduce_sum_of_min_of_pairs,reduce,cpp,hpx,0.2,0.95,True,2048,False,"double sumOfMinimumElements(std::vector<double> const& x, std::vector<double> const& y) {\n    // TODO: Implement this function.\n    return 0;\n}",False,False,,13,-5619712,26585.0,0.96,26585.0,0.48,4.286971807479858
"#include <hpx/hpx_main.hpp>\n\n/* Return the sum of the minimum value at each index of vectors x and y for all indices.\n   i.e. sum = min(x_0, y_0) + min(x_1, y_1) + min(x_2, y_2) + ...\n   Use HPX to sum in parallel.  Assume HPX has already been initialized.\n   Example:\n\n   input: x=[3, 4, 0, 2, 3], y=[2, 5, 3, 1, 7]\n   output: 10\n*/\ndouble sumOfMinimumElements(std::vector<double> const& x, std::vector<double> const& y) {",29_reduce_sum_of_min_of_pairs,reduce,cpp,hpx,0.2,0.95,True,2048,False,"double sumOfMinimumElements(std::vector<double> const& x, std::vector<double> const& y) {\n    // TODO: Implement this function.\n    return 0;\n}",False,False,,14,-26148864,26585.0,0.97,26585.0,0.485,4.192112922668457
"#include <hpx/hpx_main.hpp>\n\n/* Return the sum of the minimum value at each index of vectors x and y for all indices.\n   i.e. sum = min(x_0, y_0) + min(x_1, y_1) + min(x_2, y_2) + ...\n   Use HPX to sum in parallel.  Assume HPX has already been initialized.\n   Example:\n\n   input: x=[3, 4, 0, 2, 3], y=[2, 5, 3, 1, 7]\n   output: 10\n*/\ndouble sumOfMinimumElements(std::vector<double> const& x, std::vector<double> const& y) {",29_reduce_sum_of_min_of_pairs,reduce,cpp,hpx,0.2,0.95,True,2048,False,"double sumOfMinimumElements(std::vector<double> const& x, std::vector<double> const& y) {\n  // TODO: Implement this function\n  return 0;\n}",False,False,,15,39014400,26585.0,0.96,26585.0,0.48,4.849921941757202
"#include <hpx/hpx_main.hpp>\n\n/* Return the sum of the minimum value at each index of vectors x and y for all indices.\n   i.e. sum = min(x_0, y_0) + min(x_1, y_1) + min(x_2, y_2) + ...\n   Use HPX to sum in parallel.  Assume HPX has already been initialized.\n   Example:\n\n   input: x=[3, 4, 0, 2, 3], y=[2, 5, 3, 1, 7]\n   output: 10\n*/\ndouble sumOfMinimumElements(std::vector<double> const& x, std::vector<double> const& y) {",29_reduce_sum_of_min_of_pairs,reduce,cpp,hpx,0.2,0.95,True,2048,False,"double sumOfMinimumElements(std::vector<double> const& x, std::vector<double> const& y) {\n    // TODO: Implement this function.\n    return 0;\n}",False,False,,16,-2297856,26585.0,0.97,26585.0,0.485,4.151155471801758
"#include <hpx/hpx_main.hpp>\n\n/* Return the sum of the minimum value at each index of vectors x and y for all indices.\n   i.e. sum = min(x_0, y_0) + min(x_1, y_1) + min(x_2, y_2) + ...\n   Use HPX to sum in parallel.  Assume HPX has already been initialized.\n   Example:\n\n   input: x=[3, 4, 0, 2, 3], y=[2, 5, 3, 1, 7]\n   output: 10\n*/\ndouble sumOfMinimumElements(std::vector<double> const& x, std::vector<double> const& y) {",29_reduce_sum_of_min_of_pairs,reduce,cpp,hpx,0.2,0.95,True,2048,False,"double sumOfMinimumElements(std::vector<double> const& x, std::vector<double> const& y) {\n    // TODO: Implement this function.\n    return 0.0;\n}",False,False,,17,181309440,26585.0,0.97,26585.0,0.485,4.092553377151489
"#include <hpx/hpx_main.hpp>\n\n/* Return the sum of the minimum value at each index of vectors x and y for all indices.\n   i.e. sum = min(x_0, y_0) + min(x_1, y_1) + min(x_2, y_2) + ...\n   Use HPX to sum in parallel.  Assume HPX has already been initialized.\n   Example:\n\n   input: x=[3, 4, 0, 2, 3], y=[2, 5, 3, 1, 7]\n   output: 10\n*/\ndouble sumOfMinimumElements(std::vector<double> const& x, std::vector<double> const& y) {",29_reduce_sum_of_min_of_pairs,reduce,cpp,hpx,0.2,0.95,True,2048,False,"double sumOfMinimumElements(std::vector<double> const& x, std::vector<double> const& y) {\n    // TODO: Implement this function.\n    return 0;\n}",False,False,,18,335953920,26585.0,0.96,26585.0,0.48,4.40009069442749
"#include <hpx/hpx_main.hpp>\n\n/* Return the sum of the minimum value at each index of vectors x and y for all indices.\n   i.e. sum = min(x_0, y_0) + min(x_1, y_1) + min(x_2, y_2) + ...\n   Use HPX to sum in parallel.  Assume HPX has already been initialized.\n   Example:\n\n   input: x=[3, 4, 0, 2, 3], y=[2, 5, 3, 1, 7]\n   output: 10\n*/\ndouble sumOfMinimumElements(std::vector<double> const& x, std::vector<double> const& y) {",29_reduce_sum_of_min_of_pairs,reduce,cpp,hpx,0.2,0.95,True,2048,False,"double sumOfMinimumElements(std::vector<double> const& x, std::vector<double> const& y) {\n  // TODO: Implement this function.\n  return 0.0;\n}",False,False,,19,46870528,26585.0,0.96,26585.0,0.48,4.397887945175171
"#include <hpx/hpx_main.hpp>\n\n/* Return the sum of the minimum value at each index of vectors x and y for all indices.\n   i.e. sum = min(x_0, y_0) + min(x_1, y_1) + min(x_2, y_2) + ...\n   Use HPX to sum in parallel.  Assume HPX has already been initialized.\n   Example:\n\n   input: x=[3, 4, 0, 2, 3], y=[2, 5, 3, 1, 7]\n   output: 10\n*/\ndouble sumOfMinimumElements(std::vector<double> const& x, std::vector<double> const& y) {",29_reduce_sum_of_min_of_pairs,reduce,cpp,hpx,0.2,0.95,True,2048,False,"double sumOfMinimumElements(std::vector<double> const& x, std::vector<double> const& y) {\n    // TODO: Implement this function.\n    return 0;\n}",False,False,,20,177266688,26585.0,0.97,26585.0,0.485,4.1196653842926025
"#include <hpx/hpx_main.hpp>\n\n/* Return the sum of the minimum value at each index of vectors x and y for all indices.\n   i.e. sum = min(x_0, y_0) + min(x_1, y_1) + min(x_2, y_2) + ...\n   Use HPX to sum in parallel.  Assume HPX has already been initialized.\n   Example:\n\n   input: x=[3, 4, 0, 2, 3], y=[2, 5, 3, 1, 7]\n   output: 10\n*/\ndouble sumOfMinimumElements(std::vector<double> const& x, std::vector<double> const& y) {",29_reduce_sum_of_min_of_pairs,reduce,cpp,hpx,0.2,0.95,True,2048,False,"double sumOfMinimumElements(std::vector<double> const& x, std::vector<double> const& y) {\n  // TODO: Implement this function.\n  return 0;\n}",False,False,,21,-597360640,26585.0,0.97,26585.0,0.485,4.100305080413818
"#include <hpx/hpx_main.hpp>\n\n/* Return the sum of the minimum value at each index of vectors x and y for all indices.\n   i.e. sum = min(x_0, y_0) + min(x_1, y_1) + min(x_2, y_2) + ...\n   Use HPX to sum in parallel.  Assume HPX has already been initialized.\n   Example:\n\n   input: x=[3, 4, 0, 2, 3], y=[2, 5, 3, 1, 7]\n   output: 10\n*/\ndouble sumOfMinimumElements(std::vector<double> const& x, std::vector<double> const& y) {",29_reduce_sum_of_min_of_pairs,reduce,cpp,hpx,0.2,0.95,True,2048,False,"double sumOfMinimumElements(std::vector<double> const& x, std::vector<double> const& y) {\n    // TODO: Implement this function.\n    return 0;\n}",False,False,,22,-41971712,26585.0,0.96,26585.0,0.48,4.41614556312561
"#include <hpx/hpx_main.hpp>\n\n/* Return the sum of the minimum value at each index of vectors x and y for all indices.\n   i.e. sum = min(x_0, y_0) + min(x_1, y_1) + min(x_2, y_2) + ...\n   Use HPX to sum in parallel.  Assume HPX has already been initialized.\n   Example:\n\n   input: x=[3, 4, 0, 2, 3], y=[2, 5, 3, 1, 7]\n   output: 10\n*/\ndouble sumOfMinimumElements(std::vector<double> const& x, std::vector<double> const& y) {",29_reduce_sum_of_min_of_pairs,reduce,cpp,hpx,0.2,0.95,True,2048,False,"double sumOfMinimumElements(std::vector<double> const& x, std::vector<double> const& y) {\n    // TODO: implement this function\n    return 0;\n}",False,False,,23,-26320896,26585.0,0.96,26585.0,0.48,4.345541477203369
"#include <hpx/hpx_main.hpp>\n\n/* Return the sum of the minimum value at each index of vectors x and y for all indices.\n   i.e. sum = min(x_0, y_0) + min(x_1, y_1) + min(x_2, y_2) + ...\n   Use HPX to sum in parallel.  Assume HPX has already been initialized.\n   Example:\n\n   input: x=[3, 4, 0, 2, 3], y=[2, 5, 3, 1, 7]\n   output: 10\n*/\ndouble sumOfMinimumElements(std::vector<double> const& x, std::vector<double> const& y) {",29_reduce_sum_of_min_of_pairs,reduce,cpp,hpx,0.2,0.95,True,2048,False,"double sumOfMinimumElements(std::vector<double> const& x, std::vector<double> const& y) {\n    // TODO: Implement this function.\n    return 0;\n}",False,False,,24,4075520,26585.0,0.97,26585.0,0.485,4.144158363342285
"#include <hpx/hpx_main.hpp>\n\n/* Return the sum of the minimum value at each index of vectors x and y for all indices.\n   i.e. sum = min(x_0, y_0) + min(x_1, y_1) + min(x_2, y_2) + ...\n   Use HPX to sum in parallel.  Assume HPX has already been initialized.\n   Example:\n\n   input: x=[3, 4, 0, 2, 3], y=[2, 5, 3, 1, 7]\n   output: 10\n*/\ndouble sumOfMinimumElements(std::vector<double> const& x, std::vector<double> const& y) {",29_reduce_sum_of_min_of_pairs,reduce,cpp,hpx,0.2,0.95,True,2048,False,"double sumOfMinimumElements(std::vector<double> const& x, std::vector<double> const& y) {\n  // TODO: Implement this function.\n  return 0;\n}",False,False,,25,-24027136,26585.0,0.95,26585.0,0.475,4.4937427043914795
"#include <hpx/hpx_main.hpp>\n\n/* Return the sum of the minimum value at each index of vectors x and y for all indices.\n   i.e. sum = min(x_0, y_0) + min(x_1, y_1) + min(x_2, y_2) + ...\n   Use HPX to sum in parallel.  Assume HPX has already been initialized.\n   Example:\n\n   input: x=[3, 4, 0, 2, 3], y=[2, 5, 3, 1, 7]\n   output: 10\n*/\ndouble sumOfMinimumElements(std::vector<double> const& x, std::vector<double> const& y) {",29_reduce_sum_of_min_of_pairs,reduce,cpp,hpx,0.2,0.95,True,2048,False,"double sumOfMinimumElements(std::vector<double> const& x, std::vector<double> const& y) {\n  // TODO: Implement this function.\n  return 0;\n}",False,False,,26,18595840,26585.0,0.96,26585.0,0.48,4.360499620437622
"#include <hpx/hpx_main.hpp>\n\n/* Return the sum of the minimum value at each index of vectors x and y for all indices.\n   i.e. sum = min(x_0, y_0) + min(x_1, y_1) + min(x_2, y_2) + ...\n   Use HPX to sum in parallel.  Assume HPX has already been initialized.\n   Example:\n\n   input: x=[3, 4, 0, 2, 3], y=[2, 5, 3, 1, 7]\n   output: 10\n*/\ndouble sumOfMinimumElements(std::vector<double> const& x, std::vector<double> const& y) {",29_reduce_sum_of_min_of_pairs,reduce,cpp,hpx,0.2,0.95,True,2048,False,"double sumOfMinimumElements(std::vector<double> const& x, std::vector<double> const& y) {\n  // TODO: Implement this function.\n  return 0.0;\n}",False,False,,27,-38338560,26585.0,0.96,26585.0,0.48,4.167509317398071
"#include <hpx/hpx_main.hpp>\n\n/* Return the sum of the minimum value at each index of vectors x and y for all indices.\n   i.e. sum = min(x_0, y_0) + min(x_1, y_1) + min(x_2, y_2) + ...\n   Use HPX to sum in parallel.  Assume HPX has already been initialized.\n   Example:\n\n   input: x=[3, 4, 0, 2, 3], y=[2, 5, 3, 1, 7]\n   output: 10\n*/\ndouble sumOfMinimumElements(std::vector<double> const& x, std::vector<double> const& y) {",29_reduce_sum_of_min_of_pairs,reduce,cpp,hpx,0.2,0.95,True,2048,False,"double sumOfMinimumElements(std::vector<double> const& x, std::vector<double> const& y) {\n  // TODO: Implement this function\n  return 0;\n}",False,False,,28,63991808,26585.0,0.95,26585.0,0.475,4.335494518280029
"#include <hpx/hpx_main.hpp>\n\n/* Return the sum of the minimum value at each index of vectors x and y for all indices.\n   i.e. sum = min(x_0, y_0) + min(x_1, y_1) + min(x_2, y_2) + ...\n   Use HPX to sum in parallel.  Assume HPX has already been initialized.\n   Example:\n\n   input: x=[3, 4, 0, 2, 3], y=[2, 5, 3, 1, 7]\n   output: 10\n*/\ndouble sumOfMinimumElements(std::vector<double> const& x, std::vector<double> const& y) {",29_reduce_sum_of_min_of_pairs,reduce,cpp,hpx,0.2,0.95,True,2048,False,"double sumOfMinimumElements(std::vector<double> const& x, std::vector<double> const& y) {\n    // TODO: Implement this function.\n    return 0.0;\n}",False,False,,29,396222464,26585.0,0.96,26585.0,0.48,4.089284420013428
"#include <hpx/hpx_main.hpp>\n\n/* Return the sum of the minimum value at each index of vectors x and y for all indices.\n   i.e. sum = min(x_0, y_0) + min(x_1, y_1) + min(x_2, y_2) + ...\n   Use HPX to sum in parallel.  Assume HPX has already been initialized.\n   Example:\n\n   input: x=[3, 4, 0, 2, 3], y=[2, 5, 3, 1, 7]\n   output: 10\n*/\ndouble sumOfMinimumElements(std::vector<double> const& x, std::vector<double> const& y) {",29_reduce_sum_of_min_of_pairs,reduce,cpp,hpx,0.2,0.95,True,2048,False,"double sumOfMinimumElements(std::vector<double> const& x, std::vector<double> const& y) {\n  // TODO: Implement this function\n  return 0;\n}",False,False,,30,267378688,26585.0,0.96,26585.0,0.48,4.404199600219727
"#include <hpx/hpx_main.hpp>\n\n/* Return the sum of the minimum value at each index of vectors x and y for all indices.\n   i.e. sum = min(x_0, y_0) + min(x_1, y_1) + min(x_2, y_2) + ...\n   Use HPX to sum in parallel.  Assume HPX has already been initialized.\n   Example:\n\n   input: x=[3, 4, 0, 2, 3], y=[2, 5, 3, 1, 7]\n   output: 10\n*/\ndouble sumOfMinimumElements(std::vector<double> const& x, std::vector<double> const& y) {",29_reduce_sum_of_min_of_pairs,reduce,cpp,hpx,0.2,0.95,True,2048,False,"double sumOfMinimumElements(std::vector<double> const& x, std::vector<double> const& y) {\n    // TODO: Implement this function using HPX\n    return 0;\n}",False,False,,31,228945920,26585.0,0.96,26585.0,0.48,4.150454998016357
"#include <hpx/hpx_main.hpp>\n\n/* Return the sum of the minimum value at each index of vectors x and y for all indices.\n   i.e. sum = min(x_0, y_0) + min(x_1, y_1) + min(x_2, y_2) + ...\n   Use HPX to sum in parallel.  Assume HPX has already been initialized.\n   Example:\n\n   input: x=[3, 4, 0, 2, 3], y=[2, 5, 3, 1, 7]\n   output: 10\n*/\ndouble sumOfMinimumElements(std::vector<double> const& x, std::vector<double> const& y) {",29_reduce_sum_of_min_of_pairs,reduce,cpp,hpx,0.2,0.95,True,2048,False,"double sumOfMinimumElements(std::vector<double> const& x, std::vector<double> const& y) {\n    // TODO: Implement this function using HPX.\n    return 0.0;\n}",False,False,,32,616992768,26585.0,0.97,26585.0,0.485,4.507206916809082
"#include <hpx/hpx_main.hpp>\n\n/* Return the sum of the minimum value at each index of vectors x and y for all indices.\n   i.e. sum = min(x_0, y_0) + min(x_1, y_1) + min(x_2, y_2) + ...\n   Use HPX to sum in parallel.  Assume HPX has already been initialized.\n   Example:\n\n   input: x=[3, 4, 0, 2, 3], y=[2, 5, 3, 1, 7]\n   output: 10\n*/\ndouble sumOfMinimumElements(std::vector<double> const& x, std::vector<double> const& y) {",29_reduce_sum_of_min_of_pairs,reduce,cpp,hpx,0.2,0.95,True,2048,False,"double sumOfMinimumElements(std::vector<double> const& x, std::vector<double> const& y) {\n  // TODO: Implement this function.\n  return 0.0;\n}",False,False,,33,1292832768,26585.0,0.97,26585.0,0.485,4.335376977920532
"#include <hpx/hpx_main.hpp>\n\n/* Return the sum of the minimum value at each index of vectors x and y for all indices.\n   i.e. sum = min(x_0, y_0) + min(x_1, y_1) + min(x_2, y_2) + ...\n   Use HPX to sum in parallel.  Assume HPX has already been initialized.\n   Example:\n\n   input: x=[3, 4, 0, 2, 3], y=[2, 5, 3, 1, 7]\n   output: 10\n*/\ndouble sumOfMinimumElements(std::vector<double> const& x, std::vector<double> const& y) {",29_reduce_sum_of_min_of_pairs,reduce,cpp,hpx,0.2,0.95,True,2048,False,"double sumOfMinimumElements(std::vector<double> const& x, std::vector<double> const& y) {\n    // TODO: Implement this function.\n    return 0;\n}",False,False,,34,2042212352,26585.0,0.96,26585.0,0.48,4.155706882476807
"#include <hpx/hpx_main.hpp>\n\n/* Return the sum of the minimum value at each index of vectors x and y for all indices.\n   i.e. sum = min(x_0, y_0) + min(x_1, y_1) + min(x_2, y_2) + ...\n   Use HPX to sum in parallel.  Assume HPX has already been initialized.\n   Example:\n\n   input: x=[3, 4, 0, 2, 3], y=[2, 5, 3, 1, 7]\n   output: 10\n*/\ndouble sumOfMinimumElements(std::vector<double> const& x, std::vector<double> const& y) {",29_reduce_sum_of_min_of_pairs,reduce,cpp,hpx,0.2,0.95,True,2048,False,"double sumOfMinimumElements(std::vector<double> const& x, std::vector<double> const& y) {\n    // TODO: Implement this function.\n    return 0.0;\n}",False,False,,35,-82984960,26585.0,0.94,26585.0,0.47,4.5052525997161865
"#include <hpx/hpx_main.hpp>\n\n/* Return the sum of the minimum value at each index of vectors x and y for all indices.\n   i.e. sum = min(x_0, y_0) + min(x_1, y_1) + min(x_2, y_2) + ...\n   Use HPX to sum in parallel.  Assume HPX has already been initialized.\n   Example:\n\n   input: x=[3, 4, 0, 2, 3], y=[2, 5, 3, 1, 7]\n   output: 10\n*/\ndouble sumOfMinimumElements(std::vector<double> const& x, std::vector<double> const& y) {",29_reduce_sum_of_min_of_pairs,reduce,cpp,hpx,0.2,0.95,True,2048,False,"double sumOfMinimumElements(std::vector<double> const& x, std::vector<double> const& y) {\n    // TODO: Implement this function using HPX\n    return 0.0;\n}",False,False,,36,-54251520,26585.0,0.97,26585.0,0.485,4.376514673233032
"#include <hpx/hpx_main.hpp>\n\n/* Return the sum of the minimum value at each index of vectors x and y for all indices.\n   i.e. sum = min(x_0, y_0) + min(x_1, y_1) + min(x_2, y_2) + ...\n   Use HPX to sum in parallel.  Assume HPX has already been initialized.\n   Example:\n\n   input: x=[3, 4, 0, 2, 3], y=[2, 5, 3, 1, 7]\n   output: 10\n*/\ndouble sumOfMinimumElements(std::vector<double> const& x, std::vector<double> const& y) {",29_reduce_sum_of_min_of_pairs,reduce,cpp,hpx,0.2,0.95,True,2048,False,"double sumOfMinimumElements(std::vector<double> const& x, std::vector<double> const& y) {\n    // TODO: Implement this function.\n    return 0.0;\n}",False,False,,37,-59793408,26585.0,0.96,26585.0,0.48,4.180880308151245
"#include <hpx/hpx_main.hpp>\n\n/* Return the sum of the minimum value at each index of vectors x and y for all indices.\n   i.e. sum = min(x_0, y_0) + min(x_1, y_1) + min(x_2, y_2) + ...\n   Use HPX to sum in parallel.  Assume HPX has already been initialized.\n   Example:\n\n   input: x=[3, 4, 0, 2, 3], y=[2, 5, 3, 1, 7]\n   output: 10\n*/\ndouble sumOfMinimumElements(std::vector<double> const& x, std::vector<double> const& y) {",29_reduce_sum_of_min_of_pairs,reduce,cpp,hpx,0.2,0.95,True,2048,False,"double sumOfMinimumElements(std::vector<double> const& x, std::vector<double> const& y) {\n    // TODO: Implement this function.\n    return 0;\n}",False,False,,38,-57757696,26585.0,0.96,26585.0,0.48,4.439197063446045
"#include <hpx/hpx_main.hpp>\n\n/* Return the sum of the minimum value at each index of vectors x and y for all indices.\n   i.e. sum = min(x_0, y_0) + min(x_1, y_1) + min(x_2, y_2) + ...\n   Use HPX to sum in parallel.  Assume HPX has already been initialized.\n   Example:\n\n   input: x=[3, 4, 0, 2, 3], y=[2, 5, 3, 1, 7]\n   output: 10\n*/\ndouble sumOfMinimumElements(std::vector<double> const& x, std::vector<double> const& y) {",29_reduce_sum_of_min_of_pairs,reduce,cpp,hpx,0.2,0.95,True,2048,False,"double sumOfMinimumElements(std::vector<double> const& x, std::vector<double> const& y) {\n    // TODO: Implement this function\n    return 0;\n}",False,False,,39,-61329408,26585.0,0.96,26585.0,0.48,4.381779670715332
"#include <hpx/hpx_main.hpp>\n\n/* Return the sum of the minimum value at each index of vectors x and y for all indices.\n   i.e. sum = min(x_0, y_0) + min(x_1, y_1) + min(x_2, y_2) + ...\n   Use HPX to sum in parallel.  Assume HPX has already been initialized.\n   Example:\n\n   input: x=[3, 4, 0, 2, 3], y=[2, 5, 3, 1, 7]\n   output: 10\n*/\ndouble sumOfMinimumElements(std::vector<double> const& x, std::vector<double> const& y) {",29_reduce_sum_of_min_of_pairs,reduce,cpp,hpx,0.2,0.95,True,2048,False,"double sumOfMinimumElements(std::vector<double> const& x, std::vector<double> const& y) {\n  // TODO: Implement this function\n  return 0;\n}",False,False,,40,-69992448,26585.0,0.96,26585.0,0.48,4.177857398986816
"#include <hpx/hpx_main.hpp>\n\n/* Return the sum of the minimum value at each index of vectors x and y for all indices.\n   i.e. sum = min(x_0, y_0) + min(x_1, y_1) + min(x_2, y_2) + ...\n   Use HPX to sum in parallel.  Assume HPX has already been initialized.\n   Example:\n\n   input: x=[3, 4, 0, 2, 3], y=[2, 5, 3, 1, 7]\n   output: 10\n*/\ndouble sumOfMinimumElements(std::vector<double> const& x, std::vector<double> const& y) {",29_reduce_sum_of_min_of_pairs,reduce,cpp,hpx,0.2,0.95,True,2048,False,"double sumOfMinimumElements(std::vector<double> const& x, std::vector<double> const& y) {\n    // TODO: Implement this function.\n    return 0;\n}",False,False,,41,1540743168,26585.0,0.96,26585.0,0.48,4.431110143661499
"#include <hpx/hpx_main.hpp>\n\n/* Return the sum of the minimum value at each index of vectors x and y for all indices.\n   i.e. sum = min(x_0, y_0) + min(x_1, y_1) + min(x_2, y_2) + ...\n   Use HPX to sum in parallel.  Assume HPX has already been initialized.\n   Example:\n\n   input: x=[3, 4, 0, 2, 3], y=[2, 5, 3, 1, 7]\n   output: 10\n*/\ndouble sumOfMinimumElements(std::vector<double> const& x, std::vector<double> const& y) {",29_reduce_sum_of_min_of_pairs,reduce,cpp,hpx,0.2,0.95,True,2048,False,"double sumOfMinimumElements(std::vector<double> const& x, std::vector<double> const& y) {\n  // TODO: Implement this function.\n  return 0;\n}",False,False,,42,270057472,26585.0,0.96,26585.0,0.48,4.486090421676636
"#include <hpx/hpx_main.hpp>\n\n/* Return the sum of the minimum value at each index of vectors x and y for all indices.\n   i.e. sum = min(x_0, y_0) + min(x_1, y_1) + min(x_2, y_2) + ...\n   Use HPX to sum in parallel.  Assume HPX has already been initialized.\n   Example:\n\n   input: x=[3, 4, 0, 2, 3], y=[2, 5, 3, 1, 7]\n   output: 10\n*/\ndouble sumOfMinimumElements(std::vector<double> const& x, std::vector<double> const& y) {",29_reduce_sum_of_min_of_pairs,reduce,cpp,hpx,0.2,0.95,True,2048,False,"double sumOfMinimumElements(std::vector<double> const& x, std::vector<double> const& y) {\n    // TODO: Implement this function.\n    return 0.0;\n}",False,False,,43,-3968634880,26585.0,0.96,26585.0,0.48,4.52757716178894
"#include <hpx/hpx_main.hpp>\n\n/* Return the sum of the minimum value at each index of vectors x and y for all indices.\n   i.e. sum = min(x_0, y_0) + min(x_1, y_1) + min(x_2, y_2) + ...\n   Use HPX to sum in parallel.  Assume HPX has already been initialized.\n   Example:\n\n   input: x=[3, 4, 0, 2, 3], y=[2, 5, 3, 1, 7]\n   output: 10\n*/\ndouble sumOfMinimumElements(std::vector<double> const& x, std::vector<double> const& y) {",29_reduce_sum_of_min_of_pairs,reduce,cpp,hpx,0.2,0.95,True,2048,False,"double sumOfMinimumElements(std::vector<double> const& x, std::vector<double> const& y) {\n    // TODO: Implement this function using HPX\n    return 0;\n}",False,False,,44,-98783232,26585.0,0.97,26585.0,0.485,4.32563853263855
"#include <hpx/hpx_main.hpp>\n\n/* Return the sum of the minimum value at each index of vectors x and y for all indices.\n   i.e. sum = min(x_0, y_0) + min(x_1, y_1) + min(x_2, y_2) + ...\n   Use HPX to sum in parallel.  Assume HPX has already been initialized.\n   Example:\n\n   input: x=[3, 4, 0, 2, 3], y=[2, 5, 3, 1, 7]\n   output: 10\n*/\ndouble sumOfMinimumElements(std::vector<double> const& x, std::vector<double> const& y) {",29_reduce_sum_of_min_of_pairs,reduce,cpp,hpx,0.2,0.95,True,2048,False,"double sumOfMinimumElements(std::vector<double> const& x, std::vector<double> const& y) {\n  // TODO: Implement this function.\n  return 0.0;\n}",False,False,,45,-103276544,26585.0,0.97,26585.0,0.485,4.161275625228882
"#include <hpx/hpx_main.hpp>\n\n/* Return the sum of the minimum value at each index of vectors x and y for all indices.\n   i.e. sum = min(x_0, y_0) + min(x_1, y_1) + min(x_2, y_2) + ...\n   Use HPX to sum in parallel.  Assume HPX has already been initialized.\n   Example:\n\n   input: x=[3, 4, 0, 2, 3], y=[2, 5, 3, 1, 7]\n   output: 10\n*/\ndouble sumOfMinimumElements(std::vector<double> const& x, std::vector<double> const& y) {",29_reduce_sum_of_min_of_pairs,reduce,cpp,hpx,0.2,0.95,True,2048,False,"double sumOfMinimumElements(std::vector<double> const& x, std::vector<double> const& y) {\n    // TODO: Implement this function.\n    return 0.0;\n}",False,False,,46,-105390080,26585.0,0.97,26585.0,0.485,4.089996337890625
"#include <hpx/hpx_main.hpp>\n\n/* Return the sum of the minimum value at each index of vectors x and y for all indices.\n   i.e. sum = min(x_0, y_0) + min(x_1, y_1) + min(x_2, y_2) + ...\n   Use HPX to sum in parallel.  Assume HPX has already been initialized.\n   Example:\n\n   input: x=[3, 4, 0, 2, 3], y=[2, 5, 3, 1, 7]\n   output: 10\n*/\ndouble sumOfMinimumElements(std::vector<double> const& x, std::vector<double> const& y) {",29_reduce_sum_of_min_of_pairs,reduce,cpp,hpx,0.2,0.95,True,2048,False,"double sumOfMinimumElements(std::vector<double> const& x, std::vector<double> const& y) {\n    // TODO: Implement this function.\n    return 0.0;\n}",False,False,,47,-129363968,26585.0,0.97,26585.0,0.485,4.395061731338501
"#include <hpx/hpx_main.hpp>\n\n/* Return the sum of the minimum value at each index of vectors x and y for all indices.\n   i.e. sum = min(x_0, y_0) + min(x_1, y_1) + min(x_2, y_2) + ...\n   Use HPX to sum in parallel.  Assume HPX has already been initialized.\n   Example:\n\n   input: x=[3, 4, 0, 2, 3], y=[2, 5, 3, 1, 7]\n   output: 10\n*/\ndouble sumOfMinimumElements(std::vector<double> const& x, std::vector<double> const& y) {",29_reduce_sum_of_min_of_pairs,reduce,cpp,hpx,0.2,0.95,True,2048,False,"double sumOfMinimumElements(std::vector<double> const& x, std::vector<double> const& y) {\n    // TODO: Implement this function\n    return 0.0;\n}",False,False,,48,-43425792,26585.0,0.97,26585.0,0.485,4.365703582763672
"#include <hpx/hpx_main.hpp>\n\n/* Return the sum of the minimum value at each index of vectors x and y for all indices.\n   i.e. sum = min(x_0, y_0) + min(x_1, y_1) + min(x_2, y_2) + ...\n   Use HPX to sum in parallel.  Assume HPX has already been initialized.\n   Example:\n\n   input: x=[3, 4, 0, 2, 3], y=[2, 5, 3, 1, 7]\n   output: 10\n*/\ndouble sumOfMinimumElements(std::vector<double> const& x, std::vector<double> const& y) {",29_reduce_sum_of_min_of_pairs,reduce,cpp,hpx,0.2,0.95,True,2048,False,"double sumOfMinimumElements(std::vector<double> const& x, std::vector<double> const& y) {\n    // TODO: Implement this function\n    return 0;\n}",False,False,,49,-69267456,26585.0,0.97,26585.0,0.485,4.146906852722168
"#include <hpx/hpx_main.hpp>\n\n/* Return the sum of the minimum value at each index of vectors x and y for all indices.\n   i.e. sum = min(x_0, y_0) + min(x_1, y_1) + min(x_2, y_2) + ...\n   Use HPX to sum in parallel.  Assume HPX has already been initialized.\n   Example:\n\n   input: x=[3, 4, 0, 2, 3], y=[2, 5, 3, 1, 7]\n   output: 10\n*/\ndouble sumOfMinimumElements(std::vector<double> const& x, std::vector<double> const& y) {",29_reduce_sum_of_min_of_pairs,reduce,cpp,hpx,0.2,0.95,True,2048,False,"double sumOfMinimumElements(std::vector<double> const& x, std::vector<double> const& y) {\n    // TODO: Implement this function\n    return 0;\n}",False,False,,50,-142934016,26585.0,0.97,26585.0,0.485,4.5242908000946045
"#include <hpx/hpx_main.hpp>\n\n/* Return the sum of the minimum value at each index of vectors x and y for all indices.\n   i.e. sum = min(x_0, y_0) + min(x_1, y_1) + min(x_2, y_2) + ...\n   Use HPX to sum in parallel.  Assume HPX has already been initialized.\n   Example:\n\n   input: x=[3, 4, 0, 2, 3], y=[2, 5, 3, 1, 7]\n   output: 10\n*/\ndouble sumOfMinimumElements(std::vector<double> const& x, std::vector<double> const& y) {",29_reduce_sum_of_min_of_pairs,reduce,cpp,hpx,0.2,0.95,True,2048,False,"double sumOfMinimumElements(std::vector<double> const& x, std::vector<double> const& y) {\n  // TODO: Implement this function.\n  return 0;\n}",False,False,,51,-54558720,26585.0,0.96,26585.0,0.48,4.1206769943237305
"#include <hpx/hpx_main.hpp>\n\n/* Return the sum of the minimum value at each index of vectors x and y for all indices.\n   i.e. sum = min(x_0, y_0) + min(x_1, y_1) + min(x_2, y_2) + ...\n   Use HPX to sum in parallel.  Assume HPX has already been initialized.\n   Example:\n\n   input: x=[3, 4, 0, 2, 3], y=[2, 5, 3, 1, 7]\n   output: 10\n*/\ndouble sumOfMinimumElements(std::vector<double> const& x, std::vector<double> const& y) {",29_reduce_sum_of_min_of_pairs,reduce,cpp,hpx,0.2,0.95,True,2048,False,"double sumOfMinimumElements(std::vector<double> const& x, std::vector<double> const& y) {\n  // TODO: Implement this function using HPX\n  return 0.0;\n}",False,False,,52,-76939264,26585.0,0.97,26585.0,0.485,4.25708794593811
"#include <hpx/hpx_main.hpp>\n\n/* Return the sum of the minimum value at each index of vectors x and y for all indices.\n   i.e. sum = min(x_0, y_0) + min(x_1, y_1) + min(x_2, y_2) + ...\n   Use HPX to sum in parallel.  Assume HPX has already been initialized.\n   Example:\n\n   input: x=[3, 4, 0, 2, 3], y=[2, 5, 3, 1, 7]\n   output: 10\n*/\ndouble sumOfMinimumElements(std::vector<double> const& x, std::vector<double> const& y) {",29_reduce_sum_of_min_of_pairs,reduce,cpp,hpx,0.2,0.95,True,2048,False,"double sumOfMinimumElements(std::vector<double> const& x, std::vector<double> const& y) {\n    // TODO: Implement this function.\n    return 0.0;\n}",False,False,,53,-136663040,26585.0,0.97,26585.0,0.485,4.167580604553223
"#include <hpx/hpx_main.hpp>\n\n/* Return the sum of the minimum value at each index of vectors x and y for all indices.\n   i.e. sum = min(x_0, y_0) + min(x_1, y_1) + min(x_2, y_2) + ...\n   Use HPX to sum in parallel.  Assume HPX has already been initialized.\n   Example:\n\n   input: x=[3, 4, 0, 2, 3], y=[2, 5, 3, 1, 7]\n   output: 10\n*/\ndouble sumOfMinimumElements(std::vector<double> const& x, std::vector<double> const& y) {",29_reduce_sum_of_min_of_pairs,reduce,cpp,hpx,0.2,0.95,True,2048,False,"double sumOfMinimumElements(std::vector<double> const& x, std::vector<double> const& y) {\n    // TODO: Implement this function using HPX\n    return 0;\n}",False,False,,54,-37273600,26585.0,0.97,26585.0,0.485,4.769596338272095
"#include <hpx/hpx_main.hpp>\n\n/* Return the sum of the minimum value at each index of vectors x and y for all indices.\n   i.e. sum = min(x_0, y_0) + min(x_1, y_1) + min(x_2, y_2) + ...\n   Use HPX to sum in parallel.  Assume HPX has already been initialized.\n   Example:\n\n   input: x=[3, 4, 0, 2, 3], y=[2, 5, 3, 1, 7]\n   output: 10\n*/\ndouble sumOfMinimumElements(std::vector<double> const& x, std::vector<double> const& y) {",29_reduce_sum_of_min_of_pairs,reduce,cpp,hpx,0.2,0.95,True,2048,False,"double sumOfMinimumElements(std::vector<double> const& x, std::vector<double> const& y) {\n    // TODO: Implement this function.\n    return 0.0;\n}",False,False,,55,-64757760,26585.0,0.96,26585.0,0.48,4.158392906188965
"#include <hpx/hpx_main.hpp>\n\n/* Return the sum of the minimum value at each index of vectors x and y for all indices.\n   i.e. sum = min(x_0, y_0) + min(x_1, y_1) + min(x_2, y_2) + ...\n   Use HPX to sum in parallel.  Assume HPX has already been initialized.\n   Example:\n\n   input: x=[3, 4, 0, 2, 3], y=[2, 5, 3, 1, 7]\n   output: 10\n*/\ndouble sumOfMinimumElements(std::vector<double> const& x, std::vector<double> const& y) {",29_reduce_sum_of_min_of_pairs,reduce,cpp,hpx,0.2,0.95,True,2048,False,"double sumOfMinimumElements(std::vector<double> const& x, std::vector<double> const& y) {\n    // TODO: Implement this function using HPX\n    return 0;\n}",False,False,,56,-93224960,26585.0,0.97,26585.0,0.485,4.517881870269775
"#include <hpx/hpx_main.hpp>\n\n/* Return the sum of the minimum value at each index of vectors x and y for all indices.\n   i.e. sum = min(x_0, y_0) + min(x_1, y_1) + min(x_2, y_2) + ...\n   Use HPX to sum in parallel.  Assume HPX has already been initialized.\n   Example:\n\n   input: x=[3, 4, 0, 2, 3], y=[2, 5, 3, 1, 7]\n   output: 10\n*/\ndouble sumOfMinimumElements(std::vector<double> const& x, std::vector<double> const& y) {",29_reduce_sum_of_min_of_pairs,reduce,cpp,hpx,0.2,0.95,True,2048,False,"double sumOfMinimumElements(std::vector<double> const& x, std::vector<double> const& y) {\n  // TODO: Implement this function.\n  return 0;\n}",False,False,,57,-95731712,26585.0,0.96,26585.0,0.48,4.344643592834473
"#include <hpx/hpx_main.hpp>\n\n/* Return the sum of the minimum value at each index of vectors x and y for all indices.\n   i.e. sum = min(x_0, y_0) + min(x_1, y_1) + min(x_2, y_2) + ...\n   Use HPX to sum in parallel.  Assume HPX has already been initialized.\n   Example:\n\n   input: x=[3, 4, 0, 2, 3], y=[2, 5, 3, 1, 7]\n   output: 10\n*/\ndouble sumOfMinimumElements(std::vector<double> const& x, std::vector<double> const& y) {",29_reduce_sum_of_min_of_pairs,reduce,cpp,hpx,0.2,0.95,True,2048,False,"double sumOfMinimumElements(std::vector<double> const& x, std::vector<double> const& y) {\n  // TODO: Implement this function.\n  return 0;\n}",False,False,,58,-60358656,26585.0,0.96,26585.0,0.48,4.144986629486084
"#include <hpx/hpx_main.hpp>\n\n/* Return the sum of the minimum value at each index of vectors x and y for all indices.\n   i.e. sum = min(x_0, y_0) + min(x_1, y_1) + min(x_2, y_2) + ...\n   Use HPX to sum in parallel.  Assume HPX has already been initialized.\n   Example:\n\n   input: x=[3, 4, 0, 2, 3], y=[2, 5, 3, 1, 7]\n   output: 10\n*/\ndouble sumOfMinimumElements(std::vector<double> const& x, std::vector<double> const& y) {",29_reduce_sum_of_min_of_pairs,reduce,cpp,hpx,0.2,0.95,True,2048,False,"double sumOfMinimumElements(std::vector<double> const& x, std::vector<double> const& y) {\n    // TODO: Implement this function.\n    return 0.0;\n}",False,False,,59,-85258240,26585.0,0.95,26585.0,0.475,4.500650405883789
"#include <hpx/hpx_main.hpp>\n\n/* Return the sum of the minimum value at each index of vectors x and y for all indices.\n   i.e. sum = min(x_0, y_0) + min(x_1, y_1) + min(x_2, y_2) + ...\n   Use HPX to sum in parallel.  Assume HPX has already been initialized.\n   Example:\n\n   input: x=[3, 4, 0, 2, 3], y=[2, 5, 3, 1, 7]\n   output: 10\n*/\ndouble sumOfMinimumElements(std::vector<double> const& x, std::vector<double> const& y) {",29_reduce_sum_of_min_of_pairs,reduce,cpp,hpx,0.2,0.95,True,2048,False,"double sumOfMinimumElements(std::vector<double> const& x, std::vector<double> const& y) {\n    // TODO: Implement this function\n    return 0;\n}",False,False,,60,-109985792,26585.0,0.96,26585.0,0.48,4.392064571380615
"#include <hpx/hpx_main.hpp>\n\n/* Return the sum of the minimum value at each index of vectors x and y for all indices.\n   i.e. sum = min(x_0, y_0) + min(x_1, y_1) + min(x_2, y_2) + ...\n   Use HPX to sum in parallel.  Assume HPX has already been initialized.\n   Example:\n\n   input: x=[3, 4, 0, 2, 3], y=[2, 5, 3, 1, 7]\n   output: 10\n*/\ndouble sumOfMinimumElements(std::vector<double> const& x, std::vector<double> const& y) {",29_reduce_sum_of_min_of_pairs,reduce,cpp,hpx,0.2,0.95,True,2048,False,"double sumOfMinimumElements(std::vector<double> const& x, std::vector<double> const& y) {\n  // TODO: Implement this function.\n  return 0.0;\n}",False,False,,61,-8867840,26585.0,0.96,26585.0,0.48,4.172381639480591
"#include <hpx/hpx_main.hpp>\n\n/* Return the sum of the minimum value at each index of vectors x and y for all indices.\n   i.e. sum = min(x_0, y_0) + min(x_1, y_1) + min(x_2, y_2) + ...\n   Use HPX to sum in parallel.  Assume HPX has already been initialized.\n   Example:\n\n   input: x=[3, 4, 0, 2, 3], y=[2, 5, 3, 1, 7]\n   output: 10\n*/\ndouble sumOfMinimumElements(std::vector<double> const& x, std::vector<double> const& y) {",29_reduce_sum_of_min_of_pairs,reduce,cpp,hpx,0.2,0.95,True,2048,False,"double sumOfMinimumElements(std::vector<double> const& x, std::vector<double> const& y) {\n    // TODO: Implement this function.\n    return 0;\n}",False,False,,62,-28237824,26585.0,0.96,26585.0,0.48,4.4308857917785645
"#include <hpx/hpx_main.hpp>\n\n/* Return the sum of the minimum value at each index of vectors x and y for all indices.\n   i.e. sum = min(x_0, y_0) + min(x_1, y_1) + min(x_2, y_2) + ...\n   Use HPX to sum in parallel.  Assume HPX has already been initialized.\n   Example:\n\n   input: x=[3, 4, 0, 2, 3], y=[2, 5, 3, 1, 7]\n   output: 10\n*/\ndouble sumOfMinimumElements(std::vector<double> const& x, std::vector<double> const& y) {",29_reduce_sum_of_min_of_pairs,reduce,cpp,hpx,0.2,0.95,True,2048,False,"double sumOfMinimumElements(std::vector<double> const& x, std::vector<double> const& y) {\n    // TODO: Implement this function\n    return 0;\n}",False,False,,63,-43716608,26585.0,0.96,26585.0,0.48,4.407257556915283
"#include <hpx/hpx_main.hpp>\n\n/* Return the sum of the minimum value at each index of vectors x and y for all indices.\n   i.e. sum = min(x_0, y_0) + min(x_1, y_1) + min(x_2, y_2) + ...\n   Use HPX to sum in parallel.  Assume HPX has already been initialized.\n   Example:\n\n   input: x=[3, 4, 0, 2, 3], y=[2, 5, 3, 1, 7]\n   output: 10\n*/\ndouble sumOfMinimumElements(std::vector<double> const& x, std::vector<double> const& y) {",29_reduce_sum_of_min_of_pairs,reduce,cpp,hpx,0.2,0.95,True,2048,False,"double sumOfMinimumElements(std::vector<double> const& x, std::vector<double> const& y) {\n  // TODO: Implement this function.\n  return 0;\n}",False,False,,64,-47734784,26585.0,0.96,26585.0,0.48,4.161682367324829
"#include <hpx/hpx_main.hpp>\n\n/* Return the sum of the minimum value at each index of vectors x and y for all indices.\n   i.e. sum = min(x_0, y_0) + min(x_1, y_1) + min(x_2, y_2) + ...\n   Use HPX to sum in parallel.  Assume HPX has already been initialized.\n   Example:\n\n   input: x=[3, 4, 0, 2, 3], y=[2, 5, 3, 1, 7]\n   output: 10\n*/\ndouble sumOfMinimumElements(std::vector<double> const& x, std::vector<double> const& y) {",29_reduce_sum_of_min_of_pairs,reduce,cpp,hpx,0.2,0.95,True,2048,False,"double sumOfMinimumElements(std::vector<double> const& x, std::vector<double> const& y) {\n  // TODO: Implement this function\n  return 0;\n}",False,False,,65,-21213184,26585.0,0.97,26585.0,0.485,4.768557548522949
"#include <hpx/hpx_main.hpp>\n\n/* Return the sum of the minimum value at each index of vectors x and y for all indices.\n   i.e. sum = min(x_0, y_0) + min(x_1, y_1) + min(x_2, y_2) + ...\n   Use HPX to sum in parallel.  Assume HPX has already been initialized.\n   Example:\n\n   input: x=[3, 4, 0, 2, 3], y=[2, 5, 3, 1, 7]\n   output: 10\n*/\ndouble sumOfMinimumElements(std::vector<double> const& x, std::vector<double> const& y) {",29_reduce_sum_of_min_of_pairs,reduce,cpp,hpx,0.2,0.95,True,2048,False,"double sumOfMinimumElements(std::vector<double> const& x, std::vector<double> const& y) {\n  // TODO: Implement this function.\n  return 0.0;\n}",False,False,,66,-74612736,26585.0,0.96,26585.0,0.48,4.147671937942505
"#include <hpx/hpx_main.hpp>\n\n/* Return the sum of the minimum value at each index of vectors x and y for all indices.\n   i.e. sum = min(x_0, y_0) + min(x_1, y_1) + min(x_2, y_2) + ...\n   Use HPX to sum in parallel.  Assume HPX has already been initialized.\n   Example:\n\n   input: x=[3, 4, 0, 2, 3], y=[2, 5, 3, 1, 7]\n   output: 10\n*/\ndouble sumOfMinimumElements(std::vector<double> const& x, std::vector<double> const& y) {",29_reduce_sum_of_min_of_pairs,reduce,cpp,hpx,0.2,0.95,True,2048,False,"double sumOfMinimumElements(std::vector<double> const& x, std::vector<double> const& y) {\n  // TODO: Implement this function.\n  return 0.0;\n}",False,False,,67,-12398592,26585.0,0.97,26585.0,0.485,4.517184495925903
"#include <hpx/hpx_main.hpp>\n\n/* Return the sum of the minimum value at each index of vectors x and y for all indices.\n   i.e. sum = min(x_0, y_0) + min(x_1, y_1) + min(x_2, y_2) + ...\n   Use HPX to sum in parallel.  Assume HPX has already been initialized.\n   Example:\n\n   input: x=[3, 4, 0, 2, 3], y=[2, 5, 3, 1, 7]\n   output: 10\n*/\ndouble sumOfMinimumElements(std::vector<double> const& x, std::vector<double> const& y) {",29_reduce_sum_of_min_of_pairs,reduce,cpp,hpx,0.2,0.95,True,2048,False,"double sumOfMinimumElements(std::vector<double> const& x, std::vector<double> const& y) {\n    // TODO: Implement this function.\n    return 0.0;\n}",False,False,,68,-28168192,26585.0,0.97,26585.0,0.485,4.354665040969849
"#include <hpx/hpx_main.hpp>\n\n/* Return the sum of the minimum value at each index of vectors x and y for all indices.\n   i.e. sum = min(x_0, y_0) + min(x_1, y_1) + min(x_2, y_2) + ...\n   Use HPX to sum in parallel.  Assume HPX has already been initialized.\n   Example:\n\n   input: x=[3, 4, 0, 2, 3], y=[2, 5, 3, 1, 7]\n   output: 10\n*/\ndouble sumOfMinimumElements(std::vector<double> const& x, std::vector<double> const& y) {",29_reduce_sum_of_min_of_pairs,reduce,cpp,hpx,0.2,0.95,True,2048,False,"double sumOfMinimumElements(std::vector<double> const& x, std::vector<double> const& y) {\n    // TODO: Implement this function.\n    return 0.0;\n}",False,False,,69,-49774592,26585.0,0.96,26585.0,0.48,4.1317298412323
"#include <hpx/hpx_main.hpp>\n\n/* Return the sum of the minimum value at each index of vectors x and y for all indices.\n   i.e. sum = min(x_0, y_0) + min(x_1, y_1) + min(x_2, y_2) + ...\n   Use HPX to sum in parallel.  Assume HPX has already been initialized.\n   Example:\n\n   input: x=[3, 4, 0, 2, 3], y=[2, 5, 3, 1, 7]\n   output: 10\n*/\ndouble sumOfMinimumElements(std::vector<double> const& x, std::vector<double> const& y) {",29_reduce_sum_of_min_of_pairs,reduce,cpp,hpx,0.2,0.95,True,2048,False,"double sumOfMinimumElements(std::vector<double> const& x, std::vector<double> const& y) {\n    // TODO: Implement this function\n    return 0.0;\n}",False,False,,70,-44445696,26585.0,0.97,26585.0,0.485,4.505395412445068
"#include <hpx/hpx_main.hpp>\n\n/* Return the sum of the minimum value at each index of vectors x and y for all indices.\n   i.e. sum = min(x_0, y_0) + min(x_1, y_1) + min(x_2, y_2) + ...\n   Use HPX to sum in parallel.  Assume HPX has already been initialized.\n   Example:\n\n   input: x=[3, 4, 0, 2, 3], y=[2, 5, 3, 1, 7]\n   output: 10\n*/\ndouble sumOfMinimumElements(std::vector<double> const& x, std::vector<double> const& y) {",29_reduce_sum_of_min_of_pairs,reduce,cpp,hpx,0.2,0.95,True,2048,False,"double sumOfMinimumElements(std::vector<double> const& x, std::vector<double> const& y) {\n    // TODO: Implement this function\n    return 0;\n}",False,False,,71,-56320000,26585.0,0.97,26585.0,0.485,4.3585045337677
"#include <hpx/hpx_main.hpp>\n\n/* Return the sum of the minimum value at each index of vectors x and y for all indices.\n   i.e. sum = min(x_0, y_0) + min(x_1, y_1) + min(x_2, y_2) + ...\n   Use HPX to sum in parallel.  Assume HPX has already been initialized.\n   Example:\n\n   input: x=[3, 4, 0, 2, 3], y=[2, 5, 3, 1, 7]\n   output: 10\n*/\ndouble sumOfMinimumElements(std::vector<double> const& x, std::vector<double> const& y) {",29_reduce_sum_of_min_of_pairs,reduce,cpp,hpx,0.2,0.95,True,2048,False,"double sumOfMinimumElements(std::vector<double> const& x, std::vector<double> const& y) {\n  // TODO: Implement this function.\n  return 0;\n}",False,False,,72,-3665920,26585.0,0.96,26585.0,0.48,4.133181095123291
"#include <hpx/hpx_main.hpp>\n\n/* Return the sum of the minimum value at each index of vectors x and y for all indices.\n   i.e. sum = min(x_0, y_0) + min(x_1, y_1) + min(x_2, y_2) + ...\n   Use HPX to sum in parallel.  Assume HPX has already been initialized.\n   Example:\n\n   input: x=[3, 4, 0, 2, 3], y=[2, 5, 3, 1, 7]\n   output: 10\n*/\ndouble sumOfMinimumElements(std::vector<double> const& x, std::vector<double> const& y) {",29_reduce_sum_of_min_of_pairs,reduce,cpp,hpx,0.2,0.95,True,2048,False,"double sumOfMinimumElements(std::vector<double> const& x, std::vector<double> const& y) {\n  // TODO: Implement this function\n  return 0;\n}",False,False,,73,-104116224,26585.0,0.96,26585.0,0.48,4.1006011962890625
"#include <hpx/hpx_main.hpp>\n\n/* Return the sum of the minimum value at each index of vectors x and y for all indices.\n   i.e. sum = min(x_0, y_0) + min(x_1, y_1) + min(x_2, y_2) + ...\n   Use HPX to sum in parallel.  Assume HPX has already been initialized.\n   Example:\n\n   input: x=[3, 4, 0, 2, 3], y=[2, 5, 3, 1, 7]\n   output: 10\n*/\ndouble sumOfMinimumElements(std::vector<double> const& x, std::vector<double> const& y) {",29_reduce_sum_of_min_of_pairs,reduce,cpp,hpx,0.2,0.95,True,2048,False,"double sumOfMinimumElements(std::vector<double> const& x, std::vector<double> const& y) {\n    // TODO: Implement this function\n    return 0.0;\n}",False,False,,74,-23453696,26585.0,0.96,26585.0,0.48,4.750600814819336
"#include <hpx/hpx_main.hpp>\n\n/* Return the sum of the minimum value at each index of vectors x and y for all indices.\n   i.e. sum = min(x_0, y_0) + min(x_1, y_1) + min(x_2, y_2) + ...\n   Use HPX to sum in parallel.  Assume HPX has already been initialized.\n   Example:\n\n   input: x=[3, 4, 0, 2, 3], y=[2, 5, 3, 1, 7]\n   output: 10\n*/\ndouble sumOfMinimumElements(std::vector<double> const& x, std::vector<double> const& y) {",29_reduce_sum_of_min_of_pairs,reduce,cpp,hpx,0.2,0.95,True,2048,False,"double sumOfMinimumElements(std::vector<double> const& x, std::vector<double> const& y) {\n    // TODO: Implement this function\n    return 0;\n}",False,False,,75,-8511488,26585.0,0.97,26585.0,0.485,4.0983030796051025
"#include <hpx/hpx_main.hpp>\n\n/* Return the sum of the minimum value at each index of vectors x and y for all indices.\n   i.e. sum = min(x_0, y_0) + min(x_1, y_1) + min(x_2, y_2) + ...\n   Use HPX to sum in parallel.  Assume HPX has already been initialized.\n   Example:\n\n   input: x=[3, 4, 0, 2, 3], y=[2, 5, 3, 1, 7]\n   output: 10\n*/\ndouble sumOfMinimumElements(std::vector<double> const& x, std::vector<double> const& y) {",29_reduce_sum_of_min_of_pairs,reduce,cpp,hpx,0.2,0.95,True,2048,False,"double sumOfMinimumElements(std::vector<double> const& x, std::vector<double> const& y) {\n    // TODO: Implement this function\n    return 0;\n}",False,False,,76,-38305792,26585.0,0.97,26585.0,0.485,4.151297092437744
"#include <hpx/hpx_main.hpp>\n\n/* Return the sum of the minimum value at each index of vectors x and y for all indices.\n   i.e. sum = min(x_0, y_0) + min(x_1, y_1) + min(x_2, y_2) + ...\n   Use HPX to sum in parallel.  Assume HPX has already been initialized.\n   Example:\n\n   input: x=[3, 4, 0, 2, 3], y=[2, 5, 3, 1, 7]\n   output: 10\n*/\ndouble sumOfMinimumElements(std::vector<double> const& x, std::vector<double> const& y) {",29_reduce_sum_of_min_of_pairs,reduce,cpp,hpx,0.2,0.95,True,2048,False,"double sumOfMinimumElements(std::vector<double> const& x, std::vector<double> const& y) {\n    // TODO: Implement this function using HPX\n    return 0;\n}",False,False,,77,-36442112,26585.0,0.96,26585.0,0.48,4.423119783401489
"#include <hpx/hpx_main.hpp>\n\n/* Return the sum of the minimum value at each index of vectors x and y for all indices.\n   i.e. sum = min(x_0, y_0) + min(x_1, y_1) + min(x_2, y_2) + ...\n   Use HPX to sum in parallel.  Assume HPX has already been initialized.\n   Example:\n\n   input: x=[3, 4, 0, 2, 3], y=[2, 5, 3, 1, 7]\n   output: 10\n*/\ndouble sumOfMinimumElements(std::vector<double> const& x, std::vector<double> const& y) {",29_reduce_sum_of_min_of_pairs,reduce,cpp,hpx,0.2,0.95,True,2048,False,"double sumOfMinimumElements(std::vector<double> const& x, std::vector<double> const& y) {\n    // TODO: Implement this function.\n    return 0.0;\n}",False,False,,78,-57094144,26585.0,0.96,26585.0,0.48,4.3461925983428955
"#include <hpx/hpx_main.hpp>\n\n/* Return the sum of the minimum value at each index of vectors x and y for all indices.\n   i.e. sum = min(x_0, y_0) + min(x_1, y_1) + min(x_2, y_2) + ...\n   Use HPX to sum in parallel.  Assume HPX has already been initialized.\n   Example:\n\n   input: x=[3, 4, 0, 2, 3], y=[2, 5, 3, 1, 7]\n   output: 10\n*/\ndouble sumOfMinimumElements(std::vector<double> const& x, std::vector<double> const& y) {",29_reduce_sum_of_min_of_pairs,reduce,cpp,hpx,0.2,0.95,True,2048,False,"double sumOfMinimumElements(std::vector<double> const& x, std::vector<double> const& y) {\n  // TODO: Implement this function.\n  return 0;\n}",False,False,,79,-27197440,26585.0,0.97,26585.0,0.485,4.10692834854126
"#include <hpx/hpx_main.hpp>\n\n/* Return the sum of the minimum value at each index of vectors x and y for all indices.\n   i.e. sum = min(x_0, y_0) + min(x_1, y_1) + min(x_2, y_2) + ...\n   Use HPX to sum in parallel.  Assume HPX has already been initialized.\n   Example:\n\n   input: x=[3, 4, 0, 2, 3], y=[2, 5, 3, 1, 7]\n   output: 10\n*/\ndouble sumOfMinimumElements(std::vector<double> const& x, std::vector<double> const& y) {",29_reduce_sum_of_min_of_pairs,reduce,cpp,hpx,0.2,0.95,True,2048,False,"double sumOfMinimumElements(std::vector<double> const& x, std::vector<double> const& y) {\n    // TODO: Implement this function\n    return 0;\n}",False,False,,80,-60223488,26585.0,0.96,26585.0,0.48,4.537939786911011
"#include <hpx/hpx_main.hpp>\n\n/* Return the sum of the minimum value at each index of vectors x and y for all indices.\n   i.e. sum = min(x_0, y_0) + min(x_1, y_1) + min(x_2, y_2) + ...\n   Use HPX to sum in parallel.  Assume HPX has already been initialized.\n   Example:\n\n   input: x=[3, 4, 0, 2, 3], y=[2, 5, 3, 1, 7]\n   output: 10\n*/\ndouble sumOfMinimumElements(std::vector<double> const& x, std::vector<double> const& y) {",29_reduce_sum_of_min_of_pairs,reduce,cpp,hpx,0.2,0.95,True,2048,False,"double sumOfMinimumElements(std::vector<double> const& x, std::vector<double> const& y) {\n    // TODO: Implement this function\n    return 0;\n}",False,False,,81,-21839872,26585.0,0.96,26585.0,0.48,4.336962699890137
"#include <hpx/hpx_main.hpp>\n\n/* Return the sum of the minimum value at each index of vectors x and y for all indices.\n   i.e. sum = min(x_0, y_0) + min(x_1, y_1) + min(x_2, y_2) + ...\n   Use HPX to sum in parallel.  Assume HPX has already been initialized.\n   Example:\n\n   input: x=[3, 4, 0, 2, 3], y=[2, 5, 3, 1, 7]\n   output: 10\n*/\ndouble sumOfMinimumElements(std::vector<double> const& x, std::vector<double> const& y) {",29_reduce_sum_of_min_of_pairs,reduce,cpp,hpx,0.2,0.95,True,2048,False,"double sumOfMinimumElements(std::vector<double> const& x, std::vector<double> const& y) {\n    // TODO: Implement this function.\n    return 0;\n}",False,False,,82,-42938368,26585.0,0.96,26585.0,0.48,4.103253602981567
"#include <hpx/hpx_main.hpp>\n\n/* Return the sum of the minimum value at each index of vectors x and y for all indices.\n   i.e. sum = min(x_0, y_0) + min(x_1, y_1) + min(x_2, y_2) + ...\n   Use HPX to sum in parallel.  Assume HPX has already been initialized.\n   Example:\n\n   input: x=[3, 4, 0, 2, 3], y=[2, 5, 3, 1, 7]\n   output: 10\n*/\ndouble sumOfMinimumElements(std::vector<double> const& x, std::vector<double> const& y) {",29_reduce_sum_of_min_of_pairs,reduce,cpp,hpx,0.2,0.95,True,2048,False,"double sumOfMinimumElements(std::vector<double> const& x, std::vector<double> const& y) {\n    // TODO: implement this function\n    return 0.0;\n}",False,False,,83,-4194304,26585.0,0.97,26585.0,0.485,4.14854621887207
"#include <hpx/hpx_main.hpp>\n\n/* Return the sum of the minimum value at each index of vectors x and y for all indices.\n   i.e. sum = min(x_0, y_0) + min(x_1, y_1) + min(x_2, y_2) + ...\n   Use HPX to sum in parallel.  Assume HPX has already been initialized.\n   Example:\n\n   input: x=[3, 4, 0, 2, 3], y=[2, 5, 3, 1, 7]\n   output: 10\n*/\ndouble sumOfMinimumElements(std::vector<double> const& x, std::vector<double> const& y) {",29_reduce_sum_of_min_of_pairs,reduce,cpp,hpx,0.2,0.95,True,2048,False,"double sumOfMinimumElements(std::vector<double> const& x, std::vector<double> const& y) {\n    // TODO: Implement this function\n    return 0;\n}",False,False,,84,-978944,26585.0,0.97,26585.0,0.485,4.393601894378662
"#include <hpx/hpx_main.hpp>\n\n/* Return the sum of the minimum value at each index of vectors x and y for all indices.\n   i.e. sum = min(x_0, y_0) + min(x_1, y_1) + min(x_2, y_2) + ...\n   Use HPX to sum in parallel.  Assume HPX has already been initialized.\n   Example:\n\n   input: x=[3, 4, 0, 2, 3], y=[2, 5, 3, 1, 7]\n   output: 10\n*/\ndouble sumOfMinimumElements(std::vector<double> const& x, std::vector<double> const& y) {",29_reduce_sum_of_min_of_pairs,reduce,cpp,hpx,0.2,0.95,True,2048,False,"double sumOfMinimumElements(std::vector<double> const& x, std::vector<double> const& y) {\n    // TODO: Implement this function.\n    return 0.0;\n}",False,False,,85,-17543168,26585.0,0.96,26585.0,0.48,4.367390394210815
"#include <hpx/hpx_main.hpp>\n\n/* Return the sum of the minimum value at each index of vectors x and y for all indices.\n   i.e. sum = min(x_0, y_0) + min(x_1, y_1) + min(x_2, y_2) + ...\n   Use HPX to sum in parallel.  Assume HPX has already been initialized.\n   Example:\n\n   input: x=[3, 4, 0, 2, 3], y=[2, 5, 3, 1, 7]\n   output: 10\n*/\ndouble sumOfMinimumElements(std::vector<double> const& x, std::vector<double> const& y) {",29_reduce_sum_of_min_of_pairs,reduce,cpp,hpx,0.2,0.95,True,2048,False,"double sumOfMinimumElements(std::vector<double> const& x, std::vector<double> const& y) {\n    // TODO: Implement this function.\n    return 0.0;\n}",False,False,,86,209772544,26585.0,0.96,26585.0,0.48,4.1335344314575195
"#include <hpx/hpx_main.hpp>\n\n/* Return the sum of the minimum value at each index of vectors x and y for all indices.\n   i.e. sum = min(x_0, y_0) + min(x_1, y_1) + min(x_2, y_2) + ...\n   Use HPX to sum in parallel.  Assume HPX has already been initialized.\n   Example:\n\n   input: x=[3, 4, 0, 2, 3], y=[2, 5, 3, 1, 7]\n   output: 10\n*/\ndouble sumOfMinimumElements(std::vector<double> const& x, std::vector<double> const& y) {",29_reduce_sum_of_min_of_pairs,reduce,cpp,hpx,0.2,0.95,True,2048,False,"double sumOfMinimumElements(std::vector<double> const& x, std::vector<double> const& y) {\n    // TODO: Implement this function\n    return 0;\n}",False,False,,87,284893184,26585.0,0.97,26585.0,0.485,4.8522491455078125
"#include <hpx/hpx_main.hpp>\n\n/* Return the sum of the minimum value at each index of vectors x and y for all indices.\n   i.e. sum = min(x_0, y_0) + min(x_1, y_1) + min(x_2, y_2) + ...\n   Use HPX to sum in parallel.  Assume HPX has already been initialized.\n   Example:\n\n   input: x=[3, 4, 0, 2, 3], y=[2, 5, 3, 1, 7]\n   output: 10\n*/\ndouble sumOfMinimumElements(std::vector<double> const& x, std::vector<double> const& y) {",29_reduce_sum_of_min_of_pairs,reduce,cpp,hpx,0.2,0.95,True,2048,False,"double sumOfMinimumElements(std::vector<double> const& x, std::vector<double> const& y) {\n    // TODO: Implement this function.\n    return 0.0;\n}",False,False,,88,-3387392,26585.0,0.96,26585.0,0.48,4.096250772476196
"#include <hpx/hpx_main.hpp>\n\n/* Return the sum of the minimum value at each index of vectors x and y for all indices.\n   i.e. sum = min(x_0, y_0) + min(x_1, y_1) + min(x_2, y_2) + ...\n   Use HPX to sum in parallel.  Assume HPX has already been initialized.\n   Example:\n\n   input: x=[3, 4, 0, 2, 3], y=[2, 5, 3, 1, 7]\n   output: 10\n*/\ndouble sumOfMinimumElements(std::vector<double> const& x, std::vector<double> const& y) {",29_reduce_sum_of_min_of_pairs,reduce,cpp,hpx,0.2,0.95,True,2048,False,"double sumOfMinimumElements(std::vector<double> const& x, std::vector<double> const& y) {\n    // TODO: Implement this function.\n    return 0.0;\n}",False,False,,89,4165632,26585.0,0.97,26585.0,0.485,4.1487717628479
"#include <hpx/hpx_main.hpp>\n\n/* Return the sum of the minimum value at each index of vectors x and y for all indices.\n   i.e. sum = min(x_0, y_0) + min(x_1, y_1) + min(x_2, y_2) + ...\n   Use HPX to sum in parallel.  Assume HPX has already been initialized.\n   Example:\n\n   input: x=[3, 4, 0, 2, 3], y=[2, 5, 3, 1, 7]\n   output: 10\n*/\ndouble sumOfMinimumElements(std::vector<double> const& x, std::vector<double> const& y) {",29_reduce_sum_of_min_of_pairs,reduce,cpp,hpx,0.2,0.95,True,2048,False,"double sumOfMinimumElements(std::vector<double> const& x, std::vector<double> const& y) {\n    // TODO: Implement this function\n    return 0.0;\n}",False,False,,90,-456359936,26585.0,0.97,26585.0,0.485,4.754686117172241
"#include <hpx/hpx_main.hpp>\n\n/* Return the sum of the minimum value at each index of vectors x and y for all indices.\n   i.e. sum = min(x_0, y_0) + min(x_1, y_1) + min(x_2, y_2) + ...\n   Use HPX to sum in parallel.  Assume HPX has already been initialized.\n   Example:\n\n   input: x=[3, 4, 0, 2, 3], y=[2, 5, 3, 1, 7]\n   output: 10\n*/\ndouble sumOfMinimumElements(std::vector<double> const& x, std::vector<double> const& y) {",29_reduce_sum_of_min_of_pairs,reduce,cpp,hpx,0.2,0.95,True,2048,False,"double sumOfMinimumElements(std::vector<double> const& x, std::vector<double> const& y) {\n    // TODO: Implement this function\n    return 0.0;\n}",False,False,,91,-2826240,26585.0,0.97,26585.0,0.485,4.113986492156982
"#include <hpx/hpx_main.hpp>\n\n/* Return the sum of the minimum value at each index of vectors x and y for all indices.\n   i.e. sum = min(x_0, y_0) + min(x_1, y_1) + min(x_2, y_2) + ...\n   Use HPX to sum in parallel.  Assume HPX has already been initialized.\n   Example:\n\n   input: x=[3, 4, 0, 2, 3], y=[2, 5, 3, 1, 7]\n   output: 10\n*/\ndouble sumOfMinimumElements(std::vector<double> const& x, std::vector<double> const& y) {",29_reduce_sum_of_min_of_pairs,reduce,cpp,hpx,0.2,0.95,True,2048,False,"double sumOfMinimumElements(std::vector<double> const& x, std::vector<double> const& y) {\n    // TODO: Implement this function\n    return 0.0;\n}",False,False,,92,-6848512,26585.0,0.95,26585.0,0.475,4.886088848114014
"#include <hpx/hpx_main.hpp>\n\n/* Return the sum of the minimum value at each index of vectors x and y for all indices.\n   i.e. sum = min(x_0, y_0) + min(x_1, y_1) + min(x_2, y_2) + ...\n   Use HPX to sum in parallel.  Assume HPX has already been initialized.\n   Example:\n\n   input: x=[3, 4, 0, 2, 3], y=[2, 5, 3, 1, 7]\n   output: 10\n*/\ndouble sumOfMinimumElements(std::vector<double> const& x, std::vector<double> const& y) {",29_reduce_sum_of_min_of_pairs,reduce,cpp,hpx,0.2,0.95,True,2048,False,"double sumOfMinimumElements(std::vector<double> const& x, std::vector<double> const& y) {\n    // TODO: Implement this function\n    return 0.0;\n}",False,False,,93,16785408,26585.0,0.96,26585.0,0.48,4.110368251800537
"#include <hpx/hpx_main.hpp>\n\n/* Return the sum of the minimum value at each index of vectors x and y for all indices.\n   i.e. sum = min(x_0, y_0) + min(x_1, y_1) + min(x_2, y_2) + ...\n   Use HPX to sum in parallel.  Assume HPX has already been initialized.\n   Example:\n\n   input: x=[3, 4, 0, 2, 3], y=[2, 5, 3, 1, 7]\n   output: 10\n*/\ndouble sumOfMinimumElements(std::vector<double> const& x, std::vector<double> const& y) {",29_reduce_sum_of_min_of_pairs,reduce,cpp,hpx,0.2,0.95,True,2048,False,"double sumOfMinimumElements(std::vector<double> const& x, std::vector<double> const& y) {\n    // TODO: Implement this function.\n    return 0;\n}",False,False,,94,-12247040,26585.0,0.97,26585.0,0.485,4.142699241638184
"#include <hpx/hpx_main.hpp>\n\n/* Return the sum of the minimum value at each index of vectors x and y for all indices.\n   i.e. sum = min(x_0, y_0) + min(x_1, y_1) + min(x_2, y_2) + ...\n   Use HPX to sum in parallel.  Assume HPX has already been initialized.\n   Example:\n\n   input: x=[3, 4, 0, 2, 3], y=[2, 5, 3, 1, 7]\n   output: 10\n*/\ndouble sumOfMinimumElements(std::vector<double> const& x, std::vector<double> const& y) {",29_reduce_sum_of_min_of_pairs,reduce,cpp,hpx,0.2,0.95,True,2048,False,"double sumOfMinimumElements(std::vector<double> const& x, std::vector<double> const& y) {\n    // TODO: Implement this function\n    return 0.0;\n}",False,False,,95,-2400256,26585.0,0.96,26585.0,0.48,4.747788906097412
"#include <hpx/hpx_main.hpp>\n\n/* Return the sum of the minimum value at each index of vectors x and y for all indices.\n   i.e. sum = min(x_0, y_0) + min(x_1, y_1) + min(x_2, y_2) + ...\n   Use HPX to sum in parallel.  Assume HPX has already been initialized.\n   Example:\n\n   input: x=[3, 4, 0, 2, 3], y=[2, 5, 3, 1, 7]\n   output: 10\n*/\ndouble sumOfMinimumElements(std::vector<double> const& x, std::vector<double> const& y) {",29_reduce_sum_of_min_of_pairs,reduce,cpp,hpx,0.2,0.95,True,2048,False,"double sumOfMinimumElements(std::vector<double> const& x, std::vector<double> const& y) {\n  // TODO: Implement this function.\n  return 0;\n}",False,False,,96,-58265600,26585.0,0.96,26585.0,0.48,4.113365173339844
"#include <hpx/hpx_main.hpp>\n\n/* Return the sum of the minimum value at each index of vectors x and y for all indices.\n   i.e. sum = min(x_0, y_0) + min(x_1, y_1) + min(x_2, y_2) + ...\n   Use HPX to sum in parallel.  Assume HPX has already been initialized.\n   Example:\n\n   input: x=[3, 4, 0, 2, 3], y=[2, 5, 3, 1, 7]\n   output: 10\n*/\ndouble sumOfMinimumElements(std::vector<double> const& x, std::vector<double> const& y) {",29_reduce_sum_of_min_of_pairs,reduce,cpp,hpx,0.2,0.95,True,2048,False,"double sumOfMinimumElements(std::vector<double> const& x, std::vector<double> const& y) {\n    // TODO: Implement this function.\n    return 0.0;\n}",False,False,,97,61063168,26585.0,0.96,26585.0,0.48,4.137670993804932
"#include <hpx/hpx_main.hpp>\n\n/* Return the sum of the minimum value at each index of vectors x and y for all indices.\n   i.e. sum = min(x_0, y_0) + min(x_1, y_1) + min(x_2, y_2) + ...\n   Use HPX to sum in parallel.  Assume HPX has already been initialized.\n   Example:\n\n   input: x=[3, 4, 0, 2, 3], y=[2, 5, 3, 1, 7]\n   output: 10\n*/\ndouble sumOfMinimumElements(std::vector<double> const& x, std::vector<double> const& y) {",29_reduce_sum_of_min_of_pairs,reduce,cpp,hpx,0.2,0.95,True,2048,False,"double sumOfMinimumElements(std::vector<double> const& x, std::vector<double> const& y) {\n    // TODO: Implement this function.\n    return 0.0;\n}",False,False,,98,-16838656,26585.0,0.97,26585.0,0.485,4.450405120849609
"#include <hpx/hpx_main.hpp>\n\n/* Return the sum of the minimum value at each index of vectors x and y for all indices.\n   i.e. sum = min(x_0, y_0) + min(x_1, y_1) + min(x_2, y_2) + ...\n   Use HPX to sum in parallel.  Assume HPX has already been initialized.\n   Example:\n\n   input: x=[3, 4, 0, 2, 3], y=[2, 5, 3, 1, 7]\n   output: 10\n*/\ndouble sumOfMinimumElements(std::vector<double> const& x, std::vector<double> const& y) {",29_reduce_sum_of_min_of_pairs,reduce,cpp,hpx,0.2,0.95,True,2048,False,"double sumOfMinimumElements(std::vector<double> const& x, std::vector<double> const& y) {\n    // TODO: Implement this function\n    return 0;\n}",False,False,,99,-5681152,26585.0,0.0,26585.0,0.0,2.0442254543304443
