prompt,name,problem_type,language,parallelism_model,temperature,top_p,do_sample,max_new_tokens,prompted,generated_output,did_build,is_source_valid,best_sequential_runtime,output_idx,virtual_memory_used,max_gpu_memory_usage,max_gpu_utilization,average_gpu_memory_usage,average_gpu_utilization,generation_times
"#include <hpx/hpx_main.hpp>\n\n/* Return the logical XOR reduction of the vector of bools x.\n   Use HPX to reduce in parallel.  Assume HPX has already been initialized.\n   Example:\n\n   input: [false, false, false, true]\n   output: true\n*/\nbool reduceLogicalXOR(std::vector<bool> const& x) {",25_reduce_xor,reduce,cpp,hpx,0.2,0.95,True,2048,False,"bool reduceLogicalXOR(std::vector<bool> const& x) {\n        \n        // Create an HPX parallel execution policy\n        hpx::parallel::execution::parallel_executor exec;\n\n        // Use the HPX parallel_reduce function to perform the logical XOR reduction\n        bool result = hpx::parallel::reduce(exec, x.begin(), x.end(), false,\n            [](bool a, bool b) { return a ^ b; });\n\n        return result;\n}",False,True,,0,429826048,13517.0,0.94,13399.0,0.59,4.088947057723999
"#include <hpx/hpx_main.hpp>\n\n/* Return the logical XOR reduction of the vector of bools x.\n   Use HPX to reduce in parallel.  Assume HPX has already been initialized.\n   Example:\n\n   input: [false, false, false, true]\n   output: true\n*/\nbool reduceLogicalXOR(std::vector<bool> const& x) {",25_reduce_xor,reduce,cpp,hpx,0.2,0.95,True,2048,False,"bool reduceLogicalXOR(std::vector<bool> const& x) {\n        \n        // Create an HPX parallel execution policy\n        hpx::parallel::execution::parallel_executor exec;\n\n        // Use the HPX parallel reduce function to compute the XOR of the booleans\n        bool result = hpx::parallel::reduce(exec, x.begin(), x.end(), false,\n            [](bool a, bool b) { return a ^ b; });\n\n        return result;\n}",False,True,,1,-204984320,13537.0,0.94,13527.0,0.47,4.08880877494812
"#include <hpx/hpx_main.hpp>\n\n/* Return the logical XOR reduction of the vector of bools x.\n   Use HPX to reduce in parallel.  Assume HPX has already been initialized.\n   Example:\n\n   input: [false, false, false, true]\n   output: true\n*/\nbool reduceLogicalXOR(std::vector<bool> const& x) {",25_reduce_xor,reduce,cpp,hpx,0.2,0.95,True,2048,False,"bool reduceLogicalXOR(std::vector<bool> const& x) {\n        \n        // Create an instance of the HPX parallel execution policy\n        hpx::parallel::execution::parallel_executor exec;\n\n        // Use the HPX parallel reduction to compute the logical XOR of the vector\n        bool result = hpx::parallel::reduce(exec, x.begin(), x.end(), false,\n            [](bool a, bool b) { return a ^ b; });\n\n        return result;\n}",False,True,,2,-58929152,13557.0,0.0,13557.0,0.0,2.0449869632720947
"#include <hpx/hpx_main.hpp>\n\n/* Return the logical XOR reduction of the vector of bools x.\n   Use HPX to reduce in parallel.  Assume HPX has already been initialized.\n   Example:\n\n   input: [false, false, false, true]\n   output: true\n*/\nbool reduceLogicalXOR(std::vector<bool> const& x) {",25_reduce_xor,reduce,cpp,hpx,0.2,0.95,True,2048,False,"bool reduceLogicalXOR(std::vector<bool> const& x) {\n        \n        // Create a vector of bools to hold the results of the reduction\n        std::vector<bool> result(1, false);\n\n        // Use HPX to parallelize the reduction\n        hpx::parallel::reduce(hpx::parallel::execution::par, x.begin(), x.end(), result.begin(),\n            [](bool a, bool b) { return a ^ b; });\n\n        // Return the final result\n        return result[0];\n}",False,True,,3,-158953472,13557.0,0.94,13557.0,0.47,4.102950811386108
"#include <hpx/hpx_main.hpp>\n\n/* Return the logical XOR reduction of the vector of bools x.\n   Use HPX to reduce in parallel.  Assume HPX has already been initialized.\n   Example:\n\n   input: [false, false, false, true]\n   output: true\n*/\nbool reduceLogicalXOR(std::vector<bool> const& x) {",25_reduce_xor,reduce,cpp,hpx,0.2,0.95,True,2048,False,"bool reduceLogicalXOR(std::vector<bool> const& x) {\n        \n        // Initialize the HPX runtime\n        hpx::init(nullptr, argc, argv);\n\n        // Create an HPX parallel execution policy\n        hpx::parallel::execution::parallel_executor exec;\n\n        // Use the HPX parallel reduction to compute the logical XOR\n        bool result = hpx::parallel::reduce(exec, x.begin(), x.end(), false,\n            [](bool a, bool b) { return a ^ b; });\n\n        // Shutdown the HPX runtime\n        hpx::finalize();\n\n        return result;\n}",False,True,,4,-147677184,13557.0,0.94,13557.0,0.47,4.088294506072998
"#include <hpx/hpx_main.hpp>\n\n/* Return the logical XOR reduction of the vector of bools x.\n   Use HPX to reduce in parallel.  Assume HPX has already been initialized.\n   Example:\n\n   input: [false, false, false, true]\n   output: true\n*/\nbool reduceLogicalXOR(std::vector<bool> const& x) {",25_reduce_xor,reduce,cpp,hpx,0.2,0.95,True,2048,False,"bool reduceLogicalXOR(std::vector<bool> const& x) {\n        \n        // Initialize the HPX runtime\n        hpx::init(nullptr, argc, argv);\n\n        // Create an HPX parallel execution policy\n        hpx::parallel::execution::parallel_executor exec;\n\n        // Use the HPX parallel_reduce algorithm to compute the XOR reduction\n        bool result = hpx::parallel::reduce(exec, x.begin(), x.end(), false,\n            [](bool a, bool b) { return a ^ b; });\n\n        // Shutdown the HPX runtime\n        hpx::finalize();\n\n        return result;\n}",False,True,,5,-229216256,13557.0,0.94,13557.0,0.47,4.0887131690979
"#include <hpx/hpx_main.hpp>\n\n/* Return the logical XOR reduction of the vector of bools x.\n   Use HPX to reduce in parallel.  Assume HPX has already been initialized.\n   Example:\n\n   input: [false, false, false, true]\n   output: true\n*/\nbool reduceLogicalXOR(std::vector<bool> const& x) {",25_reduce_xor,reduce,cpp,hpx,0.2,0.95,True,2048,False,"bool reduceLogicalXOR(std::vector<bool> const& x) {\n        \n        // Create an HPX parallel execution policy\n        hpx::parallel::execution::parallel_executor exec;\n\n        // Use the HPX parallel_reduce algorithm to compute the logical XOR reduction\n        bool result = hpx::parallel::reduce(exec, x.begin(), x.end(), false,\n            [](bool a, bool b) { return a ^ b; });\n\n        return result;\n}",False,True,,6,-91844608,13557.0,0.94,13557.0,0.47,4.0867884159088135
"#include <hpx/hpx_main.hpp>\n\n/* Return the logical XOR reduction of the vector of bools x.\n   Use HPX to reduce in parallel.  Assume HPX has already been initialized.\n   Example:\n\n   input: [false, false, false, true]\n   output: true\n*/\nbool reduceLogicalXOR(std::vector<bool> const& x) {",25_reduce_xor,reduce,cpp,hpx,0.2,0.95,True,2048,False,"bool reduceLogicalXOR(std::vector<bool> const& x) {\n        \n        // Create an HPX parallel execution policy\n        hpx::parallel::execution::parallel_executor exec;\n\n        // Use the HPX parallel_reduce function to compute the logical XOR of the vector\n        bool result = hpx::parallel::reduce(exec, x.begin(), x.end(), false,\n            [](bool a, bool b) { return a ^ b; });\n\n        return result;\n}",False,True,,7,-56553472,13557.0,0.0,13557.0,0.0,2.048853874206543
"#include <hpx/hpx_main.hpp>\n\n/* Return the logical XOR reduction of the vector of bools x.\n   Use HPX to reduce in parallel.  Assume HPX has already been initialized.\n   Example:\n\n   input: [false, false, false, true]\n   output: true\n*/\nbool reduceLogicalXOR(std::vector<bool> const& x) {",25_reduce_xor,reduce,cpp,hpx,0.2,0.95,True,2048,False,"bool reduceLogicalXOR(std::vector<bool> const& x) {\n        \n        // Create a vector of bools to hold the results of the reduction\n        std::vector<bool> result(1, false);\n\n        // Use HPX to parallelize the reduction\n        hpx::parallel::reduce(hpx::parallel::execution::par, x.begin(), x.end(), result.begin(),\n            [](bool a, bool b) { return a ^ b; });\n\n        // Return the result of the reduction\n        return result[0];\n}",False,True,,8,-75493376,13557.0,0.0,13557.0,0.0,2.044926404953003
"#include <hpx/hpx_main.hpp>\n\n/* Return the logical XOR reduction of the vector of bools x.\n   Use HPX to reduce in parallel.  Assume HPX has already been initialized.\n   Example:\n\n   input: [false, false, false, true]\n   output: true\n*/\nbool reduceLogicalXOR(std::vector<bool> const& x) {",25_reduce_xor,reduce,cpp,hpx,0.2,0.95,True,2048,False,"bool reduceLogicalXOR(std::vector<bool> const& x) {\n        \n        // Initialize the HPX runtime\n        hpx::init(nullptr, argc, argv);\n\n        // Create an HPX parallel execution policy\n        hpx::parallel::execution::parallel_executor exec;\n\n        // Use the HPX parallel_reduce function to perform the logical XOR reduction\n        bool result = hpx::parallel::reduce(exec, x.begin(), x.end(), false,\n            [](bool a, bool b) { return a ^ b; });\n\n        // Shutdown the HPX runtime\n        hpx::finalize();\n\n        return result;\n}",False,True,,9,-129146880,13557.0,0.94,13557.0,0.47,4.099868059158325
"#include <hpx/hpx_main.hpp>\n\n/* Return the logical XOR reduction of the vector of bools x.\n   Use HPX to reduce in parallel.  Assume HPX has already been initialized.\n   Example:\n\n   input: [false, false, false, true]\n   output: true\n*/\nbool reduceLogicalXOR(std::vector<bool> const& x) {",25_reduce_xor,reduce,cpp,hpx,0.2,0.95,True,2048,False,"bool reduceLogicalXOR(std::vector<bool> const& x) {\n        \n        // Create an HPX parallel execution policy\n        hpx::parallel::execution::parallel_executor exec;\n\n        // Use the HPX parallel reduction to compute the logical XOR\n        bool result = hpx::parallel::reduce(exec, x.begin(), x.end(), false,\n            [](bool a, bool b) { return a ^ b; });\n\n        return result;\n}",False,True,,10,-82968576,13557.0,0.0,13557.0,0.0,2.049994468688965
"#include <hpx/hpx_main.hpp>\n\n/* Return the logical XOR reduction of the vector of bools x.\n   Use HPX to reduce in parallel.  Assume HPX has already been initialized.\n   Example:\n\n   input: [false, false, false, true]\n   output: true\n*/\nbool reduceLogicalXOR(std::vector<bool> const& x) {",25_reduce_xor,reduce,cpp,hpx,0.2,0.95,True,2048,False,"bool reduceLogicalXOR(std::vector<bool> const& x) {\n        \n        // Create an HPX parallel execution policy\n        hpx::parallel::execution::parallel_executor exec;\n\n        // Use the HPX parallel reduce to compute the logical XOR of the vector\n        bool result = hpx::parallel::reduce(exec, x.begin(), x.end(), false,\n            [](bool a, bool b) { return a ^ b; });\n\n        return result;\n}",False,True,,11,-27840512,13557.0,0.0,13557.0,0.0,2.0700228214263916
"#include <hpx/hpx_main.hpp>\n\n/* Return the logical XOR reduction of the vector of bools x.\n   Use HPX to reduce in parallel.  Assume HPX has already been initialized.\n   Example:\n\n   input: [false, false, false, true]\n   output: true\n*/\nbool reduceLogicalXOR(std::vector<bool> const& x) {",25_reduce_xor,reduce,cpp,hpx,0.2,0.95,True,2048,False,"bool reduceLogicalXOR(std::vector<bool> const& x) {\n        \n        // Create an HPX parallel execution policy\n        hpx::parallel::execution::parallel_executor exec;\n\n        // Use HPX's reduce_all function to perform the logical XOR reduction\n        bool result = hpx::parallel::reduce_all(exec, x.begin(), x.end(), std::logical_xor<bool>());\n\n        return result;\n}",False,True,,12,-74752000,13557.0,0.0,13557.0,0.0,2.044044017791748
"#include <hpx/hpx_main.hpp>\n\n/* Return the logical XOR reduction of the vector of bools x.\n   Use HPX to reduce in parallel.  Assume HPX has already been initialized.\n   Example:\n\n   input: [false, false, false, true]\n   output: true\n*/\nbool reduceLogicalXOR(std::vector<bool> const& x) {",25_reduce_xor,reduce,cpp,hpx,0.2,0.95,True,2048,False,"bool reduceLogicalXOR(std::vector<bool> const& x) {\n        \n        // Create a vector of bools to hold the results of the reduction\n        std::vector<bool> result(1, false);\n\n        // Use HPX to parallelize the reduction\n        hpx::parallel::reduce(hpx::parallel::execution::par, x.begin(), x.end(), result.begin(),\n            [](bool a, bool b) { return a ^ b; });\n\n        // Return the result\n        return result[0];\n}",False,True,,13,-52760576,13557.0,0.0,13557.0,0.0,2.044682741165161
"#include <hpx/hpx_main.hpp>\n\n/* Return the logical XOR reduction of the vector of bools x.\n   Use HPX to reduce in parallel.  Assume HPX has already been initialized.\n   Example:\n\n   input: [false, false, false, true]\n   output: true\n*/\nbool reduceLogicalXOR(std::vector<bool> const& x) {",25_reduce_xor,reduce,cpp,hpx,0.2,0.95,True,2048,False,"bool reduceLogicalXOR(std::vector<bool> const& x) {\n        \n        // Use HPX's parallel_reduce function to perform the logical XOR reduction.\n        // The initial value of the reduction is false, and the reduction operation is the logical XOR.\n        // The function hpx::parallel::reduce will return the final result of the reduction.\n        return hpx::parallel::reduce(hpx::parallel::execution::par, x.begin(), x.end(), false,\n            [](bool a, bool b) { return a ^ b; });\n}",False,True,,14,-104648704,13557.0,0.94,13557.0,0.47,4.0872907638549805
"#include <hpx/hpx_main.hpp>\n\n/* Return the logical XOR reduction of the vector of bools x.\n   Use HPX to reduce in parallel.  Assume HPX has already been initialized.\n   Example:\n\n   input: [false, false, false, true]\n   output: true\n*/\nbool reduceLogicalXOR(std::vector<bool> const& x) {",25_reduce_xor,reduce,cpp,hpx,0.2,0.95,True,2048,False,"bool reduceLogicalXOR(std::vector<bool> const& x) {\n        \n        // Create a vector of bools to hold the results of the reduction\n        std::vector<bool> result(1, false);\n\n        // Use HPX to parallelize the reduction\n        hpx::parallel::reduce(hpx::parallel::execution::par, x.begin(), x.end(), result.begin(),\n            [](bool a, bool b) { return a ^ b; });\n\n        // Return the result of the reduction\n        return result[0];\n}",False,True,,15,-196481024,13557.0,0.94,13557.0,0.47,4.09167742729187
"#include <hpx/hpx_main.hpp>\n\n/* Return the logical XOR reduction of the vector of bools x.\n   Use HPX to reduce in parallel.  Assume HPX has already been initialized.\n   Example:\n\n   input: [false, false, false, true]\n   output: true\n*/\nbool reduceLogicalXOR(std::vector<bool> const& x) {",25_reduce_xor,reduce,cpp,hpx,0.2,0.95,True,2048,False,"bool reduceLogicalXOR(std::vector<bool> const& x) {\n        \n        // Create an HPX parallel execution policy\n        hpx::parallel::execution::parallel_executor exec;\n\n        // Use the HPX parallel reduction to compute the logical XOR of the vector\n        bool result = hpx::parallel::reduce(exec, x.begin(), x.end(), false,\n            [](bool a, bool b) { return a ^ b; });\n\n        return result;\n}",False,True,,16,-21970944,13557.0,0.94,13557.0,0.47,4.089942216873169
"#include <hpx/hpx_main.hpp>\n\n/* Return the logical XOR reduction of the vector of bools x.\n   Use HPX to reduce in parallel.  Assume HPX has already been initialized.\n   Example:\n\n   input: [false, false, false, true]\n   output: true\n*/\nbool reduceLogicalXOR(std::vector<bool> const& x) {",25_reduce_xor,reduce,cpp,hpx,0.2,0.95,True,2048,False,"bool reduceLogicalXOR(std::vector<bool> const& x) {\n        \n        // Create an HPX parallel execution policy\n        hpx::parallel::execution::parallel_executor exec;\n\n        // Use the HPX parallel_reduce function to perform the logical XOR reduction\n        bool result = hpx::parallel::reduce(exec, x.begin(), x.end(), false,\n            [](bool a, bool b) { return a ^ b; });\n\n        return result;\n}",False,True,,17,-44871680,13557.0,0.0,13557.0,0.0,2.04304838180542
"#include <hpx/hpx_main.hpp>\n\n/* Return the logical XOR reduction of the vector of bools x.\n   Use HPX to reduce in parallel.  Assume HPX has already been initialized.\n   Example:\n\n   input: [false, false, false, true]\n   output: true\n*/\nbool reduceLogicalXOR(std::vector<bool> const& x) {",25_reduce_xor,reduce,cpp,hpx,0.2,0.95,True,2048,False,"bool reduceLogicalXOR(std::vector<bool> const& x) {\n        \n        // Create a vector of bools to store the results of the reduction\n        std::vector<bool> result(1, false);\n\n        // Use HPX to parallelize the reduction\n        hpx::parallel::reduce(hpx::parallel::execution::par, x.begin(), x.end(), result.begin(),\n            [](bool a, bool b) { return a ^ b; });\n\n        // Return the result of the reduction\n        return result[0];\n}",False,True,,18,-29802496,13557.0,0.94,13557.0,0.47,4.0887980461120605
"#include <hpx/hpx_main.hpp>\n\n/* Return the logical XOR reduction of the vector of bools x.\n   Use HPX to reduce in parallel.  Assume HPX has already been initialized.\n   Example:\n\n   input: [false, false, false, true]\n   output: true\n*/\nbool reduceLogicalXOR(std::vector<bool> const& x) {",25_reduce_xor,reduce,cpp,hpx,0.2,0.95,True,2048,False,"bool reduceLogicalXOR(std::vector<bool> const& x) {\n        \n        // Create an HPX parallel execution policy\n        hpx::parallel::execution::parallel_executor exec;\n\n        // Use the HPX parallel reduction to compute the XOR of the bools\n        bool result = hpx::parallel::reduce(exec, x.begin(), x.end(), false,\n            [](bool a, bool b) { return a ^ b; });\n\n        return result;\n}",False,True,,19,-21336064,13557.0,0.94,13557.0,0.47,4.087032318115234
"#include <hpx/hpx_main.hpp>\n\n/* Return the logical XOR reduction of the vector of bools x.\n   Use HPX to reduce in parallel.  Assume HPX has already been initialized.\n   Example:\n\n   input: [false, false, false, true]\n   output: true\n*/\nbool reduceLogicalXOR(std::vector<bool> const& x) {",25_reduce_xor,reduce,cpp,hpx,0.2,0.95,True,2048,False,"bool reduceLogicalXOR(std::vector<bool> const& x) {\n        \n        // Create a vector of bools to hold the results of the reduction\n        std::vector<bool> result(1, false);\n\n        // Use HPX to parallelize the reduction\n        hpx::parallel::reduce(\n            hpx::parallel::execution::par,\n            x.begin(), x.end(),\n            result.begin(),\n            [](bool a, bool b) { return a ^ b; }\n        );\n\n        // Return the result of the reduction\n        return result[0];\n}",False,True,,20,-22061056,13557.0,0.0,13557.0,0.0,2.043933629989624
"#include <hpx/hpx_main.hpp>\n\n/* Return the logical XOR reduction of the vector of bools x.\n   Use HPX to reduce in parallel.  Assume HPX has already been initialized.\n   Example:\n\n   input: [false, false, false, true]\n   output: true\n*/\nbool reduceLogicalXOR(std::vector<bool> const& x) {",25_reduce_xor,reduce,cpp,hpx,0.2,0.95,True,2048,False,"bool reduceLogicalXOR(std::vector<bool> const& x) {\n        \n        // Create a vector of bools to store the results of the reduction\n        std::vector<bool> result(1, false);\n\n        // Use HPX to parallelize the reduction\n        hpx::parallel::reduce(\n            hpx::parallel::execution::par,\n            x.begin(), x.end(),\n            result.begin(),\n            [](bool a, bool b) { return a ^ b; }\n        );\n\n        // Return the result of the reduction\n        return result[0];\n}",False,True,,21,-7856128,13557.0,0.81,13557.0,0.81,2.0448732376098633
"#include <hpx/hpx_main.hpp>\n\n/* Return the logical XOR reduction of the vector of bools x.\n   Use HPX to reduce in parallel.  Assume HPX has already been initialized.\n   Example:\n\n   input: [false, false, false, true]\n   output: true\n*/\nbool reduceLogicalXOR(std::vector<bool> const& x) {",25_reduce_xor,reduce,cpp,hpx,0.2,0.95,True,2048,False,"bool reduceLogicalXOR(std::vector<bool> const& x) {\n        \n        // Create an HPX parallel execution policy\n        hpx::parallel::execution::parallel_executor exec;\n\n        // Use the HPX parallel reduce function to compute the logical XOR of the vector\n        bool result = hpx::parallel::reduce(exec, x.begin(), x.end(), false,\n            [](bool a, bool b) { return a ^ b; });\n\n        return result;\n}",False,True,,22,14045184,13557.0,0.94,13557.0,0.94,2.0470314025878906
"#include <hpx/hpx_main.hpp>\n\n/* Return the logical XOR reduction of the vector of bools x.\n   Use HPX to reduce in parallel.  Assume HPX has already been initialized.\n   Example:\n\n   input: [false, false, false, true]\n   output: true\n*/\nbool reduceLogicalXOR(std::vector<bool> const& x) {",25_reduce_xor,reduce,cpp,hpx,0.2,0.95,True,2048,False,"bool reduceLogicalXOR(std::vector<bool> const& x) {\n        \n        // Create an HPX parallel execution policy\n        hpx::parallel::execution::parallel_executor exec;\n\n        // Use the HPX parallel reduction to compute the logical XOR of the vector\n        bool result = hpx::parallel::reduce(exec, x.begin(), x.end(), false,\n            [](bool a, bool b) { return a ^ b; });\n\n        return result;\n}",False,True,,23,18710528,13557.0,0.0,13557.0,0.0,2.0448997020721436
"#include <hpx/hpx_main.hpp>\n\n/* Return the logical XOR reduction of the vector of bools x.\n   Use HPX to reduce in parallel.  Assume HPX has already been initialized.\n   Example:\n\n   input: [false, false, false, true]\n   output: true\n*/\nbool reduceLogicalXOR(std::vector<bool> const& x) {",25_reduce_xor,reduce,cpp,hpx,0.2,0.95,True,2048,False,"bool reduceLogicalXOR(std::vector<bool> const& x) {\n        \n        // Create an HPX parallel execution policy\n        hpx::parallel::execution::parallel_executor exec;\n\n        // Use the HPX parallel reduction to compute the logical XOR of the vector\n        bool result = hpx::parallel::reduce(exec, x.begin(), x.end(), false,\n            [](bool a, bool b) { return a ^ b; });\n\n        return result;\n}",False,True,,24,-11718656,13557.0,0.0,13557.0,0.0,2.0450820922851562
"#include <hpx/hpx_main.hpp>\n\n/* Return the logical XOR reduction of the vector of bools x.\n   Use HPX to reduce in parallel.  Assume HPX has already been initialized.\n   Example:\n\n   input: [false, false, false, true]\n   output: true\n*/\nbool reduceLogicalXOR(std::vector<bool> const& x) {",25_reduce_xor,reduce,cpp,hpx,0.2,0.95,True,2048,False,"bool reduceLogicalXOR(std::vector<bool> const& x) {\n        \n        // Create a vector of bools to hold the results of the reduction\n        std::vector<bool> result(1, false);\n\n        // Use HPX to parallelize the reduction\n        hpx::parallel::reduce(hpx::parallel::execution::par,\n                              x.begin(), x.end(), result.begin(),\n                              [](bool a, bool b) { return a ^ b; });\n\n        // Return the result of the reduction\n        return result[0];\n}",False,True,,25,-59740160,13557.0,0.0,13557.0,0.0,2.044853925704956
"#include <hpx/hpx_main.hpp>\n\n/* Return the logical XOR reduction of the vector of bools x.\n   Use HPX to reduce in parallel.  Assume HPX has already been initialized.\n   Example:\n\n   input: [false, false, false, true]\n   output: true\n*/\nbool reduceLogicalXOR(std::vector<bool> const& x) {",25_reduce_xor,reduce,cpp,hpx,0.2,0.95,True,2048,False,"bool reduceLogicalXOR(std::vector<bool> const& x) {\n        \n        // Create an HPX parallel execution policy\n        hpx::parallel::execution::parallel_executor exec;\n\n        // Use the HPX parallel_reduce algorithm to compute the logical XOR reduction\n        bool result = hpx::parallel::reduce(exec, x.begin(), x.end(), false,\n            [](bool a, bool b) { return a ^ b; });\n\n        return result;\n}",False,True,,26,30146560,13557.0,0.93,13557.0,0.56,4.088922023773193
"#include <hpx/hpx_main.hpp>\n\n/* Return the logical XOR reduction of the vector of bools x.\n   Use HPX to reduce in parallel.  Assume HPX has already been initialized.\n   Example:\n\n   input: [false, false, false, true]\n   output: true\n*/\nbool reduceLogicalXOR(std::vector<bool> const& x) {",25_reduce_xor,reduce,cpp,hpx,0.2,0.95,True,2048,False,"bool reduceLogicalXOR(std::vector<bool> const& x) {\n        \n        // Create an HPX parallel execution policy\n        hpx::parallel::execution::parallel_executor exec;\n\n        // Use the HPX parallel reduce algorithm to compute the logical XOR of the vector\n        bool result = hpx::parallel::reduce(exec, x.begin(), x.end(), false,\n            [](bool a, bool b) { return a ^ b; });\n\n        return result;\n}",False,True,,27,-16191488,13557.0,0.0,13557.0,0.0,2.0450193881988525
"#include <hpx/hpx_main.hpp>\n\n/* Return the logical XOR reduction of the vector of bools x.\n   Use HPX to reduce in parallel.  Assume HPX has already been initialized.\n   Example:\n\n   input: [false, false, false, true]\n   output: true\n*/\nbool reduceLogicalXOR(std::vector<bool> const& x) {",25_reduce_xor,reduce,cpp,hpx,0.2,0.95,True,2048,False,"bool reduceLogicalXOR(std::vector<bool> const& x) {\n        \n        // Create an HPX parallel execution policy\n        hpx::parallel::execution::parallel_executor exec;\n\n        // Use the HPX parallel_reduce function to perform the XOR reduction\n        bool result = hpx::parallel::reduce(exec, x.begin(), x.end(), false,\n            [](bool a, bool b) { return a ^ b; });\n\n        return result;\n}",False,True,,28,41721856,13557.0,0.0,13557.0,0.0,2.043947696685791
"#include <hpx/hpx_main.hpp>\n\n/* Return the logical XOR reduction of the vector of bools x.\n   Use HPX to reduce in parallel.  Assume HPX has already been initialized.\n   Example:\n\n   input: [false, false, false, true]\n   output: true\n*/\nbool reduceLogicalXOR(std::vector<bool> const& x) {",25_reduce_xor,reduce,cpp,hpx,0.2,0.95,True,2048,False,"bool reduceLogicalXOR(std::vector<bool> const& x) {\n        \n        // Create an HPX parallel execution policy.\n        hpx::parallel::execution::parallel_executor exec;\n\n        // Use the HPX parallel reduce function to compute the logical XOR of the vector.\n        bool result = hpx::parallel::reduce(exec, x.begin(), x.end(), false,\n            [](bool a, bool b) { return a ^ b; });\n\n        return result;\n}",False,True,,29,6283264,13557.0,0.0,13557.0,0.0,2.0429458618164062
"#include <hpx/hpx_main.hpp>\n\n/* Return the logical XOR reduction of the vector of bools x.\n   Use HPX to reduce in parallel.  Assume HPX has already been initialized.\n   Example:\n\n   input: [false, false, false, true]\n   output: true\n*/\nbool reduceLogicalXOR(std::vector<bool> const& x) {",25_reduce_xor,reduce,cpp,hpx,0.2,0.95,True,2048,False,"bool reduceLogicalXOR(std::vector<bool> const& x) {\n        \n        // Create an HPX parallel execution policy\n        hpx::parallel::execution::parallel_executor exec;\n\n        // Use the HPX parallel reduce function to compute the logical XOR of the vector\n        bool result = hpx::parallel::reduce(exec, x.begin(), x.end(), false,\n            [](bool a, bool b) { return a ^ b; });\n\n        return result;\n}",False,True,,30,258048,13557.0,0.0,13557.0,0.0,2.0428943634033203
"#include <hpx/hpx_main.hpp>\n\n/* Return the logical XOR reduction of the vector of bools x.\n   Use HPX to reduce in parallel.  Assume HPX has already been initialized.\n   Example:\n\n   input: [false, false, false, true]\n   output: true\n*/\nbool reduceLogicalXOR(std::vector<bool> const& x) {",25_reduce_xor,reduce,cpp,hpx,0.2,0.95,True,2048,False,"bool reduceLogicalXOR(std::vector<bool> const& x) {\n        \n        // Create an HPX parallel execution policy\n        hpx::parallel::execution::parallel_executor exec;\n\n        // Use the HPX parallel reduce to compute the logical XOR of the vector\n        bool result = hpx::parallel::reduce(exec, x.begin(), x.end(), false,\n            [](bool a, bool b) { return a ^ b; });\n\n        return result;\n}",False,True,,31,-6287360,13557.0,0.0,13557.0,0.0,2.0451295375823975
"#include <hpx/hpx_main.hpp>\n\n/* Return the logical XOR reduction of the vector of bools x.\n   Use HPX to reduce in parallel.  Assume HPX has already been initialized.\n   Example:\n\n   input: [false, false, false, true]\n   output: true\n*/\nbool reduceLogicalXOR(std::vector<bool> const& x) {",25_reduce_xor,reduce,cpp,hpx,0.2,0.95,True,2048,False,"bool reduceLogicalXOR(std::vector<bool> const& x) {\n        \n        // Create an HPX parallel execution policy\n        hpx::parallel::execution::parallel_executor exec;\n\n        // Use the HPX parallel reduction to compute the logical XOR of the vector\n        bool result = hpx::parallel::reduce(exec, x.begin(), x.end(), false,\n            [](bool a, bool b) { return a ^ b; });\n\n        return result;\n}",False,True,,32,9105408,13557.0,0.0,13557.0,0.0,2.0458498001098633
"#include <hpx/hpx_main.hpp>\n\n/* Return the logical XOR reduction of the vector of bools x.\n   Use HPX to reduce in parallel.  Assume HPX has already been initialized.\n   Example:\n\n   input: [false, false, false, true]\n   output: true\n*/\nbool reduceLogicalXOR(std::vector<bool> const& x) {",25_reduce_xor,reduce,cpp,hpx,0.2,0.95,True,2048,False,"bool reduceLogicalXOR(std::vector<bool> const& x) {\n        \n        // Create an HPX parallel execution policy\n        hpx::parallel::execution::parallel_executor exec;\n\n        // Use the HPX parallel reduce function to compute the XOR of the bools\n        bool result = hpx::parallel::reduce(exec, x.begin(), x.end(), false, \n            [](bool a, bool b) { return a ^ b; });\n\n        return result;\n}",False,True,,33,-3842048,13557.0,0.0,13557.0,0.0,2.043839454650879
"#include <hpx/hpx_main.hpp>\n\n/* Return the logical XOR reduction of the vector of bools x.\n   Use HPX to reduce in parallel.  Assume HPX has already been initialized.\n   Example:\n\n   input: [false, false, false, true]\n   output: true\n*/\nbool reduceLogicalXOR(std::vector<bool> const& x) {",25_reduce_xor,reduce,cpp,hpx,0.2,0.95,True,2048,False,"bool reduceLogicalXOR(std::vector<bool> const& x) {\n        \n        // Create an HPX parallel execution policy\n        hpx::parallel::execution::parallel_executor exec;\n\n        // Use the HPX parallel_reduce algorithm to compute the logical XOR of the vector\n        bool result = hpx::parallel::reduce(exec, x.begin(), x.end(), false,\n            [](bool a, bool b) { return a ^ b; });\n\n        return result;\n}",False,True,,34,-17084416,13557.0,0.0,13557.0,0.0,2.0451223850250244
"#include <hpx/hpx_main.hpp>\n\n/* Return the logical XOR reduction of the vector of bools x.\n   Use HPX to reduce in parallel.  Assume HPX has already been initialized.\n   Example:\n\n   input: [false, false, false, true]\n   output: true\n*/\nbool reduceLogicalXOR(std::vector<bool> const& x) {",25_reduce_xor,reduce,cpp,hpx,0.2,0.95,True,2048,False,"bool reduceLogicalXOR(std::vector<bool> const& x) {\n        \n        // Create a vector of bools to hold the results of the reduction\n        std::vector<bool> result(1, false);\n\n        // Use HPX to parallelize the reduction\n        hpx::parallel::reduce(hpx::parallel::execution::par, x.begin(), x.end(), result.begin(),\n            [](bool a, bool b) { return a ^ b; });\n\n        // Return the result\n        return result[0];\n}",False,True,,35,14843904,13557.0,0.0,13557.0,0.0,2.042959213256836
"#include <hpx/hpx_main.hpp>\n\n/* Return the logical XOR reduction of the vector of bools x.\n   Use HPX to reduce in parallel.  Assume HPX has already been initialized.\n   Example:\n\n   input: [false, false, false, true]\n   output: true\n*/\nbool reduceLogicalXOR(std::vector<bool> const& x) {",25_reduce_xor,reduce,cpp,hpx,0.2,0.95,True,2048,False,"bool reduceLogicalXOR(std::vector<bool> const& x) {\n        \n        // Create an HPX parallel execution policy\n        hpx::parallel::execution::parallel_executor exec;\n\n        // Use the HPX parallel reduction to compute the logical XOR of the vector\n        bool result = hpx::parallel::reduce(exec, x.begin(), x.end(), false,\n            [](bool a, bool b) { return a ^ b; });\n\n        return result;\n}",False,True,,36,15622144,13557.0,0.0,13557.0,0.0,2.048696994781494
"#include <hpx/hpx_main.hpp>\n\n/* Return the logical XOR reduction of the vector of bools x.\n   Use HPX to reduce in parallel.  Assume HPX has already been initialized.\n   Example:\n\n   input: [false, false, false, true]\n   output: true\n*/\nbool reduceLogicalXOR(std::vector<bool> const& x) {",25_reduce_xor,reduce,cpp,hpx,0.2,0.95,True,2048,False,"bool reduceLogicalXOR(std::vector<bool> const& x) {\n        \n        // Create a vector of bools to hold the results of the reduction\n        std::vector<bool> result(1, false);\n\n        // Use HPX to parallelize the reduction\n        hpx::parallel::reduce(\n            hpx::parallel::execution::par,\n            x.begin(), x.end(),\n            result.begin(),\n            [](bool a, bool b) { return a ^ b; }\n        );\n\n        // Return the result of the reduction\n        return result[0];\n}",False,True,,37,-2826240,13557.0,0.0,13557.0,0.0,2.0421841144561768
"#include <hpx/hpx_main.hpp>\n\n/* Return the logical XOR reduction of the vector of bools x.\n   Use HPX to reduce in parallel.  Assume HPX has already been initialized.\n   Example:\n\n   input: [false, false, false, true]\n   output: true\n*/\nbool reduceLogicalXOR(std::vector<bool> const& x) {",25_reduce_xor,reduce,cpp,hpx,0.2,0.95,True,2048,False,"bool reduceLogicalXOR(std::vector<bool> const& x) {\n        \n        // Create an HPX parallel execution policy\n        hpx::parallel::execution::parallel_executor exec;\n\n        // Use the HPX parallel reduction to compute the logical XOR of the vector\n        bool result = hpx::parallel::reduce(exec, x.begin(), x.end(), false,\n            [](bool a, bool b) { return a ^ b; });\n\n        return result;\n}",False,True,,38,-51638272,13557.0,0.88,13557.0,0.88,2.0469353199005127
"#include <hpx/hpx_main.hpp>\n\n/* Return the logical XOR reduction of the vector of bools x.\n   Use HPX to reduce in parallel.  Assume HPX has already been initialized.\n   Example:\n\n   input: [false, false, false, true]\n   output: true\n*/\nbool reduceLogicalXOR(std::vector<bool> const& x) {",25_reduce_xor,reduce,cpp,hpx,0.2,0.95,True,2048,False,"bool reduceLogicalXOR(std::vector<bool> const& x) {\n        \n        // Create an HPX parallel execution policy.\n        hpx::parallel::execution::parallel_executor exec;\n\n        // Use the HPX parallel reduction to compute the logical XOR of the vector.\n        bool result = hpx::parallel::reduce(exec, x.begin(), x.end(), false,\n            [](bool a, bool b) { return a ^ b; });\n\n        return result;\n}",False,True,,39,-1835008,13557.0,0.0,13557.0,0.0,2.0450620651245117
"#include <hpx/hpx_main.hpp>\n\n/* Return the logical XOR reduction of the vector of bools x.\n   Use HPX to reduce in parallel.  Assume HPX has already been initialized.\n   Example:\n\n   input: [false, false, false, true]\n   output: true\n*/\nbool reduceLogicalXOR(std::vector<bool> const& x) {",25_reduce_xor,reduce,cpp,hpx,0.2,0.95,True,2048,False,"bool reduceLogicalXOR(std::vector<bool> const& x) {\n        \n        // Create a vector of bools to store the results of the reduction\n        std::vector<bool> result(1, false);\n\n        // Use HPX to parallelize the reduction\n        hpx::parallel::reduce(hpx::parallel::execution::par,\n                              x.begin(), x.end(), result.begin(),\n                              [](bool a, bool b) { return a ^ b; });\n\n        // Return the final result\n        return result[0];\n}",False,True,,40,22560768,13557.0,0.94,13557.0,0.47,4.08480429649353
"#include <hpx/hpx_main.hpp>\n\n/* Return the logical XOR reduction of the vector of bools x.\n   Use HPX to reduce in parallel.  Assume HPX has already been initialized.\n   Example:\n\n   input: [false, false, false, true]\n   output: true\n*/\nbool reduceLogicalXOR(std::vector<bool> const& x) {",25_reduce_xor,reduce,cpp,hpx,0.2,0.95,True,2048,False,"bool reduceLogicalXOR(std::vector<bool> const& x) {\n        \n        // Create an HPX parallel execution policy\n        hpx::parallel::execution::parallel_executor exec;\n\n        // Use the HPX parallel_reduce algorithm to compute the logical XOR reduction\n        bool result = hpx::parallel::reduce(exec, x.begin(), x.end(), false,\n            [](bool a, bool b) { return a ^ b; });\n\n        return result;\n}",False,True,,41,-11866112,13557.0,0.94,13557.0,0.47,4.086931467056274
"#include <hpx/hpx_main.hpp>\n\n/* Return the logical XOR reduction of the vector of bools x.\n   Use HPX to reduce in parallel.  Assume HPX has already been initialized.\n   Example:\n\n   input: [false, false, false, true]\n   output: true\n*/\nbool reduceLogicalXOR(std::vector<bool> const& x) {",25_reduce_xor,reduce,cpp,hpx,0.2,0.95,True,2048,False,"bool reduceLogicalXOR(std::vector<bool> const& x) {\n        \n        // Create an HPX parallel execution policy\n        hpx::parallel::execution::parallel_executor exec;\n\n        // Use the HPX parallel reduce function to compute the logical XOR of the vector\n        bool result = hpx::parallel::reduce(exec, x.begin(), x.end(), false,\n            [](bool a, bool b) { return a ^ b; });\n\n        return result;\n}",False,True,,42,4943872,13557.0,0.0,13557.0,0.0,2.0418076515197754
"#include <hpx/hpx_main.hpp>\n\n/* Return the logical XOR reduction of the vector of bools x.\n   Use HPX to reduce in parallel.  Assume HPX has already been initialized.\n   Example:\n\n   input: [false, false, false, true]\n   output: true\n*/\nbool reduceLogicalXOR(std::vector<bool> const& x) {",25_reduce_xor,reduce,cpp,hpx,0.2,0.95,True,2048,False,"bool reduceLogicalXOR(std::vector<bool> const& x) {\n        \n        // Create an HPX parallel execution policy\n        hpx::parallel::execution::parallel_executor exec;\n\n        // Use the HPX parallel reduce to compute the XOR of the vector\n        bool result = hpx::parallel::reduce(exec, x.begin(), x.end(), false,\n            [](bool a, bool b) { return a ^ b; });\n\n        return result;\n}",False,True,,43,-2506752,13557.0,0.94,13557.0,0.47,4.091083526611328
"#include <hpx/hpx_main.hpp>\n\n/* Return the logical XOR reduction of the vector of bools x.\n   Use HPX to reduce in parallel.  Assume HPX has already been initialized.\n   Example:\n\n   input: [false, false, false, true]\n   output: true\n*/\nbool reduceLogicalXOR(std::vector<bool> const& x) {",25_reduce_xor,reduce,cpp,hpx,0.2,0.95,True,2048,False,"bool reduceLogicalXOR(std::vector<bool> const& x) {\n        \n        // Create an HPX parallel execution policy\n        hpx::parallel::execution::parallel_executor exec;\n\n        // Use the HPX parallel_reduce algorithm to compute the logical XOR of the vector\n        bool result = hpx::parallel::reduce(exec, x.begin(), x.end(), false,\n            [](bool a, bool b) { return a ^ b; });\n\n        return result;\n}",False,True,,44,2646016,13597.0,0.0,13597.0,0.0,2.0498359203338623
"#include <hpx/hpx_main.hpp>\n\n/* Return the logical XOR reduction of the vector of bools x.\n   Use HPX to reduce in parallel.  Assume HPX has already been initialized.\n   Example:\n\n   input: [false, false, false, true]\n   output: true\n*/\nbool reduceLogicalXOR(std::vector<bool> const& x) {",25_reduce_xor,reduce,cpp,hpx,0.2,0.95,True,2048,False,"bool reduceLogicalXOR(std::vector<bool> const& x) {\n        \n        // Create a vector of bools to hold the results of the reduction\n        std::vector<bool> result(1, false);\n\n        // Use HPX to parallelize the reduction\n        hpx::parallel::reduce(\n            hpx::parallel::execution::par,\n            x.begin(), x.end(),\n            result.begin(),\n            [](bool a, bool b) { return a ^ b; }\n        );\n\n        // Return the final result\n        return result[0];\n}",False,True,,45,2301952,13597.0,0.0,13597.0,0.0,2.043048620223999
"#include <hpx/hpx_main.hpp>\n\n/* Return the logical XOR reduction of the vector of bools x.\n   Use HPX to reduce in parallel.  Assume HPX has already been initialized.\n   Example:\n\n   input: [false, false, false, true]\n   output: true\n*/\nbool reduceLogicalXOR(std::vector<bool> const& x) {",25_reduce_xor,reduce,cpp,hpx,0.2,0.95,True,2048,False,"bool reduceLogicalXOR(std::vector<bool> const& x) {\n        \n        // Create an HPX parallel execution policy\n        hpx::parallel::execution::parallel_executor exec;\n\n        // Use the HPX parallel reduce function to compute the logical XOR of the vector\n        bool result = hpx::parallel::reduce(exec, x.begin(), x.end(), false,\n            [](bool a, bool b) { return a ^ b; });\n\n        return result;\n}",False,True,,46,-17260544,13597.0,0.62,13597.0,0.62,2.042978048324585
"#include <hpx/hpx_main.hpp>\n\n/* Return the logical XOR reduction of the vector of bools x.\n   Use HPX to reduce in parallel.  Assume HPX has already been initialized.\n   Example:\n\n   input: [false, false, false, true]\n   output: true\n*/\nbool reduceLogicalXOR(std::vector<bool> const& x) {",25_reduce_xor,reduce,cpp,hpx,0.2,0.95,True,2048,False,"bool reduceLogicalXOR(std::vector<bool> const& x) {\n        \n        // Create an HPX parallel execution policy\n        hpx::parallel::execution::parallel_executor exec;\n\n        // Use the HPX parallel reduction to compute the logical XOR of the vector\n        bool result = hpx::parallel::reduce(exec, x.begin(), x.end(), false,\n            [](bool a, bool b) { return a ^ b; });\n\n        return result;\n}",False,True,,47,12271616,13597.0,0.0,13597.0,0.0,2.0448689460754395
"#include <hpx/hpx_main.hpp>\n\n/* Return the logical XOR reduction of the vector of bools x.\n   Use HPX to reduce in parallel.  Assume HPX has already been initialized.\n   Example:\n\n   input: [false, false, false, true]\n   output: true\n*/\nbool reduceLogicalXOR(std::vector<bool> const& x) {",25_reduce_xor,reduce,cpp,hpx,0.2,0.95,True,2048,False,"bool reduceLogicalXOR(std::vector<bool> const& x) {\n        \n        // Create an HPX parallel execution policy.\n        hpx::parallel::execution::parallel_executor exec;\n\n        // Use the HPX parallel_reduce function to perform the logical XOR reduction.\n        bool result = hpx::parallel::reduce(exec, x.begin(), x.end(), false,\n            [](bool a, bool b) { return a ^ b; });\n\n        return result;\n}",False,True,,48,-4722688,13597.0,0.0,13597.0,0.0,2.043062925338745
"#include <hpx/hpx_main.hpp>\n\n/* Return the logical XOR reduction of the vector of bools x.\n   Use HPX to reduce in parallel.  Assume HPX has already been initialized.\n   Example:\n\n   input: [false, false, false, true]\n   output: true\n*/\nbool reduceLogicalXOR(std::vector<bool> const& x) {",25_reduce_xor,reduce,cpp,hpx,0.2,0.95,True,2048,False,"bool reduceLogicalXOR(std::vector<bool> const& x) {\n        \n        // Initialize the HPX runtime\n        hpx::init(nullptr, argc, argv);\n\n        // Create a vector of bools\n        std::vector<bool> x = {false, false, false, true};\n\n        // Create a vector of bools to hold the results\n        std::vector<bool> results(x.size());\n\n        // Use HPX to parallelize the reduction\n        hpx::parallel::reduce(hpx::parallel::execution::par, x.begin(), x.end(), results.begin(),\n            [](bool a, bool b) { return a ^ b; });\n\n        // Return the result\n        return results[0];\n\n        // Shutdown the HPX runtime\n        hpx::finalize();\n}",False,True,,49,-62713856,13597.0,0.93,13597.0,0.465,4.088869333267212
"#include <hpx/hpx_main.hpp>\n\n/* Return the logical XOR reduction of the vector of bools x.\n   Use HPX to reduce in parallel.  Assume HPX has already been initialized.\n   Example:\n\n   input: [false, false, false, true]\n   output: true\n*/\nbool reduceLogicalXOR(std::vector<bool> const& x) {",25_reduce_xor,reduce,cpp,hpx,0.2,0.95,True,2048,False,"bool reduceLogicalXOR(std::vector<bool> const& x) {\n        \n        // Create an HPX parallel execution policy.\n        hpx::parallel::execution::parallel_executor exec;\n\n        // Use the HPX parallel reduction to compute the logical XOR of the vector.\n        bool result = hpx::parallel::reduce(exec, x.begin(), x.end(), false,\n            [](bool a, bool b) { return a ^ b; });\n\n        return result;\n}",False,True,,50,36339712,13597.0,0.0,13597.0,0.0,2.0479702949523926
"#include <hpx/hpx_main.hpp>\n\n/* Return the logical XOR reduction of the vector of bools x.\n   Use HPX to reduce in parallel.  Assume HPX has already been initialized.\n   Example:\n\n   input: [false, false, false, true]\n   output: true\n*/\nbool reduceLogicalXOR(std::vector<bool> const& x) {",25_reduce_xor,reduce,cpp,hpx,0.2,0.95,True,2048,False,"bool reduceLogicalXOR(std::vector<bool> const& x) {\n        \n        // Create an HPX parallel execution policy\n        hpx::parallel::execution::parallel_executor exec;\n\n        // Use the HPX parallel reduce function to compute the logical XOR of the vector\n        bool result = hpx::parallel::reduce(exec, x.begin(), x.end(), false,\n            [](bool a, bool b) { return a ^ b; });\n\n        return result;\n}",False,True,,51,-5902336,13597.0,0.0,13597.0,0.0,2.045962333679199
"#include <hpx/hpx_main.hpp>\n\n/* Return the logical XOR reduction of the vector of bools x.\n   Use HPX to reduce in parallel.  Assume HPX has already been initialized.\n   Example:\n\n   input: [false, false, false, true]\n   output: true\n*/\nbool reduceLogicalXOR(std::vector<bool> const& x) {",25_reduce_xor,reduce,cpp,hpx,0.2,0.95,True,2048,False,"bool reduceLogicalXOR(std::vector<bool> const& x) {\n        \n        // Create an HPX parallel execution policy\n        hpx::parallel::execution::parallel_executor exec;\n\n        // Use the HPX parallel reduce algorithm to compute the logical XOR of the vector\n        bool result = hpx::parallel::reduce(exec, x.begin(), x.end(), false,\n            [](bool a, bool b) { return a ^ b; });\n\n        return result;\n}",False,True,,52,29138944,13597.0,0.0,13597.0,0.0,2.045118570327759
"#include <hpx/hpx_main.hpp>\n\n/* Return the logical XOR reduction of the vector of bools x.\n   Use HPX to reduce in parallel.  Assume HPX has already been initialized.\n   Example:\n\n   input: [false, false, false, true]\n   output: true\n*/\nbool reduceLogicalXOR(std::vector<bool> const& x) {",25_reduce_xor,reduce,cpp,hpx,0.2,0.95,True,2048,False,"bool reduceLogicalXOR(std::vector<bool> const& x) {\n        \n        // Create a vector of bools to hold the results of the reduction\n        std::vector<bool> result(1, false);\n\n        // Use HPX to parallelize the reduction\n        hpx::parallel::reduce(hpx::parallel::execution::par, x.begin(), x.end(), result.begin(),\n            [](bool a, bool b) { return a ^ b; });\n\n        // Return the result of the reduction\n        return result[0];\n}",False,True,,53,25772032,13597.0,0.0,13597.0,0.0,2.0428364276885986
"#include <hpx/hpx_main.hpp>\n\n/* Return the logical XOR reduction of the vector of bools x.\n   Use HPX to reduce in parallel.  Assume HPX has already been initialized.\n   Example:\n\n   input: [false, false, false, true]\n   output: true\n*/\nbool reduceLogicalXOR(std::vector<bool> const& x) {",25_reduce_xor,reduce,cpp,hpx,0.2,0.95,True,2048,False,"bool reduceLogicalXOR(std::vector<bool> const& x) {\n        \n        // Create a vector of bools to hold the results of the reduction\n        std::vector<bool> result(1, false);\n\n        // Use HPX to parallelize the reduction\n        hpx::parallel::reduce(hpx::parallel::execution::par,\n                              x.begin(), x.end(), result.begin(),\n                              [](bool a, bool b) { return a ^ b; });\n\n        // Return the final result\n        return result[0];\n}",False,True,,54,9261056,13597.0,0.0,13597.0,0.0,2.04388165473938
"#include <hpx/hpx_main.hpp>\n\n/* Return the logical XOR reduction of the vector of bools x.\n   Use HPX to reduce in parallel.  Assume HPX has already been initialized.\n   Example:\n\n   input: [false, false, false, true]\n   output: true\n*/\nbool reduceLogicalXOR(std::vector<bool> const& x) {",25_reduce_xor,reduce,cpp,hpx,0.2,0.95,True,2048,False,"bool reduceLogicalXOR(std::vector<bool> const& x) {\n        \n        // Use HPX's parallel_reduce function to perform the logical XOR reduction.\n        // The initial value is false, and the reduction operation is the logical XOR.\n        // The function std::logical_or is used to combine the results of the parallel_reduce function.\n        bool result = hpx::parallel::reduce(hpx::parallel::execution::par, x.begin(), x.end(), false,\n            [](bool a, bool b) { return a ^ b; });\n\n        return result;\n}",False,True,,55,733184,13597.0,0.0,13597.0,0.0,2.0468153953552246
"#include <hpx/hpx_main.hpp>\n\n/* Return the logical XOR reduction of the vector of bools x.\n   Use HPX to reduce in parallel.  Assume HPX has already been initialized.\n   Example:\n\n   input: [false, false, false, true]\n   output: true\n*/\nbool reduceLogicalXOR(std::vector<bool> const& x) {",25_reduce_xor,reduce,cpp,hpx,0.2,0.95,True,2048,False,"bool reduceLogicalXOR(std::vector<bool> const& x) {\n        \n        // Create a vector of bools to hold the results of the reduction\n        std::vector<bool> result(1, false);\n\n        // Use HPX to parallelize the reduction\n        hpx::parallel::reduce(\n            hpx::parallel::execution::par,\n            x.begin(), x.end(),\n            result.begin(),\n            [](bool a, bool b) { return a ^ b; }\n        );\n\n        // Return the result of the reduction\n        return result[0];\n}",False,True,,56,-10022912,13597.0,0.94,13597.0,0.9099999999999999,4.08615779876709
"#include <hpx/hpx_main.hpp>\n\n/* Return the logical XOR reduction of the vector of bools x.\n   Use HPX to reduce in parallel.  Assume HPX has already been initialized.\n   Example:\n\n   input: [false, false, false, true]\n   output: true\n*/\nbool reduceLogicalXOR(std::vector<bool> const& x) {",25_reduce_xor,reduce,cpp,hpx,0.2,0.95,True,2048,False,"bool reduceLogicalXOR(std::vector<bool> const& x) {\n        \n        // Create an HPX parallel execution policy\n        hpx::parallel::execution::parallel_executor exec;\n\n        // Use the HPX parallel_reduce function to compute the XOR of the vector\n        bool result = hpx::parallel::reduce(exec, x.begin(), x.end(), false,\n            [](bool a, bool b) { return a ^ b; });\n\n        return result;\n}",False,True,,57,-3215360,13597.0,0.0,13597.0,0.0,2.049851894378662
"#include <hpx/hpx_main.hpp>\n\n/* Return the logical XOR reduction of the vector of bools x.\n   Use HPX to reduce in parallel.  Assume HPX has already been initialized.\n   Example:\n\n   input: [false, false, false, true]\n   output: true\n*/\nbool reduceLogicalXOR(std::vector<bool> const& x) {",25_reduce_xor,reduce,cpp,hpx,0.2,0.95,True,2048,False,"bool reduceLogicalXOR(std::vector<bool> const& x) {\n        \n        // Create an HPX parallel execution policy\n        hpx::parallel::execution::parallel_executor exec;\n\n        // Use the HPX parallel reduction to compute the logical XOR\n        bool result = hpx::parallel::reduce(exec, x.begin(), x.end(), false,\n            [](bool a, bool b) { return a ^ b; });\n\n        return result;\n}",False,True,,58,11468800,13597.0,0.0,13597.0,0.0,2.0429697036743164
"#include <hpx/hpx_main.hpp>\n\n/* Return the logical XOR reduction of the vector of bools x.\n   Use HPX to reduce in parallel.  Assume HPX has already been initialized.\n   Example:\n\n   input: [false, false, false, true]\n   output: true\n*/\nbool reduceLogicalXOR(std::vector<bool> const& x) {",25_reduce_xor,reduce,cpp,hpx,0.2,0.95,True,2048,False,"bool reduceLogicalXOR(std::vector<bool> const& x) {\n        \n        // Create an HPX parallel execution policy\n        hpx::parallel::execution::parallel_executor exec;\n\n        // Use the HPX parallel reduction to compute the logical XOR\n        bool result = hpx::parallel::reduce(exec, x.begin(), x.end(), false,\n            [](bool a, bool b) { return a ^ b; });\n\n        return result;\n}",False,True,,59,-21540864,13597.0,0.0,13597.0,0.0,2.0699679851531982
"#include <hpx/hpx_main.hpp>\n\n/* Return the logical XOR reduction of the vector of bools x.\n   Use HPX to reduce in parallel.  Assume HPX has already been initialized.\n   Example:\n\n   input: [false, false, false, true]\n   output: true\n*/\nbool reduceLogicalXOR(std::vector<bool> const& x) {",25_reduce_xor,reduce,cpp,hpx,0.2,0.95,True,2048,False,"bool reduceLogicalXOR(std::vector<bool> const& x) {\n        \n        // Initialize the HPX runtime\n        hpx::init();\n\n        // Create an HPX parallel execution policy\n        hpx::parallel::execution::parallel_executor exec;\n\n        // Use the HPX parallel reduction to compute the logical XOR\n        bool result = hpx::parallel::reduce(exec, x.begin(), x.end(), false,\n            [](bool a, bool b) { return a ^ b; });\n\n        // Shutdown the HPX runtime\n        hpx::finalize();\n\n        return result;\n}",False,True,,60,10248192,13597.0,0.0,13597.0,0.0,2.0446527004241943
"#include <hpx/hpx_main.hpp>\n\n/* Return the logical XOR reduction of the vector of bools x.\n   Use HPX to reduce in parallel.  Assume HPX has already been initialized.\n   Example:\n\n   input: [false, false, false, true]\n   output: true\n*/\nbool reduceLogicalXOR(std::vector<bool> const& x) {",25_reduce_xor,reduce,cpp,hpx,0.2,0.95,True,2048,False,"bool reduceLogicalXOR(std::vector<bool> const& x) {\n        \n        // Create a vector of bools to store the results of the reduction\n        std::vector<bool> result(1, false);\n\n        // Use HPX to parallelize the reduction\n        hpx::parallel::reduce(hpx::parallel::execution::par,\n                              x.begin(), x.end(), result.begin(),\n                              [](bool a, bool b) { return a ^ b; });\n\n        // Return the final result\n        return result[0];\n}",False,True,,61,-71155712,13597.0,0.94,13597.0,0.94,4.090282440185547
"#include <hpx/hpx_main.hpp>\n\n/* Return the logical XOR reduction of the vector of bools x.\n   Use HPX to reduce in parallel.  Assume HPX has already been initialized.\n   Example:\n\n   input: [false, false, false, true]\n   output: true\n*/\nbool reduceLogicalXOR(std::vector<bool> const& x) {",25_reduce_xor,reduce,cpp,hpx,0.2,0.95,True,2048,False,"bool reduceLogicalXOR(std::vector<bool> const& x) {\n        \n        // Create an HPX parallel execution policy\n        hpx::parallel::execution::parallel_executor exec;\n\n        // Use the HPX parallel reduction to compute the logical XOR of the vector\n        bool result = hpx::parallel::reduce(exec, x.begin(), x.end(), false,\n            [](bool a, bool b) { return a ^ b; });\n\n        return result;\n}",False,True,,62,35102720,13597.0,0.0,13597.0,0.0,2.04581880569458
"#include <hpx/hpx_main.hpp>\n\n/* Return the logical XOR reduction of the vector of bools x.\n   Use HPX to reduce in parallel.  Assume HPX has already been initialized.\n   Example:\n\n   input: [false, false, false, true]\n   output: true\n*/\nbool reduceLogicalXOR(std::vector<bool> const& x) {",25_reduce_xor,reduce,cpp,hpx,0.2,0.95,True,2048,False,"bool reduceLogicalXOR(std::vector<bool> const& x) {\n        \n        // Create an HPX parallel execution policy\n        hpx::parallel::execution::parallel_executor exec;\n\n        // Use the HPX parallel reduction to compute the logical XOR\n        bool result = hpx::parallel::reduce(exec, x.begin(), x.end(), false,\n            [](bool a, bool b) { return a ^ b; });\n\n        return result;\n}",False,True,,63,8069120,13597.0,0.0,13597.0,0.0,2.0449881553649902
"#include <hpx/hpx_main.hpp>\n\n/* Return the logical XOR reduction of the vector of bools x.\n   Use HPX to reduce in parallel.  Assume HPX has already been initialized.\n   Example:\n\n   input: [false, false, false, true]\n   output: true\n*/\nbool reduceLogicalXOR(std::vector<bool> const& x) {",25_reduce_xor,reduce,cpp,hpx,0.2,0.95,True,2048,False,"bool reduceLogicalXOR(std::vector<bool> const& x) {\n        \n        // Create an HPX parallel execution policy\n        hpx::parallel::execution::parallel_executor exec;\n\n        // Use the HPX parallel reduce to compute the logical XOR of the vector\n        bool result = hpx::parallel::reduce(exec, x.begin(), x.end(), false,\n            [](bool a, bool b) { return a ^ b; });\n\n        return result;\n}",False,True,,64,-18690048,13597.0,0.94,13597.0,0.47,4.095964670181274
"#include <hpx/hpx_main.hpp>\n\n/* Return the logical XOR reduction of the vector of bools x.\n   Use HPX to reduce in parallel.  Assume HPX has already been initialized.\n   Example:\n\n   input: [false, false, false, true]\n   output: true\n*/\nbool reduceLogicalXOR(std::vector<bool> const& x) {",25_reduce_xor,reduce,cpp,hpx,0.2,0.95,True,2048,False,"bool reduceLogicalXOR(std::vector<bool> const& x) {\n        \n        // Create a vector of bools to hold the results of the reduction\n        std::vector<bool> result(1, false);\n\n        // Use HPX to parallelize the reduction\n        hpx::parallel::reduce(hpx::parallel::execution::par, x.begin(), x.end(), result.begin(),\n            [](bool a, bool b) { return a ^ b; });\n\n        // Return the result of the reduction\n        return result[0];\n}",False,True,,65,10919936,13597.0,0.94,13597.0,0.47,4.0850231647491455
"#include <hpx/hpx_main.hpp>\n\n/* Return the logical XOR reduction of the vector of bools x.\n   Use HPX to reduce in parallel.  Assume HPX has already been initialized.\n   Example:\n\n   input: [false, false, false, true]\n   output: true\n*/\nbool reduceLogicalXOR(std::vector<bool> const& x) {",25_reduce_xor,reduce,cpp,hpx,0.2,0.95,True,2048,False,"bool reduceLogicalXOR(std::vector<bool> const& x) {\n        \n        // Create an HPX parallel execution policy\n        hpx::parallel::execution::parallel_executor exec;\n\n        // Use the HPX parallel reduction to compute the logical XOR\n        bool result = hpx::parallel::reduce(exec, x.begin(), x.end(), false,\n            [](bool a, bool b) { return a ^ b; });\n\n        return result;\n}",False,True,,66,7876608,13597.0,0.0,13597.0,0.0,2.0488288402557373
"#include <hpx/hpx_main.hpp>\n\n/* Return the logical XOR reduction of the vector of bools x.\n   Use HPX to reduce in parallel.  Assume HPX has already been initialized.\n   Example:\n\n   input: [false, false, false, true]\n   output: true\n*/\nbool reduceLogicalXOR(std::vector<bool> const& x) {",25_reduce_xor,reduce,cpp,hpx,0.2,0.95,True,2048,False,"bool reduceLogicalXOR(std::vector<bool> const& x) {\n        \n        // Create an HPX parallel execution policy\n        hpx::parallel::execution::parallel_executor exec;\n\n        // Use the HPX parallel reduce to compute the logical XOR of the vector\n        bool result = hpx::parallel::reduce(exec, x.begin(), x.end(), false,\n            [](bool a, bool b) { return a ^ b; });\n\n        return result;\n}",False,True,,67,-6770688,13597.0,0.0,13597.0,0.0,2.042083501815796
"#include <hpx/hpx_main.hpp>\n\n/* Return the logical XOR reduction of the vector of bools x.\n   Use HPX to reduce in parallel.  Assume HPX has already been initialized.\n   Example:\n\n   input: [false, false, false, true]\n   output: true\n*/\nbool reduceLogicalXOR(std::vector<bool> const& x) {",25_reduce_xor,reduce,cpp,hpx,0.2,0.95,True,2048,False,"bool reduceLogicalXOR(std::vector<bool> const& x) {\n        \n        // Create an HPX parallel execution policy\n        hpx::parallel::execution::parallel_executor exec;\n\n        // Use the HPX parallel reduction to compute the logical XOR of the vector\n        bool result = hpx::parallel::reduce(exec, x.begin(), x.end(), false,\n            [](bool a, bool b) { return a ^ b; });\n\n        return result;\n}",False,True,,68,1597440,13597.0,0.0,13597.0,0.0,2.0449535846710205
"#include <hpx/hpx_main.hpp>\n\n/* Return the logical XOR reduction of the vector of bools x.\n   Use HPX to reduce in parallel.  Assume HPX has already been initialized.\n   Example:\n\n   input: [false, false, false, true]\n   output: true\n*/\nbool reduceLogicalXOR(std::vector<bool> const& x) {",25_reduce_xor,reduce,cpp,hpx,0.2,0.95,True,2048,False,"bool reduceLogicalXOR(std::vector<bool> const& x) {\n        \n        // Create a vector of bools to store the results of the reduction\n        std::vector<bool> result(1, false);\n\n        // Use HPX to parallelize the reduction\n        hpx::parallel::reduce(hpx::parallel::execution::par, x.begin(), x.end(), result.begin(),\n            [](bool a, bool b) { return a ^ b; });\n\n        // Return the result of the reduction\n        return result[0];\n}",False,True,,69,-3227648,13597.0,0.0,13597.0,0.0,2.04293155670166
"#include <hpx/hpx_main.hpp>\n\n/* Return the logical XOR reduction of the vector of bools x.\n   Use HPX to reduce in parallel.  Assume HPX has already been initialized.\n   Example:\n\n   input: [false, false, false, true]\n   output: true\n*/\nbool reduceLogicalXOR(std::vector<bool> const& x) {",25_reduce_xor,reduce,cpp,hpx,0.2,0.95,True,2048,False,"bool reduceLogicalXOR(std::vector<bool> const& x) {\n        \n        // Create an HPX parallel execution policy\n        hpx::parallel::execution::parallel_executor exec;\n\n        // Use the HPX parallel reduce algorithm to compute the logical XOR of the vector\n        bool result = hpx::parallel::reduce(exec, x.begin(), x.end(), false,\n            [](bool a, bool b) { return a ^ b; });\n\n        return result;\n}",False,True,,70,-17915904,13597.0,0.06,13597.0,0.06,2.0490078926086426
"#include <hpx/hpx_main.hpp>\n\n/* Return the logical XOR reduction of the vector of bools x.\n   Use HPX to reduce in parallel.  Assume HPX has already been initialized.\n   Example:\n\n   input: [false, false, false, true]\n   output: true\n*/\nbool reduceLogicalXOR(std::vector<bool> const& x) {",25_reduce_xor,reduce,cpp,hpx,0.2,0.95,True,2048,False,"bool reduceLogicalXOR(std::vector<bool> const& x) {\n        \n        // Create an HPX parallel execution policy\n        hpx::parallel::execution::parallel_executor exec;\n\n        // Use the HPX parallel_reduce algorithm to compute the logical XOR reduction\n        bool result = hpx::parallel::reduce(exec, x.begin(), x.end(), false,\n            [](bool a, bool b) { return a ^ b; });\n\n        return result;\n}",False,True,,71,-28110848,13597.0,0.94,13597.0,0.47,4.088639497756958
"#include <hpx/hpx_main.hpp>\n\n/* Return the logical XOR reduction of the vector of bools x.\n   Use HPX to reduce in parallel.  Assume HPX has already been initialized.\n   Example:\n\n   input: [false, false, false, true]\n   output: true\n*/\nbool reduceLogicalXOR(std::vector<bool> const& x) {",25_reduce_xor,reduce,cpp,hpx,0.2,0.95,True,2048,False,"bool reduceLogicalXOR(std::vector<bool> const& x) {\n        \n        // Create a vector of bools to hold the results of the reduction\n        std::vector<bool> result(1, false);\n\n        // Use HPX to parallelize the reduction\n        hpx::parallel::reduce(hpx::parallel::execution::par, x.begin(), x.end(), result.begin(),\n            [](bool a, bool b) { return a ^ b; });\n\n        // Return the result of the reduction\n        return result[0];\n}",False,True,,72,40185856,13597.0,0.0,13597.0,0.0,2.0483407974243164
"#include <hpx/hpx_main.hpp>\n\n/* Return the logical XOR reduction of the vector of bools x.\n   Use HPX to reduce in parallel.  Assume HPX has already been initialized.\n   Example:\n\n   input: [false, false, false, true]\n   output: true\n*/\nbool reduceLogicalXOR(std::vector<bool> const& x) {",25_reduce_xor,reduce,cpp,hpx,0.2,0.95,True,2048,False,"bool reduceLogicalXOR(std::vector<bool> const& x) {\n        \n        // Create an HPX parallel execution policy\n        hpx::parallel::execution::parallel_executor exec;\n\n        // Use the HPX parallel_reduce algorithm to compute the logical XOR of the vector\n        bool result = hpx::parallel::reduce(exec, x.begin(), x.end(), false,\n            [](bool a, bool b) { return a ^ b; });\n\n        return result;\n}",False,True,,73,3026944,13597.0,0.0,13597.0,0.0,2.0448482036590576
"#include <hpx/hpx_main.hpp>\n\n/* Return the logical XOR reduction of the vector of bools x.\n   Use HPX to reduce in parallel.  Assume HPX has already been initialized.\n   Example:\n\n   input: [false, false, false, true]\n   output: true\n*/\nbool reduceLogicalXOR(std::vector<bool> const& x) {",25_reduce_xor,reduce,cpp,hpx,0.2,0.95,True,2048,False,"bool reduceLogicalXOR(std::vector<bool> const& x) {\n        \n        // Create an HPX parallel execution policy\n        hpx::parallel::execution::parallel_executor exec;\n\n        // Use the HPX parallel reduce function to compute the logical XOR of the vector\n        bool result = hpx::parallel::reduce(exec, x.begin(), x.end(), false,\n            [](bool a, bool b) { return a ^ b; });\n\n        return result;\n}",False,True,,74,-13574144,13597.0,0.0,13597.0,0.0,2.042905330657959
"#include <hpx/hpx_main.hpp>\n\n/* Return the logical XOR reduction of the vector of bools x.\n   Use HPX to reduce in parallel.  Assume HPX has already been initialized.\n   Example:\n\n   input: [false, false, false, true]\n   output: true\n*/\nbool reduceLogicalXOR(std::vector<bool> const& x) {",25_reduce_xor,reduce,cpp,hpx,0.2,0.95,True,2048,False,"bool reduceLogicalXOR(std::vector<bool> const& x) {\n        \n        // Create an HPX parallel execution policy\n        hpx::parallel::execution::parallel_executor exec;\n\n        // Use the HPX parallel_reduce function to perform the logical XOR reduction\n        bool result = hpx::parallel::reduce(exec, x.begin(), x.end(), false,\n            [](bool a, bool b) { return a ^ b; });\n\n        return result;\n}",False,True,,75,10846208,13597.0,0.04,13597.0,0.04,2.1260905265808105
"#include <hpx/hpx_main.hpp>\n\n/* Return the logical XOR reduction of the vector of bools x.\n   Use HPX to reduce in parallel.  Assume HPX has already been initialized.\n   Example:\n\n   input: [false, false, false, true]\n   output: true\n*/\nbool reduceLogicalXOR(std::vector<bool> const& x) {",25_reduce_xor,reduce,cpp,hpx,0.2,0.95,True,2048,False,"bool reduceLogicalXOR(std::vector<bool> const& x) {\n        \n        // Create a vector of bools to store the results of the reduction\n        std::vector<bool> result(1, false);\n\n        // Use HPX to parallelize the reduction\n        hpx::parallel::reduce(hpx::parallel::execution::par, x.begin(), x.end(), result.begin(),\n            [](bool a, bool b) { return a ^ b; });\n\n        // Return the result of the reduction\n        return result[0];\n}",False,True,,76,-5136384,13597.0,0.0,13597.0,0.0,2.042727470397949
"#include <hpx/hpx_main.hpp>\n\n/* Return the logical XOR reduction of the vector of bools x.\n   Use HPX to reduce in parallel.  Assume HPX has already been initialized.\n   Example:\n\n   input: [false, false, false, true]\n   output: true\n*/\nbool reduceLogicalXOR(std::vector<bool> const& x) {",25_reduce_xor,reduce,cpp,hpx,0.2,0.95,True,2048,False,"bool reduceLogicalXOR(std::vector<bool> const& x) {\n        \n        // Create a vector of bools to store the results of the reduction\n        std::vector<bool> result(1, false);\n\n        // Use HPX to parallelize the reduction\n        hpx::parallel::reduce(hpx::parallel::execution::par, x.begin(), x.end(), result.begin(),\n            [](bool a, bool b) { return a ^ b; });\n\n        // Return the result of the reduction\n        return result[0];\n}",False,True,,77,-16392192,13597.0,0.0,13597.0,0.0,2.045067310333252
"#include <hpx/hpx_main.hpp>\n\n/* Return the logical XOR reduction of the vector of bools x.\n   Use HPX to reduce in parallel.  Assume HPX has already been initialized.\n   Example:\n\n   input: [false, false, false, true]\n   output: true\n*/\nbool reduceLogicalXOR(std::vector<bool> const& x) {",25_reduce_xor,reduce,cpp,hpx,0.2,0.95,True,2048,False,"bool reduceLogicalXOR(std::vector<bool> const& x) {\n        \n        // Create a vector of bools to hold the results of the reduction\n        std::vector<bool> result(1, false);\n\n        // Use HPX to parallelize the reduction\n        hpx::parallel::reduce(hpx::parallel::execution::par, x.begin(), x.end(), result.begin(),\n            [](bool a, bool b) { return a ^ b; });\n\n        // Return the result of the reduction\n        return result[0];\n}",False,True,,78,24117248,13597.0,0.94,13597.0,0.47,4.086979866027832
"#include <hpx/hpx_main.hpp>\n\n/* Return the logical XOR reduction of the vector of bools x.\n   Use HPX to reduce in parallel.  Assume HPX has already been initialized.\n   Example:\n\n   input: [false, false, false, true]\n   output: true\n*/\nbool reduceLogicalXOR(std::vector<bool> const& x) {",25_reduce_xor,reduce,cpp,hpx,0.2,0.95,True,2048,False,"bool reduceLogicalXOR(std::vector<bool> const& x) {\n        \n        // Create an HPX parallel execution policy.\n        hpx::parallel::execution::parallel_executor exec;\n\n        // Use the HPX parallel_reduce algorithm to perform the logical XOR reduction.\n        bool result = hpx::parallel::reduce(exec, x.begin(), x.end(), false,\n            [](bool a, bool b) { return a ^ b; });\n\n        return result;\n}",False,True,,79,3407872,13597.0,0.0,13597.0,0.0,2.045896291732788
"#include <hpx/hpx_main.hpp>\n\n/* Return the logical XOR reduction of the vector of bools x.\n   Use HPX to reduce in parallel.  Assume HPX has already been initialized.\n   Example:\n\n   input: [false, false, false, true]\n   output: true\n*/\nbool reduceLogicalXOR(std::vector<bool> const& x) {",25_reduce_xor,reduce,cpp,hpx,0.2,0.95,True,2048,False,"bool reduceLogicalXOR(std::vector<bool> const& x) {\n        \n        // Create an HPX parallel execution policy\n        hpx::parallel::execution::parallel_executor exec;\n\n        // Use the HPX parallel_reduce function to perform the logical XOR reduction\n        bool result = hpx::parallel::reduce(exec, x.begin(), x.end(), false,\n            [](bool a, bool b) { return a ^ b; });\n\n        return result;\n}",False,True,,80,7045120,13597.0,0.0,13597.0,0.0,2.0457897186279297
"#include <hpx/hpx_main.hpp>\n\n/* Return the logical XOR reduction of the vector of bools x.\n   Use HPX to reduce in parallel.  Assume HPX has already been initialized.\n   Example:\n\n   input: [false, false, false, true]\n   output: true\n*/\nbool reduceLogicalXOR(std::vector<bool> const& x) {",25_reduce_xor,reduce,cpp,hpx,0.2,0.95,True,2048,False,"bool reduceLogicalXOR(std::vector<bool> const& x) {\n        \n        // Create a vector of bools to hold the results of the reduction.\n        std::vector<bool> result(1, false);\n\n        // Use HPX to parallelize the reduction.\n        hpx::parallel::reduce(hpx::parallel::execution::par, x.begin(), x.end(), result.begin(),\n            [](bool a, bool b) { return a ^ b; });\n\n        // Return the result of the reduction.\n        return result[0];\n}",False,True,,81,-7127040,13597.0,0.0,13597.0,0.0,2.042090892791748
"#include <hpx/hpx_main.hpp>\n\n/* Return the logical XOR reduction of the vector of bools x.\n   Use HPX to reduce in parallel.  Assume HPX has already been initialized.\n   Example:\n\n   input: [false, false, false, true]\n   output: true\n*/\nbool reduceLogicalXOR(std::vector<bool> const& x) {",25_reduce_xor,reduce,cpp,hpx,0.2,0.95,True,2048,False,"bool reduceLogicalXOR(std::vector<bool> const& x) {\n        \n        // Create an HPX parallel execution policy\n        hpx::parallel::execution::parallel_executor exec;\n\n        // Use the HPX parallel reduction to compute the logical XOR\n        bool result = hpx::parallel::reduce(exec, x.begin(), x.end(), false,\n            [](bool a, bool b) { return a ^ b; });\n\n        return result;\n}",False,True,,82,-4997120,13597.0,0.0,13597.0,0.0,2.0450847148895264
"#include <hpx/hpx_main.hpp>\n\n/* Return the logical XOR reduction of the vector of bools x.\n   Use HPX to reduce in parallel.  Assume HPX has already been initialized.\n   Example:\n\n   input: [false, false, false, true]\n   output: true\n*/\nbool reduceLogicalXOR(std::vector<bool> const& x) {",25_reduce_xor,reduce,cpp,hpx,0.2,0.95,True,2048,False,"bool reduceLogicalXOR(std::vector<bool> const& x) {\n        \n        // Create a vector of bools to store the results of the reduction\n        std::vector<bool> result(1, false);\n\n        // Use HPX to parallelize the reduction\n        hpx::parallel::reduce(hpx::parallel::execution::par, x.begin(), x.end(), result.begin(),\n            [](bool a, bool b) { return a ^ b; });\n\n        // Return the result of the reduction\n        return result[0];\n}",False,True,,83,-8097792,13597.0,0.0,13597.0,0.0,2.0458765029907227
"#include <hpx/hpx_main.hpp>\n\n/* Return the logical XOR reduction of the vector of bools x.\n   Use HPX to reduce in parallel.  Assume HPX has already been initialized.\n   Example:\n\n   input: [false, false, false, true]\n   output: true\n*/\nbool reduceLogicalXOR(std::vector<bool> const& x) {",25_reduce_xor,reduce,cpp,hpx,0.2,0.95,True,2048,False,"bool reduceLogicalXOR(std::vector<bool> const& x) {\n        \n        // Create an HPX parallel execution policy\n        hpx::parallel::execution::parallel_executor exec;\n\n        // Use the HPX parallel_reduce algorithm to compute the logical XOR of the vector\n        bool result = hpx::parallel::reduce(exec, x.begin(), x.end(), false,\n            [](bool a, bool b) { return a ^ b; });\n\n        return result;\n}",False,True,,84,-29552640,13597.0,0.12,13597.0,0.12,2.044893980026245
"#include <hpx/hpx_main.hpp>\n\n/* Return the logical XOR reduction of the vector of bools x.\n   Use HPX to reduce in parallel.  Assume HPX has already been initialized.\n   Example:\n\n   input: [false, false, false, true]\n   output: true\n*/\nbool reduceLogicalXOR(std::vector<bool> const& x) {",25_reduce_xor,reduce,cpp,hpx,0.2,0.95,True,2048,False,"bool reduceLogicalXOR(std::vector<bool> const& x) {\n        \n        // Create an HPX parallel execution policy.\n        hpx::parallel::execution::parallel_executor exec;\n\n        // Use the HPX parallel reduce function to compute the logical XOR of the vector.\n        bool result = hpx::parallel::reduce(exec, x.begin(), x.end(), false,\n            [](bool a, bool b) { return a ^ b; });\n\n        return result;\n}",False,True,,85,34975744,13597.0,0.0,13597.0,0.0,2.045974016189575
"#include <hpx/hpx_main.hpp>\n\n/* Return the logical XOR reduction of the vector of bools x.\n   Use HPX to reduce in parallel.  Assume HPX has already been initialized.\n   Example:\n\n   input: [false, false, false, true]\n   output: true\n*/\nbool reduceLogicalXOR(std::vector<bool> const& x) {",25_reduce_xor,reduce,cpp,hpx,0.2,0.95,True,2048,False,"bool reduceLogicalXOR(std::vector<bool> const& x) {\n        \n        // Create an HPX parallel execution policy\n        hpx::parallel::execution::parallel_executor exec;\n\n        // Use the HPX parallel reduction to compute the XOR of the bools\n        bool result = hpx::parallel::reduce(exec, x.begin(), x.end(), false,\n            [](bool a, bool b) { return a ^ b; });\n\n        // Return the result\n        return result;\n}",False,True,,86,-22028288,13597.0,0.0,13597.0,0.0,2.054020404815674
"#include <hpx/hpx_main.hpp>\n\n/* Return the logical XOR reduction of the vector of bools x.\n   Use HPX to reduce in parallel.  Assume HPX has already been initialized.\n   Example:\n\n   input: [false, false, false, true]\n   output: true\n*/\nbool reduceLogicalXOR(std::vector<bool> const& x) {",25_reduce_xor,reduce,cpp,hpx,0.2,0.95,True,2048,False,"bool reduceLogicalXOR(std::vector<bool> const& x) {\n        \n        // Create a vector of bools to hold the results of the reduction\n        std::vector<bool> result(1, false);\n\n        // Use HPX to parallelize the reduction\n        hpx::parallel::reduce(hpx::parallel::execution::par, x.begin(), x.end(), result.begin(),\n            [](bool a, bool b) { return a ^ b; });\n\n        // Return the final result\n        return result[0];\n}",False,True,,87,-1007616,13597.0,0.0,13597.0,0.0,2.043813943862915
"#include <hpx/hpx_main.hpp>\n\n/* Return the logical XOR reduction of the vector of bools x.\n   Use HPX to reduce in parallel.  Assume HPX has already been initialized.\n   Example:\n\n   input: [false, false, false, true]\n   output: true\n*/\nbool reduceLogicalXOR(std::vector<bool> const& x) {",25_reduce_xor,reduce,cpp,hpx,0.2,0.95,True,2048,False,"bool reduceLogicalXOR(std::vector<bool> const& x) {\n        \n        // Create an HPX parallel execution policy\n        hpx::parallel::execution::parallel_executor exec;\n\n        // Use the HPX parallel reduce function to calculate the logical XOR of the vector\n        bool result = hpx::parallel::reduce(exec, x.begin(), x.end(), false,\n            [](bool a, bool b) { return a ^ b; });\n\n        return result;\n}",False,True,,88,11853824,13597.0,0.0,13597.0,0.0,2.0450778007507324
"#include <hpx/hpx_main.hpp>\n\n/* Return the logical XOR reduction of the vector of bools x.\n   Use HPX to reduce in parallel.  Assume HPX has already been initialized.\n   Example:\n\n   input: [false, false, false, true]\n   output: true\n*/\nbool reduceLogicalXOR(std::vector<bool> const& x) {",25_reduce_xor,reduce,cpp,hpx,0.2,0.95,True,2048,False,"bool reduceLogicalXOR(std::vector<bool> const& x) {\n        \n        // Create an HPX parallel execution policy\n        hpx::parallel::execution::parallel_executor exec;\n\n        // Use the HPX parallel reduction to compute the logical XOR of the vector\n        bool result = hpx::parallel::reduce(exec, x.begin(), x.end(), false,\n            [](bool a, bool b) { return a ^ b; });\n\n        return result;\n}",False,True,,89,2818048,13597.0,0.94,13597.0,0.505,4.087021112442017
"#include <hpx/hpx_main.hpp>\n\n/* Return the logical XOR reduction of the vector of bools x.\n   Use HPX to reduce in parallel.  Assume HPX has already been initialized.\n   Example:\n\n   input: [false, false, false, true]\n   output: true\n*/\nbool reduceLogicalXOR(std::vector<bool> const& x) {",25_reduce_xor,reduce,cpp,hpx,0.2,0.95,True,2048,False,"bool reduceLogicalXOR(std::vector<bool> const& x) {\n        \n        // Create an HPX parallel execution policy\n        hpx::parallel::execution::parallel_executor exec;\n\n        // Use the HPX parallel reduce function to compute the logical XOR of the vector\n        bool result = hpx::parallel::reduce(exec, x.begin(), x.end(), false,\n            [](bool a, bool b) { return a ^ b; });\n\n        return result;\n}",False,True,,90,-11272192,13597.0,0.0,13597.0,0.0,2.044872999191284
"#include <hpx/hpx_main.hpp>\n\n/* Return the logical XOR reduction of the vector of bools x.\n   Use HPX to reduce in parallel.  Assume HPX has already been initialized.\n   Example:\n\n   input: [false, false, false, true]\n   output: true\n*/\nbool reduceLogicalXOR(std::vector<bool> const& x) {",25_reduce_xor,reduce,cpp,hpx,0.2,0.95,True,2048,False,"bool reduceLogicalXOR(std::vector<bool> const& x) {\n        \n        // Create an HPX parallel execution policy\n        hpx::parallel::execution::parallel_executor exec;\n\n        // Use the HPX parallel reduce function to compute the logical XOR\n        bool result = hpx::parallel::reduce(exec, x.begin(), x.end(), false,\n            [](bool a, bool b) { return a ^ b; });\n\n        return result;\n}",False,True,,91,22638592,13597.0,0.94,13597.0,0.47,4.084903001785278
"#include <hpx/hpx_main.hpp>\n\n/* Return the logical XOR reduction of the vector of bools x.\n   Use HPX to reduce in parallel.  Assume HPX has already been initialized.\n   Example:\n\n   input: [false, false, false, true]\n   output: true\n*/\nbool reduceLogicalXOR(std::vector<bool> const& x) {",25_reduce_xor,reduce,cpp,hpx,0.2,0.95,True,2048,False,"bool reduceLogicalXOR(std::vector<bool> const& x) {\n        \n        // Create an HPX parallel execution policy\n        hpx::parallel::execution::parallel_executor exec;\n\n        // Use the HPX parallel reduction to compute the logical XOR of the vector\n        bool result = hpx::parallel::reduce(exec, x.begin(), x.end(), false,\n            [](bool a, bool b) { return a ^ b; });\n\n        return result;\n}",False,True,,92,-5378048,13597.0,0.0,13597.0,0.0,2.044088840484619
"#include <hpx/hpx_main.hpp>\n\n/* Return the logical XOR reduction of the vector of bools x.\n   Use HPX to reduce in parallel.  Assume HPX has already been initialized.\n   Example:\n\n   input: [false, false, false, true]\n   output: true\n*/\nbool reduceLogicalXOR(std::vector<bool> const& x) {",25_reduce_xor,reduce,cpp,hpx,0.2,0.95,True,2048,False,"bool reduceLogicalXOR(std::vector<bool> const& x) {\n        \n        // Create an HPX parallel execution policy\n        hpx::parallel::execution::parallel_executor exec;\n\n        // Use the HPX parallel reduce to compute the logical XOR of the vector\n        bool result = hpx::parallel::reduce(exec, x.begin(), x.end(), false,\n            [](bool a, bool b) { return a ^ b; });\n\n        return result;\n}",False,True,,93,113262592,13597.0,0.0,13597.0,0.0,2.043853998184204
"#include <hpx/hpx_main.hpp>\n\n/* Return the logical XOR reduction of the vector of bools x.\n   Use HPX to reduce in parallel.  Assume HPX has already been initialized.\n   Example:\n\n   input: [false, false, false, true]\n   output: true\n*/\nbool reduceLogicalXOR(std::vector<bool> const& x) {",25_reduce_xor,reduce,cpp,hpx,0.2,0.95,True,2048,False,"bool reduceLogicalXOR(std::vector<bool> const& x) {\n        \n        // Create a vector of bools to store the results of the reduction\n        std::vector<bool> result(1, false);\n\n        // Use HPX to parallelize the reduction\n        hpx::parallel::reduce(hpx::parallel::execution::par,\n                              x.begin(), x.end(),\n                              result.begin(),\n                              [](bool a, bool b) { return a ^ b; });\n\n        // Return the result of the reduction\n        return result[0];\n}",False,True,,94,23277568,13597.0,0.0,13597.0,0.0,2.0997886657714844
"#include <hpx/hpx_main.hpp>\n\n/* Return the logical XOR reduction of the vector of bools x.\n   Use HPX to reduce in parallel.  Assume HPX has already been initialized.\n   Example:\n\n   input: [false, false, false, true]\n   output: true\n*/\nbool reduceLogicalXOR(std::vector<bool> const& x) {",25_reduce_xor,reduce,cpp,hpx,0.2,0.95,True,2048,False,"bool reduceLogicalXOR(std::vector<bool> const& x) {\n        \n        // Create an HPX parallel execution policy\n        hpx::parallel::execution::parallel_executor exec;\n\n        // Use the HPX parallel_reduce function to perform the logical XOR reduction\n        bool result = hpx::parallel::reduce(exec, x.begin(), x.end(), false,\n            [](bool a, bool b) { return a ^ b; });\n\n        return result;\n}",False,True,,95,-5230592,13597.0,0.7,13597.0,0.7,2.0460164546966553
"#include <hpx/hpx_main.hpp>\n\n/* Return the logical XOR reduction of the vector of bools x.\n   Use HPX to reduce in parallel.  Assume HPX has already been initialized.\n   Example:\n\n   input: [false, false, false, true]\n   output: true\n*/\nbool reduceLogicalXOR(std::vector<bool> const& x) {",25_reduce_xor,reduce,cpp,hpx,0.2,0.95,True,2048,False,"bool reduceLogicalXOR(std::vector<bool> const& x) {\n        \n        // Create an HPX parallel execution policy\n        hpx::parallel::execution::parallel_executor exec;\n\n        // Use the HPX parallel reduction to compute the logical XOR of the vector\n        bool result = hpx::parallel::reduce(exec, x.begin(), x.end(), false,\n            [](bool a, bool b) { return a ^ b; });\n\n        return result;\n}",False,True,,96,181112832,13597.0,0.0,13597.0,0.0,2.0490589141845703
"#include <hpx/hpx_main.hpp>\n\n/* Return the logical XOR reduction of the vector of bools x.\n   Use HPX to reduce in parallel.  Assume HPX has already been initialized.\n   Example:\n\n   input: [false, false, false, true]\n   output: true\n*/\nbool reduceLogicalXOR(std::vector<bool> const& x) {",25_reduce_xor,reduce,cpp,hpx,0.2,0.95,True,2048,False,"bool reduceLogicalXOR(std::vector<bool> const& x) {\n        \n        // Create an HPX parallel execution policy\n        hpx::parallel::execution::parallel_executor exec;\n\n        // Use the HPX parallel_reduce algorithm to compute the logical XOR of the vector\n        bool result = hpx::parallel::reduce(exec, x.begin(), x.end(), false,\n            [](bool a, bool b) { return a ^ b; });\n\n        return result;\n}",False,True,,97,315453440,13597.0,0.0,13597.0,0.0,2.047847032546997
"#include <hpx/hpx_main.hpp>\n\n/* Return the logical XOR reduction of the vector of bools x.\n   Use HPX to reduce in parallel.  Assume HPX has already been initialized.\n   Example:\n\n   input: [false, false, false, true]\n   output: true\n*/\nbool reduceLogicalXOR(std::vector<bool> const& x) {",25_reduce_xor,reduce,cpp,hpx,0.2,0.95,True,2048,False,"bool reduceLogicalXOR(std::vector<bool> const& x) {\n        \n        // Create a vector of bools to store the results of the reduction\n        std::vector<bool> result(1, false);\n\n        // Use HPX to parallelize the reduction\n        hpx::parallel::reduce(hpx::parallel::execution::par, x.begin(), x.end(), result.begin(),\n            [](bool a, bool b) { return a ^ b; });\n\n        // Return the final result\n        return result[0];\n}",False,True,,98,-4108288,13597.0,0.94,13597.0,0.47,4.0910985469818115
"#include <hpx/hpx_main.hpp>\n\n/* Return the logical XOR reduction of the vector of bools x.\n   Use HPX to reduce in parallel.  Assume HPX has already been initialized.\n   Example:\n\n   input: [false, false, false, true]\n   output: true\n*/\nbool reduceLogicalXOR(std::vector<bool> const& x) {",25_reduce_xor,reduce,cpp,hpx,0.2,0.95,True,2048,False,"bool reduceLogicalXOR(std::vector<bool> const& x) {\n        \n        // Create a vector of bools to hold the results of the reduction\n        std::vector<bool> result(1, false);\n\n        // Use HPX to parallelize the reduction\n        hpx::parallel::reduce(hpx::parallel::execution::par,\n                              x.begin(), x.end(), result.begin(),\n                              [](bool a, bool b) { return a ^ b; });\n\n        // Return the final result\n        return result[0];\n}",False,True,,99,6049792,13597.0,0.0,13597.0,0.0,2.046912908554077
"#include <hpx/hpx_main.hpp>\n\n/* Return the product of the vector x with every odd indexed element inverted.\n   i.e. x_0 * 1/x_1 * x_2 * 1/x_3 * x_4 ...\n   Use HPX to compute product in parallel.  Assume HPX has already been initialized.\n   Example:\n\n   input: [4, 2, 10, 4, 5]\n   output: 25\n*/\ndouble productWithInverses(std::vector<double> const& x) {",26_reduce_product_of_inverses,reduce,cpp,hpx,0.2,0.95,True,2048,False,"double productWithInverses(std::vector<double> const& x) {\n        \n        // Create a vector of inverted elements at odd indices\n        std::vector<double> inverted_elements;\n        for (size_t i = 1; i < x.size(); i += 2) {\n            inverted_elements.push_back(1.0 / x[i]);\n        }\n\n        // Use HPX to compute the product in parallel\n        double result = hpx::parallel::transform_reduce(\n            hpx::parallel::execution::par,\n            x.begin(), x.end(),\n            inverted_elements.begin(),\n            1.0,\n            std::multiplies<>(),\n            std::multiplies<>()\n        );\n\n        return result;\n}",False,True,,0,-28049408,13597.0,0.93,13597.0,0.785,4.091933250427246
"#include <hpx/hpx_main.hpp>\n\n/* Return the product of the vector x with every odd indexed element inverted.\n   i.e. x_0 * 1/x_1 * x_2 * 1/x_3 * x_4 ...\n   Use HPX to compute product in parallel.  Assume HPX has already been initialized.\n   Example:\n\n   input: [4, 2, 10, 4, 5]\n   output: 25\n*/\ndouble productWithInverses(std::vector<double> const& x) {",26_reduce_product_of_inverses,reduce,cpp,hpx,0.2,0.95,True,2048,False,"double productWithInverses(std::vector<double> const& x) {\n        \n        // Create a HPX parallel execution policy\n        hpx::parallel::execution::parallel_executor exec;\n\n        // Initialize the product with 1\n        double product = 1;\n\n        // Use HPX to compute the product in parallel\n        hpx::parallel::transform_reduce(exec, x.begin(), x.end(), 1.0, std::multiplies<>(),\n            [&](double const& val, std::size_t index) {\n                // If the index is odd, invert the value\n                return index % 2 == 0? val : 1 / val;\n            });\n\n        return product;\n}",False,True,,1,-613388288,13617.0,0.94,13617.0,0.47,4.092582941055298
"#include <hpx/hpx_main.hpp>\n\n/* Return the product of the vector x with every odd indexed element inverted.\n   i.e. x_0 * 1/x_1 * x_2 * 1/x_3 * x_4 ...\n   Use HPX to compute product in parallel.  Assume HPX has already been initialized.\n   Example:\n\n   input: [4, 2, 10, 4, 5]\n   output: 25\n*/\ndouble productWithInverses(std::vector<double> const& x) {",26_reduce_product_of_inverses,reduce,cpp,hpx,0.2,0.95,True,2048,False,"double productWithInverses(std::vector<double> const& x) {\n        \n        // Create a vector of inverted elements\n        std::vector<double> inverted_elements;\n        for (size_t i = 1; i < x.size(); i += 2) {\n            inverted_elements.push_back(1.0 / x[i]);\n        }\n\n        // Create a vector of elements to multiply\n        std::vector<double> elements;\n        for (size_t i = 0; i < x.size(); i++) {\n            elements.push_back(x[i]);\n        }\n\n        // Compute the product in parallel\n        double result = hpx::parallel::transform_reduce(\n            hpx::parallel::execution::par,\n            elements.begin(), elements.end(),\n            inverted_elements.begin(),\n            1.0,\n            std::multiplies<>(),\n            std::multiplies<>()\n        );\n\n        return result;\n}",False,True,,2,24453120,13677.0,0.94,13637.0,0.6266666666666666,6.136927127838135
"#include <hpx/hpx_main.hpp>\n\n/* Return the product of the vector x with every odd indexed element inverted.\n   i.e. x_0 * 1/x_1 * x_2 * 1/x_3 * x_4 ...\n   Use HPX to compute product in parallel.  Assume HPX has already been initialized.\n   Example:\n\n   input: [4, 2, 10, 4, 5]\n   output: 25\n*/\ndouble productWithInverses(std::vector<double> const& x) {",26_reduce_product_of_inverses,reduce,cpp,hpx,0.2,0.95,True,2048,False,"double productWithInverses(std::vector<double> const& x) {\n        \n        // Create a vector of bools to mark odd indexed elements\n        std::vector<bool> oddIndexes(x.size());\n        std::iota(oddIndexes.begin(), oddIndexes.end(), 0);\n        std::transform(oddIndexes.begin(), oddIndexes.end(), oddIndexes.begin(), [](bool b) { return b % 2!= 0; });\n\n        // Create a vector of inverted elements\n        std::vector<double> invertedX(x.size());\n        std::transform(x.begin(), x.end(), invertedX.begin(), [](double d) { return 1 / d; });\n\n        // Create a vector of elements to be multiplied\n        std::vector<double> elementsToMultiply(x.size());\n        std::transform(oddIndexes.begin(), oddIndexes.end(), invertedX.begin(), elementsToMultiply.begin(), [](bool b, double d) { return b? d : 1; });\n\n        // Use HPX to compute the product in parallel\n        double product = hpx::parallel::transform_reduce(hpx::parallel::execution::par, elementsToMultiply.begin(), elementsToMultiply.end(), 1.0, std::multiplies<double>());\n\n        return product;\n}",False,True,,3,151552,13677.0,0.94,13677.0,0.6266666666666666,6.202020645141602
"#include <hpx/hpx_main.hpp>\n\n/* Return the product of the vector x with every odd indexed element inverted.\n   i.e. x_0 * 1/x_1 * x_2 * 1/x_3 * x_4 ...\n   Use HPX to compute product in parallel.  Assume HPX has already been initialized.\n   Example:\n\n   input: [4, 2, 10, 4, 5]\n   output: 25\n*/\ndouble productWithInverses(std::vector<double> const& x) {",26_reduce_product_of_inverses,reduce,cpp,hpx,0.2,0.95,True,2048,False,"double productWithInverses(std::vector<double> const& x) {\n        \n        // Create a vector of inverted elements at odd indices\n        std::vector<double> inverted_elements;\n        for (size_t i = 1; i < x.size(); i += 2) {\n            inverted_elements.push_back(1.0 / x[i]);\n        }\n\n        // Create a vector of elements at even indices\n        std::vector<double> even_elements;\n        for (size_t i = 0; i < x.size(); i += 2) {\n            even_elements.push_back(x[i]);\n        }\n\n        // Compute the product of the elements in parallel using HPX\n        double product = hpx::parallel::transform_reduce(\n            hpx::parallel::execution::par,\n            even_elements.begin(), even_elements.end(),\n            inverted_elements.begin(),\n            1.0,\n            std::multiplies<>(),\n            std::multiplies<>()\n        );\n\n        return product;\n}",False,True,,4,-19390464,13737.0,0.94,13737.0,0.94,6.141006946563721
"#include <hpx/hpx_main.hpp>\n\n/* Return the product of the vector x with every odd indexed element inverted.\n   i.e. x_0 * 1/x_1 * x_2 * 1/x_3 * x_4 ...\n   Use HPX to compute product in parallel.  Assume HPX has already been initialized.\n   Example:\n\n   input: [4, 2, 10, 4, 5]\n   output: 25\n*/\ndouble productWithInverses(std::vector<double> const& x) {",26_reduce_product_of_inverses,reduce,cpp,hpx,0.2,0.95,True,2048,False,"double productWithInverses(std::vector<double> const& x) {\n        \n        // Create a vector of booleans to indicate whether each element is odd or not\n        std::vector<bool> isOdd(x.size());\n        std::transform(std::begin(isOdd), std::end(isOdd), std::begin(isOdd), [i = 0](bool) mutable { return i++ % 2!= 0; });\n\n        // Create a vector of inverted elements\n        std::vector<double> inverted(x.size());\n        std::transform(std::begin(x), std::end(x), std::begin(inverted), [](double val) { return 1.0 / val; });\n\n        // Create a vector of products\n        std::vector<double> products(x.size());\n        std::transform(std::begin(x), std::end(x), std::begin(isOdd), std::begin(inverted), std::begin(products),\n                       [](double val1, bool isOdd, double val2) { return isOdd? val1 * val2 : val1; });\n\n        // Use HPX to compute the product in parallel\n        double result = hpx::parallel::transform_reduce(\n            hpx::parallel::execution::par,\n            std::begin(products), std::end(products),\n            1.0,\n            std::multiplies<double>(),\n            [](double val) { return val; }\n        );\n\n        return result;\n}",False,True,,5,-179687424,13737.0,0.94,13737.0,0.6266666666666666,6.1327855587005615
"#include <hpx/hpx_main.hpp>\n\n/* Return the product of the vector x with every odd indexed element inverted.\n   i.e. x_0 * 1/x_1 * x_2 * 1/x_3 * x_4 ...\n   Use HPX to compute product in parallel.  Assume HPX has already been initialized.\n   Example:\n\n   input: [4, 2, 10, 4, 5]\n   output: 25\n*/\ndouble productWithInverses(std::vector<double> const& x) {",26_reduce_product_of_inverses,reduce,cpp,hpx,0.2,0.95,True,2048,False,"double productWithInverses(std::vector<double> const& x) {\n        \n        // Create a future for each element in the vector\n        std::vector<hpx::future<double>> futures;\n        for (size_t i = 0; i < x.size(); ++i) {\n            futures.push_back(hpx::async([i, &x]() {\n                // If the index is odd, invert the element\n                if (i % 2!= 0) {\n                    return 1.0 / x[i];\n                } else {\n                    return x[i];\n                }\n            }));\n        }\n\n        // Get the results and multiply them together\n        double product = 1.0;\n        for (auto& future : futures) {\n            product *= future.get();\n        }\n\n        return product;\n}",False,True,,6,159522816,13737.0,0.94,13737.0,0.6266666666666666,6.134866714477539
"#include <hpx/hpx_main.hpp>\n\n/* Return the product of the vector x with every odd indexed element inverted.\n   i.e. x_0 * 1/x_1 * x_2 * 1/x_3 * x_4 ...\n   Use HPX to compute product in parallel.  Assume HPX has already been initialized.\n   Example:\n\n   input: [4, 2, 10, 4, 5]\n   output: 25\n*/\ndouble productWithInverses(std::vector<double> const& x) {",26_reduce_product_of_inverses,reduce,cpp,hpx,0.2,0.95,True,2048,False,"double productWithInverses(std::vector<double> const& x) {\n        \n        // Create a HPX parallel execution policy\n        hpx::parallel::execution::parallel_executor exec;\n\n        // Initialize the product with 1\n        double product = 1;\n\n        // Use HPX to compute the product in parallel\n        hpx::parallel::transform_reduce(exec, x.begin(), x.end(), 1.0, std::multiplies<>(),\n            [&](double const& val, std::size_t index) {\n                return index % 2 == 0? val : 1.0 / val;\n            });\n\n        return product;\n}",False,True,,7,2330624,13737.0,0.94,13737.0,0.47,4.0929694175720215
"#include <hpx/hpx_main.hpp>\n\n/* Return the product of the vector x with every odd indexed element inverted.\n   i.e. x_0 * 1/x_1 * x_2 * 1/x_3 * x_4 ...\n   Use HPX to compute product in parallel.  Assume HPX has already been initialized.\n   Example:\n\n   input: [4, 2, 10, 4, 5]\n   output: 25\n*/\ndouble productWithInverses(std::vector<double> const& x) {",26_reduce_product_of_inverses,reduce,cpp,hpx,0.2,0.95,True,2048,False,"double productWithInverses(std::vector<double> const& x) {\n        \n        // Create a HPX parallel execution policy\n        hpx::parallel::execution::parallel_executor exec;\n\n        // Initialize the product with 1\n        double product = 1.0;\n\n        // Iterate over the vector in parallel\n        hpx::parallel::for_loop(exec, 0, x.size(), [&](int i) {\n            // If the index is odd, invert the element and multiply it to the product\n            if (i % 2!= 0) {\n                product *= 1.0 / x[i];\n            } else {\n                // If the index is even, just multiply the element to the product\n                product *= x[i];\n            }\n        });\n\n        return product;\n}",False,True,,8,4997120,13737.0,0.94,13737.0,0.47,4.086026430130005
"#include <hpx/hpx_main.hpp>\n\n/* Return the product of the vector x with every odd indexed element inverted.\n   i.e. x_0 * 1/x_1 * x_2 * 1/x_3 * x_4 ...\n   Use HPX to compute product in parallel.  Assume HPX has already been initialized.\n   Example:\n\n   input: [4, 2, 10, 4, 5]\n   output: 25\n*/\ndouble productWithInverses(std::vector<double> const& x) {",26_reduce_product_of_inverses,reduce,cpp,hpx,0.2,0.95,True,2048,False,"double productWithInverses(std::vector<double> const& x) {\n        \n        // Create a HPX parallel execution policy\n        hpx::parallel::execution::parallel_executor exec;\n\n        // Initialize the product with 1\n        double product = 1;\n\n        // Iterate over the vector in parallel\n        hpx::parallel::transform_reduce(exec, x.begin(), x.end(), 1.0, std::multiplies<>(),\n            [&](double val, std::size_t index) {\n                // If the index is odd, invert the value\n                if (index % 2!= 0) {\n                    val = 1 / val;\n                }\n                return val;\n            },\n            [](double a, double b) {\n                return a * b;\n            });\n\n        return product;\n}",False,True,,9,9113600,13737.0,0.94,13737.0,0.58,4.086871862411499
"#include <hpx/hpx_main.hpp>\n\n/* Return the product of the vector x with every odd indexed element inverted.\n   i.e. x_0 * 1/x_1 * x_2 * 1/x_3 * x_4 ...\n   Use HPX to compute product in parallel.  Assume HPX has already been initialized.\n   Example:\n\n   input: [4, 2, 10, 4, 5]\n   output: 25\n*/\ndouble productWithInverses(std::vector<double> const& x) {",26_reduce_product_of_inverses,reduce,cpp,hpx,0.2,0.95,True,2048,False,"double productWithInverses(std::vector<double> const& x) {\n        \n        // Create a future for each element in the vector\n        std::vector<hpx::future<double>> futures;\n        for (size_t i = 0; i < x.size(); ++i) {\n            futures.push_back(hpx::async([i, &x]() {\n                return i % 2 == 0? x[i] : 1.0 / x[i];\n            }));\n        }\n\n        // Get the results and multiply them together\n        double result = 1.0;\n        for (auto& f : futures) {\n            result *= f.get();\n        }\n\n        return result;\n}",False,True,,10,-4112384,13737.0,0.94,13737.0,0.85,4.093985080718994
"#include <hpx/hpx_main.hpp>\n\n/* Return the product of the vector x with every odd indexed element inverted.\n   i.e. x_0 * 1/x_1 * x_2 * 1/x_3 * x_4 ...\n   Use HPX to compute product in parallel.  Assume HPX has already been initialized.\n   Example:\n\n   input: [4, 2, 10, 4, 5]\n   output: 25\n*/\ndouble productWithInverses(std::vector<double> const& x) {",26_reduce_product_of_inverses,reduce,cpp,hpx,0.2,0.95,True,2048,False,"double productWithInverses(std::vector<double> const& x) {\n        \n        // Create a vector of inverted values\n        std::vector<double> inverted_values;\n        for (size_t i = 1; i < x.size(); i += 2) {\n            inverted_values.push_back(1.0 / x[i]);\n        }\n\n        // Create a vector of products\n        std::vector<double> products;\n        for (size_t i = 0; i < x.size(); ++i) {\n            if (i % 2 == 0) {\n                products.push_back(x[i]);\n            } else {\n                products.push_back(x[i] * inverted_values[i / 2]);\n            }\n        }\n\n        // Compute the product in parallel using HPX\n        double result = hpx::parallel::transform_reduce(\n            hpx::parallel::execution::par,\n            products.begin(), products.end(),\n            1.0,\n            std::multiplies<>(),\n            std::divides<>()\n        );\n\n        return result;\n}",False,True,,11,-4767744,13737.0,0.94,13737.0,0.47,4.112905979156494
"#include <hpx/hpx_main.hpp>\n\n/* Return the product of the vector x with every odd indexed element inverted.\n   i.e. x_0 * 1/x_1 * x_2 * 1/x_3 * x_4 ...\n   Use HPX to compute product in parallel.  Assume HPX has already been initialized.\n   Example:\n\n   input: [4, 2, 10, 4, 5]\n   output: 25\n*/\ndouble productWithInverses(std::vector<double> const& x) {",26_reduce_product_of_inverses,reduce,cpp,hpx,0.2,0.95,True,2048,False,"double productWithInverses(std::vector<double> const& x) {\n        \n        // Create a HPX parallel execution policy\n        hpx::parallel::execution::parallel_executor exec;\n\n        // Initialize the product with 1\n        double product = 1;\n\n        // Use HPX to compute the product in parallel\n        hpx::parallel::transform_reduce(exec, x.begin(), x.end(), 1.0, std::multiplies<>(),\n            [&](double const& val, std::size_t idx) {\n                // If the index is odd, invert the value\n                return idx % 2 == 0? val : 1.0 / val;\n            });\n\n        return product;\n}",False,True,,12,-9228288,13737.0,0.93,13737.0,0.6900000000000001,4.087879180908203
"#include <hpx/hpx_main.hpp>\n\n/* Return the product of the vector x with every odd indexed element inverted.\n   i.e. x_0 * 1/x_1 * x_2 * 1/x_3 * x_4 ...\n   Use HPX to compute product in parallel.  Assume HPX has already been initialized.\n   Example:\n\n   input: [4, 2, 10, 4, 5]\n   output: 25\n*/\ndouble productWithInverses(std::vector<double> const& x) {",26_reduce_product_of_inverses,reduce,cpp,hpx,0.2,0.95,True,2048,False,"double productWithInverses(std::vector<double> const& x) {\n        \n        // Create a future for each element in the vector\n        std::vector<hpx::future<double>> futures;\n        for (size_t i = 0; i < x.size(); ++i) {\n            futures.push_back(hpx::async([i, &x]() {\n                // If the index is odd, invert the element, otherwise return it as is\n                return (i % 2 == 1)? 1.0 / x[i] : x[i];\n            }));\n        }\n\n        // Initialize the product with 1\n        double product = 1.0;\n\n        // Multiply the future results into the product\n        for (auto& future : futures) {\n            product *= future.get();\n        }\n\n        return product;\n}",False,True,,13,40341504,13737.0,0.94,13737.0,0.47,4.08486270904541
"#include <hpx/hpx_main.hpp>\n\n/* Return the product of the vector x with every odd indexed element inverted.\n   i.e. x_0 * 1/x_1 * x_2 * 1/x_3 * x_4 ...\n   Use HPX to compute product in parallel.  Assume HPX has already been initialized.\n   Example:\n\n   input: [4, 2, 10, 4, 5]\n   output: 25\n*/\ndouble productWithInverses(std::vector<double> const& x) {",26_reduce_product_of_inverses,reduce,cpp,hpx,0.2,0.95,True,2048,False,"double productWithInverses(std::vector<double> const& x) {\n        \n        // Create a vector of inverted elements at odd indices\n        std::vector<double> inverted_elements;\n        for (size_t i = 1; i < x.size(); i += 2) {\n            inverted_elements.push_back(1.0 / x[i]);\n        }\n\n        // Use HPX to compute the product in parallel\n        double result = hpx::parallel::transform_reduce(\n            hpx::parallel::execution::par,\n            x.begin(), x.end(),\n            inverted_elements.begin(),\n            1.0,\n            std::multiplies<>(),\n            std::multiplies<>()\n        );\n\n        return result;\n}",False,True,,14,8839168,13737.0,0.94,13737.0,0.94,4.088146209716797
"#include <hpx/hpx_main.hpp>\n\n/* Return the product of the vector x with every odd indexed element inverted.\n   i.e. x_0 * 1/x_1 * x_2 * 1/x_3 * x_4 ...\n   Use HPX to compute product in parallel.  Assume HPX has already been initialized.\n   Example:\n\n   input: [4, 2, 10, 4, 5]\n   output: 25\n*/\ndouble productWithInverses(std::vector<double> const& x) {",26_reduce_product_of_inverses,reduce,cpp,hpx,0.2,0.95,True,2048,False,"double productWithInverses(std::vector<double> const& x) {\n        \n        // Create a future for each element in the vector\n        std::vector<hpx::future<double>> futures;\n        for (std::size_t i = 0; i < x.size(); ++i) {\n            futures.push_back(hpx::async([i, &x]() {\n                // If the index is odd, invert the element\n                if (i % 2!= 0) {\n                    return 1.0 / x[i];\n                } else {\n                    return x[i];\n                }\n            }));\n        }\n\n        // Accumulate the product of the elements\n        double product = 1.0;\n        for (auto& future : futures) {\n            product *= future.get();\n        }\n\n        return product;\n}",False,True,,15,-303104,13737.0,0.94,13737.0,0.47,4.085697174072266
"#include <hpx/hpx_main.hpp>\n\n/* Return the product of the vector x with every odd indexed element inverted.\n   i.e. x_0 * 1/x_1 * x_2 * 1/x_3 * x_4 ...\n   Use HPX to compute product in parallel.  Assume HPX has already been initialized.\n   Example:\n\n   input: [4, 2, 10, 4, 5]\n   output: 25\n*/\ndouble productWithInverses(std::vector<double> const& x) {",26_reduce_product_of_inverses,reduce,cpp,hpx,0.2,0.95,True,2048,False,"double productWithInverses(std::vector<double> const& x) {\n        \n        // Create a HPX parallel execution policy\n        hpx::parallel::execution::parallel_executor exec;\n\n        // Initialize the product with 1\n        double product = 1;\n\n        // Iterate over the vector in parallel\n        hpx::parallel::for_loop(exec, 0, x.size(), [&](int i) {\n            if (i % 2!= 0) {\n                // If the index is odd, invert the element and multiply it to the product\n                product *= 1.0 / x[i];\n            } else {\n                // If the index is even, just multiply the element to the product\n                product *= x[i];\n            }\n        });\n\n        return product;\n}",False,True,,16,4284416,13737.0,0.94,13737.0,0.745,4.093154668807983
"#include <hpx/hpx_main.hpp>\n\n/* Return the product of the vector x with every odd indexed element inverted.\n   i.e. x_0 * 1/x_1 * x_2 * 1/x_3 * x_4 ...\n   Use HPX to compute product in parallel.  Assume HPX has already been initialized.\n   Example:\n\n   input: [4, 2, 10, 4, 5]\n   output: 25\n*/\ndouble productWithInverses(std::vector<double> const& x) {",26_reduce_product_of_inverses,reduce,cpp,hpx,0.2,0.95,True,2048,False,"double productWithInverses(std::vector<double> const& x) {\n        \n        // Create a HPX parallel execution policy\n        hpx::parallel::execution::parallel_executor exec;\n\n        // Initialize the product with 1\n        double product = 1;\n\n        // Use HPX's parallel_reduce to compute the product in parallel\n        hpx::parallel::reduce(exec, x.begin(), x.end(), product,\n            [](double a, double b) {\n                // Multiply the current element with the product\n                return a * b;\n            },\n            [](double a, double b) {\n                // Multiply the current element with the product\n                return a * b;\n            },\n            [](double a, double b) {\n                // Multiply the current element with the product\n                return a * b;\n            },\n            [](double a, double b) {\n                // Multiply the current element with the product\n                return a * b;\n            },\n            [](double a, double b) {\n                // Multiply the current element with the product\n                return a * b;\n            }\n        );\n\n        // Return the final product\n        return product;\n}",False,True,,17,27377664,13737.0,0.94,13737.0,0.6233333333333334,6.135018825531006
"#include <hpx/hpx_main.hpp>\n\n/* Return the product of the vector x with every odd indexed element inverted.\n   i.e. x_0 * 1/x_1 * x_2 * 1/x_3 * x_4 ...\n   Use HPX to compute product in parallel.  Assume HPX has already been initialized.\n   Example:\n\n   input: [4, 2, 10, 4, 5]\n   output: 25\n*/\ndouble productWithInverses(std::vector<double> const& x) {",26_reduce_product_of_inverses,reduce,cpp,hpx,0.2,0.95,True,2048,False,"double productWithInverses(std::vector<double> const& x) {\n        \n        // Create a HPX parallel execution policy\n        hpx::parallel::execution::parallel_executor exec;\n\n        // Initialize the product with 1\n        double product = 1;\n\n        // Use HPX's parallel_reduce to compute the product\n        hpx::parallel::reduce(exec, x.begin(), x.end(), product,\n            [](double a, double b) {\n                // Multiply a with 1/b if b is odd\n                return a * (b % 2 == 0? 1 : 1 / b);\n            },\n            [](double a, double b) {\n                // Multiply a with 1/b if b is odd\n                return a * (b % 2 == 0? 1 : 1 / b);\n            });\n\n        return product;\n}",False,True,,18,-88604672,13737.0,0.94,13737.0,0.47,4.092517137527466
"#include <hpx/hpx_main.hpp>\n\n/* Return the product of the vector x with every odd indexed element inverted.\n   i.e. x_0 * 1/x_1 * x_2 * 1/x_3 * x_4 ...\n   Use HPX to compute product in parallel.  Assume HPX has already been initialized.\n   Example:\n\n   input: [4, 2, 10, 4, 5]\n   output: 25\n*/\ndouble productWithInverses(std::vector<double> const& x) {",26_reduce_product_of_inverses,reduce,cpp,hpx,0.2,0.95,True,2048,False,"double productWithInverses(std::vector<double> const& x) {\n        \n        // Create a vector of HPX tasks\n        std::vector<hpx::future<double>> futures;\n\n        // Iterate over the vector\n        for (size_t i = 0; i < x.size(); ++i) {\n            // Create a HPX task for each element\n            futures.push_back(hpx::async([i, &x]() {\n                // If the index is odd, invert the element\n                if (i % 2!= 0) {\n                    return 1.0 / x[i];\n                } else {\n                    return x[i];\n                }\n            }));\n        }\n\n        // Initialize the product with 1\n        double product = 1.0;\n\n        // Iterate over the vector of futures\n        for (auto& future : futures) {\n            // Multiply the product with the result of the future\n            product *= future.get();\n        }\n\n        // Return the final product\n        return product;\n}",False,True,,19,24653824,13737.0,0.94,13737.0,0.94,6.137408971786499
"#include <hpx/hpx_main.hpp>\n\n/* Return the product of the vector x with every odd indexed element inverted.\n   i.e. x_0 * 1/x_1 * x_2 * 1/x_3 * x_4 ...\n   Use HPX to compute product in parallel.  Assume HPX has already been initialized.\n   Example:\n\n   input: [4, 2, 10, 4, 5]\n   output: 25\n*/\ndouble productWithInverses(std::vector<double> const& x) {",26_reduce_product_of_inverses,reduce,cpp,hpx,0.2,0.95,True,2048,False,"double productWithInverses(std::vector<double> const& x) {\n        \n        // Create a HPX parallel execution policy\n        hpx::parallel::execution::parallel_executor exec;\n\n        // Initialize the product with 1\n        double product = 1;\n\n        // Use HPX's parallel_reduce to compute the product\n        hpx::parallel::reduce(exec, x.begin(), x.end(), product,\n            [](double a, double b) {\n                // Multiply the current element with the product\n                return a * b;\n            },\n            [](double a, double b) {\n                // Multiply the current element with the product\n                return a * b;\n            },\n            [](double a, double b) {\n                // Multiply the current element with the product\n                return a * b;\n            },\n            [](double a, double b) {\n                // Multiply the current element with the product\n                return a * b;\n            });\n\n        // Return the final product\n        return product;\n}",False,True,,20,16277504,13737.0,0.94,13737.0,0.6266666666666666,6.133885622024536
"#include <hpx/hpx_main.hpp>\n\n/* Return the product of the vector x with every odd indexed element inverted.\n   i.e. x_0 * 1/x_1 * x_2 * 1/x_3 * x_4 ...\n   Use HPX to compute product in parallel.  Assume HPX has already been initialized.\n   Example:\n\n   input: [4, 2, 10, 4, 5]\n   output: 25\n*/\ndouble productWithInverses(std::vector<double> const& x) {",26_reduce_product_of_inverses,reduce,cpp,hpx,0.2,0.95,True,2048,False,"double productWithInverses(std::vector<double> const& x) {\n        \n        // Create a vector of HPX tasks to compute the product of elements at odd indices inverted.\n        std::vector<hpx::future<double>> futures;\n        for (size_t i = 1; i < x.size(); i += 2) {\n            futures.push_back(hpx::async([&x, i]() { return 1.0 / x[i]; }));\n        }\n\n        // Initialize the product with the first element of the vector.\n        double product = x[0];\n\n        // Multiply the product by the result of each HPX task.\n        for (auto& future : futures) {\n            product *= future.get();\n        }\n\n        return product;\n}",False,True,,21,-385024,13737.0,0.94,13737.0,0.47,4.088052034378052
"#include <hpx/hpx_main.hpp>\n\n/* Return the product of the vector x with every odd indexed element inverted.\n   i.e. x_0 * 1/x_1 * x_2 * 1/x_3 * x_4 ...\n   Use HPX to compute product in parallel.  Assume HPX has already been initialized.\n   Example:\n\n   input: [4, 2, 10, 4, 5]\n   output: 25\n*/\ndouble productWithInverses(std::vector<double> const& x) {",26_reduce_product_of_inverses,reduce,cpp,hpx,0.2,0.95,True,2048,False,"double productWithInverses(std::vector<double> const& x) {\n        \n        // Create a vector of inverted elements\n        std::vector<double> inverted(x.size());\n        for (size_t i = 0; i < x.size(); ++i) {\n            if (i % 2!= 0) {\n                inverted[i] = 1.0 / x[i];\n            } else {\n                inverted[i] = x[i];\n            }\n        }\n\n        // Use HPX to compute the product in parallel\n        double result = hpx::parallel::transform_reduce(\n            hpx::parallel::execution::par,\n            x.begin(), x.end(),\n            inverted.begin(),\n            1.0,\n            std::multiplies<>(),\n            std::divides<>()\n        );\n\n        return result;\n}",False,True,,22,7946240,13737.0,0.94,13737.0,0.5499999999999999,4.106851577758789
"#include <hpx/hpx_main.hpp>\n\n/* Return the product of the vector x with every odd indexed element inverted.\n   i.e. x_0 * 1/x_1 * x_2 * 1/x_3 * x_4 ...\n   Use HPX to compute product in parallel.  Assume HPX has already been initialized.\n   Example:\n\n   input: [4, 2, 10, 4, 5]\n   output: 25\n*/\ndouble productWithInverses(std::vector<double> const& x) {",26_reduce_product_of_inverses,reduce,cpp,hpx,0.2,0.95,True,2048,False,"double productWithInverses(std::vector<double> const& x) {\n        \n        // Create a vector of inverted values\n        std::vector<double> inverted(x.size());\n        for (size_t i = 0; i < x.size(); ++i) {\n            inverted[i] = (i % 2 == 0)? 1.0 / x[i] : x[i];\n        }\n\n        // Compute the product in parallel\n        double result = hpx::parallel::transform_reduce(\n            hpx::parallel::execution::par,\n            inverted.begin(), inverted.end(),\n            x.begin(),\n            1.0,\n            std::multiplies<>(),\n            std::multiplies<>()\n        );\n\n        return result;\n}",False,True,,23,-258048,13737.0,0.94,13737.0,0.815,4.091980457305908
"#include <hpx/hpx_main.hpp>\n\n/* Return the product of the vector x with every odd indexed element inverted.\n   i.e. x_0 * 1/x_1 * x_2 * 1/x_3 * x_4 ...\n   Use HPX to compute product in parallel.  Assume HPX has already been initialized.\n   Example:\n\n   input: [4, 2, 10, 4, 5]\n   output: 25\n*/\ndouble productWithInverses(std::vector<double> const& x) {",26_reduce_product_of_inverses,reduce,cpp,hpx,0.2,0.95,True,2048,False,"double productWithInverses(std::vector<double> const& x) {\n        \n        // Create a vector to store the results of the inversion operations\n        std::vector<double> inverted_elements;\n\n        // Create a HPX parallel for loop to perform the inversion operations\n        hpx::parallel::for_loop(0, x.size(), 0, [&](int i) {\n            if (i % 2!= 0) {\n                inverted_elements.push_back(1.0 / x[i]);\n            } else {\n                inverted_elements.push_back(x[i]);\n            }\n        });\n\n        // Create a HPX parallel reduction to compute the product of the elements\n        double product = hpx::parallel::reduce(inverted_elements.begin(), inverted_elements.end(), 1.0, std::multiplies<double>());\n\n        return product;\n}",False,True,,24,-61374464,13737.0,0.94,13737.0,0.6266666666666666,6.136853218078613
"#include <hpx/hpx_main.hpp>\n\n/* Return the product of the vector x with every odd indexed element inverted.\n   i.e. x_0 * 1/x_1 * x_2 * 1/x_3 * x_4 ...\n   Use HPX to compute product in parallel.  Assume HPX has already been initialized.\n   Example:\n\n   input: [4, 2, 10, 4, 5]\n   output: 25\n*/\ndouble productWithInverses(std::vector<double> const& x) {",26_reduce_product_of_inverses,reduce,cpp,hpx,0.2,0.95,True,2048,False,"double productWithInverses(std::vector<double> const& x) {\n        \n        // Create a HPX parallel execution policy\n        hpx::parallel::execution::parallel_executor exec;\n\n        // Initialize the product with 1\n        double product = 1;\n\n        // Use HPX's parallel_reduce to compute the product\n        hpx::parallel::reduce(exec, x.begin(), x.end(), product,\n            [](double a, double b) {\n                // Multiply the current element with the product\n                return a * b;\n            },\n            [](double a, double b) {\n                // Multiply the current element with the product\n                return a * b;\n            },\n            [](double a, double b) {\n                // Multiply the current element with the product\n                return a * b;\n            },\n            [](double a, double b) {\n                // Multiply the current element with the product\n                return a * b;\n            },\n            [](double a, double b) {\n                // Multiply the current element with the product\n                return a * b;\n            },\n            [](double a, double b) {\n                // Multiply the current element with the product\n                return a * b;\n            },\n            [](double a, double b) {\n                // Multiply the current element with the product\n                return a * b;\n            },\n            [](double a, double b) {\n                // Multiply the current element with the product\n                return a * b;\n            },\n            [](double a, double b) {\n                // Multiply the current element with the product\n                return a * b;\n            },\n            [](double a, double b) {\n                // Multiply the current element with the product\n                return a * b;\n            },\n            [](double a, double b) {\n                // Multiply the current element with the product\n                return a * b;\n            },\n            [](double a, double b) {\n                // Multiply the current element with the product\n                return a * b;\n            },\n            [](double a, double b) {\n                // Multiply the current element with the product\n                return a * b;\n            },\n            [](double a, double b) {\n                // Multiply the current element with the product\n                return a * b;\n            },\n            [](double a, double b) {\n                // Multiply the current element with the product\n                return a * b;\n            },\n            [](double a, double b) {\n                // Multiply the current element with the product\n                return a * b;\n            },\n            [](double a, double b) {\n                // Multiply the current element with the product\n                return a * b;\n            },\n            [](double a, double b) {\n                // Multiply the current element with the product\n                return a * b;\n            },\n            [](double a, double b) {\n                // Multiply the current element with the product\n                return a * b;\n            },\n            [](double a, double b) {\n                // Multiply the current element with the product\n                return a * b;\n            },\n            [](double a, double b) {\n                // Multiply the current element with the product\n                return a * b;\n            },\n            [](double a, double b) {\n                // Multiply the current element with the product\n                return a * b;\n            },\n            [](double a, double b) {\n                // Multiply the current element with the product\n                return a * b;\n            },\n            [](double a, double b) {\n                // Multiply the current element with the product\n                return a * b;\n            },\n            [](double a, double b) {\n                // Multiply the current element with the product\n                return a * b;\n            },\n            [](double a, double b) {\n                // Multiply the current element with the product\n                return a * b;\n            },\n            [](double a, double b) {\n                // Multiply the current element with the product\n                return a * b;\n            },\n            [](double a, double b) {\n                // Multiply the current element with the product\n                return a * b;\n            },\n            [](double a, double b) {\n                // Multiply the current element with the product\n                return a * b;\n            },\n            [](double a, double b) {\n                // Multiply the current element with the product\n                return a * b;\n            },\n            [](double a, double b) {\n                // Multiply the current element with the product\n                return a * b;\n            },\n            [](double a, double b) {\n                // Multiply the current element with the product\n                return a * b;\n            },\n            [](double a, double b) {\n                // Multiply the current element with the product\n                return a * b;\n            },\n            [](double a, double b) {\n                // Multiply the current element with the product\n                return a * b;\n            },\n            [](double a, double b) {\n                // Multiply the current element with the product\n                return a * b;\n            },\n            [](double a, double b) {\n                // Multiply the current element with the product\n                return a * b;\n            },\n            [](double a, double b) {\n                // Multiply the current element with the product\n                return a * b;\n            },\n            [](double a, double b) {\n                // Multiply the current element with the product\n                return a * b;\n            },\n            [](double a, double b) {\n                // Multiply the current element with the product\n                return a * b;\n            },\n            [](double a, double b) {\n                // Multiply the current element with the product\n                return a * b;\n            },\n            [](double a, double b) {\n                // Multiply the current element with the product\n                return a * b;\n            },\n            [](double a, double b) {\n                // Multiply the current element with the product\n                return a * b;\n            },\n            [](double a, double b) {\n                // Multiply the current element with the product\n                return a * b;\n            },\n            [](double a, double b) {\n                // Multiply the current element with the product\n                return a * b;\n            },\n            [](double a, double b) {\n                // Multiply the current element with the product\n                return a * b;\n            },\n            [](double a, double b) {\n                // Multiply the current element with the product\n                return a * b;\n            },\n            [](double a, double b) {\n                // Multiply the current element with the product\n                return a * b;\n            },\n            [](double a, double b) {\n                // Multiply the current element with the product\n                return a * b;\n            },\n            [](double a, double b) {\n                // Multiply the current element with the product\n                return a * b;\n            },\n            [](double a, double b) {\n                // Multiply the current element with the product\n                return a * b;\n            },\n            [](double a, double b) {\n                // Multiply the current element with the product\n                return a * b;\n            },\n            [](double a, double b) {\n                // Multiply the current element with the product\n                return a * b;\n            },\n            [](double a, double b) {\n                // Multiply the current element with the product\n                return a * b;\n            },\n            [](double a, double b) {\n                // Multiply the current element with the product\n                return a * b;\n            },\n            [](double a, double b) {\n                // Multiply the current element with the product\n                return a * b;\n            },\n            [](double a, double b) {\n                // Multiply the current element with the product\n                return a * b;\n            },\n            [](double a, double b) {\n                // Multiply the current element with the product\n                return a * b;\n            },\n            [](double a, double b) {\n                // Multiply the current element with the product\n                return a * b;\n            },\n            [](double a, double b) {\n                // Multiply the current element with the product\n                return a * b;\n            },\n            [](double a, double b) {\n                // Multiply the current",False,True,,25,33013760,15977.0,0.95,14504.777777777777,0.8944444444444444,36.828145265579224
"#include <hpx/hpx_main.hpp>\n\n/* Return the product of the vector x with every odd indexed element inverted.\n   i.e. x_0 * 1/x_1 * x_2 * 1/x_3 * x_4 ...\n   Use HPX to compute product in parallel.  Assume HPX has already been initialized.\n   Example:\n\n   input: [4, 2, 10, 4, 5]\n   output: 25\n*/\ndouble productWithInverses(std::vector<double> const& x) {",26_reduce_product_of_inverses,reduce,cpp,hpx,0.2,0.95,True,2048,False,"double productWithInverses(std::vector<double> const& x) {\n        \n        // Create a vector of inverted elements at odd indices\n        std::vector<double> inverted_elements;\n        for (size_t i = 1; i < x.size(); i += 2) {\n            inverted_elements.push_back(1.0 / x[i]);\n        }\n\n        // Use HPX to compute the product in parallel\n        double result = hpx::parallel::transform_reduce(\n            hpx::parallel::execution::par,\n            x.begin(), x.end(),\n            inverted_elements.begin(),\n            1.0,\n            std::multiplies<>(),\n            std::multiplies<>()\n        );\n\n        return result;\n}",False,True,,26,22364160,15977.0,0.94,15977.0,0.47,4.094816446304321
"#include <hpx/hpx_main.hpp>\n\n/* Return the product of the vector x with every odd indexed element inverted.\n   i.e. x_0 * 1/x_1 * x_2 * 1/x_3 * x_4 ...\n   Use HPX to compute product in parallel.  Assume HPX has already been initialized.\n   Example:\n\n   input: [4, 2, 10, 4, 5]\n   output: 25\n*/\ndouble productWithInverses(std::vector<double> const& x) {",26_reduce_product_of_inverses,reduce,cpp,hpx,0.2,0.95,True,2048,False,"double productWithInverses(std::vector<double> const& x) {\n        \n        // Create a vector of inverted elements at odd indices\n        std::vector<double> inverted_elements;\n        for (size_t i = 1; i < x.size(); i += 2) {\n            inverted_elements.push_back(1.0 / x[i]);\n        }\n\n        // Create a vector of elements at even indices\n        std::vector<double> even_elements;\n        for (size_t i = 0; i < x.size(); i += 2) {\n            even_elements.push_back(x[i]);\n        }\n\n        // Use HPX to compute the product of the vectors in parallel\n        hpx::future<double> product_of_inverted_elements = hpx::async(\n            [](std::vector<double> const& x) {\n                double product = 1.0;\n                for (double elem : x) {\n                    product *= elem;\n                }\n                return product;\n            },\n            std::move(inverted_elements)\n        );\n\n        hpx::future<double> product_of_even_elements = hpx::async(\n            [](std::vector<double> const& x) {\n                double product = 1.0;\n                for (double elem : x) {\n                    product *= elem;\n                }\n                return product;\n            },\n            std::move(even_elements)\n        );\n\n        // Get the results and return the product\n        return product_of_even_elements.get() * product_of_inverted_elements.get();\n}",False,True,,27,-577536,15977.0,0.95,15977.0,0.7075,8.182864427566528
"#include <hpx/hpx_main.hpp>\n\n/* Return the product of the vector x with every odd indexed element inverted.\n   i.e. x_0 * 1/x_1 * x_2 * 1/x_3 * x_4 ...\n   Use HPX to compute product in parallel.  Assume HPX has already been initialized.\n   Example:\n\n   input: [4, 2, 10, 4, 5]\n   output: 25\n*/\ndouble productWithInverses(std::vector<double> const& x) {",26_reduce_product_of_inverses,reduce,cpp,hpx,0.2,0.95,True,2048,False,"double productWithInverses(std::vector<double> const& x) {\n        \n        // Create a future for each element in the vector\n        std::vector<hpx::future<double>> futures;\n        for (size_t i = 0; i < x.size(); ++i) {\n            futures.push_back(hpx::async([i, &x]() {\n                if (i % 2 == 0) {\n                    return x[i];\n                } else {\n                    return 1.0 / x[i];\n                }\n            }));\n        }\n\n        // Get the results and multiply them together\n        double result = 1.0;\n        for (auto& future : futures) {\n            result *= future.get();\n        }\n\n        return result;\n}",False,True,,28,-3235840,15977.0,0.94,15977.0,0.47,4.090347766876221
"#include <hpx/hpx_main.hpp>\n\n/* Return the product of the vector x with every odd indexed element inverted.\n   i.e. x_0 * 1/x_1 * x_2 * 1/x_3 * x_4 ...\n   Use HPX to compute product in parallel.  Assume HPX has already been initialized.\n   Example:\n\n   input: [4, 2, 10, 4, 5]\n   output: 25\n*/\ndouble productWithInverses(std::vector<double> const& x) {",26_reduce_product_of_inverses,reduce,cpp,hpx,0.2,0.95,True,2048,False,"double productWithInverses(std::vector<double> const& x) {\n        \n        // Create a vector of inverted values at odd indices\n        std::vector<double> inverted_values;\n        for (size_t i = 1; i < x.size(); i += 2) {\n            inverted_values.push_back(1.0 / x[i]);\n        }\n\n        // Create a vector of values at even indices\n        std::vector<double> even_values;\n        for (size_t i = 0; i < x.size(); i += 2) {\n            even_values.push_back(x[i]);\n        }\n\n        // Compute the product of the vectors in parallel\n        double product = hpx::parallel::transform_reduce(\n            hpx::parallel::execution::par,\n            even_values.begin(), even_values.end(),\n            inverted_values.begin(),\n            1.0,\n            std::multiplies<>(),\n            std::multiplies<>()\n        );\n\n        return product;\n}",False,True,,29,-11317248,15977.0,0.94,15977.0,0.6266666666666666,6.136477947235107
"#include <hpx/hpx_main.hpp>\n\n/* Return the product of the vector x with every odd indexed element inverted.\n   i.e. x_0 * 1/x_1 * x_2 * 1/x_3 * x_4 ...\n   Use HPX to compute product in parallel.  Assume HPX has already been initialized.\n   Example:\n\n   input: [4, 2, 10, 4, 5]\n   output: 25\n*/\ndouble productWithInverses(std::vector<double> const& x) {",26_reduce_product_of_inverses,reduce,cpp,hpx,0.2,0.95,True,2048,False,"double productWithInverses(std::vector<double> const& x) {\n        \n        // Create a vector to store the results of the inversion operations\n        std::vector<double> inverted(x.size());\n\n        // Use HPX to parallelize the inversion operation\n        hpx::parallel::transform(hpx::parallel::execution::par, x.begin(), x.end(), inverted.begin(),\n            [](double val) { return 1.0 / val; });\n\n        // Use HPX to parallelize the multiplication operation\n        double result = hpx::parallel::transform_reduce(hpx::parallel::execution::par, x.begin(), x.end(), inverted.begin(), 1.0,\n            std::multiplies<double>(), std::multiplies<double>());\n\n        return result;\n}",False,True,,30,8675328,15977.0,0.94,15977.0,0.47,4.086079835891724
"#include <hpx/hpx_main.hpp>\n\n/* Return the product of the vector x with every odd indexed element inverted.\n   i.e. x_0 * 1/x_1 * x_2 * 1/x_3 * x_4 ...\n   Use HPX to compute product in parallel.  Assume HPX has already been initialized.\n   Example:\n\n   input: [4, 2, 10, 4, 5]\n   output: 25\n*/\ndouble productWithInverses(std::vector<double> const& x) {",26_reduce_product_of_inverses,reduce,cpp,hpx,0.2,0.95,True,2048,False,"double productWithInverses(std::vector<double> const& x) {\n        \n        // Create a vector of inverted elements at odd indices\n        std::vector<double> inverted_elements;\n        for (size_t i = 1; i < x.size(); i += 2) {\n            inverted_elements.push_back(1.0 / x[i]);\n        }\n\n        // Create a vector of elements at even indices\n        std::vector<double> even_elements;\n        for (size_t i = 0; i < x.size(); i += 2) {\n            even_elements.push_back(x[i]);\n        }\n\n        // Compute the product of the elements in parallel\n        double product = hpx::parallel::transform_reduce(\n            hpx::parallel::execution::par,\n            even_elements.begin(), even_elements.end(),\n            inverted_elements.begin(),\n            1.0,\n            std::multiplies<>(),\n            std::multiplies<>()\n        );\n\n        return product;\n}",False,True,,31,15507456,15977.0,0.94,15977.0,0.6533333333333333,6.130985498428345
"#include <hpx/hpx_main.hpp>\n\n/* Return the product of the vector x with every odd indexed element inverted.\n   i.e. x_0 * 1/x_1 * x_2 * 1/x_3 * x_4 ...\n   Use HPX to compute product in parallel.  Assume HPX has already been initialized.\n   Example:\n\n   input: [4, 2, 10, 4, 5]\n   output: 25\n*/\ndouble productWithInverses(std::vector<double> const& x) {",26_reduce_product_of_inverses,reduce,cpp,hpx,0.2,0.95,True,2048,False,"double productWithInverses(std::vector<double> const& x) {\n        \n        // Create a vector of booleans to indicate whether an element is odd or not\n        std::vector<bool> isOdd(x.size());\n        std::transform(isOdd.begin(), isOdd.end(), isOdd.begin(), [i = 0](bool) mutable { return ++i % 2 == 1; });\n\n        // Create a vector of inverted elements\n        std::vector<double> inverted(x.size());\n        std::transform(x.begin(), x.end(), inverted.begin(), [](double val) { return 1.0 / val; });\n\n        // Create a vector of products\n        std::vector<double> products(x.size());\n        std::transform(x.begin(), x.end(), isOdd.begin(), products.begin(), [](double val, bool isOdd) { return isOdd? val : 1.0; });\n\n        // Multiply all elements in the products vector\n        double result = std::accumulate(products.begin(), products.end(), 1.0, std::multiplies<double>());\n\n        return result;\n}",False,False,,32,-11546624,15977.0,0.94,15977.0,0.705,8.205911636352539
"#include <hpx/hpx_main.hpp>\n\n/* Return the product of the vector x with every odd indexed element inverted.\n   i.e. x_0 * 1/x_1 * x_2 * 1/x_3 * x_4 ...\n   Use HPX to compute product in parallel.  Assume HPX has already been initialized.\n   Example:\n\n   input: [4, 2, 10, 4, 5]\n   output: 25\n*/\ndouble productWithInverses(std::vector<double> const& x) {",26_reduce_product_of_inverses,reduce,cpp,hpx,0.2,0.95,True,2048,False,"double productWithInverses(std::vector<double> const& x) {\n        \n        // Create a vector of inverted values\n        std::vector<double> inverted_values;\n        for (size_t i = 1; i < x.size(); i += 2) {\n            inverted_values.push_back(1.0 / x[i]);\n        }\n\n        // Create a vector of products\n        std::vector<double> products;\n        for (size_t i = 0; i < x.size(); ++i) {\n            if (i % 2 == 0) {\n                products.push_back(x[i]);\n            } else {\n                products.push_back(x[i] * inverted_values[i / 2]);\n            }\n        }\n\n        // Use HPX to compute the product in parallel\n        double result = hpx::parallel::transform_reduce(\n            hpx::parallel::execution::par,\n            products.begin(), products.end(),\n            1.0,\n            std::multiplies<>(),\n            hpx::parallel::plus<>()\n        );\n\n        return result;\n}",False,True,,33,-65425408,15977.0,0.94,15977.0,0.6266666666666666,6.138595342636108
"#include <hpx/hpx_main.hpp>\n\n/* Return the product of the vector x with every odd indexed element inverted.\n   i.e. x_0 * 1/x_1 * x_2 * 1/x_3 * x_4 ...\n   Use HPX to compute product in parallel.  Assume HPX has already been initialized.\n   Example:\n\n   input: [4, 2, 10, 4, 5]\n   output: 25\n*/\ndouble productWithInverses(std::vector<double> const& x) {",26_reduce_product_of_inverses,reduce,cpp,hpx,0.2,0.95,True,2048,False,"double productWithInverses(std::vector<double> const& x) {\n        \n        // Create a vector of bools to indicate whether each element is odd or not\n        std::vector<bool> isOdd(x.size());\n        std::transform(std::begin(x), std::end(x), std::begin(isOdd), [](double i){return i % 2!= 0;});\n\n        // Create a vector of inverted elements\n        std::vector<double> inverted(x.size());\n        std::transform(std::begin(x), std::end(x), std::begin(inverted), [](double i){return 1.0 / i;});\n\n        // Create a vector of products\n        std::vector<double> products(x.size());\n        std::transform(std::begin(x), std::end(x), std::begin(isOdd), std::begin(products), [](double i, bool b){return b? 1.0 / i : i;});\n\n        // Use HPX to compute the product in parallel\n        double result = hpx::parallel::transform_reduce(\n            hpx::parallel::execution::par,\n            std::begin(products), std::end(products),\n            1.0,\n            std::multiplies<>(),\n            [](double i){return i;});\n\n        return result;\n}",False,True,,34,64806912,15977.0,0.94,15977.0,0.6266666666666666,6.13431453704834
"#include <hpx/hpx_main.hpp>\n\n/* Return the product of the vector x with every odd indexed element inverted.\n   i.e. x_0 * 1/x_1 * x_2 * 1/x_3 * x_4 ...\n   Use HPX to compute product in parallel.  Assume HPX has already been initialized.\n   Example:\n\n   input: [4, 2, 10, 4, 5]\n   output: 25\n*/\ndouble productWithInverses(std::vector<double> const& x) {",26_reduce_product_of_inverses,reduce,cpp,hpx,0.2,0.95,True,2048,False,"double productWithInverses(std::vector<double> const& x) {\n        \n        // Create a vector of inverted elements at odd indices\n        std::vector<double> inverted_elements;\n        for (size_t i = 1; i < x.size(); i += 2) {\n            inverted_elements.push_back(1.0 / x[i]);\n        }\n\n        // Use HPX to compute the product in parallel\n        auto product = hpx::parallel::transform_reduce(\n            hpx::parallel::execution::par,\n            x.begin(), x.end(),\n            inverted_elements.begin(),\n            1.0,\n            std::multiplies<>(),\n            std::divides<>()\n        );\n\n        return product;\n}",False,True,,35,5984256,15977.0,0.94,15977.0,0.61,4.088837146759033
"#include <hpx/hpx_main.hpp>\n\n/* Return the product of the vector x with every odd indexed element inverted.\n   i.e. x_0 * 1/x_1 * x_2 * 1/x_3 * x_4 ...\n   Use HPX to compute product in parallel.  Assume HPX has already been initialized.\n   Example:\n\n   input: [4, 2, 10, 4, 5]\n   output: 25\n*/\ndouble productWithInverses(std::vector<double> const& x) {",26_reduce_product_of_inverses,reduce,cpp,hpx,0.2,0.95,True,2048,False,"double productWithInverses(std::vector<double> const& x) {\n        \n        // Create a future for each element in the vector\n        std::vector<hpx::future<double>> futures;\n        for (size_t i = 0; i < x.size(); ++i) {\n            futures.push_back(hpx::async([i, &x]() {\n                // If the index is odd, invert the element, otherwise return it as is\n                return (i % 2 == 1)? 1.0 / x[i] : x[i];\n            }));\n        }\n\n        // Initialize the product with the first element\n        double product = x[0];\n\n        // Multiply the product with the result of each future\n        for (auto& future : futures) {\n            product *= future.get();\n        }\n\n        return product;\n}",False,True,,36,-16658432,15977.0,0.94,15977.0,0.47,4.091705560684204
"#include <hpx/hpx_main.hpp>\n\n/* Return the product of the vector x with every odd indexed element inverted.\n   i.e. x_0 * 1/x_1 * x_2 * 1/x_3 * x_4 ...\n   Use HPX to compute product in parallel.  Assume HPX has already been initialized.\n   Example:\n\n   input: [4, 2, 10, 4, 5]\n   output: 25\n*/\ndouble productWithInverses(std::vector<double> const& x) {",26_reduce_product_of_inverses,reduce,cpp,hpx,0.2,0.95,True,2048,False,"double productWithInverses(std::vector<double> const& x) {\n        \n        // Create a vector of bools to indicate whether each element is odd\n        std::vector<bool> isOdd(x.size());\n        for (size_t i = 0; i < x.size(); ++i) {\n            isOdd[i] = i % 2!= 0;\n        }\n\n        // Create a vector of inverted elements\n        std::vector<double> inverted(x.size());\n        for (size_t i = 0; i < x.size(); ++i) {\n            if (isOdd[i]) {\n                inverted[i] = 1.0 / x[i];\n            } else {\n                inverted[i] = x[i];\n            }\n        }\n\n        // Compute the product in parallel using HPX\n        double product = hpx::parallel::transform_reduce(\n            hpx::parallel::execution::par,\n            inverted.begin(), inverted.end(),\n            1.0,\n            std::multiplies<>(),\n            [](double val) { return val; }\n        );\n\n        return product;\n}",False,True,,37,14217216,15977.0,0.94,15977.0,0.9333333333333332,6.12726616859436
"#include <hpx/hpx_main.hpp>\n\n/* Return the product of the vector x with every odd indexed element inverted.\n   i.e. x_0 * 1/x_1 * x_2 * 1/x_3 * x_4 ...\n   Use HPX to compute product in parallel.  Assume HPX has already been initialized.\n   Example:\n\n   input: [4, 2, 10, 4, 5]\n   output: 25\n*/\ndouble productWithInverses(std::vector<double> const& x) {",26_reduce_product_of_inverses,reduce,cpp,hpx,0.2,0.95,True,2048,False,"double productWithInverses(std::vector<double> const& x) {\n        \n        // Create a future for each element in the vector\n        std::vector<hpx::future<double>> futures;\n        for (size_t i = 0; i < x.size(); ++i) {\n            futures.push_back(hpx::async([i, &x]() {\n                if (i % 2 == 0) {\n                    return x[i];\n                } else {\n                    return 1.0 / x[i];\n                }\n            }));\n        }\n\n        // Get the results and multiply them together\n        double result = 1.0;\n        for (auto& f : futures) {\n            result *= f.get();\n        }\n\n        return result;\n}",False,True,,38,-3584000,15977.0,0.94,15977.0,0.6266666666666666,6.158490896224976
"#include <hpx/hpx_main.hpp>\n\n/* Return the product of the vector x with every odd indexed element inverted.\n   i.e. x_0 * 1/x_1 * x_2 * 1/x_3 * x_4 ...\n   Use HPX to compute product in parallel.  Assume HPX has already been initialized.\n   Example:\n\n   input: [4, 2, 10, 4, 5]\n   output: 25\n*/\ndouble productWithInverses(std::vector<double> const& x) {",26_reduce_product_of_inverses,reduce,cpp,hpx,0.2,0.95,True,2048,False,double productWithInverses(std::vector<double> const& x) {\n        \n        // Create a vector of inverted elements at odd indices\n        std::vector<double> inverted_elements;\n        for (size_t i = 1; i < x.size(); i += 2) {\n            inverted_elements.push_back(1.0 / x[i]);\n        }\n\n        // Create a vector of elements at even indices\n        std::vector<double> even_elements;\n        for (size_t i = 0; i < x.size(); i += 2) {\n            even_elements.push_back(x[i]);\n        }\n\n        // Compute the product of the elements at even indices with the inverted elements at odd indices\n        double product = 1.0;\n        for (size_t i = 0; i < even_elements.size(); ++i) {\n            product *= even_elements[i] * inverted_elements[i];\n        }\n\n        return product;\n},False,False,,39,-24252416,15977.0,0.94,15977.0,0.6266666666666666,6.19229531288147
"#include <hpx/hpx_main.hpp>\n\n/* Return the product of the vector x with every odd indexed element inverted.\n   i.e. x_0 * 1/x_1 * x_2 * 1/x_3 * x_4 ...\n   Use HPX to compute product in parallel.  Assume HPX has already been initialized.\n   Example:\n\n   input: [4, 2, 10, 4, 5]\n   output: 25\n*/\ndouble productWithInverses(std::vector<double> const& x) {",26_reduce_product_of_inverses,reduce,cpp,hpx,0.2,0.95,True,2048,False,"double productWithInverses(std::vector<double> const& x) {\n        \n        // Create a vector of HPX futures\n        std::vector<hpx::future<double>> futures;\n\n        // Iterate over the vector\n        for (size_t i = 0; i < x.size(); ++i) {\n            // For every odd index, create a future that will compute the inverted element\n            if (i % 2!= 0) {\n                futures.push_back(hpx::async([i, &x]() { return 1.0 / x[i]; }));\n            }\n        }\n\n        // Initialize the product with the first element of the vector\n        double product = x[0];\n\n        // Iterate over the vector of futures\n        for (size_t i = 0; i < futures.size(); ++i) {\n            // Multiply the product with the result of the future\n            product *= futures[i].get();\n        }\n\n        // Return the final product\n        return product;\n}",False,True,,40,1916928,15977.0,0.94,15977.0,0.9266666666666666,6.135128736495972
"#include <hpx/hpx_main.hpp>\n\n/* Return the product of the vector x with every odd indexed element inverted.\n   i.e. x_0 * 1/x_1 * x_2 * 1/x_3 * x_4 ...\n   Use HPX to compute product in parallel.  Assume HPX has already been initialized.\n   Example:\n\n   input: [4, 2, 10, 4, 5]\n   output: 25\n*/\ndouble productWithInverses(std::vector<double> const& x) {",26_reduce_product_of_inverses,reduce,cpp,hpx,0.2,0.95,True,2048,False,"double productWithInverses(std::vector<double> const& x) {\n        \n        // Create a vector of inverted values\n        std::vector<double> inverted_values;\n        for (size_t i = 1; i < x.size(); i += 2) {\n            inverted_values.push_back(1.0 / x[i]);\n        }\n\n        // Create a vector of products\n        std::vector<double> products;\n        for (size_t i = 0; i < x.size(); ++i) {\n            if (i % 2 == 0) {\n                products.push_back(x[i]);\n            } else {\n                products.push_back(x[i] * inverted_values[i / 2]);\n            }\n        }\n\n        // Compute the product in parallel using HPX\n        double result = hpx::parallel::transform_reduce(\n            hpx::parallel::execution::par,\n            products.begin(), products.end(),\n            1.0,\n            std::multiplies<>(),\n            hpx::parallel::plus<>()\n        );\n\n        return result;\n}",False,True,,41,-3112960,15977.0,0.94,15977.0,0.6266666666666666,6.137824296951294
"#include <hpx/hpx_main.hpp>\n\n/* Return the product of the vector x with every odd indexed element inverted.\n   i.e. x_0 * 1/x_1 * x_2 * 1/x_3 * x_4 ...\n   Use HPX to compute product in parallel.  Assume HPX has already been initialized.\n   Example:\n\n   input: [4, 2, 10, 4, 5]\n   output: 25\n*/\ndouble productWithInverses(std::vector<double> const& x) {",26_reduce_product_of_inverses,reduce,cpp,hpx,0.2,0.95,True,2048,False,"double productWithInverses(std::vector<double> const& x) {\n        \n        // Create a vector of inverted values\n        std::vector<double> inverted_values;\n        for (size_t i = 1; i < x.size(); i += 2) {\n            inverted_values.push_back(1.0 / x[i]);\n        }\n\n        // Create a vector of products\n        std::vector<double> products;\n        for (size_t i = 0; i < x.size(); ++i) {\n            if (i % 2 == 0) {\n                products.push_back(x[i]);\n            } else {\n                products.push_back(x[i] * inverted_values[i / 2]);\n            }\n        }\n\n        // Use HPX to compute the product in parallel\n        double result = hpx::parallel::transform_reduce(\n            hpx::parallel::execution::par,\n            products.begin(), products.end(),\n            1.0,\n            std::multiplies<double>(),\n            hpx::parallel::plus<double>()\n        );\n\n        return result;\n}",False,True,,42,-659456,15977.0,0.94,15977.0,0.6266666666666666,6.132998466491699
"#include <hpx/hpx_main.hpp>\n\n/* Return the product of the vector x with every odd indexed element inverted.\n   i.e. x_0 * 1/x_1 * x_2 * 1/x_3 * x_4 ...\n   Use HPX to compute product in parallel.  Assume HPX has already been initialized.\n   Example:\n\n   input: [4, 2, 10, 4, 5]\n   output: 25\n*/\ndouble productWithInverses(std::vector<double> const& x) {",26_reduce_product_of_inverses,reduce,cpp,hpx,0.2,0.95,True,2048,False,"double productWithInverses(std::vector<double> const& x) {\n        \n        // Create a vector of inverted elements at odd indices\n        std::vector<double> inverted_elements;\n        for (size_t i = 1; i < x.size(); i += 2) {\n            inverted_elements.push_back(1.0 / x[i]);\n        }\n\n        // Create a vector of elements at even indices\n        std::vector<double> even_elements;\n        for (size_t i = 0; i < x.size(); i += 2) {\n            even_elements.push_back(x[i]);\n        }\n\n        // Compute the product of the vectors in parallel using HPX\n        double product = hpx::parallel::transform_reduce(\n            hpx::parallel::execution::par,\n            even_elements.begin(), even_elements.end(),\n            inverted_elements.begin(),\n            1.0,\n            std::multiplies<>(),\n            std::multiplies<>()\n        );\n\n        return product;\n}",False,True,,43,-53403648,15977.0,0.94,15977.0,0.6266666666666666,6.141845703125
"#include <hpx/hpx_main.hpp>\n\n/* Return the product of the vector x with every odd indexed element inverted.\n   i.e. x_0 * 1/x_1 * x_2 * 1/x_3 * x_4 ...\n   Use HPX to compute product in parallel.  Assume HPX has already been initialized.\n   Example:\n\n   input: [4, 2, 10, 4, 5]\n   output: 25\n*/\ndouble productWithInverses(std::vector<double> const& x) {",26_reduce_product_of_inverses,reduce,cpp,hpx,0.2,0.95,True,2048,False,double productWithInverses(std::vector<double> const& x) {\n        \n        // Create a future for the product of the first element and the inverted second element\n        auto f1 = hpx::async([&x]() {\n            return x[0] * (1.0 / x[1]);\n        });\n\n        // Create a future for the product of the third element and the inverted fourth element\n        auto f2 = hpx::async([&x]() {\n            return x[2] * (1.0 / x[3]);\n        });\n\n        // Create a future for the product of the fifth element and the inverted sixth element\n        auto f3 = hpx::async([&x]() {\n            return x[4] * (1.0 / x[5]);\n        });\n\n        // Wait for all futures to complete and accumulate the results\n        double result = f1.get() * f2.get() * f3.get();\n\n        return result;\n},False,True,,44,57298944,15977.0,0.94,15977.0,0.6266666666666666,6.141983509063721
"#include <hpx/hpx_main.hpp>\n\n/* Return the product of the vector x with every odd indexed element inverted.\n   i.e. x_0 * 1/x_1 * x_2 * 1/x_3 * x_4 ...\n   Use HPX to compute product in parallel.  Assume HPX has already been initialized.\n   Example:\n\n   input: [4, 2, 10, 4, 5]\n   output: 25\n*/\ndouble productWithInverses(std::vector<double> const& x) {",26_reduce_product_of_inverses,reduce,cpp,hpx,0.2,0.95,True,2048,False,"double productWithInverses(std::vector<double> const& x) {\n        \n        // Create a vector of inverted elements at odd indices\n        std::vector<double> inverted_elements;\n        for (size_t i = 1; i < x.size(); i += 2) {\n            inverted_elements.push_back(1.0 / x[i]);\n        }\n\n        // Create a vector of elements at even indices\n        std::vector<double> even_elements;\n        for (size_t i = 0; i < x.size(); i += 2) {\n            even_elements.push_back(x[i]);\n        }\n\n        // Compute the product of the vectors in parallel\n        double product = hpx::parallel::transform_reduce(\n            hpx::parallel::execution::par,\n            even_elements.begin(), even_elements.end(),\n            inverted_elements.begin(),\n            1.0,\n            std::multiplies<>(),\n            std::multiplies<>()\n        );\n\n        return product;\n}",False,True,,45,11718656,15977.0,0.94,15977.0,0.6266666666666666,6.136908531188965
"#include <hpx/hpx_main.hpp>\n\n/* Return the product of the vector x with every odd indexed element inverted.\n   i.e. x_0 * 1/x_1 * x_2 * 1/x_3 * x_4 ...\n   Use HPX to compute product in parallel.  Assume HPX has already been initialized.\n   Example:\n\n   input: [4, 2, 10, 4, 5]\n   output: 25\n*/\ndouble productWithInverses(std::vector<double> const& x) {",26_reduce_product_of_inverses,reduce,cpp,hpx,0.2,0.95,True,2048,False,double productWithInverses(std::vector<double> const& x) {\n        \n        // Create a vector of inverted elements at odd indices\n        std::vector<double> inverted_elements;\n        for (size_t i = 1; i < x.size(); i += 2) {\n            inverted_elements.push_back(1.0 / x[i]);\n        }\n\n        // Create a vector of elements at even indices\n        std::vector<double> even_elements;\n        for (size_t i = 0; i < x.size(); i += 2) {\n            even_elements.push_back(x[i]);\n        }\n\n        // Compute the product of the elements at even indices with the inverted elements at odd indices\n        double product = 1.0;\n        for (size_t i = 0; i < even_elements.size(); ++i) {\n            product *= even_elements[i] * inverted_elements[i];\n        }\n\n        return product;\n},False,False,,46,15081472,15977.0,0.94,15977.0,0.705,8.171184778213501
"#include <hpx/hpx_main.hpp>\n\n/* Return the product of the vector x with every odd indexed element inverted.\n   i.e. x_0 * 1/x_1 * x_2 * 1/x_3 * x_4 ...\n   Use HPX to compute product in parallel.  Assume HPX has already been initialized.\n   Example:\n\n   input: [4, 2, 10, 4, 5]\n   output: 25\n*/\ndouble productWithInverses(std::vector<double> const& x) {",26_reduce_product_of_inverses,reduce,cpp,hpx,0.2,0.95,True,2048,False,"double productWithInverses(std::vector<double> const& x) {\n        \n        // Create a HPX parallel execution policy\n        hpx::parallel::execution::parallel_executor exec;\n\n        // Initialize the product with 1\n        double product = 1;\n\n        // Use HPX's parallel_reduce to compute the product\n        hpx::parallel::reduce(exec, x.begin(), x.end(), product,\n            [](double a, double b) {\n                // Multiply the current element with the product\n                return a * b;\n            },\n            [](double a, double b) {\n                // Multiply the current element with the product\n                return a * b;\n            },\n            [](double a, double b) {\n                // Multiply the current element with the product\n                return a * b;\n            },\n            [](double a, double b) {\n                // Multiply the current element with the product\n                return a * b;\n            }\n        );\n\n        // Return the final product\n        return product;\n}",False,True,,47,-11202560,15977.0,0.94,15977.0,0.6266666666666666,6.140649318695068
"#include <hpx/hpx_main.hpp>\n\n/* Return the product of the vector x with every odd indexed element inverted.\n   i.e. x_0 * 1/x_1 * x_2 * 1/x_3 * x_4 ...\n   Use HPX to compute product in parallel.  Assume HPX has already been initialized.\n   Example:\n\n   input: [4, 2, 10, 4, 5]\n   output: 25\n*/\ndouble productWithInverses(std::vector<double> const& x) {",26_reduce_product_of_inverses,reduce,cpp,hpx,0.2,0.95,True,2048,False,"double productWithInverses(std::vector<double> const& x) {\n        \n        // Create a vector of booleans to indicate whether each element is odd or not\n        std::vector<bool> is_odd(x.size());\n        std::generate(is_odd.begin(), is_odd.end(), [n = 0]() mutable { return n++ % 2 == 1; });\n\n        // Use HPX to compute the product in parallel\n        double product = hpx::parallel::transform_reduce(\n            hpx::parallel::execution::par,\n            x.begin(), x.end(),\n            is_odd.begin(),\n            1.0,\n            std::multiplies<>(),\n            [](double x, bool is_odd) { return is_odd? 1.0 / x : x; }\n        );\n\n        return product;\n}",False,True,,48,450674688,15977.0,0.94,15977.0,0.47,4.099036931991577
"#include <hpx/hpx_main.hpp>\n\n/* Return the product of the vector x with every odd indexed element inverted.\n   i.e. x_0 * 1/x_1 * x_2 * 1/x_3 * x_4 ...\n   Use HPX to compute product in parallel.  Assume HPX has already been initialized.\n   Example:\n\n   input: [4, 2, 10, 4, 5]\n   output: 25\n*/\ndouble productWithInverses(std::vector<double> const& x) {",26_reduce_product_of_inverses,reduce,cpp,hpx,0.2,0.95,True,2048,False,"double productWithInverses(std::vector<double> const& x) {\n        \n        // Create a future for each element in the vector\n        std::vector<hpx::future<double>> futures;\n        for (size_t i = 0; i < x.size(); ++i) {\n            futures.push_back(hpx::async([i, &x]() {\n                return i % 2 == 0? x[i] : 1.0 / x[i];\n            }));\n        }\n\n        // Get the results and multiply them together\n        double result = 1.0;\n        for (auto& f : futures) {\n            result *= f.get();\n        }\n\n        return result;\n}",False,True,,49,42758144,15977.0,0.94,15977.0,0.6749999999999999,4.088749885559082
"#include <hpx/hpx_main.hpp>\n\n/* Return the product of the vector x with every odd indexed element inverted.\n   i.e. x_0 * 1/x_1 * x_2 * 1/x_3 * x_4 ...\n   Use HPX to compute product in parallel.  Assume HPX has already been initialized.\n   Example:\n\n   input: [4, 2, 10, 4, 5]\n   output: 25\n*/\ndouble productWithInverses(std::vector<double> const& x) {",26_reduce_product_of_inverses,reduce,cpp,hpx,0.2,0.95,True,2048,False,"double productWithInverses(std::vector<double> const& x) {\n        \n        // Create a vector of inverted elements\n        std::vector<double> inverted(x.size());\n        for (size_t i = 0; i < x.size(); ++i) {\n            if (i % 2!= 0) {\n                inverted[i] = 1.0 / x[i];\n            } else {\n                inverted[i] = x[i];\n            }\n        }\n\n        // Use HPX to compute the product in parallel\n        double result = hpx::parallel::transform_reduce(\n            hpx::parallel::execution::par,\n            x.begin(), x.end(),\n            inverted.begin(),\n            1.0,\n            std::multiplies<>(),\n            std::divides<>()\n        );\n\n        return result;\n}",False,True,,50,-15695872,15977.0,0.94,15977.0,0.47,4.098965644836426
"#include <hpx/hpx_main.hpp>\n\n/* Return the product of the vector x with every odd indexed element inverted.\n   i.e. x_0 * 1/x_1 * x_2 * 1/x_3 * x_4 ...\n   Use HPX to compute product in parallel.  Assume HPX has already been initialized.\n   Example:\n\n   input: [4, 2, 10, 4, 5]\n   output: 25\n*/\ndouble productWithInverses(std::vector<double> const& x) {",26_reduce_product_of_inverses,reduce,cpp,hpx,0.2,0.95,True,2048,False,"double productWithInverses(std::vector<double> const& x) {\n        \n        // Create a vector of inverted elements at odd indices\n        std::vector<double> inverted_elements;\n        for (size_t i = 1; i < x.size(); i += 2) {\n            inverted_elements.push_back(1.0 / x[i]);\n        }\n\n        // Create a vector of elements at even indices\n        std::vector<double> even_elements;\n        for (size_t i = 0; i < x.size(); i += 2) {\n            even_elements.push_back(x[i]);\n        }\n\n        // Compute the product of the vectors in parallel using HPX\n        double product = hpx::parallel::transform_reduce(\n            hpx::parallel::execution::par,\n            even_elements.begin(), even_elements.end(),\n            inverted_elements.begin(), 1.0,\n            std::multiplies<>(),\n            std::multiplies<>()\n        );\n\n        return product;\n}",False,True,,51,-487530496,15977.0,0.94,15977.0,0.94,6.1350226402282715
"#include <hpx/hpx_main.hpp>\n\n/* Return the product of the vector x with every odd indexed element inverted.\n   i.e. x_0 * 1/x_1 * x_2 * 1/x_3 * x_4 ...\n   Use HPX to compute product in parallel.  Assume HPX has already been initialized.\n   Example:\n\n   input: [4, 2, 10, 4, 5]\n   output: 25\n*/\ndouble productWithInverses(std::vector<double> const& x) {",26_reduce_product_of_inverses,reduce,cpp,hpx,0.2,0.95,True,2048,False,"double productWithInverses(std::vector<double> const& x) {\n        \n        // Create a HPX parallel execution policy\n        hpx::parallel::execution::parallel_executor exec;\n\n        // Initialize the product with 1\n        double product = 1;\n\n        // Use HPX's parallel_reduce to compute the product in parallel\n        hpx::parallel::reduce(exec, x.begin(), x.end(), product,\n            [](double a, double b) {\n                // For each element, multiply the current product with the element\n                // or with its inverse, depending on the index\n                return a * (b % 2 == 0? 1 : 1 / b);\n            },\n            [](double a, double b) {\n                // Combine the results of two threads\n                return a * b;\n            });\n\n        // Return the final product\n        return product;\n}",False,True,,52,15409152,15977.0,0.94,15977.0,0.47,4.092665195465088
"#include <hpx/hpx_main.hpp>\n\n/* Return the product of the vector x with every odd indexed element inverted.\n   i.e. x_0 * 1/x_1 * x_2 * 1/x_3 * x_4 ...\n   Use HPX to compute product in parallel.  Assume HPX has already been initialized.\n   Example:\n\n   input: [4, 2, 10, 4, 5]\n   output: 25\n*/\ndouble productWithInverses(std::vector<double> const& x) {",26_reduce_product_of_inverses,reduce,cpp,hpx,0.2,0.95,True,2048,False,"double productWithInverses(std::vector<double> const& x) {\n        \n        // Create a HPX parallel execution policy\n        hpx::parallel::execution::parallel_executor exec;\n\n        // Initialize the product with 1\n        double product = 1;\n\n        // Use HPX to compute the product in parallel\n        hpx::parallel::transform_reduce(exec, x.begin(), x.end(), 1.0, std::multiplies<double>(),\n            [&](double val, std::size_t index) {\n                // If the index is odd, invert the value\n                return index % 2 == 1? product / val : product * val;\n            });\n\n        return product;\n}",False,True,,53,-27586560,15977.0,0.94,15977.0,0.94,4.0902838706970215
"#include <hpx/hpx_main.hpp>\n\n/* Return the product of the vector x with every odd indexed element inverted.\n   i.e. x_0 * 1/x_1 * x_2 * 1/x_3 * x_4 ...\n   Use HPX to compute product in parallel.  Assume HPX has already been initialized.\n   Example:\n\n   input: [4, 2, 10, 4, 5]\n   output: 25\n*/\ndouble productWithInverses(std::vector<double> const& x) {",26_reduce_product_of_inverses,reduce,cpp,hpx,0.2,0.95,True,2048,False,"double productWithInverses(std::vector<double> const& x) {\n        \n        // Create a vector of HPX tasks to compute the product\n        std::vector<hpx::future<double>> futures;\n        for (size_t i = 0; i < x.size(); ++i) {\n            if (i % 2 == 0) {\n                futures.push_back(hpx::async([i, &x]() { return x[i]; }));\n            } else {\n                futures.push_back(hpx::async([i, &x]() { return 1.0 / x[i]; }));\n            }\n        }\n\n        // Wait for all tasks to complete and accumulate the product\n        double product = 1.0;\n        for (auto& future : futures) {\n            product *= future.get();\n        }\n\n        return product;\n}",False,True,,54,-1167360,15977.0,0.94,15977.0,0.47,4.085633993148804
"#include <hpx/hpx_main.hpp>\n\n/* Return the product of the vector x with every odd indexed element inverted.\n   i.e. x_0 * 1/x_1 * x_2 * 1/x_3 * x_4 ...\n   Use HPX to compute product in parallel.  Assume HPX has already been initialized.\n   Example:\n\n   input: [4, 2, 10, 4, 5]\n   output: 25\n*/\ndouble productWithInverses(std::vector<double> const& x) {",26_reduce_product_of_inverses,reduce,cpp,hpx,0.2,0.95,True,2048,False,"double productWithInverses(std::vector<double> const& x) {\n        \n        // Create a HPX parallel execution policy\n        hpx::parallel::execution::parallel_executor exec;\n\n        // Initialize the product with 1\n        double product = 1;\n\n        // Iterate over the vector in parallel\n        hpx::parallel::for_loop(exec, 0, x.size(), 2, [&](int i) {\n            // Multiply the product with the element at index i\n            product *= x[i];\n            // If the index is odd, invert the product\n            if (i % 2!= 0) {\n                product /= x[i];\n            }\n        });\n\n        return product;\n}",False,True,,55,-25931776,15977.0,0.94,15977.0,0.94,4.092215061187744
"#include <hpx/hpx_main.hpp>\n\n/* Return the product of the vector x with every odd indexed element inverted.\n   i.e. x_0 * 1/x_1 * x_2 * 1/x_3 * x_4 ...\n   Use HPX to compute product in parallel.  Assume HPX has already been initialized.\n   Example:\n\n   input: [4, 2, 10, 4, 5]\n   output: 25\n*/\ndouble productWithInverses(std::vector<double> const& x) {",26_reduce_product_of_inverses,reduce,cpp,hpx,0.2,0.95,True,2048,False,"double productWithInverses(std::vector<double> const& x) {\n        \n        // Create a future for each element in the vector\n        std::vector<hpx::future<double>> futures;\n        for (size_t i = 0; i < x.size(); ++i) {\n            futures.push_back(hpx::async([i, &x]() {\n                // If the index is odd, invert the element\n                if (i % 2!= 0) {\n                    return 1.0 / x[i];\n                } else {\n                    return x[i];\n                }\n            }));\n        }\n\n        // Accumulate the product of the elements\n        double product = 1.0;\n        for (auto& future : futures) {\n            product *= future.get();\n        }\n\n        return product;\n}",False,True,,56,32841728,15977.0,0.94,15977.0,0.47,4.112929344177246
"#include <hpx/hpx_main.hpp>\n\n/* Return the product of the vector x with every odd indexed element inverted.\n   i.e. x_0 * 1/x_1 * x_2 * 1/x_3 * x_4 ...\n   Use HPX to compute product in parallel.  Assume HPX has already been initialized.\n   Example:\n\n   input: [4, 2, 10, 4, 5]\n   output: 25\n*/\ndouble productWithInverses(std::vector<double> const& x) {",26_reduce_product_of_inverses,reduce,cpp,hpx,0.2,0.95,True,2048,False,double productWithInverses(std::vector<double> const& x) {\n        \n        // Create a vector of inverted elements at odd indices\n        std::vector<double> inverted_elements;\n        for (size_t i = 1; i < x.size(); i += 2) {\n            inverted_elements.push_back(1.0 / x[i]);\n        }\n\n        // Create a vector of elements at even indices\n        std::vector<double> even_elements;\n        for (size_t i = 0; i < x.size(); i += 2) {\n            even_elements.push_back(x[i]);\n        }\n\n        // Compute the product of the elements at even indices with the inverted elements at odd indices\n        double product = 1.0;\n        for (size_t i = 0; i < even_elements.size(); ++i) {\n            product *= even_elements[i] * inverted_elements[i];\n        }\n\n        return product;\n},False,False,,57,-25284608,15977.0,0.94,15977.0,0.7133333333333333,6.13573956489563
"#include <hpx/hpx_main.hpp>\n\n/* Return the product of the vector x with every odd indexed element inverted.\n   i.e. x_0 * 1/x_1 * x_2 * 1/x_3 * x_4 ...\n   Use HPX to compute product in parallel.  Assume HPX has already been initialized.\n   Example:\n\n   input: [4, 2, 10, 4, 5]\n   output: 25\n*/\ndouble productWithInverses(std::vector<double> const& x) {",26_reduce_product_of_inverses,reduce,cpp,hpx,0.2,0.95,True,2048,False,"double productWithInverses(std::vector<double> const& x) {\n        \n        // Create a HPX parallel execution policy\n        hpx::parallel::execution::parallel_executor exec;\n\n        // Initialize the product with 1\n        double product = 1;\n\n        // Iterate over the vector in parallel\n        hpx::parallel::transform_reduce(exec, x.begin(), x.end(), 1.0, std::multiplies<>(),\n            [&](double val, std::size_t index) {\n                // If the index is odd, invert the value\n                if (index % 2!= 0) {\n                    val = 1 / val;\n                }\n                return val;\n            },\n            [](double a, double b) { return a * b; }\n        );\n\n        return product;\n}",False,True,,58,32768000,15977.0,0.94,15977.0,0.94,4.089277029037476
"#include <hpx/hpx_main.hpp>\n\n/* Return the product of the vector x with every odd indexed element inverted.\n   i.e. x_0 * 1/x_1 * x_2 * 1/x_3 * x_4 ...\n   Use HPX to compute product in parallel.  Assume HPX has already been initialized.\n   Example:\n\n   input: [4, 2, 10, 4, 5]\n   output: 25\n*/\ndouble productWithInverses(std::vector<double> const& x) {",26_reduce_product_of_inverses,reduce,cpp,hpx,0.2,0.95,True,2048,False,"double productWithInverses(std::vector<double> const& x) {\n        \n        // Create a HPX parallel execution policy\n        hpx::parallel::execution::parallel_executor exec;\n\n        // Initialize the product with 1\n        double product = 1.0;\n\n        // Use HPX to compute the product in parallel\n        hpx::parallel::transform_reduce(exec, x.begin(), x.end(), 1.0, std::multiplies<double>(),\n            [&](double const& val, std::size_t index) {\n                return index % 2 == 0? val : 1.0 / val;\n            });\n\n        return product;\n}",False,True,,59,-241664,15977.0,0.94,15977.0,0.7949999999999999,4.08389949798584
"#include <hpx/hpx_main.hpp>\n\n/* Return the product of the vector x with every odd indexed element inverted.\n   i.e. x_0 * 1/x_1 * x_2 * 1/x_3 * x_4 ...\n   Use HPX to compute product in parallel.  Assume HPX has already been initialized.\n   Example:\n\n   input: [4, 2, 10, 4, 5]\n   output: 25\n*/\ndouble productWithInverses(std::vector<double> const& x) {",26_reduce_product_of_inverses,reduce,cpp,hpx,0.2,0.95,True,2048,False,"double productWithInverses(std::vector<double> const& x) {\n        \n        // Create a vector of inverted elements at odd indices\n        std::vector<double> inverted_elements;\n        for (size_t i = 1; i < x.size(); i += 2) {\n            inverted_elements.push_back(1.0 / x[i]);\n        }\n\n        // Create a vector of elements at even indices\n        std::vector<double> even_elements;\n        for (size_t i = 0; i < x.size(); i += 2) {\n            even_elements.push_back(x[i]);\n        }\n\n        // Compute the product of the two vectors in parallel\n        double product = hpx::parallel::transform_reduce(\n            hpx::parallel::execution::par,\n            even_elements.begin(), even_elements.end(),\n            inverted_elements.begin(),\n            1.0,\n            std::multiplies<>(),\n            std::multiplies<>()\n        );\n\n        return product;\n}",False,True,,60,757760,15977.0,0.94,15977.0,0.6266666666666666,6.133949041366577
"#include <hpx/hpx_main.hpp>\n\n/* Return the product of the vector x with every odd indexed element inverted.\n   i.e. x_0 * 1/x_1 * x_2 * 1/x_3 * x_4 ...\n   Use HPX to compute product in parallel.  Assume HPX has already been initialized.\n   Example:\n\n   input: [4, 2, 10, 4, 5]\n   output: 25\n*/\ndouble productWithInverses(std::vector<double> const& x) {",26_reduce_product_of_inverses,reduce,cpp,hpx,0.2,0.95,True,2048,False,"double productWithInverses(std::vector<double> const& x) {\n        \n        // Create a HPX parallel execution policy\n        hpx::parallel::execution::parallel_executor exec;\n\n        // Initialize the product with 1\n        double product = 1;\n\n        // Use HPX's parallel_reduce to compute the product in parallel\n        hpx::parallel::reduce(exec, x.begin(), x.end(), product,\n            [](double a, double b) {\n                return a * b;\n            },\n            [](double a, double b) {\n                return a * b;\n            });\n\n        // Return the final product\n        return product;\n}",False,True,,61,4681728,15977.0,0.94,15977.0,0.47,4.094979763031006
"#include <hpx/hpx_main.hpp>\n\n/* Return the product of the vector x with every odd indexed element inverted.\n   i.e. x_0 * 1/x_1 * x_2 * 1/x_3 * x_4 ...\n   Use HPX to compute product in parallel.  Assume HPX has already been initialized.\n   Example:\n\n   input: [4, 2, 10, 4, 5]\n   output: 25\n*/\ndouble productWithInverses(std::vector<double> const& x) {",26_reduce_product_of_inverses,reduce,cpp,hpx,0.2,0.95,True,2048,False,"double productWithInverses(std::vector<double> const& x) {\n        \n        // Create a vector of inverted values\n        std::vector<double> inverted_x(x.size());\n        for (size_t i = 0; i < x.size(); ++i) {\n            if (i % 2!= 0) {\n                inverted_x[i] = 1.0 / x[i];\n            } else {\n                inverted_x[i] = x[i];\n            }\n        }\n\n        // Use HPX to compute the product in parallel\n        double product = hpx::parallel::transform_reduce(\n            hpx::parallel::execution::par,\n            x.begin(), x.end(),\n            inverted_x.begin(),\n            1.0,\n            std::multiplies<>(),\n            std::divides<>()\n        );\n\n        return product;\n}",False,True,,62,18726912,15977.0,0.94,15977.0,0.6266666666666666,6.125859498977661
"#include <hpx/hpx_main.hpp>\n\n/* Return the product of the vector x with every odd indexed element inverted.\n   i.e. x_0 * 1/x_1 * x_2 * 1/x_3 * x_4 ...\n   Use HPX to compute product in parallel.  Assume HPX has already been initialized.\n   Example:\n\n   input: [4, 2, 10, 4, 5]\n   output: 25\n*/\ndouble productWithInverses(std::vector<double> const& x) {",26_reduce_product_of_inverses,reduce,cpp,hpx,0.2,0.95,True,2048,False,"double productWithInverses(std::vector<double> const& x) {\n        \n        // Create a HPX parallel execution policy\n        hpx::parallel::execution::parallel_executor exec;\n\n        // Initialize the product with 1\n        double product = 1;\n\n        // Iterate over the vector in parallel\n        hpx::parallel::transform_reduce(exec, x.begin(), x.end(), 1.0, std::multiplies<double>(),\n            [&](double val, std::size_t index) {\n                // If the index is odd, invert the value\n                if (index % 2!= 0) {\n                    val = 1 / val;\n                }\n                return val;\n            },\n            [&](double val1, double val2) {\n                // Multiply the values\n                return val1 * val2;\n            });\n\n        return product;\n}",False,True,,63,-55279616,15977.0,0.94,15977.0,0.47,4.090775012969971
"#include <hpx/hpx_main.hpp>\n\n/* Return the product of the vector x with every odd indexed element inverted.\n   i.e. x_0 * 1/x_1 * x_2 * 1/x_3 * x_4 ...\n   Use HPX to compute product in parallel.  Assume HPX has already been initialized.\n   Example:\n\n   input: [4, 2, 10, 4, 5]\n   output: 25\n*/\ndouble productWithInverses(std::vector<double> const& x) {",26_reduce_product_of_inverses,reduce,cpp,hpx,0.2,0.95,True,2048,False,"double productWithInverses(std::vector<double> const& x) {\n        \n        // Create a HPX parallel execution policy\n        hpx::parallel::execution::parallel_executor exec;\n\n        // Initialize the product with 1\n        double product = 1;\n\n        // Use HPX's parallel_reduce to compute the product\n        hpx::parallel::reduce(exec, x.begin(), x.end(), product,\n            [](double a, double b) {\n                // Multiply a with 1/b if b is odd\n                return a * (b % 2 == 0? 1 : 1 / b);\n            },\n            [](double a, double b) {\n                // Multiply a with 1/b if b is odd\n                return a * (b % 2 == 0? 1 : 1 / b);\n            });\n\n        return product;\n}",False,True,,64,34516992,15977.0,0.94,15977.0,0.94,4.087968826293945
"#include <hpx/hpx_main.hpp>\n\n/* Return the product of the vector x with every odd indexed element inverted.\n   i.e. x_0 * 1/x_1 * x_2 * 1/x_3 * x_4 ...\n   Use HPX to compute product in parallel.  Assume HPX has already been initialized.\n   Example:\n\n   input: [4, 2, 10, 4, 5]\n   output: 25\n*/\ndouble productWithInverses(std::vector<double> const& x) {",26_reduce_product_of_inverses,reduce,cpp,hpx,0.2,0.95,True,2048,False,"double productWithInverses(std::vector<double> const& x) {\n        \n        // Create a vector of inverted values\n        std::vector<double> inverted_values;\n        for (size_t i = 1; i < x.size(); i += 2) {\n            inverted_values.push_back(1.0 / x[i]);\n        }\n\n        // Create a vector of values to multiply\n        std::vector<double> values;\n        for (size_t i = 0; i < x.size(); i += 2) {\n            values.push_back(x[i]);\n        }\n\n        // Combine the vectors into a single vector\n        std::vector<double> combined;\n        combined.reserve(values.size() + inverted_values.size());\n        combined.insert(combined.end(), values.begin(), values.end());\n        combined.insert(combined.end(), inverted_values.begin(), inverted_values.end());\n\n        // Compute the product in parallel using HPX\n        double product = hpx::parallel::transform_reduce(\n            hpx::parallel::execution::par,\n            combined.begin(), combined.end(),\n            1.0,\n            std::multiplies<double>(),\n            [](double val) { return val; }\n        );\n\n        return product;\n}",False,True,,65,-8798208,15977.0,0.94,15977.0,0.94,6.1322174072265625
"#include <hpx/hpx_main.hpp>\n\n/* Return the product of the vector x with every odd indexed element inverted.\n   i.e. x_0 * 1/x_1 * x_2 * 1/x_3 * x_4 ...\n   Use HPX to compute product in parallel.  Assume HPX has already been initialized.\n   Example:\n\n   input: [4, 2, 10, 4, 5]\n   output: 25\n*/\ndouble productWithInverses(std::vector<double> const& x) {",26_reduce_product_of_inverses,reduce,cpp,hpx,0.2,0.95,True,2048,False,double productWithInverses(std::vector<double> const& x) {\n        \n        // Create a vector of inverted elements at odd indices\n        std::vector<double> inverted_elements;\n        for (size_t i = 1; i < x.size(); i += 2) {\n            inverted_elements.push_back(1.0 / x[i]);\n        }\n\n        // Create a vector of elements at even indices\n        std::vector<double> even_elements;\n        for (size_t i = 0; i < x.size(); i += 2) {\n            even_elements.push_back(x[i]);\n        }\n\n        // Compute the product of the elements at even indices with the inverted elements at odd indices\n        double result = 1.0;\n        for (size_t i = 0; i < even_elements.size(); ++i) {\n            result *= even_elements[i] * inverted_elements[i];\n        }\n\n        return result;\n},False,False,,66,15650816,15977.0,0.94,15977.0,0.705,8.18587040901184
"#include <hpx/hpx_main.hpp>\n\n/* Return the product of the vector x with every odd indexed element inverted.\n   i.e. x_0 * 1/x_1 * x_2 * 1/x_3 * x_4 ...\n   Use HPX to compute product in parallel.  Assume HPX has already been initialized.\n   Example:\n\n   input: [4, 2, 10, 4, 5]\n   output: 25\n*/\ndouble productWithInverses(std::vector<double> const& x) {",26_reduce_product_of_inverses,reduce,cpp,hpx,0.2,0.95,True,2048,False,"double productWithInverses(std::vector<double> const& x) {\n        \n        // Create a vector of HPX futures for the inverted elements\n        std::vector<hpx::future<double>> futures;\n        for (size_t i = 1; i < x.size(); i += 2) {\n            futures.push_back(hpx::async([i, &x](){ return 1.0 / x[i]; }));\n        }\n\n        // Compute the product of the elements\n        double product = x[0];\n        for (size_t i = 1; i < x.size(); i += 2) {\n            product *= futures[i / 2].get();\n        }\n\n        return product;\n}",False,True,,67,9670656,15977.0,0.94,15977.0,0.6266666666666666,6.150022983551025
"#include <hpx/hpx_main.hpp>\n\n/* Return the product of the vector x with every odd indexed element inverted.\n   i.e. x_0 * 1/x_1 * x_2 * 1/x_3 * x_4 ...\n   Use HPX to compute product in parallel.  Assume HPX has already been initialized.\n   Example:\n\n   input: [4, 2, 10, 4, 5]\n   output: 25\n*/\ndouble productWithInverses(std::vector<double> const& x) {",26_reduce_product_of_inverses,reduce,cpp,hpx,0.2,0.95,True,2048,False,"double productWithInverses(std::vector<double> const& x) {\n        \n        // Create a vector of inverted elements\n        std::vector<double> inverted_x(x.size());\n        for (size_t i = 0; i < x.size(); ++i) {\n            if (i % 2!= 0) {\n                inverted_x[i] = 1.0 / x[i];\n            } else {\n                inverted_x[i] = x[i];\n            }\n        }\n\n        // Use HPX to compute the product in parallel\n        double product = hpx::parallel::transform_reduce(\n            hpx::parallel::execution::par,\n            x.begin(), x.end(),\n            inverted_x.begin(),\n            1.0,\n            std::multiplies<>(),\n            std::divides<>()\n        );\n\n        return product;\n}",False,True,,68,528384,15977.0,0.94,15977.0,0.6233333333333334,6.128101587295532
"#include <hpx/hpx_main.hpp>\n\n/* Return the product of the vector x with every odd indexed element inverted.\n   i.e. x_0 * 1/x_1 * x_2 * 1/x_3 * x_4 ...\n   Use HPX to compute product in parallel.  Assume HPX has already been initialized.\n   Example:\n\n   input: [4, 2, 10, 4, 5]\n   output: 25\n*/\ndouble productWithInverses(std::vector<double> const& x) {",26_reduce_product_of_inverses,reduce,cpp,hpx,0.2,0.95,True,2048,False,"double productWithInverses(std::vector<double> const& x) {\n        \n        // Create a vector to store the results of the inversion operations\n        std::vector<double> inverted_x(x.size());\n\n        // Use HPX to parallelize the inversion operation\n        hpx::parallel::transform(hpx::parallel::execution::par, x.begin(), x.end(), inverted_x.begin(),\n            [](double val) { return 1.0 / val; });\n\n        // Use HPX to parallelize the multiplication operation\n        double result = hpx::parallel::transform_reduce(hpx::parallel::execution::par, x.begin(), x.end(), inverted_x.begin(), 1.0,\n            std::multiplies<double>(), std::multiplies<double>());\n\n        return result;\n}",False,True,,69,229376,15977.0,0.94,15977.0,0.47,4.091224670410156
"#include <hpx/hpx_main.hpp>\n\n/* Return the product of the vector x with every odd indexed element inverted.\n   i.e. x_0 * 1/x_1 * x_2 * 1/x_3 * x_4 ...\n   Use HPX to compute product in parallel.  Assume HPX has already been initialized.\n   Example:\n\n   input: [4, 2, 10, 4, 5]\n   output: 25\n*/\ndouble productWithInverses(std::vector<double> const& x) {",26_reduce_product_of_inverses,reduce,cpp,hpx,0.2,0.95,True,2048,False,"double productWithInverses(std::vector<double> const& x) {\n        \n        // Create a vector of booleans to mark odd indices\n        std::vector<bool> oddIndices(x.size(), false);\n        for (size_t i = 1; i < x.size(); i += 2) {\n            oddIndices[i] = true;\n        }\n\n        // Create a vector of inverted elements\n        std::vector<double> invertedX(x.size());\n        hpx::parallel::transform(hpx::parallel::execution::par, x.begin(), x.end(), oddIndices.begin(), invertedX.begin(), [](double x, bool invert) {\n            return invert? 1.0 / x : x;\n        });\n\n        // Compute the product of the inverted elements\n        double product = 1.0;\n        for (double val : invertedX) {\n            product *= val;\n        }\n\n        return product;\n}",False,True,,70,9949184,15977.0,0.94,15977.0,0.94,6.1315062046051025
"#include <hpx/hpx_main.hpp>\n\n/* Return the product of the vector x with every odd indexed element inverted.\n   i.e. x_0 * 1/x_1 * x_2 * 1/x_3 * x_4 ...\n   Use HPX to compute product in parallel.  Assume HPX has already been initialized.\n   Example:\n\n   input: [4, 2, 10, 4, 5]\n   output: 25\n*/\ndouble productWithInverses(std::vector<double> const& x) {",26_reduce_product_of_inverses,reduce,cpp,hpx,0.2,0.95,True,2048,False,"double productWithInverses(std::vector<double> const& x) {\n        \n        // Create a vector of HPX futures\n        std::vector<hpx::future<double>> futures;\n\n        // Iterate over the vector\n        for (size_t i = 0; i < x.size(); ++i) {\n            // For every odd indexed element, create a HPX future that computes the product\n            if (i % 2!= 0) {\n                futures.push_back(hpx::async([i, &x]() {\n                    return x[i] * 1.0 / x[i - 1];\n                }));\n            }\n        }\n\n        // Initialize the result to 1\n        double result = 1.0;\n\n        // Iterate over the vector of HPX futures\n        for (auto& f : futures) {\n            // Multiply the result by the value of the future\n            result *= f.get();\n        }\n\n        // Return the final result\n        return result;\n}",False,True,,71,-3796992,15977.0,0.94,15977.0,0.6233333333333334,6.1308674812316895
"#include <hpx/hpx_main.hpp>\n\n/* Return the product of the vector x with every odd indexed element inverted.\n   i.e. x_0 * 1/x_1 * x_2 * 1/x_3 * x_4 ...\n   Use HPX to compute product in parallel.  Assume HPX has already been initialized.\n   Example:\n\n   input: [4, 2, 10, 4, 5]\n   output: 25\n*/\ndouble productWithInverses(std::vector<double> const& x) {",26_reduce_product_of_inverses,reduce,cpp,hpx,0.2,0.95,True,2048,False,"double productWithInverses(std::vector<double> const& x) {\n        \n        // Create a vector to hold the results of the inversion operations\n        std::vector<double> inverted_x(x.size());\n\n        // Use HPX to parallelize the inversion operation\n        hpx::parallel::transform(hpx::parallel::execution::par, x.begin(), x.end(), inverted_x.begin(),\n            [](double val) { return 1.0 / val; });\n\n        // Initialize the product to 1\n        double product = 1.0;\n\n        // Use HPX to parallelize the multiplication operation\n        hpx::parallel::transform(hpx::parallel::execution::par, x.begin(), x.end(), inverted_x.begin(), &product,\n            [](double val1, double val2) { return val1 * val2; });\n\n        return product;\n}",False,True,,72,-16211968,15977.0,0.94,15977.0,0.6266666666666666,6.136876821517944
"#include <hpx/hpx_main.hpp>\n\n/* Return the product of the vector x with every odd indexed element inverted.\n   i.e. x_0 * 1/x_1 * x_2 * 1/x_3 * x_4 ...\n   Use HPX to compute product in parallel.  Assume HPX has already been initialized.\n   Example:\n\n   input: [4, 2, 10, 4, 5]\n   output: 25\n*/\ndouble productWithInverses(std::vector<double> const& x) {",26_reduce_product_of_inverses,reduce,cpp,hpx,0.2,0.95,True,2048,False,"double productWithInverses(std::vector<double> const& x) {\n        \n        // Create a HPX parallel execution policy\n        hpx::parallel::execution::parallel_executor exec;\n\n        // Initialize the product with 1\n        double product = 1;\n\n        // Use HPX to parallelize the computation\n        hpx::parallel::transform_reduce(exec, x.begin(), x.end(), 1.0, std::multiplies<>(),\n            [&](double val, std::size_t index) {\n                // If the index is odd, invert the value\n                if (index % 2!= 0) {\n                    return product / val;\n                } else {\n                    return product * val;\n                }\n            });\n\n        return product;\n}",False,True,,73,-51187712,15977.0,0.94,15977.0,0.47,4.115848541259766
"#include <hpx/hpx_main.hpp>\n\n/* Return the product of the vector x with every odd indexed element inverted.\n   i.e. x_0 * 1/x_1 * x_2 * 1/x_3 * x_4 ...\n   Use HPX to compute product in parallel.  Assume HPX has already been initialized.\n   Example:\n\n   input: [4, 2, 10, 4, 5]\n   output: 25\n*/\ndouble productWithInverses(std::vector<double> const& x) {",26_reduce_product_of_inverses,reduce,cpp,hpx,0.2,0.95,True,2048,False,"double productWithInverses(std::vector<double> const& x) {\n        \n        // Create a vector of inverted values at odd indices\n        std::vector<double> inverted_values;\n        for (size_t i = 1; i < x.size(); i += 2) {\n            inverted_values.push_back(1.0 / x[i]);\n        }\n\n        // Use HPX to compute the product in parallel\n        double product = hpx::parallel::transform_reduce(\n            hpx::parallel::execution::par,\n            x.begin(), x.end(),\n            inverted_values.begin(),\n            1.0,\n            std::multiplies<>(),\n            std::multiplies<>()\n        );\n\n        return product;\n}",False,True,,74,41779200,15977.0,0.93,15977.0,0.495,4.0881757736206055
"#include <hpx/hpx_main.hpp>\n\n/* Return the product of the vector x with every odd indexed element inverted.\n   i.e. x_0 * 1/x_1 * x_2 * 1/x_3 * x_4 ...\n   Use HPX to compute product in parallel.  Assume HPX has already been initialized.\n   Example:\n\n   input: [4, 2, 10, 4, 5]\n   output: 25\n*/\ndouble productWithInverses(std::vector<double> const& x) {",26_reduce_product_of_inverses,reduce,cpp,hpx,0.2,0.95,True,2048,False,double productWithInverses(std::vector<double> const& x) {\n        \n        // Create a vector of inverted elements at odd indices\n        std::vector<double> inverted_elements;\n        for (size_t i = 1; i < x.size(); i += 2) {\n            inverted_elements.push_back(1.0 / x[i]);\n        }\n\n        // Create a vector of elements at even indices\n        std::vector<double> even_elements;\n        for (size_t i = 0; i < x.size(); i += 2) {\n            even_elements.push_back(x[i]);\n        }\n\n        // Compute the product of the elements at even indices with the inverted elements at odd indices\n        double product = 1.0;\n        for (size_t i = 0; i < even_elements.size(); ++i) {\n            product *= even_elements[i] * inverted_elements[i];\n        }\n\n        return product;\n},False,False,,75,13512704,15977.0,0.94,15977.0,0.705,8.17196774482727
"#include <hpx/hpx_main.hpp>\n\n/* Return the product of the vector x with every odd indexed element inverted.\n   i.e. x_0 * 1/x_1 * x_2 * 1/x_3 * x_4 ...\n   Use HPX to compute product in parallel.  Assume HPX has already been initialized.\n   Example:\n\n   input: [4, 2, 10, 4, 5]\n   output: 25\n*/\ndouble productWithInverses(std::vector<double> const& x) {",26_reduce_product_of_inverses,reduce,cpp,hpx,0.2,0.95,True,2048,False,"double productWithInverses(std::vector<double> const& x) {\n        \n        // Create a vector of HPX futures\n        std::vector<hpx::future<double>> futures;\n\n        // Iterate over the vector\n        for (std::size_t i = 0; i < x.size(); ++i) {\n            // For every odd index, create a HPX future that computes the product of the element and its inverse\n            if (i % 2!= 0) {\n                futures.push_back(hpx::async([i, &x]() {\n                    return x[i] / x[i - 1];\n                }));\n            }\n        }\n\n        // Initialize the product with the first element\n        double product = x[0];\n\n        // Iterate over the vector of HPX futures\n        for (auto& f : futures) {\n            // Multiply the product with the result of the future\n            product *= f.get();\n        }\n\n        return product;\n}",False,True,,76,-12103680,15977.0,0.94,15977.0,0.6266666666666666,6.133902072906494
"#include <hpx/hpx_main.hpp>\n\n/* Return the product of the vector x with every odd indexed element inverted.\n   i.e. x_0 * 1/x_1 * x_2 * 1/x_3 * x_4 ...\n   Use HPX to compute product in parallel.  Assume HPX has already been initialized.\n   Example:\n\n   input: [4, 2, 10, 4, 5]\n   output: 25\n*/\ndouble productWithInverses(std::vector<double> const& x) {",26_reduce_product_of_inverses,reduce,cpp,hpx,0.2,0.95,True,2048,False,"double productWithInverses(std::vector<double> const& x) {\n        \n        // Create a vector of inverted elements at odd indices\n        std::vector<double> inverted_elements;\n        for (size_t i = 1; i < x.size(); i += 2) {\n            inverted_elements.push_back(1.0 / x[i]);\n        }\n\n        // Create a vector of elements at even indices\n        std::vector<double> even_elements;\n        for (size_t i = 0; i < x.size(); i += 2) {\n            even_elements.push_back(x[i]);\n        }\n\n        // Use HPX to compute the product of the vectors in parallel\n        double result = hpx::parallel::transform_reduce(\n            hpx::parallel::execution::par,\n            even_elements.begin(), even_elements.end(),\n            inverted_elements.begin(),\n            1.0,\n            std::multiplies<>(),\n            std::multiplies<>()\n        );\n\n        return result;\n}",False,True,,77,75079680,15977.0,0.94,15977.0,0.6266666666666666,6.135894298553467
"#include <hpx/hpx_main.hpp>\n\n/* Return the product of the vector x with every odd indexed element inverted.\n   i.e. x_0 * 1/x_1 * x_2 * 1/x_3 * x_4 ...\n   Use HPX to compute product in parallel.  Assume HPX has already been initialized.\n   Example:\n\n   input: [4, 2, 10, 4, 5]\n   output: 25\n*/\ndouble productWithInverses(std::vector<double> const& x) {",26_reduce_product_of_inverses,reduce,cpp,hpx,0.2,0.95,True,2048,False,"double productWithInverses(std::vector<double> const& x) {\n        \n        // Create a vector of inverted values\n        std::vector<double> inverted(x.size());\n        for (std::size_t i = 0; i < x.size(); ++i) {\n            inverted[i] = (i % 2 == 0)? 1.0 / x[i] : x[i];\n        }\n\n        // Use HPX to compute the product in parallel\n        double result = hpx::parallel::transform_reduce(\n            hpx::parallel::execution::par,\n            x.begin(), x.end(),\n            inverted.begin(),\n            1.0,\n            std::multiplies<>(),\n            std::divides<>()\n        );\n\n        return result;\n}",False,True,,78,287457280,15977.0,0.94,15977.0,0.47,4.0880677700042725
"#include <hpx/hpx_main.hpp>\n\n/* Return the product of the vector x with every odd indexed element inverted.\n   i.e. x_0 * 1/x_1 * x_2 * 1/x_3 * x_4 ...\n   Use HPX to compute product in parallel.  Assume HPX has already been initialized.\n   Example:\n\n   input: [4, 2, 10, 4, 5]\n   output: 25\n*/\ndouble productWithInverses(std::vector<double> const& x) {",26_reduce_product_of_inverses,reduce,cpp,hpx,0.2,0.95,True,2048,False,"double productWithInverses(std::vector<double> const& x) {\n        \n        // Create a vector of inverted values at odd indices\n        std::vector<double> inverted_values;\n        for (size_t i = 1; i < x.size(); i += 2) {\n            inverted_values.push_back(1.0 / x[i]);\n        }\n\n        // Use HPX to compute the product in parallel\n        auto product = hpx::parallel::transform_reduce(\n            hpx::parallel::execution::seq,\n            x.begin(), x.end(),\n            inverted_values.begin(),\n            1.0,\n            std::multiplies<>(),\n            std::divides<>()\n        );\n\n        return product;\n}",False,True,,79,277102592,15977.0,0.93,15977.0,0.6950000000000001,4.098934888839722
"#include <hpx/hpx_main.hpp>\n\n/* Return the product of the vector x with every odd indexed element inverted.\n   i.e. x_0 * 1/x_1 * x_2 * 1/x_3 * x_4 ...\n   Use HPX to compute product in parallel.  Assume HPX has already been initialized.\n   Example:\n\n   input: [4, 2, 10, 4, 5]\n   output: 25\n*/\ndouble productWithInverses(std::vector<double> const& x) {",26_reduce_product_of_inverses,reduce,cpp,hpx,0.2,0.95,True,2048,False,double productWithInverses(std::vector<double> const& x) {\n        \n        // Create a vector of inverted elements at odd indices\n        std::vector<double> inverted_elements;\n        for (size_t i = 1; i < x.size(); i += 2) {\n            inverted_elements.push_back(1.0 / x[i]);\n        }\n\n        // Create a vector of elements at even indices\n        std::vector<double> even_elements;\n        for (size_t i = 0; i < x.size(); i += 2) {\n            even_elements.push_back(x[i]);\n        }\n\n        // Compute the product of the elements at even indices with the inverted elements at odd indices\n        double product = 1.0;\n        for (size_t i = 0; i < even_elements.size(); ++i) {\n            product *= even_elements[i] * inverted_elements[i];\n        }\n\n        return product;\n},False,False,,80,365162496,15977.0,0.94,15977.0,0.6466666666666666,6.135056257247925
"#include <hpx/hpx_main.hpp>\n\n/* Return the product of the vector x with every odd indexed element inverted.\n   i.e. x_0 * 1/x_1 * x_2 * 1/x_3 * x_4 ...\n   Use HPX to compute product in parallel.  Assume HPX has already been initialized.\n   Example:\n\n   input: [4, 2, 10, 4, 5]\n   output: 25\n*/\ndouble productWithInverses(std::vector<double> const& x) {",26_reduce_product_of_inverses,reduce,cpp,hpx,0.2,0.95,True,2048,False,"double productWithInverses(std::vector<double> const& x) {\n        \n        // Create a vector of HPX tasks.\n        std::vector<hpx::future<double>> futures;\n\n        // Iterate over the vector.\n        for (size_t i = 0; i < x.size(); ++i) {\n            // For every odd indexed element, create a task that returns the element inverted.\n            if (i % 2!= 0) {\n                futures.push_back(hpx::async([i, &x]() { return 1.0 / x[i]; }));\n            } else {\n                // For every even indexed element, create a task that returns the element.\n                futures.push_back(hpx::async([i, &x]() { return x[i]; }));\n            }\n        }\n\n        // Initialize the product with 1.\n        double product = 1.0;\n\n        // Iterate over the vector of futures.\n        for (auto& future : futures) {\n            // Multiply the product with the result of each future.\n            product *= future.get();\n        }\n\n        // Return the product.\n        return product;\n}",False,True,,81,1786462208,15977.0,0.94,15977.0,0.8333333333333334,6.133852243423462
"#include <hpx/hpx_main.hpp>\n\n/* Return the product of the vector x with every odd indexed element inverted.\n   i.e. x_0 * 1/x_1 * x_2 * 1/x_3 * x_4 ...\n   Use HPX to compute product in parallel.  Assume HPX has already been initialized.\n   Example:\n\n   input: [4, 2, 10, 4, 5]\n   output: 25\n*/\ndouble productWithInverses(std::vector<double> const& x) {",26_reduce_product_of_inverses,reduce,cpp,hpx,0.2,0.95,True,2048,False,"double productWithInverses(std::vector<double> const& x) {\n        \n        // Create a vector of inverted elements at odd indices\n        std::vector<double> inverted_elements;\n        for (size_t i = 1; i < x.size(); i += 2) {\n            inverted_elements.push_back(1.0 / x[i]);\n        }\n\n        // Create a vector of elements at even indices\n        std::vector<double> even_elements;\n        for (size_t i = 0; i < x.size(); i += 2) {\n            even_elements.push_back(x[i]);\n        }\n\n        // Compute the product of the vectors in parallel using HPX\n        double product = hpx::parallel::transform_reduce(\n            hpx::parallel::execution::par,\n            even_elements.begin(), even_elements.end(),\n            inverted_elements.begin(),\n            1.0,\n            std::multiplies<>(),\n            std::multiplies<>()\n        );\n\n        return product;\n}",False,True,,82,1211518976,15977.0,0.94,15977.0,0.6266666666666666,6.141926050186157
"#include <hpx/hpx_main.hpp>\n\n/* Return the product of the vector x with every odd indexed element inverted.\n   i.e. x_0 * 1/x_1 * x_2 * 1/x_3 * x_4 ...\n   Use HPX to compute product in parallel.  Assume HPX has already been initialized.\n   Example:\n\n   input: [4, 2, 10, 4, 5]\n   output: 25\n*/\ndouble productWithInverses(std::vector<double> const& x) {",26_reduce_product_of_inverses,reduce,cpp,hpx,0.2,0.95,True,2048,False,"double productWithInverses(std::vector<double> const& x) {\n        \n        // Create a vector of inverted values\n        std::vector<double> inverted(x.size());\n        std::transform(x.begin(), x.end(), inverted.begin(), [](double val) { return 1.0 / val; });\n\n        // Create a vector of indices\n        std::vector<int> indices(x.size());\n        std::iota(indices.begin(), indices.end(), 0);\n\n        // Filter out odd indices\n        std::vector<double> oddIndices;\n        std::copy_if(indices.begin(), indices.end(), std::back_inserter(oddIndices), [](int index) { return index % 2!= 0; });\n\n        // Create a vector of inverted values at odd indices\n        std::vector<double> invertedOddIndices(oddIndices.size());\n        std::transform(oddIndices.begin(), oddIndices.end(), invertedOddIndices.begin(), [&inverted](int index) { return inverted[index]; });\n\n        // Compute the product of the vector x with every odd indexed element inverted in parallel\n        double result = hpx::parallel::transform_reduce(\n            hpx::parallel::execution::par,\n            x.begin(), x.end(),\n            invertedOddIndices.begin(),\n            1.0,\n            std::multiplies<>(),\n            std::divides<>()\n        );\n\n        return result;\n}",False,True,,83,-190111744,15977.0,0.94,15977.0,0.705,8.181928396224976
"#include <hpx/hpx_main.hpp>\n\n/* Return the product of the vector x with every odd indexed element inverted.\n   i.e. x_0 * 1/x_1 * x_2 * 1/x_3 * x_4 ...\n   Use HPX to compute product in parallel.  Assume HPX has already been initialized.\n   Example:\n\n   input: [4, 2, 10, 4, 5]\n   output: 25\n*/\ndouble productWithInverses(std::vector<double> const& x) {",26_reduce_product_of_inverses,reduce,cpp,hpx,0.2,0.95,True,2048,False,"double productWithInverses(std::vector<double> const& x) {\n        \n        // Create a vector of bools to mark odd indices\n        std::vector<bool> odd_indices(x.size());\n        for (size_t i = 0; i < x.size(); ++i) {\n            odd_indices[i] = (i % 2!= 0);\n        }\n\n        // Create a vector of inverted elements\n        std::vector<double> inverted_elements(x.size());\n        for (size_t i = 0; i < x.size(); ++i) {\n            if (odd_indices[i]) {\n                inverted_elements[i] = 1.0 / x[i];\n            } else {\n                inverted_elements[i] = x[i];\n            }\n        }\n\n        // Use HPX to compute the product in parallel\n        double product = hpx::parallel::transform_reduce(\n            hpx::parallel::execution::par,\n            x.begin(), x.end(),\n            inverted_elements.begin(),\n            1.0,\n            std::multiplies<>(),\n            std::divides<>()\n        );\n\n        return product;\n}",False,True,,84,-97853440,15977.0,0.94,15977.0,0.6266666666666666,6.157955646514893
"#include <hpx/hpx_main.hpp>\n\n/* Return the product of the vector x with every odd indexed element inverted.\n   i.e. x_0 * 1/x_1 * x_2 * 1/x_3 * x_4 ...\n   Use HPX to compute product in parallel.  Assume HPX has already been initialized.\n   Example:\n\n   input: [4, 2, 10, 4, 5]\n   output: 25\n*/\ndouble productWithInverses(std::vector<double> const& x) {",26_reduce_product_of_inverses,reduce,cpp,hpx,0.2,0.95,True,2048,False,"double productWithInverses(std::vector<double> const& x) {\n        \n        // Create a HPX parallel execution policy\n        hpx::parallel::execution::parallel_executor exec;\n\n        // Initialize the product with 1\n        double product = 1;\n\n        // Use HPX's parallel_reduce to compute the product\n        hpx::parallel::reduce(exec, x.begin(), x.end(), product,\n            [](double a, double b) {\n                // If b is odd, invert it\n                if (b % 2!= 0) {\n                    return a * (1 / b);\n                } else {\n                    return a * b;\n                }\n            },\n            [](double a, double b) {\n                return a * b;\n            });\n\n        return product;\n}",False,True,,85,-52289536,15977.0,0.94,15977.0,0.47,4.084895610809326
"#include <hpx/hpx_main.hpp>\n\n/* Return the product of the vector x with every odd indexed element inverted.\n   i.e. x_0 * 1/x_1 * x_2 * 1/x_3 * x_4 ...\n   Use HPX to compute product in parallel.  Assume HPX has already been initialized.\n   Example:\n\n   input: [4, 2, 10, 4, 5]\n   output: 25\n*/\ndouble productWithInverses(std::vector<double> const& x) {",26_reduce_product_of_inverses,reduce,cpp,hpx,0.2,0.95,True,2048,False,"double productWithInverses(std::vector<double> const& x) {\n        \n        // Create a vector of inverted elements at odd indices\n        std::vector<double> inverted_elements;\n        for (size_t i = 1; i < x.size(); i += 2) {\n            inverted_elements.push_back(1.0 / x[i]);\n        }\n\n        // Create a vector of elements at even indices\n        std::vector<double> even_elements;\n        for (size_t i = 0; i < x.size(); i += 2) {\n            even_elements.push_back(x[i]);\n        }\n\n        // Compute the product of the vectors in parallel using HPX\n        double product = hpx::parallel::transform_reduce(\n            hpx::parallel::execution::par,\n            even_elements.begin(), even_elements.end(),\n            inverted_elements.begin(),\n            1.0,\n            std::multiplies<>(),\n            std::multiplies<>()\n        );\n\n        return product;\n}",False,True,,86,-95694848,15977.0,0.94,15977.0,0.6866666666666666,6.133028745651245
"#include <hpx/hpx_main.hpp>\n\n/* Return the product of the vector x with every odd indexed element inverted.\n   i.e. x_0 * 1/x_1 * x_2 * 1/x_3 * x_4 ...\n   Use HPX to compute product in parallel.  Assume HPX has already been initialized.\n   Example:\n\n   input: [4, 2, 10, 4, 5]\n   output: 25\n*/\ndouble productWithInverses(std::vector<double> const& x) {",26_reduce_product_of_inverses,reduce,cpp,hpx,0.2,0.95,True,2048,False,"double productWithInverses(std::vector<double> const& x) {\n        \n        // Create a future for the product of the first element and the inverted second element\n        auto f1 = hpx::async(&productWithInversesHelper, x, 0, 1);\n\n        // Create a future for the product of the third element and the inverted fourth element\n        auto f2 = hpx::async(&productWithInversesHelper, x, 2, 3);\n\n        // Create a future for the product of the fifth element and the inverted sixth element\n        auto f3 = hpx::async(&productWithInversesHelper, x, 4, 5);\n\n        // Wait for all futures to complete and get their results\n        double result1 = f1.get();\n        double result2 = f2.get();\n        double result3 = f3.get();\n\n        // Return the product of all results\n        return result1 * result2 * result3;\n}",False,True,,87,3413069824,15977.0,0.94,15977.0,0.6266666666666666,6.136957883834839
"#include <hpx/hpx_main.hpp>\n\n/* Return the product of the vector x with every odd indexed element inverted.\n   i.e. x_0 * 1/x_1 * x_2 * 1/x_3 * x_4 ...\n   Use HPX to compute product in parallel.  Assume HPX has already been initialized.\n   Example:\n\n   input: [4, 2, 10, 4, 5]\n   output: 25\n*/\ndouble productWithInverses(std::vector<double> const& x) {",26_reduce_product_of_inverses,reduce,cpp,hpx,0.2,0.95,True,2048,False,"double productWithInverses(std::vector<double> const& x) {\n        \n        // Create a vector of inverted elements at odd indices\n        std::vector<double> inverted_elements;\n        for (size_t i = 1; i < x.size(); i += 2) {\n            inverted_elements.push_back(1.0 / x[i]);\n        }\n\n        // Use HPX to compute the product in parallel\n        auto product = hpx::parallel::transform_reduce(\n            hpx::parallel::execution::par,\n            x.begin(), x.end(),\n            inverted_elements.begin(),\n            1.0,\n            std::multiplies<>(),\n            std::divides<>()\n        );\n\n        return product;\n}",False,True,,88,-3921997824,15977.0,0.94,15977.0,0.47,4.109839200973511
"#include <hpx/hpx_main.hpp>\n\n/* Return the product of the vector x with every odd indexed element inverted.\n   i.e. x_0 * 1/x_1 * x_2 * 1/x_3 * x_4 ...\n   Use HPX to compute product in parallel.  Assume HPX has already been initialized.\n   Example:\n\n   input: [4, 2, 10, 4, 5]\n   output: 25\n*/\ndouble productWithInverses(std::vector<double> const& x) {",26_reduce_product_of_inverses,reduce,cpp,hpx,0.2,0.95,True,2048,False,"double productWithInverses(std::vector<double> const& x) {\n        \n        // Create a vector of bools to mark odd indices\n        std::vector<bool> odd_indices(x.size());\n        for (size_t i = 0; i < x.size(); ++i) {\n            odd_indices[i] = i % 2!= 0;\n        }\n\n        // Create a vector of inverted elements\n        std::vector<double> inverted_elements(x.size());\n        for (size_t i = 0; i < x.size(); ++i) {\n            if (odd_indices[i]) {\n                inverted_elements[i] = 1 / x[i];\n            } else {\n                inverted_elements[i] = x[i];\n            }\n        }\n\n        // Use HPX to compute the product in parallel\n        double result = hpx::parallel::transform_reduce(\n            hpx::parallel::execution::par,\n            x.begin(), x.end(),\n            inverted_elements.begin(),\n            1.0,\n            std::multiplies<>(),\n            std::divides<>()\n        );\n\n        return result;\n}",False,True,,89,-216625152,15977.0,0.94,15977.0,0.6266666666666666,6.159010171890259
"#include <hpx/hpx_main.hpp>\n\n/* Return the product of the vector x with every odd indexed element inverted.\n   i.e. x_0 * 1/x_1 * x_2 * 1/x_3 * x_4 ...\n   Use HPX to compute product in parallel.  Assume HPX has already been initialized.\n   Example:\n\n   input: [4, 2, 10, 4, 5]\n   output: 25\n*/\ndouble productWithInverses(std::vector<double> const& x) {",26_reduce_product_of_inverses,reduce,cpp,hpx,0.2,0.95,True,2048,False,"double productWithInverses(std::vector<double> const& x) {\n        \n        // Create a vector of inverted elements at odd indices\n        std::vector<double> inverted_elements;\n        for (size_t i = 1; i < x.size(); i += 2) {\n            inverted_elements.push_back(1.0 / x[i]);\n        }\n\n        // Create a vector of elements at even indices\n        std::vector<double> even_elements;\n        for (size_t i = 0; i < x.size(); i += 2) {\n            even_elements.push_back(x[i]);\n        }\n\n        // Compute the product of the vectors in parallel using HPX\n        auto product_inverted = hpx::parallel::transform_reduce(\n            hpx::parallel::execution::par,\n            inverted_elements.begin(), inverted_elements.end(),\n            1.0,\n            std::multiplies<>(),\n            [](double const& a, double const& b) { return a * b; }\n        );\n\n        auto product_even = hpx::parallel::transform_reduce(\n            hpx::parallel::execution::par,\n            even_elements.begin(), even_elements.end(),\n            1.0,\n            std::multiplies<>(),\n            [](double const& a, double const& b) { return a * b; }\n        );\n\n        // Return the product of the two products\n        return product_inverted * product_even;\n}",False,True,,90,-349741056,15977.0,0.94,15977.0,0.705,8.176923036575317
"#include <hpx/hpx_main.hpp>\n\n/* Return the product of the vector x with every odd indexed element inverted.\n   i.e. x_0 * 1/x_1 * x_2 * 1/x_3 * x_4 ...\n   Use HPX to compute product in parallel.  Assume HPX has already been initialized.\n   Example:\n\n   input: [4, 2, 10, 4, 5]\n   output: 25\n*/\ndouble productWithInverses(std::vector<double> const& x) {",26_reduce_product_of_inverses,reduce,cpp,hpx,0.2,0.95,True,2048,False,"double productWithInverses(std::vector<double> const& x) {\n        \n        // Create a HPX parallel execution policy\n        hpx::parallel::execution::parallel_executor exec;\n\n        // Initialize the product with 1\n        double product = 1;\n\n        // Use HPX to compute the product in parallel\n        hpx::parallel::transform_reduce(exec, x.begin(), x.end(), 1.0, std::multiplies<>(),\n            [&](double val, std::size_t index) {\n                // If the index is odd, invert the value\n                if (index % 2!= 0) {\n                    val = 1 / val;\n                }\n                return val;\n            },\n            [](double a, double b) {\n                return a * b;\n            });\n\n        return product;\n}",False,True,,91,-127750144,15977.0,0.93,15977.0,0.465,4.089918851852417
"#include <hpx/hpx_main.hpp>\n\n/* Return the product of the vector x with every odd indexed element inverted.\n   i.e. x_0 * 1/x_1 * x_2 * 1/x_3 * x_4 ...\n   Use HPX to compute product in parallel.  Assume HPX has already been initialized.\n   Example:\n\n   input: [4, 2, 10, 4, 5]\n   output: 25\n*/\ndouble productWithInverses(std::vector<double> const& x) {",26_reduce_product_of_inverses,reduce,cpp,hpx,0.2,0.95,True,2048,False,"double productWithInverses(std::vector<double> const& x) {\n        \n        // Create a future for each element in the vector\n        std::vector<hpx::future<double>> futures;\n        for (size_t i = 0; i < x.size(); ++i) {\n            futures.push_back(hpx::async([i, &x]() {\n                // If the index is odd, invert the element\n                if (i % 2!= 0) {\n                    return 1.0 / x[i];\n                } else {\n                    return x[i];\n                }\n            }));\n        }\n\n        // Get the result of each future and multiply them together\n        double product = 1.0;\n        for (auto& future : futures) {\n            product *= future.get();\n        }\n\n        return product;\n}",False,True,,92,-143351808,15977.0,0.94,15977.0,0.47,4.085970163345337
"#include <hpx/hpx_main.hpp>\n\n/* Return the product of the vector x with every odd indexed element inverted.\n   i.e. x_0 * 1/x_1 * x_2 * 1/x_3 * x_4 ...\n   Use HPX to compute product in parallel.  Assume HPX has already been initialized.\n   Example:\n\n   input: [4, 2, 10, 4, 5]\n   output: 25\n*/\ndouble productWithInverses(std::vector<double> const& x) {",26_reduce_product_of_inverses,reduce,cpp,hpx,0.2,0.95,True,2048,False,"double productWithInverses(std::vector<double> const& x) {\n        \n        // Create a vector of inverted elements at odd indices\n        std::vector<double> inverted_elements;\n        for (size_t i = 1; i < x.size(); i += 2) {\n            inverted_elements.push_back(1.0 / x[i]);\n        }\n\n        // Create a vector of elements at even indices\n        std::vector<double> even_elements;\n        for (size_t i = 0; i < x.size(); i += 2) {\n            even_elements.push_back(x[i]);\n        }\n\n        // Compute the product of the elements in parallel\n        double product = hpx::parallel::transform_reduce(\n            hpx::parallel::execution::par,\n            even_elements.begin(), even_elements.end(),\n            inverted_elements.begin(),\n            1.0,\n            std::multiplies<>(),\n            std::multiplies<>()\n        );\n\n        return product;\n}",False,True,,93,-259710976,15977.0,0.94,15977.0,0.9366666666666666,6.132991075515747
"#include <hpx/hpx_main.hpp>\n\n/* Return the product of the vector x with every odd indexed element inverted.\n   i.e. x_0 * 1/x_1 * x_2 * 1/x_3 * x_4 ...\n   Use HPX to compute product in parallel.  Assume HPX has already been initialized.\n   Example:\n\n   input: [4, 2, 10, 4, 5]\n   output: 25\n*/\ndouble productWithInverses(std::vector<double> const& x) {",26_reduce_product_of_inverses,reduce,cpp,hpx,0.2,0.95,True,2048,False,"double productWithInverses(std::vector<double> const& x) {\n        \n        // Create a HPX parallel execution policy\n        hpx::parallel::execution::parallel_executor exec;\n\n        // Initialize the product with 1\n        double product = 1;\n\n        // Use HPX parallel_reduce to compute the product\n        hpx::parallel::reduce(exec, x.begin(), x.end(), product,\n            [](double a, double b) {\n                // Multiply a with 1/b if b is odd\n                return a * (b % 2 == 0? 1 : 1 / b);\n            },\n            [](double a, double b) {\n                // Multiply a with 1/b if b is odd\n                return a * (b % 2 == 0? 1 : 1 / b);\n            });\n\n        return product;\n}",False,True,,94,-57036800,15977.0,0.94,15977.0,0.47,4.087042570114136
"#include <hpx/hpx_main.hpp>\n\n/* Return the product of the vector x with every odd indexed element inverted.\n   i.e. x_0 * 1/x_1 * x_2 * 1/x_3 * x_4 ...\n   Use HPX to compute product in parallel.  Assume HPX has already been initialized.\n   Example:\n\n   input: [4, 2, 10, 4, 5]\n   output: 25\n*/\ndouble productWithInverses(std::vector<double> const& x) {",26_reduce_product_of_inverses,reduce,cpp,hpx,0.2,0.95,True,2048,False,"double productWithInverses(std::vector<double> const& x) {\n        \n        // Create a HPX parallel execution policy\n        hpx::parallel::execution::parallel_executor exec;\n\n        // Initialize the product with 1\n        double product = 1;\n\n        // Use HPX to compute the product in parallel\n        hpx::parallel::transform_reduce(exec, x.begin(), x.end(), 1.0, std::multiplies<>(), [&](double val, size_t index) {\n            // If the index is odd, invert the value\n            if (index % 2!= 0) {\n                val = 1 / val;\n            }\n            return val;\n        });\n\n        return product;\n}",False,True,,95,-92651520,15977.0,0.94,15977.0,0.875,4.089817523956299
"#include <hpx/hpx_main.hpp>\n\n/* Return the product of the vector x with every odd indexed element inverted.\n   i.e. x_0 * 1/x_1 * x_2 * 1/x_3 * x_4 ...\n   Use HPX to compute product in parallel.  Assume HPX has already been initialized.\n   Example:\n\n   input: [4, 2, 10, 4, 5]\n   output: 25\n*/\ndouble productWithInverses(std::vector<double> const& x) {",26_reduce_product_of_inverses,reduce,cpp,hpx,0.2,0.95,True,2048,False,"double productWithInverses(std::vector<double> const& x) {\n        \n        // Create a HPX parallel execution policy\n        hpx::parallel::execution::parallel_executor exec;\n\n        // Initialize the product with 1\n        double product = 1;\n\n        // Use HPX's parallel_reduce to compute the product\n        hpx::parallel::reduce(exec, x.begin(), x.end(), product,\n            [](double a, double b) {\n                // Multiply the current element with the product\n                return a * b;\n            },\n            [](double a, double b) {\n                // Multiply the current element with the product\n                return a * b;\n            },\n            [](double a, double b) {\n                // Multiply the current element with the product\n                return a * b;\n            },\n            [](double a, double b) {\n                // Multiply the current element with the product\n                return a * b;\n            },\n            [](double a, double b) {\n                // Multiply the current element with the product\n                return a * b;\n            },\n            [](double a, double b) {\n                // Multiply the current element with the product\n                return a * b;\n            },\n            [](double a, double b) {\n                // Multiply the current element with the product\n                return a * b;\n            },\n            [](double a, double b) {\n                // Multiply the current element with the product\n                return a * b;\n            },\n            [](double a, double b) {\n                // Multiply the current element with the product\n                return a * b;\n            },\n            [](double a, double b) {\n                // Multiply the current element with the product\n                return a * b;\n            },\n            [](double a, double b) {\n                // Multiply the current element with the product\n                return a * b;\n            },\n            [](double a, double b) {\n                // Multiply the current element with the product\n                return a * b;\n            },\n            [](double a, double b) {\n                // Multiply the current element with the product\n                return a * b;\n            },\n            [](double a, double b) {\n                // Multiply the current element with the product\n                return a * b;\n            },\n            [](double a, double b) {\n                // Multiply the current element with the product\n                return a * b;\n            },\n            [](double a, double b) {\n                // Multiply the current element with the product\n                return a * b;\n            },\n            [](double a, double b) {\n                // Multiply the current element with the product\n                return a * b;\n            },\n            [](double a, double b) {\n                // Multiply the current element with the product\n                return a * b;\n            },\n            [](double a, double b) {\n                // Multiply the current element with the product\n                return a * b;\n            },\n            [](double a, double b) {\n                // Multiply the current element with the product\n                return a * b;\n            },\n            [](double a, double b) {\n                // Multiply the current element with the product\n                return a * b;\n            },\n            [](double a, double b) {\n                // Multiply the current element with the product\n                return a * b;\n            },\n            [](double a, double b) {\n                // Multiply the current element with the product\n                return a * b;\n            },\n            [](double a, double b) {\n                // Multiply the current element with the product\n                return a * b;\n            },\n            [](double a, double b) {\n                // Multiply the current element with the product\n                return a * b;\n            },\n            [](double a, double b) {\n                // Multiply the current element with the product\n                return a * b;\n            },\n            [](double a, double b) {\n                // Multiply the current element with the product\n                return a * b;\n            },\n            [](double a, double b) {\n                // Multiply the current element with the product\n                return a * b;\n            },\n            [](double a, double b) {\n                // Multiply the current element with the product\n                return a * b;\n            },\n            [](double a, double b) {\n                // Multiply the current element with the product\n                return a * b;\n            },\n            [](double a, double b) {\n                // Multiply the current element with the product\n                return a * b;\n            },\n            [](double a, double b) {\n                // Multiply the current element with the product\n                return a * b;\n            },\n            [](double a, double b) {\n                // Multiply the current element with the product\n                return a * b;\n            },\n            [](double a, double b) {\n                // Multiply the current element with the product\n                return a * b;\n            },\n            [](double a, double b) {\n                // Multiply the current element with the product\n                return a * b;\n            },\n            [](double a, double b) {\n                // Multiply the current element with the product\n                return a * b;\n            },\n            [](double a, double b) {\n                // Multiply the current element with the product\n                return a * b;\n            },\n            [](double a, double b) {\n                // Multiply the current element with the product\n                return a * b;\n            },\n            [](double a, double b) {\n                // Multiply the current element with the product\n                return a * b;\n            },\n            [](double a, double b) {\n                // Multiply the current element with the product\n                return a * b;\n            },\n            [](double a, double b) {\n                // Multiply the current element with the product\n                return a * b;\n            },\n            [](double a, double b) {\n                // Multiply the current element with the product\n                return a * b;\n            },\n            [](double a, double b) {\n                // Multiply the current element with the product\n                return a * b;\n            },\n            [](double a, double b) {\n                // Multiply the current element with the product\n                return a * b;\n            },\n            [](double a, double b) {\n                // Multiply the current element with the product\n                return a * b;\n            },\n            [](double a, double b) {\n                // Multiply the current element with the product\n                return a * b;\n            },\n            [](double a, double b) {\n                // Multiply the current element with the product\n                return a * b;\n            },\n            [](double a, double b) {\n                // Multiply the current element with the product\n                return a * b;\n            },\n            [](double a, double b) {\n                // Multiply the current element with the product\n                return a * b;\n            },\n            [](double a, double b) {\n                // Multiply the current element with the product\n                return a * b;\n            },\n            [](double a, double b) {\n                // Multiply the current element with the product\n                return a * b;\n            },\n            [](double a, double b) {\n                // Multiply the current element with the product\n                return a * b;\n            },\n            [](double a, double b) {\n                // Multiply the current element with the product\n                return a * b;\n            },\n            [](double a, double b) {\n                // Multiply the current element with the product\n                return a * b;\n            },\n            [](double a, double b) {\n                // Multiply the current element with the product\n                return a * b;\n            },\n            [](double a, double b) {\n                // Multiply the current element with the product\n                return a * b;\n            },\n            [](double a, double b) {\n                // Multiply the current element with the product\n                return a * b;\n            },\n            [](double a, double b) {\n                // Multiply the current element with the product\n                return a * b;\n            },\n            [](double a, double b) {\n                // Multiply the current element with the product\n                return a * b;\n            },\n            [](double a, double b) {\n                // Multiply the current",False,True,,96,-403943424,15977.0,0.96,15977.0,0.8938888888888888,36.812968730926514
"#include <hpx/hpx_main.hpp>\n\n/* Return the product of the vector x with every odd indexed element inverted.\n   i.e. x_0 * 1/x_1 * x_2 * 1/x_3 * x_4 ...\n   Use HPX to compute product in parallel.  Assume HPX has already been initialized.\n   Example:\n\n   input: [4, 2, 10, 4, 5]\n   output: 25\n*/\ndouble productWithInverses(std::vector<double> const& x) {",26_reduce_product_of_inverses,reduce,cpp,hpx,0.2,0.95,True,2048,False,"double productWithInverses(std::vector<double> const& x) {\n        \n        // Create a future for the product of the first half of the vector\n        auto future1 = hpx::async(product, x, 0, x.size()/2);\n\n        // Create a future for the product of the second half of the vector\n        auto future2 = hpx::async(product, x, x.size()/2, x.size());\n\n        // Wait for both futures to complete\n        hpx::wait_all(future1, future2);\n\n        // Get the results from the futures\n        double product1 = future1.get();\n        double product2 = future2.get();\n\n        // Return the product of the two products\n        return product1 * product2;\n}",False,True,,97,-38604800,15977.0,0.93,15977.0,0.465,4.093643426895142
"#include <hpx/hpx_main.hpp>\n\n/* Return the product of the vector x with every odd indexed element inverted.\n   i.e. x_0 * 1/x_1 * x_2 * 1/x_3 * x_4 ...\n   Use HPX to compute product in parallel.  Assume HPX has already been initialized.\n   Example:\n\n   input: [4, 2, 10, 4, 5]\n   output: 25\n*/\ndouble productWithInverses(std::vector<double> const& x) {",26_reduce_product_of_inverses,reduce,cpp,hpx,0.2,0.95,True,2048,False,"double productWithInverses(std::vector<double> const& x) {\n        \n        // Create a vector of HPX tasks to compute the product of the vector with every odd indexed element inverted.\n        std::vector<hpx::future<double>> futures;\n        for (size_t i = 0; i < x.size(); ++i) {\n            if (i % 2!= 0) {\n                futures.push_back(hpx::async([i, &x]() {\n                    return x[i] / x[i-1];\n                }));\n            }\n        }\n\n        // Compute the product of the vector with every odd indexed element inverted.\n        double product = 1.0;\n        for (auto& future : futures) {\n            product *= future.get();\n        }\n\n        return product;\n}",False,True,,98,111587328,15977.0,0.94,15977.0,0.94,6.129266738891602
"#include <hpx/hpx_main.hpp>\n\n/* Return the product of the vector x with every odd indexed element inverted.\n   i.e. x_0 * 1/x_1 * x_2 * 1/x_3 * x_4 ...\n   Use HPX to compute product in parallel.  Assume HPX has already been initialized.\n   Example:\n\n   input: [4, 2, 10, 4, 5]\n   output: 25\n*/\ndouble productWithInverses(std::vector<double> const& x) {",26_reduce_product_of_inverses,reduce,cpp,hpx,0.2,0.95,True,2048,False,"double productWithInverses(std::vector<double> const& x) {\n        \n        // Create a HPX parallel execution policy\n        hpx::parallel::execution::parallel_executor exec;\n\n        // Initialize the product with 1\n        double product = 1;\n\n        // Iterate over the vector in parallel\n        hpx::parallel::transform_reduce(exec, x.begin(), x.end(), 1.0, std::multiplies<>(),\n            [&](double const& val, std::size_t idx) {\n                // If the index is odd, invert the value\n                if (idx % 2!= 0) {\n                    return 1 / val;\n                }\n                return val;\n            });\n\n        return product;\n}",False,True,,99,254619648,15977.0,0.94,15977.0,0.47,4.106743335723877
"#include <hpx/hpx_main.hpp>\n\n/* Return the average of the vector x.\n   Use HPX to compute in parallel.  Assume HPX has already been initialized.\n   Examples:\n		\n	 input: [1, 8, 4, 5, 1]\n   output: 3.8\n\n   input: [2, 2, 2, 3]\n   output: 2.25\n*/\ndouble average(std::vector<double> const& x) {",27_reduce_average,reduce,cpp,hpx,0.2,0.95,True,2048,False,"double average(std::vector<double> const& x) {\n        \n        // Create a HPX parallel execution policy.\n        hpx::parallel::execution::parallel_executor exec;\n\n        // Use the HPX parallel_reduce function to compute the sum of the vector.\n        double sum = hpx::parallel::reduce(exec, x.begin(), x.end(), 0.0);\n\n        // Compute the average by dividing the sum by the size of the vector.\n        double avg = sum / x.size();\n\n        return avg;\n}",False,True,,0,-27918336,15977.0,0.94,15977.0,0.47,4.1281092166900635
"#include <hpx/hpx_main.hpp>\n\n/* Return the average of the vector x.\n   Use HPX to compute in parallel.  Assume HPX has already been initialized.\n   Examples:\n		\n	 input: [1, 8, 4, 5, 1]\n   output: 3.8\n\n   input: [2, 2, 2, 3]\n   output: 2.25\n*/\ndouble average(std::vector<double> const& x) {",27_reduce_average,reduce,cpp,hpx,0.2,0.95,True,2048,False,"double average(std::vector<double> const& x) {\n        \n        // Create a HPX parallel execution policy\n        hpx::parallel::execution::parallel_executor exec;\n\n        // Compute the sum of the vector in parallel\n        double sum = hpx::parallel::transform_reduce(exec, x.begin(), x.end(), 0.0, std::plus<double>());\n\n        // Compute the average\n        double avg = sum / x.size();\n\n        return avg;\n}",False,True,,1,-54874112,15977.0,0.94,15977.0,0.47,4.106005668640137
"#include <hpx/hpx_main.hpp>\n\n/* Return the average of the vector x.\n   Use HPX to compute in parallel.  Assume HPX has already been initialized.\n   Examples:\n		\n	 input: [1, 8, 4, 5, 1]\n   output: 3.8\n\n   input: [2, 2, 2, 3]\n   output: 2.25\n*/\ndouble average(std::vector<double> const& x) {",27_reduce_average,reduce,cpp,hpx,0.2,0.95,True,2048,False,"double average(std::vector<double> const& x) {\n        \n        // Create an HPX parallel execution policy.\n        hpx::parallel::execution::parallel_executor exec;\n\n        // Compute the sum of the vector in parallel.\n        double sum = hpx::parallel::reduce(exec, x.begin(), x.end(), 0.0,\n            [](double a, double b) { return a + b; });\n\n        // Compute the average.\n        return sum / x.size();\n}",False,True,,2,-468635648,15977.0,0.0,15977.0,0.0,2.0450117588043213
"#include <hpx/hpx_main.hpp>\n\n/* Return the average of the vector x.\n   Use HPX to compute in parallel.  Assume HPX has already been initialized.\n   Examples:\n		\n	 input: [1, 8, 4, 5, 1]\n   output: 3.8\n\n   input: [2, 2, 2, 3]\n   output: 2.25\n*/\ndouble average(std::vector<double> const& x) {",27_reduce_average,reduce,cpp,hpx,0.2,0.95,True,2048,False,"double average(std::vector<double> const& x) {\n        \n        // Create a HPX parallel execution policy.\n        hpx::parallel::execution::parallel_executor exec;\n\n        // Compute the sum of the vector x.\n        double sum = hpx::parallel::reduce(exec, x.begin(), x.end(), 0.0, std::plus<double>());\n\n        // Compute the average.\n        double avg = sum / x.size();\n\n        return avg;\n}",False,True,,3,-37539840,15977.0,0.0,15977.0,0.0,2.0488576889038086
"#include <hpx/hpx_main.hpp>\n\n/* Return the average of the vector x.\n   Use HPX to compute in parallel.  Assume HPX has already been initialized.\n   Examples:\n		\n	 input: [1, 8, 4, 5, 1]\n   output: 3.8\n\n   input: [2, 2, 2, 3]\n   output: 2.25\n*/\ndouble average(std::vector<double> const& x) {",27_reduce_average,reduce,cpp,hpx,0.2,0.95,True,2048,False,"double average(std::vector<double> const& x) {\n        \n        // Create an HPX parallel execution policy.\n        hpx::parallel::execution::parallel_executor exec;\n\n        // Compute the sum of the vector in parallel.\n        double sum = hpx::parallel::transform_reduce(exec, x.begin(), x.end(), 0.0, std::plus<double>());\n\n        // Compute the average.\n        double avg = sum / x.size();\n\n        return avg;\n}",False,True,,4,-35430400,15977.0,0.94,15977.0,0.47,4.097133636474609
"#include <hpx/hpx_main.hpp>\n\n/* Return the average of the vector x.\n   Use HPX to compute in parallel.  Assume HPX has already been initialized.\n   Examples:\n		\n	 input: [1, 8, 4, 5, 1]\n   output: 3.8\n\n   input: [2, 2, 2, 3]\n   output: 2.25\n*/\ndouble average(std::vector<double> const& x) {",27_reduce_average,reduce,cpp,hpx,0.2,0.95,True,2048,False,"double average(std::vector<double> const& x) {\n        \n        // Create a HPX parallel execution policy\n        hpx::parallel::execution::parallel_executor exec;\n\n        // Compute the sum of the vector in parallel\n        double sum = hpx::parallel::transform_reduce(exec, x.begin(), x.end(), 0.0, std::plus<double>(), [](double a) { return a; });\n\n        // Compute the average\n        double avg = sum / x.size();\n\n        return avg;\n}",False,True,,5,-14893056,15977.0,0.0,15977.0,0.0,2.052802085876465
"#include <hpx/hpx_main.hpp>\n\n/* Return the average of the vector x.\n   Use HPX to compute in parallel.  Assume HPX has already been initialized.\n   Examples:\n		\n	 input: [1, 8, 4, 5, 1]\n   output: 3.8\n\n   input: [2, 2, 2, 3]\n   output: 2.25\n*/\ndouble average(std::vector<double> const& x) {",27_reduce_average,reduce,cpp,hpx,0.2,0.95,True,2048,False,"double average(std::vector<double> const& x) {\n        \n        // Create a HPX parallel execution policy\n        hpx::parallel::execution::parallel_executor exec;\n\n        // Compute the sum of the vector in parallel\n        double sum = hpx::parallel::reduce(exec, x.begin(), x.end(), 0.0,\n            [](double a, double b) { return a + b; });\n\n        // Compute the average\n        double avg = sum / x.size();\n\n        return avg;\n}",False,True,,6,-20889600,15977.0,0.0,15977.0,0.0,2.0456104278564453
"#include <hpx/hpx_main.hpp>\n\n/* Return the average of the vector x.\n   Use HPX to compute in parallel.  Assume HPX has already been initialized.\n   Examples:\n		\n	 input: [1, 8, 4, 5, 1]\n   output: 3.8\n\n   input: [2, 2, 2, 3]\n   output: 2.25\n*/\ndouble average(std::vector<double> const& x) {",27_reduce_average,reduce,cpp,hpx,0.2,0.95,True,2048,False,"double average(std::vector<double> const& x) {\n        \n        // Create an HPX parallel execution policy.\n        hpx::parallel::execution::parallel_executor exec;\n\n        // Use the HPX parallel_reduce function to compute the sum of the vector.\n        double sum = hpx::parallel::reduce(exec, x.begin(), x.end(), 0.0, std::plus<double>());\n\n        // Compute the average by dividing the sum by the size of the vector.\n        double avg = sum / x.size();\n\n        return avg;\n}",False,True,,7,-17072128,15977.0,0.04,15977.0,0.04,2.0489158630371094
"#include <hpx/hpx_main.hpp>\n\n/* Return the average of the vector x.\n   Use HPX to compute in parallel.  Assume HPX has already been initialized.\n   Examples:\n		\n	 input: [1, 8, 4, 5, 1]\n   output: 3.8\n\n   input: [2, 2, 2, 3]\n   output: 2.25\n*/\ndouble average(std::vector<double> const& x) {",27_reduce_average,reduce,cpp,hpx,0.2,0.95,True,2048,False,"double average(std::vector<double> const& x) {\n        \n        // Create a HPX parallel execution policy\n        hpx::parallel::execution::parallel_executor exec;\n\n        // Use the HPX parallel_reduce algorithm to compute the sum of the vector\n        double sum = hpx::parallel::reduce(exec, x.begin(), x.end(), 0.0, std::plus<double>());\n\n        // Compute the average by dividing the sum by the size of the vector\n        return sum / x.size();\n}",False,True,,8,7254016,15977.0,0.94,15977.0,0.94,4.098063945770264
"#include <hpx/hpx_main.hpp>\n\n/* Return the average of the vector x.\n   Use HPX to compute in parallel.  Assume HPX has already been initialized.\n   Examples:\n		\n	 input: [1, 8, 4, 5, 1]\n   output: 3.8\n\n   input: [2, 2, 2, 3]\n   output: 2.25\n*/\ndouble average(std::vector<double> const& x) {",27_reduce_average,reduce,cpp,hpx,0.2,0.95,True,2048,False,"double average(std::vector<double> const& x) {\n        \n        // Create a HPX parallel execution policy\n        hpx::parallel::execution::parallel_executor exec;\n\n        // Use HPX's reduce function to compute the sum of the vector\n        double sum = hpx::parallel::reduce(exec, x.begin(), x.end(), 0.0);\n\n        // Compute the average by dividing the sum by the size of the vector\n        double average = sum / x.size();\n\n        return average;\n}",False,True,,9,-14147584,15977.0,0.0,15977.0,0.0,2.0510268211364746
"#include <hpx/hpx_main.hpp>\n\n/* Return the average of the vector x.\n   Use HPX to compute in parallel.  Assume HPX has already been initialized.\n   Examples:\n		\n	 input: [1, 8, 4, 5, 1]\n   output: 3.8\n\n   input: [2, 2, 2, 3]\n   output: 2.25\n*/\ndouble average(std::vector<double> const& x) {",27_reduce_average,reduce,cpp,hpx,0.2,0.95,True,2048,False,"double average(std::vector<double> const& x) {\n        \n        // Initialize the HPX runtime\n        hpx::init(nullptr, argc, argv);\n\n        // Create a HPX parallel execution policy\n        hpx::parallel::execution::parallel_executor exec;\n\n        // Compute the sum of the vector in parallel\n        double sum = hpx::parallel::transform_reduce(exec, x.begin(), x.end(), 0.0, std::plus<double>());\n\n        // Compute the average\n        double avg = sum / x.size();\n\n        // Shutdown the HPX runtime\n        hpx::finalize();\n\n        return avg;\n}",False,True,,10,-41185280,15977.0,0.94,15977.0,0.47,4.104021072387695
"#include <hpx/hpx_main.hpp>\n\n/* Return the average of the vector x.\n   Use HPX to compute in parallel.  Assume HPX has already been initialized.\n   Examples:\n		\n	 input: [1, 8, 4, 5, 1]\n   output: 3.8\n\n   input: [2, 2, 2, 3]\n   output: 2.25\n*/\ndouble average(std::vector<double> const& x) {",27_reduce_average,reduce,cpp,hpx,0.2,0.95,True,2048,False,"double average(std::vector<double> const& x) {\n        \n        // Create a HPX parallel execution policy\n        hpx::parallel::execution::parallel_executor exec;\n\n        // Compute the sum of the vector elements in parallel\n        double sum = hpx::parallel::reduce(exec, x.begin(), x.end(), 0.0, std::plus<double>());\n\n        // Compute the average\n        double avg = sum / x.size();\n\n        return avg;\n}",False,True,,11,-33579008,15977.0,0.94,15977.0,0.47,4.090760231018066
"#include <hpx/hpx_main.hpp>\n\n/* Return the average of the vector x.\n   Use HPX to compute in parallel.  Assume HPX has already been initialized.\n   Examples:\n		\n	 input: [1, 8, 4, 5, 1]\n   output: 3.8\n\n   input: [2, 2, 2, 3]\n   output: 2.25\n*/\ndouble average(std::vector<double> const& x) {",27_reduce_average,reduce,cpp,hpx,0.2,0.95,True,2048,False,"double average(std::vector<double> const& x) {\n        \n        // Create a HPX parallel execution policy\n        hpx::parallel::execution::parallel_executor exec;\n\n        // Compute the sum of the vector in parallel\n        double sum = hpx::parallel::reduce(exec, x.begin(), x.end(), 0.0, std::plus<double>());\n\n        // Compute the average\n        double avg = sum / x.size();\n\n        return avg;\n}",False,True,,12,-57417728,15977.0,0.94,15977.0,0.47,4.089099645614624
"#include <hpx/hpx_main.hpp>\n\n/* Return the average of the vector x.\n   Use HPX to compute in parallel.  Assume HPX has already been initialized.\n   Examples:\n		\n	 input: [1, 8, 4, 5, 1]\n   output: 3.8\n\n   input: [2, 2, 2, 3]\n   output: 2.25\n*/\ndouble average(std::vector<double> const& x) {",27_reduce_average,reduce,cpp,hpx,0.2,0.95,True,2048,False,"double average(std::vector<double> const& x) {\n        \n        // Create a HPX parallel execution policy\n        hpx::parallel::execution::parallel_executor exec;\n\n        // Compute the sum of the vector in parallel\n        double sum = hpx::parallel::transform_reduce(exec, x.begin(), x.end(), 0.0, std::plus<double>());\n\n        // Compute the average by dividing the sum by the size of the vector\n        double avg = sum / x.size();\n\n        return avg;\n}",False,True,,13,-38932480,15977.0,0.94,15977.0,0.47,4.091944932937622
"#include <hpx/hpx_main.hpp>\n\n/* Return the average of the vector x.\n   Use HPX to compute in parallel.  Assume HPX has already been initialized.\n   Examples:\n		\n	 input: [1, 8, 4, 5, 1]\n   output: 3.8\n\n   input: [2, 2, 2, 3]\n   output: 2.25\n*/\ndouble average(std::vector<double> const& x) {",27_reduce_average,reduce,cpp,hpx,0.2,0.95,True,2048,False,"double average(std::vector<double> const& x) {\n        \n        // Create a HPX parallel execution policy\n        hpx::parallel::execution::parallel_executor exec;\n\n        // Use the HPX parallel_reduce function to compute the sum of the vector\n        double sum = hpx::parallel::reduce(exec, x.begin(), x.end(), 0.0,\n            [](double a, double b) { return a + b; });\n\n        // Divide the sum by the size of the vector to get the average\n        return sum / x.size();\n}",False,True,,14,-31485952,15977.0,0.93,15977.0,0.465,4.088923215866089
"#include <hpx/hpx_main.hpp>\n\n/* Return the average of the vector x.\n   Use HPX to compute in parallel.  Assume HPX has already been initialized.\n   Examples:\n		\n	 input: [1, 8, 4, 5, 1]\n   output: 3.8\n\n   input: [2, 2, 2, 3]\n   output: 2.25\n*/\ndouble average(std::vector<double> const& x) {",27_reduce_average,reduce,cpp,hpx,0.2,0.95,True,2048,False,"double average(std::vector<double> const& x) {\n        \n        // Create a HPX parallel execution policy\n        hpx::parallel::execution::parallel_executor exec;\n\n        // Compute the sum of the vector in parallel\n        double sum = hpx::parallel::transform_reduce(exec, x.begin(), x.end(), 0.0, std::plus<double>());\n\n        // Compute the average\n        double avg = sum / x.size();\n\n        return avg;\n}",False,True,,15,-11980800,15977.0,0.0,15977.0,0.0,2.0869357585906982
"#include <hpx/hpx_main.hpp>\n\n/* Return the average of the vector x.\n   Use HPX to compute in parallel.  Assume HPX has already been initialized.\n   Examples:\n		\n	 input: [1, 8, 4, 5, 1]\n   output: 3.8\n\n   input: [2, 2, 2, 3]\n   output: 2.25\n*/\ndouble average(std::vector<double> const& x) {",27_reduce_average,reduce,cpp,hpx,0.2,0.95,True,2048,False,"double average(std::vector<double> const& x) {\n        \n        // Create a HPX parallel execution policy\n        hpx::parallel::execution::parallel_executor exec;\n\n        // Compute the sum of the vector in parallel\n        double sum = hpx::parallel::transform_reduce(exec, x.begin(), x.end(), 0.0, std::plus<double>());\n\n        // Compute the average\n        double avg = sum / x.size();\n\n        return avg;\n}",False,True,,16,-35201024,15977.0,0.94,15977.0,0.47,4.0909881591796875
"#include <hpx/hpx_main.hpp>\n\n/* Return the average of the vector x.\n   Use HPX to compute in parallel.  Assume HPX has already been initialized.\n   Examples:\n		\n	 input: [1, 8, 4, 5, 1]\n   output: 3.8\n\n   input: [2, 2, 2, 3]\n   output: 2.25\n*/\ndouble average(std::vector<double> const& x) {",27_reduce_average,reduce,cpp,hpx,0.2,0.95,True,2048,False,"double average(std::vector<double> const& x) {\n        \n        // Create a HPX parallel execution policy\n        hpx::parallel::execution::parallel_executor exec;\n\n        // Use HPX's parallel_reduce to compute the sum of the vector\n        double sum = hpx::parallel::reduce(exec, x.begin(), x.end(), 0.0);\n\n        // Compute the average by dividing the sum by the size of the vector\n        double avg = sum / x.size();\n\n        return avg;\n}",False,True,,17,-27561984,15977.0,0.94,15977.0,0.47,4.086979150772095
"#include <hpx/hpx_main.hpp>\n\n/* Return the average of the vector x.\n   Use HPX to compute in parallel.  Assume HPX has already been initialized.\n   Examples:\n		\n	 input: [1, 8, 4, 5, 1]\n   output: 3.8\n\n   input: [2, 2, 2, 3]\n   output: 2.25\n*/\ndouble average(std::vector<double> const& x) {",27_reduce_average,reduce,cpp,hpx,0.2,0.95,True,2048,False,"double average(std::vector<double> const& x) {\n        \n        // Create a HPX parallel execution policy\n        hpx::parallel::execution::parallel_executor exec;\n\n        // Compute the sum of the vector in parallel\n        double sum = hpx::parallel::transform_reduce(exec, x.begin(), x.end(), 0.0, std::plus<double>());\n\n        // Compute the average\n        return sum / x.size();\n}",False,True,,18,-39817216,15977.0,0.94,15977.0,0.47,4.105919599533081
"#include <hpx/hpx_main.hpp>\n\n/* Return the average of the vector x.\n   Use HPX to compute in parallel.  Assume HPX has already been initialized.\n   Examples:\n		\n	 input: [1, 8, 4, 5, 1]\n   output: 3.8\n\n   input: [2, 2, 2, 3]\n   output: 2.25\n*/\ndouble average(std::vector<double> const& x) {",27_reduce_average,reduce,cpp,hpx,0.2,0.95,True,2048,False,"double average(std::vector<double> const& x) {\n        \n        // Create a HPX parallel execution policy.\n        hpx::parallel::execution::parallel_executor exec;\n\n        // Use the HPX parallel_reduce function to compute the sum of the vector.\n        double sum = hpx::parallel::reduce(exec, x.begin(), x.end(), 0.0,\n            [](double a, double b) { return a + b; });\n\n        // Compute the average by dividing the sum by the size of the vector.\n        double avg = sum / x.size();\n\n        return avg;\n}",False,True,,19,-25522176,15977.0,0.0,15977.0,0.0,2.045654535293579
"#include <hpx/hpx_main.hpp>\n\n/* Return the average of the vector x.\n   Use HPX to compute in parallel.  Assume HPX has already been initialized.\n   Examples:\n		\n	 input: [1, 8, 4, 5, 1]\n   output: 3.8\n\n   input: [2, 2, 2, 3]\n   output: 2.25\n*/\ndouble average(std::vector<double> const& x) {",27_reduce_average,reduce,cpp,hpx,0.2,0.95,True,2048,False,"double average(std::vector<double> const& x) {\n        \n        // Create a HPX parallel execution policy\n        hpx::parallel::execution::parallel_executor exec;\n\n        // Compute the sum of the vector in parallel\n        double sum = hpx::parallel::transform_reduce(exec, x.begin(), x.end(), 0.0, std::plus<double>(), [](double a) { return a; });\n\n        // Compute the average\n        return sum / x.size();\n}",False,True,,20,-25665536,15977.0,0.94,15977.0,0.935,4.091254949569702
"#include <hpx/hpx_main.hpp>\n\n/* Return the average of the vector x.\n   Use HPX to compute in parallel.  Assume HPX has already been initialized.\n   Examples:\n		\n	 input: [1, 8, 4, 5, 1]\n   output: 3.8\n\n   input: [2, 2, 2, 3]\n   output: 2.25\n*/\ndouble average(std::vector<double> const& x) {",27_reduce_average,reduce,cpp,hpx,0.2,0.95,True,2048,False,"double average(std::vector<double> const& x) {\n        \n        // Create a HPX parallel execution policy\n        hpx::parallel::execution::parallel_executor exec;\n\n        // Compute the sum of the vector elements in parallel\n        double sum = hpx::parallel::transform_reduce(exec, x.begin(), x.end(), 0.0, std::plus<double>());\n\n        // Compute the average\n        return sum / x.size();\n}",False,True,,21,-41103360,15977.0,0.94,15977.0,0.47,4.092105388641357
"#include <hpx/hpx_main.hpp>\n\n/* Return the average of the vector x.\n   Use HPX to compute in parallel.  Assume HPX has already been initialized.\n   Examples:\n		\n	 input: [1, 8, 4, 5, 1]\n   output: 3.8\n\n   input: [2, 2, 2, 3]\n   output: 2.25\n*/\ndouble average(std::vector<double> const& x) {",27_reduce_average,reduce,cpp,hpx,0.2,0.95,True,2048,False,"double average(std::vector<double> const& x) {\n        \n        // Initialize the HPX runtime\n        hpx::init(nullptr, argc, argv);\n\n        // Create a HPX parallel execution policy\n        hpx::parallel::execution::parallel_executor exec;\n\n        // Compute the sum of the vector in parallel\n        double sum = hpx::parallel::transform_reduce(exec, x.begin(), x.end(), 0.0, std::plus<double>());\n\n        // Compute the average\n        double avg = sum / x.size();\n\n        // Shutdown the HPX runtime\n        hpx::finalize();\n\n        return avg;\n}",False,True,,22,-24584192,15977.0,0.94,15977.0,0.47,4.094757556915283
"#include <hpx/hpx_main.hpp>\n\n/* Return the average of the vector x.\n   Use HPX to compute in parallel.  Assume HPX has already been initialized.\n   Examples:\n		\n	 input: [1, 8, 4, 5, 1]\n   output: 3.8\n\n   input: [2, 2, 2, 3]\n   output: 2.25\n*/\ndouble average(std::vector<double> const& x) {",27_reduce_average,reduce,cpp,hpx,0.2,0.95,True,2048,False,"double average(std::vector<double> const& x) {\n        \n        // Create a HPX parallel execution policy.\n        hpx::parallel::execution::parallel_executor exec;\n\n        // Compute the sum of the vector elements.\n        double sum = hpx::parallel::reduce(exec, x.begin(), x.end(), 0.0,\n            [](double a, double b) { return a + b; });\n\n        // Compute the average.\n        double avg = sum / x.size();\n\n        return avg;\n}",False,True,,23,-25575424,15977.0,0.94,15977.0,0.47,4.091012239456177
"#include <hpx/hpx_main.hpp>\n\n/* Return the average of the vector x.\n   Use HPX to compute in parallel.  Assume HPX has already been initialized.\n   Examples:\n		\n	 input: [1, 8, 4, 5, 1]\n   output: 3.8\n\n   input: [2, 2, 2, 3]\n   output: 2.25\n*/\ndouble average(std::vector<double> const& x) {",27_reduce_average,reduce,cpp,hpx,0.2,0.95,True,2048,False,"double average(std::vector<double> const& x) {\n        \n        // Create a HPX parallel execution policy\n        hpx::parallel::execution::parallel_executor exec;\n\n        // Compute the sum of the vector elements\n        double sum = hpx::parallel::reduce(exec, x.begin(), x.end(), 0.0, std::plus<double>());\n\n        // Compute the average\n        double avg = sum / x.size();\n\n        return avg;\n}",False,True,,24,-31510528,15977.0,0.93,15977.0,0.465,4.089940547943115
"#include <hpx/hpx_main.hpp>\n\n/* Return the average of the vector x.\n   Use HPX to compute in parallel.  Assume HPX has already been initialized.\n   Examples:\n		\n	 input: [1, 8, 4, 5, 1]\n   output: 3.8\n\n   input: [2, 2, 2, 3]\n   output: 2.25\n*/\ndouble average(std::vector<double> const& x) {",27_reduce_average,reduce,cpp,hpx,0.2,0.95,True,2048,False,"double average(std::vector<double> const& x) {\n        \n        // Create a HPX parallel execution policy.\n        hpx::parallel::execution::parallel_executor exec;\n\n        // Compute the sum of the vector in parallel.\n        double sum = hpx::parallel::transform_reduce(exec, x.begin(), x.end(), 0.0, std::plus<double>(), [](double a) { return a; });\n\n        // Compute the average.\n        double avg = sum / x.size();\n\n        return avg;\n}",False,True,,25,-17551360,15977.0,0.0,15977.0,0.0,2.0447280406951904
"#include <hpx/hpx_main.hpp>\n\n/* Return the average of the vector x.\n   Use HPX to compute in parallel.  Assume HPX has already been initialized.\n   Examples:\n		\n	 input: [1, 8, 4, 5, 1]\n   output: 3.8\n\n   input: [2, 2, 2, 3]\n   output: 2.25\n*/\ndouble average(std::vector<double> const& x) {",27_reduce_average,reduce,cpp,hpx,0.2,0.95,True,2048,False,"double average(std::vector<double> const& x) {\n        \n        // Create a HPX parallel execution policy.\n        hpx::parallel::execution::parallel_executor exec;\n\n        // Compute the sum of the vector x in parallel.\n        double sum = hpx::parallel::reduce(exec, x.begin(), x.end(), 0.0);\n\n        // Compute the average by dividing the sum by the size of the vector.\n        double average = sum / x.size();\n\n        return average;\n}",False,True,,26,-48615424,15977.0,0.94,15977.0,0.7466666666666666,6.128242254257202
"#include <hpx/hpx_main.hpp>\n\n/* Return the average of the vector x.\n   Use HPX to compute in parallel.  Assume HPX has already been initialized.\n   Examples:\n		\n	 input: [1, 8, 4, 5, 1]\n   output: 3.8\n\n   input: [2, 2, 2, 3]\n   output: 2.25\n*/\ndouble average(std::vector<double> const& x) {",27_reduce_average,reduce,cpp,hpx,0.2,0.95,True,2048,False,"double average(std::vector<double> const& x) {\n        \n        // Create a HPX parallel execution policy\n        hpx::parallel::execution::parallel_executor exec;\n\n        // Use the HPX parallel_reduce function to compute the sum of the vector\n        double sum = hpx::parallel::reduce(exec, x.begin(), x.end(), 0.0, std::plus<double>());\n\n        // Compute the average by dividing the sum by the size of the vector\n        double avg = sum / x.size();\n\n        return avg;\n}",False,True,,27,-71155712,15977.0,0.94,15977.0,0.6266666666666666,6.1318676471710205
"#include <hpx/hpx_main.hpp>\n\n/* Return the average of the vector x.\n   Use HPX to compute in parallel.  Assume HPX has already been initialized.\n   Examples:\n		\n	 input: [1, 8, 4, 5, 1]\n   output: 3.8\n\n   input: [2, 2, 2, 3]\n   output: 2.25\n*/\ndouble average(std::vector<double> const& x) {",27_reduce_average,reduce,cpp,hpx,0.2,0.95,True,2048,False,"double average(std::vector<double> const& x) {\n        \n        // Create a HPX parallel execution policy\n        hpx::parallel::execution::parallel_executor exec;\n\n        // Use the HPX parallel_reduce algorithm to compute the sum of the vector\n        double sum = hpx::parallel::reduce(exec, x.begin(), x.end(), 0.0, std::plus<double>());\n\n        // Divide the sum by the size of the vector to get the average\n        return sum / x.size();\n}",False,True,,28,-29200384,15977.0,0.94,15977.0,0.47,4.089079141616821
"#include <hpx/hpx_main.hpp>\n\n/* Return the average of the vector x.\n   Use HPX to compute in parallel.  Assume HPX has already been initialized.\n   Examples:\n		\n	 input: [1, 8, 4, 5, 1]\n   output: 3.8\n\n   input: [2, 2, 2, 3]\n   output: 2.25\n*/\ndouble average(std::vector<double> const& x) {",27_reduce_average,reduce,cpp,hpx,0.2,0.95,True,2048,False,"double average(std::vector<double> const& x) {\n        \n        // Create a HPX parallel execution policy\n        hpx::parallel::execution::parallel_executor exec;\n\n        // Use HPX's parallel_reduce to compute the sum of the vector\n        double sum = hpx::parallel::reduce(exec, x.begin(), x.end(), 0.0,\n            [](double a, double b) { return a + b; });\n\n        // Compute the average by dividing the sum by the size of the vector\n        return sum / x.size();\n}",False,True,,29,-46903296,15977.0,0.94,15977.0,0.47,4.087859630584717
"#include <hpx/hpx_main.hpp>\n\n/* Return the average of the vector x.\n   Use HPX to compute in parallel.  Assume HPX has already been initialized.\n   Examples:\n		\n	 input: [1, 8, 4, 5, 1]\n   output: 3.8\n\n   input: [2, 2, 2, 3]\n   output: 2.25\n*/\ndouble average(std::vector<double> const& x) {",27_reduce_average,reduce,cpp,hpx,0.2,0.95,True,2048,False,"double average(std::vector<double> const& x) {\n        \n        // Create a HPX parallel execution policy\n        hpx::parallel::execution::parallel_executor exec;\n\n        // Use HPX's parallel_reduce to compute the sum of the vector\n        double sum = hpx::parallel::reduce(exec, x.begin(), x.end(), 0.0);\n\n        // Compute the average by dividing the sum by the size of the vector\n        double avg = sum / x.size();\n\n        return avg;\n}",False,True,,30,-62418944,15977.0,0.94,15977.0,0.47,4.089921474456787
"#include <hpx/hpx_main.hpp>\n\n/* Return the average of the vector x.\n   Use HPX to compute in parallel.  Assume HPX has already been initialized.\n   Examples:\n		\n	 input: [1, 8, 4, 5, 1]\n   output: 3.8\n\n   input: [2, 2, 2, 3]\n   output: 2.25\n*/\ndouble average(std::vector<double> const& x) {",27_reduce_average,reduce,cpp,hpx,0.2,0.95,True,2048,False,"double average(std::vector<double> const& x) {\n        \n        // Create a HPX parallel execution policy\n        hpx::parallel::execution::parallel_executor exec;\n\n        // Compute the sum of the vector in parallel\n        double sum = hpx::parallel::transform_reduce(exec, x.begin(), x.end(), 0.0, std::plus<double>(), [](double a) { return a; });\n\n        // Compute the average\n        double avg = sum / x.size();\n\n        return avg;\n}",False,True,,31,-22335488,15977.0,0.93,15977.0,0.465,4.086127758026123
"#include <hpx/hpx_main.hpp>\n\n/* Return the average of the vector x.\n   Use HPX to compute in parallel.  Assume HPX has already been initialized.\n   Examples:\n		\n	 input: [1, 8, 4, 5, 1]\n   output: 3.8\n\n   input: [2, 2, 2, 3]\n   output: 2.25\n*/\ndouble average(std::vector<double> const& x) {",27_reduce_average,reduce,cpp,hpx,0.2,0.95,True,2048,False,"double average(std::vector<double> const& x) {\n        \n        // Create a HPX parallel execution policy\n        hpx::parallel::execution::parallel_executor exec;\n\n        // Compute the sum of the vector in parallel\n        double sum = hpx::parallel::transform_reduce(exec, x.begin(), x.end(), 0.0, std::plus<double>(), [](double a) { return a; });\n\n        // Compute the average\n        return sum / x.size();\n}",False,True,,32,-47476736,15977.0,0.94,15977.0,0.47,4.090708255767822
"#include <hpx/hpx_main.hpp>\n\n/* Return the average of the vector x.\n   Use HPX to compute in parallel.  Assume HPX has already been initialized.\n   Examples:\n		\n	 input: [1, 8, 4, 5, 1]\n   output: 3.8\n\n   input: [2, 2, 2, 3]\n   output: 2.25\n*/\ndouble average(std::vector<double> const& x) {",27_reduce_average,reduce,cpp,hpx,0.2,0.95,True,2048,False,"double average(std::vector<double> const& x) {\n        \n        // Create an HPX parallel execution policy.\n        hpx::parallel::execution::parallel_executor exec;\n\n        // Compute the sum of the vector in parallel.\n        double sum = hpx::parallel::transform_reduce(exec, x.begin(), x.end(), 0.0, std::plus<double>());\n\n        // Compute the average.\n        double avg = sum / x.size();\n\n        return avg;\n}",False,True,,33,68710400,15977.0,0.94,15977.0,0.47,4.087789535522461
"#include <hpx/hpx_main.hpp>\n\n/* Return the average of the vector x.\n   Use HPX to compute in parallel.  Assume HPX has already been initialized.\n   Examples:\n		\n	 input: [1, 8, 4, 5, 1]\n   output: 3.8\n\n   input: [2, 2, 2, 3]\n   output: 2.25\n*/\ndouble average(std::vector<double> const& x) {",27_reduce_average,reduce,cpp,hpx,0.2,0.95,True,2048,False,"double average(std::vector<double> const& x) {\n        \n        // Initialize the HPX runtime\n        hpx::init(nullptr, argc, argv);\n\n        // Create a HPX parallel execution policy\n        hpx::parallel::execution::parallel_executor exec;\n\n        // Compute the sum of the vector elements\n        double sum = hpx::parallel::reduce(exec, x.begin(), x.end(), 0.0, std::plus<double>());\n\n        // Compute the average\n        double avg = sum / x.size();\n\n        // Shutdown the HPX runtime\n        hpx::finalize();\n\n        return avg;\n}",False,True,,34,-13639680,15977.0,0.94,15977.0,0.47,4.09031867980957
"#include <hpx/hpx_main.hpp>\n\n/* Return the average of the vector x.\n   Use HPX to compute in parallel.  Assume HPX has already been initialized.\n   Examples:\n		\n	 input: [1, 8, 4, 5, 1]\n   output: 3.8\n\n   input: [2, 2, 2, 3]\n   output: 2.25\n*/\ndouble average(std::vector<double> const& x) {",27_reduce_average,reduce,cpp,hpx,0.2,0.95,True,2048,False,"double average(std::vector<double> const& x) {\n        \n        // Create a HPX parallel execution policy\n        hpx::parallel::execution::parallel_executor exec;\n\n        // Compute the sum of the vector in parallel\n        double sum = hpx::parallel::transform_reduce(exec, x.begin(), x.end(), 0.0, std::plus<double>());\n\n        // Compute the average\n        double avg = sum / x.size();\n\n        return avg;\n}",False,True,,35,-24174592,15977.0,0.94,15977.0,0.47,4.089665174484253
"#include <hpx/hpx_main.hpp>\n\n/* Return the average of the vector x.\n   Use HPX to compute in parallel.  Assume HPX has already been initialized.\n   Examples:\n		\n	 input: [1, 8, 4, 5, 1]\n   output: 3.8\n\n   input: [2, 2, 2, 3]\n   output: 2.25\n*/\ndouble average(std::vector<double> const& x) {",27_reduce_average,reduce,cpp,hpx,0.2,0.95,True,2048,False,"double average(std::vector<double> const& x) {\n        \n        // Create a HPX parallel execution policy\n        hpx::parallel::execution::parallel_executor exec;\n\n        // Compute the sum of the vector in parallel\n        double sum = hpx::parallel::transform_reduce(exec, x.begin(), x.end(), 0.0, std::plus<double>());\n\n        // Compute the average\n        double avg = sum / x.size();\n\n        return avg;\n}",False,True,,36,-139214848,15977.0,0.94,15977.0,0.47,4.142983913421631
"#include <hpx/hpx_main.hpp>\n\n/* Return the average of the vector x.\n   Use HPX to compute in parallel.  Assume HPX has already been initialized.\n   Examples:\n		\n	 input: [1, 8, 4, 5, 1]\n   output: 3.8\n\n   input: [2, 2, 2, 3]\n   output: 2.25\n*/\ndouble average(std::vector<double> const& x) {",27_reduce_average,reduce,cpp,hpx,0.2,0.95,True,2048,False,"double average(std::vector<double> const& x) {\n        \n        // Create a HPX parallel execution policy.\n        hpx::parallel::execution::parallel_executor exec;\n\n        // Use the HPX parallel_reduce function to compute the sum of the vector.\n        double sum = hpx::parallel::reduce(exec, x.begin(), x.end(), 0.0,\n            [](double a, double b) { return a + b; });\n\n        // Compute the average by dividing the sum by the size of the vector.\n        double avg = sum / x.size();\n\n        return avg;\n}",False,True,,37,23605248,15977.0,0.0,15977.0,0.0,2.0446231365203857
"#include <hpx/hpx_main.hpp>\n\n/* Return the average of the vector x.\n   Use HPX to compute in parallel.  Assume HPX has already been initialized.\n   Examples:\n		\n	 input: [1, 8, 4, 5, 1]\n   output: 3.8\n\n   input: [2, 2, 2, 3]\n   output: 2.25\n*/\ndouble average(std::vector<double> const& x) {",27_reduce_average,reduce,cpp,hpx,0.2,0.95,True,2048,False,"double average(std::vector<double> const& x) {\n        \n        // Create a HPX parallel execution policy.\n        hpx::parallel::execution::parallel_executor exec;\n\n        // Compute the sum of the vector in parallel.\n        double sum = hpx::parallel::reduce(exec, x.begin(), x.end(), 0.0, std::plus<double>());\n\n        // Compute the average.\n        double avg = sum / x.size();\n\n        return avg;\n}",False,True,,38,-1716224,15977.0,0.94,15977.0,0.94,4.094322681427002
"#include <hpx/hpx_main.hpp>\n\n/* Return the average of the vector x.\n   Use HPX to compute in parallel.  Assume HPX has already been initialized.\n   Examples:\n		\n	 input: [1, 8, 4, 5, 1]\n   output: 3.8\n\n   input: [2, 2, 2, 3]\n   output: 2.25\n*/\ndouble average(std::vector<double> const& x) {",27_reduce_average,reduce,cpp,hpx,0.2,0.95,True,2048,False,"double average(std::vector<double> const& x) {\n        \n        // Create a HPX parallel execution policy.\n        hpx::parallel::execution::parallel_executor exec;\n\n        // Compute the sum of the vector in parallel.\n        double sum = hpx::parallel::reduce(exec, x.begin(), x.end(), 0.0,\n            [](double a, double b) { return a + b; });\n\n        // Compute the average.\n        return sum / x.size();\n}",False,True,,39,-6168576,15977.0,0.94,15977.0,0.47,4.106853485107422
"#include <hpx/hpx_main.hpp>\n\n/* Return the average of the vector x.\n   Use HPX to compute in parallel.  Assume HPX has already been initialized.\n   Examples:\n		\n	 input: [1, 8, 4, 5, 1]\n   output: 3.8\n\n   input: [2, 2, 2, 3]\n   output: 2.25\n*/\ndouble average(std::vector<double> const& x) {",27_reduce_average,reduce,cpp,hpx,0.2,0.95,True,2048,False,"double average(std::vector<double> const& x) {\n        \n        // Create a HPX parallel execution policy.\n        hpx::parallel::execution::parallel_executor exec;\n\n        // Compute the sum of the vector in parallel.\n        double sum = hpx::parallel::transform_reduce(exec, x.begin(), x.end(), 0.0, std::plus<double>());\n\n        // Compute the average by dividing the sum by the size of the vector.\n        return sum / x.size();\n}",False,True,,40,-18452480,15977.0,0.94,15977.0,0.47,4.089028596878052
"#include <hpx/hpx_main.hpp>\n\n/* Return the average of the vector x.\n   Use HPX to compute in parallel.  Assume HPX has already been initialized.\n   Examples:\n		\n	 input: [1, 8, 4, 5, 1]\n   output: 3.8\n\n   input: [2, 2, 2, 3]\n   output: 2.25\n*/\ndouble average(std::vector<double> const& x) {",27_reduce_average,reduce,cpp,hpx,0.2,0.95,True,2048,False,"double average(std::vector<double> const& x) {\n        \n        // Create a HPX parallel execution policy\n        hpx::parallel::execution::parallel_executor exec;\n\n        // Compute the sum of the vector\n        double sum = hpx::parallel::transform_reduce(exec, x.begin(), x.end(), 0.0, std::plus<double>(), [](double a) { return a; });\n\n        // Compute the average\n        double avg = sum / x.size();\n\n        return avg;\n}",False,True,,41,2641920,15977.0,0.94,15977.0,0.47,4.104829549789429
"#include <hpx/hpx_main.hpp>\n\n/* Return the average of the vector x.\n   Use HPX to compute in parallel.  Assume HPX has already been initialized.\n   Examples:\n		\n	 input: [1, 8, 4, 5, 1]\n   output: 3.8\n\n   input: [2, 2, 2, 3]\n   output: 2.25\n*/\ndouble average(std::vector<double> const& x) {",27_reduce_average,reduce,cpp,hpx,0.2,0.95,True,2048,False,"double average(std::vector<double> const& x) {\n        \n        // Create an HPX parallel execution policy\n        hpx::parallel::execution::parallel_executor exec;\n\n        // Compute the sum of the vector in parallel\n        double sum = hpx::parallel::reduce(exec, x.begin(), x.end(), 0.0, std::plus<double>());\n\n        // Compute the average\n        double avg = sum / x.size();\n\n        return avg;\n}",False,True,,42,-4345856,15977.0,0.94,15977.0,0.47,4.09201979637146
"#include <hpx/hpx_main.hpp>\n\n/* Return the average of the vector x.\n   Use HPX to compute in parallel.  Assume HPX has already been initialized.\n   Examples:\n		\n	 input: [1, 8, 4, 5, 1]\n   output: 3.8\n\n   input: [2, 2, 2, 3]\n   output: 2.25\n*/\ndouble average(std::vector<double> const& x) {",27_reduce_average,reduce,cpp,hpx,0.2,0.95,True,2048,False,"double average(std::vector<double> const& x) {\n        \n        // Create a HPX parallel execution policy.\n        hpx::parallel::execution::parallel_executor exec;\n\n        // Compute the sum of the vector in parallel.\n        double sum = hpx::parallel::transform_reduce(exec, x.begin(), x.end(), 0.0, std::plus<double>());\n\n        // Compute the average.\n        return sum / x.size();\n}",False,True,,43,8450048,15977.0,0.94,15977.0,0.47,4.084876775741577
"#include <hpx/hpx_main.hpp>\n\n/* Return the average of the vector x.\n   Use HPX to compute in parallel.  Assume HPX has already been initialized.\n   Examples:\n		\n	 input: [1, 8, 4, 5, 1]\n   output: 3.8\n\n   input: [2, 2, 2, 3]\n   output: 2.25\n*/\ndouble average(std::vector<double> const& x) {",27_reduce_average,reduce,cpp,hpx,0.2,0.95,True,2048,False,"double average(std::vector<double> const& x) {\n        \n        // Create a HPX parallel execution policy\n        hpx::parallel::execution::parallel_executor exec;\n\n        // Compute the sum of the vector in parallel\n        double sum = hpx::parallel::transform_reduce(exec, x.begin(), x.end(), 0.0, std::plus<double>());\n\n        // Compute the average\n        double avg = sum / x.size();\n\n        return avg;\n}",False,True,,44,11284480,15977.0,0.0,15977.0,0.0,2.0429630279541016
"#include <hpx/hpx_main.hpp>\n\n/* Return the average of the vector x.\n   Use HPX to compute in parallel.  Assume HPX has already been initialized.\n   Examples:\n		\n	 input: [1, 8, 4, 5, 1]\n   output: 3.8\n\n   input: [2, 2, 2, 3]\n   output: 2.25\n*/\ndouble average(std::vector<double> const& x) {",27_reduce_average,reduce,cpp,hpx,0.2,0.95,True,2048,False,"double average(std::vector<double> const& x) {\n        \n        // Create a HPX parallel execution policy\n        hpx::parallel::execution::parallel_executor exec;\n\n        // Compute the sum of the vector\n        double sum = hpx::parallel::transform_reduce(exec, x.begin(), x.end(), 0.0, std::plus<double>(), [](double a) { return a; });\n\n        // Compute the average\n        double avg = sum / x.size();\n\n        return avg;\n}",False,True,,45,-28672,15977.0,0.94,15977.0,0.47,4.088989734649658
"#include <hpx/hpx_main.hpp>\n\n/* Return the average of the vector x.\n   Use HPX to compute in parallel.  Assume HPX has already been initialized.\n   Examples:\n		\n	 input: [1, 8, 4, 5, 1]\n   output: 3.8\n\n   input: [2, 2, 2, 3]\n   output: 2.25\n*/\ndouble average(std::vector<double> const& x) {",27_reduce_average,reduce,cpp,hpx,0.2,0.95,True,2048,False,"double average(std::vector<double> const& x) {\n        \n        // Create a HPX parallel execution policy\n        hpx::parallel::execution::parallel_executor exec;\n\n        // Use HPX's parallel_reduce to compute the sum of the vector\n        double sum = hpx::parallel::reduce(exec, x.begin(), x.end(), 0.0);\n\n        // The average is the sum divided by the number of elements\n        return sum / x.size();\n}",False,True,,46,-552960,15977.0,0.94,15977.0,0.47,4.094864130020142
"#include <hpx/hpx_main.hpp>\n\n/* Return the average of the vector x.\n   Use HPX to compute in parallel.  Assume HPX has already been initialized.\n   Examples:\n		\n	 input: [1, 8, 4, 5, 1]\n   output: 3.8\n\n   input: [2, 2, 2, 3]\n   output: 2.25\n*/\ndouble average(std::vector<double> const& x) {",27_reduce_average,reduce,cpp,hpx,0.2,0.95,True,2048,False,"double average(std::vector<double> const& x) {\n        \n        // Create a HPX parallel execution policy\n        hpx::parallel::execution::parallel_executor exec;\n\n        // Compute the sum of the vector elements\n        double sum = hpx::parallel::transform_reduce(exec, x.begin(), x.end(), 0.0, std::plus<double>());\n\n        // Compute the average\n        return sum / x.size();\n}",False,True,,47,-1847296,15977.0,0.94,15977.0,0.47,4.088149547576904
"#include <hpx/hpx_main.hpp>\n\n/* Return the average of the vector x.\n   Use HPX to compute in parallel.  Assume HPX has already been initialized.\n   Examples:\n		\n	 input: [1, 8, 4, 5, 1]\n   output: 3.8\n\n   input: [2, 2, 2, 3]\n   output: 2.25\n*/\ndouble average(std::vector<double> const& x) {",27_reduce_average,reduce,cpp,hpx,0.2,0.95,True,2048,False,"double average(std::vector<double> const& x) {\n        \n        // Create a HPX parallel execution policy\n        hpx::parallel::execution::parallel_executor exec;\n\n        // Compute the sum of the vector in parallel\n        double sum = hpx::parallel::transform_reduce(exec, x.begin(), x.end(), 0.0, std::plus<double>(), [](double a) { return a; });\n\n        // Compute the average\n        return sum / x.size();\n}",False,True,,48,-133156864,15977.0,0.0,15977.0,0.0,2.0488696098327637
"#include <hpx/hpx_main.hpp>\n\n/* Return the average of the vector x.\n   Use HPX to compute in parallel.  Assume HPX has already been initialized.\n   Examples:\n		\n	 input: [1, 8, 4, 5, 1]\n   output: 3.8\n\n   input: [2, 2, 2, 3]\n   output: 2.25\n*/\ndouble average(std::vector<double> const& x) {",27_reduce_average,reduce,cpp,hpx,0.2,0.95,True,2048,False,"double average(std::vector<double> const& x) {\n        \n        // Create a HPX parallel execution policy\n        hpx::parallel::execution::parallel_executor exec;\n\n        // Compute the sum of the vector in parallel\n        double sum = hpx::parallel::transform_reduce(exec, x.begin(), x.end(), 0.0, std::plus<double>(), [](double a) { return a; });\n\n        // Compute the average\n        double avg = sum / x.size();\n\n        return avg;\n}",False,True,,49,109281280,15977.0,0.94,15977.0,0.47,4.090869426727295
"#include <hpx/hpx_main.hpp>\n\n/* Return the average of the vector x.\n   Use HPX to compute in parallel.  Assume HPX has already been initialized.\n   Examples:\n		\n	 input: [1, 8, 4, 5, 1]\n   output: 3.8\n\n   input: [2, 2, 2, 3]\n   output: 2.25\n*/\ndouble average(std::vector<double> const& x) {",27_reduce_average,reduce,cpp,hpx,0.2,0.95,True,2048,False,"double average(std::vector<double> const& x) {\n        \n        // Create a HPX parallel execution policy.\n        hpx::parallel::execution::parallel_executor exec;\n\n        // Compute the sum of the vector elements.\n        double sum = hpx::parallel::reduce(exec, x.begin(), x.end(), 0.0, std::plus<double>());\n\n        // Compute the average.\n        double avg = sum / x.size();\n\n        return avg;\n}",False,True,,50,-2097152,15977.0,0.94,15977.0,0.47,4.089055776596069
"#include <hpx/hpx_main.hpp>\n\n/* Return the average of the vector x.\n   Use HPX to compute in parallel.  Assume HPX has already been initialized.\n   Examples:\n		\n	 input: [1, 8, 4, 5, 1]\n   output: 3.8\n\n   input: [2, 2, 2, 3]\n   output: 2.25\n*/\ndouble average(std::vector<double> const& x) {",27_reduce_average,reduce,cpp,hpx,0.2,0.95,True,2048,False,"double average(std::vector<double> const& x) {\n        \n        // Create a HPX parallel execution policy.\n        hpx::parallel::execution::parallel_executor exec;\n\n        // Use HPX's async function to asynchronously compute the sum of the vector.\n        auto sum_future = hpx::async(exec, [&x]() {\n            return std::accumulate(x.begin(), x.end(), 0.0);\n        });\n\n        // Compute the average by dividing the sum by the size of the vector.\n        double sum = sum_future.get();\n        double avg = sum / x.size();\n\n        return avg;\n}",False,True,,51,4444160,15977.0,0.94,15977.0,0.47,4.089871883392334
"#include <hpx/hpx_main.hpp>\n\n/* Return the average of the vector x.\n   Use HPX to compute in parallel.  Assume HPX has already been initialized.\n   Examples:\n		\n	 input: [1, 8, 4, 5, 1]\n   output: 3.8\n\n   input: [2, 2, 2, 3]\n   output: 2.25\n*/\ndouble average(std::vector<double> const& x) {",27_reduce_average,reduce,cpp,hpx,0.2,0.95,True,2048,False,"double average(std::vector<double> const& x) {\n        \n        // Create a HPX parallel execution policy\n        hpx::parallel::execution::parallel_executor exec;\n\n        // Compute the sum of the vector in parallel\n        double sum = hpx::parallel::transform_reduce(exec, x.begin(), x.end(), 0.0, std::plus<double>(), [](double a) { return a; });\n\n        // Compute the average\n        return sum / x.size();\n}",False,True,,52,-6742016,15977.0,0.94,15977.0,0.47,4.09692645072937
"#include <hpx/hpx_main.hpp>\n\n/* Return the average of the vector x.\n   Use HPX to compute in parallel.  Assume HPX has already been initialized.\n   Examples:\n		\n	 input: [1, 8, 4, 5, 1]\n   output: 3.8\n\n   input: [2, 2, 2, 3]\n   output: 2.25\n*/\ndouble average(std::vector<double> const& x) {",27_reduce_average,reduce,cpp,hpx,0.2,0.95,True,2048,False,"double average(std::vector<double> const& x) {\n        \n        // Create a HPX parallel execution policy\n        hpx::parallel::execution::parallel_executor exec;\n\n        // Compute the sum of the vector in parallel\n        double sum = hpx::parallel::transform_reduce(exec, x.begin(), x.end(), 0.0, std::plus<double>());\n\n        // Compute the average\n        double avg = sum / x.size();\n\n        return avg;\n}",False,True,,53,28413952,15977.0,0.94,15977.0,0.47,4.09588360786438
"#include <hpx/hpx_main.hpp>\n\n/* Return the average of the vector x.\n   Use HPX to compute in parallel.  Assume HPX has already been initialized.\n   Examples:\n		\n	 input: [1, 8, 4, 5, 1]\n   output: 3.8\n\n   input: [2, 2, 2, 3]\n   output: 2.25\n*/\ndouble average(std::vector<double> const& x) {",27_reduce_average,reduce,cpp,hpx,0.2,0.95,True,2048,False,"double average(std::vector<double> const& x) {\n        \n        // Create a HPX parallel execution policy.\n        hpx::parallel::execution::parallel_executor exec;\n\n        // Compute the sum of the vector in parallel.\n        double sum = hpx::parallel::transform_reduce(exec, x.begin(), x.end(), 0.0, std::plus<double>());\n\n        // Compute the average by dividing the sum by the size of the vector.\n        return sum / x.size();\n}",False,True,,54,-27795456,15977.0,0.94,15977.0,0.47,4.087073564529419
"#include <hpx/hpx_main.hpp>\n\n/* Return the average of the vector x.\n   Use HPX to compute in parallel.  Assume HPX has already been initialized.\n   Examples:\n		\n	 input: [1, 8, 4, 5, 1]\n   output: 3.8\n\n   input: [2, 2, 2, 3]\n   output: 2.25\n*/\ndouble average(std::vector<double> const& x) {",27_reduce_average,reduce,cpp,hpx,0.2,0.95,True,2048,False,"double average(std::vector<double> const& x) {\n        \n        // Create an HPX parallel execution policy.\n        hpx::parallel::execution::parallel_executor exec;\n\n        // Compute the sum of the vector in parallel.\n        double sum = hpx::parallel::transform_reduce(exec, x.begin(), x.end(), 0.0, std::plus<double>());\n\n        // Compute the average by dividing the sum by the size of the vector.\n        double avg = sum / x.size();\n\n        return avg;\n}",False,True,,55,-47947776,15977.0,0.94,15977.0,0.47,4.092962026596069
"#include <hpx/hpx_main.hpp>\n\n/* Return the average of the vector x.\n   Use HPX to compute in parallel.  Assume HPX has already been initialized.\n   Examples:\n		\n	 input: [1, 8, 4, 5, 1]\n   output: 3.8\n\n   input: [2, 2, 2, 3]\n   output: 2.25\n*/\ndouble average(std::vector<double> const& x) {",27_reduce_average,reduce,cpp,hpx,0.2,0.95,True,2048,False,"double average(std::vector<double> const& x) {\n        \n        // Create a HPX parallel execution policy\n        hpx::parallel::execution::parallel_executor exec;\n\n        // Compute the sum of the vector in parallel\n        double sum = hpx::parallel::transform_reduce(exec, x.begin(), x.end(), 0.0, std::plus<double>(), [](double a) { return a; });\n\n        // Compute the average\n        double avg = sum / x.size();\n\n        return avg;\n}",False,True,,56,21344256,15977.0,0.94,15977.0,0.47,4.092920541763306
"#include <hpx/hpx_main.hpp>\n\n/* Return the average of the vector x.\n   Use HPX to compute in parallel.  Assume HPX has already been initialized.\n   Examples:\n		\n	 input: [1, 8, 4, 5, 1]\n   output: 3.8\n\n   input: [2, 2, 2, 3]\n   output: 2.25\n*/\ndouble average(std::vector<double> const& x) {",27_reduce_average,reduce,cpp,hpx,0.2,0.95,True,2048,False,"double average(std::vector<double> const& x) {\n        \n        // Create a HPX parallel execution policy\n        hpx::parallel::execution::parallel_executor exec;\n\n        // Compute the sum of the vector in parallel\n        double sum = hpx::parallel::transform_reduce(exec, x.begin(), x.end(), 0.0, std::plus<double>());\n\n        // Compute the average\n        double avg = sum / x.size();\n\n        return avg;\n}",False,True,,57,24096768,15977.0,0.0,15977.0,0.0,2.044778823852539
"#include <hpx/hpx_main.hpp>\n\n/* Return the average of the vector x.\n   Use HPX to compute in parallel.  Assume HPX has already been initialized.\n   Examples:\n		\n	 input: [1, 8, 4, 5, 1]\n   output: 3.8\n\n   input: [2, 2, 2, 3]\n   output: 2.25\n*/\ndouble average(std::vector<double> const& x) {",27_reduce_average,reduce,cpp,hpx,0.2,0.95,True,2048,False,"double average(std::vector<double> const& x) {\n        \n        // Create a HPX parallel execution policy.\n        hpx::parallel::execution::parallel_executor exec;\n\n        // Compute the sum of the vector in parallel.\n        double sum = hpx::parallel::transform_reduce(exec, x.begin(), x.end(), 0.0, std::plus<double>());\n\n        // Compute the average by dividing the sum by the size of the vector.\n        double avg = sum / x.size();\n\n        return avg;\n}",False,True,,58,-10805248,15977.0,0.94,15977.0,0.47,4.0882346630096436
"#include <hpx/hpx_main.hpp>\n\n/* Return the average of the vector x.\n   Use HPX to compute in parallel.  Assume HPX has already been initialized.\n   Examples:\n		\n	 input: [1, 8, 4, 5, 1]\n   output: 3.8\n\n   input: [2, 2, 2, 3]\n   output: 2.25\n*/\ndouble average(std::vector<double> const& x) {",27_reduce_average,reduce,cpp,hpx,0.2,0.95,True,2048,False,"double average(std::vector<double> const& x) {\n        \n        // Create a HPX parallel execution policy\n        hpx::parallel::execution::parallel_executor exec;\n\n        // Use HPX's async function to perform the sum in parallel\n        auto sum_future = hpx::async(exec, [&x]() {\n            return std::accumulate(x.begin(), x.end(), 0.0);\n        });\n\n        // Use HPX's async function to perform the count in parallel\n        auto count_future = hpx::async(exec, [&x]() {\n            return x.size();\n        });\n\n        // Wait for both futures to complete and return the average\n        return sum_future.get() / count_future.get();\n}",False,True,,59,-2981888,15977.0,0.94,15977.0,0.47,4.08785605430603
"#include <hpx/hpx_main.hpp>\n\n/* Return the average of the vector x.\n   Use HPX to compute in parallel.  Assume HPX has already been initialized.\n   Examples:\n		\n	 input: [1, 8, 4, 5, 1]\n   output: 3.8\n\n   input: [2, 2, 2, 3]\n   output: 2.25\n*/\ndouble average(std::vector<double> const& x) {",27_reduce_average,reduce,cpp,hpx,0.2,0.95,True,2048,False,"double average(std::vector<double> const& x) {\n        \n        // Create a HPX parallel execution policy.\n        hpx::parallel::execution::parallel_executor exec;\n\n        // Compute the sum of the vector elements in parallel.\n        double sum = hpx::parallel::reduce(exec, x.begin(), x.end(), 0.0);\n\n        // Compute the average.\n        double avg = sum / x.size();\n\n        return avg;\n}",False,True,,60,-4186112,15977.0,0.93,15977.0,0.465,4.090006351470947
"#include <hpx/hpx_main.hpp>\n\n/* Return the average of the vector x.\n   Use HPX to compute in parallel.  Assume HPX has already been initialized.\n   Examples:\n		\n	 input: [1, 8, 4, 5, 1]\n   output: 3.8\n\n   input: [2, 2, 2, 3]\n   output: 2.25\n*/\ndouble average(std::vector<double> const& x) {",27_reduce_average,reduce,cpp,hpx,0.2,0.95,True,2048,False,"double average(std::vector<double> const& x) {\n        \n        // Create a HPX parallel execution policy\n        hpx::parallel::execution::parallel_executor exec;\n\n        // Compute the sum of the vector in parallel\n        double sum = hpx::parallel::transform_reduce(exec, x.begin(), x.end(), 0.0, std::plus<double>());\n\n        // Compute the average\n        double avg = sum / x.size();\n\n        return avg;\n}",False,True,,61,7966720,15977.0,0.0,15977.0,0.0,2.0457353591918945
"#include <hpx/hpx_main.hpp>\n\n/* Return the average of the vector x.\n   Use HPX to compute in parallel.  Assume HPX has already been initialized.\n   Examples:\n		\n	 input: [1, 8, 4, 5, 1]\n   output: 3.8\n\n   input: [2, 2, 2, 3]\n   output: 2.25\n*/\ndouble average(std::vector<double> const& x) {",27_reduce_average,reduce,cpp,hpx,0.2,0.95,True,2048,False,"double average(std::vector<double> const& x) {\n        \n        // Create a HPX parallel execution policy\n        hpx::parallel::execution::parallel_executor exec;\n\n        // Compute the sum of the vector in parallel\n        double sum = hpx::parallel::transform_reduce(exec, x.begin(), x.end(), 0.0, std::plus<double>(), [](double a) { return a; });\n\n        // Compute the average\n        return sum / x.size();\n}",False,True,,62,-11350016,15977.0,0.93,15977.0,0.465,4.088083505630493
"#include <hpx/hpx_main.hpp>\n\n/* Return the average of the vector x.\n   Use HPX to compute in parallel.  Assume HPX has already been initialized.\n   Examples:\n		\n	 input: [1, 8, 4, 5, 1]\n   output: 3.8\n\n   input: [2, 2, 2, 3]\n   output: 2.25\n*/\ndouble average(std::vector<double> const& x) {",27_reduce_average,reduce,cpp,hpx,0.2,0.95,True,2048,False,"double average(std::vector<double> const& x) {\n        \n        // Create a HPX parallel execution policy.\n        hpx::parallel::execution::parallel_executor exec;\n\n        // Use HPX to compute the sum of the vector in parallel.\n        double sum = hpx::parallel::transform_reduce(exec, x.begin(), x.end(), 0.0, std::plus<double>());\n\n        // Compute the average by dividing the sum by the size of the vector.\n        return sum / x.size();\n}",False,True,,63,-33968128,15977.0,0.94,15977.0,0.47,4.086886644363403
"#include <hpx/hpx_main.hpp>\n\n/* Return the average of the vector x.\n   Use HPX to compute in parallel.  Assume HPX has already been initialized.\n   Examples:\n		\n	 input: [1, 8, 4, 5, 1]\n   output: 3.8\n\n   input: [2, 2, 2, 3]\n   output: 2.25\n*/\ndouble average(std::vector<double> const& x) {",27_reduce_average,reduce,cpp,hpx,0.2,0.95,True,2048,False,"double average(std::vector<double> const& x) {\n        \n        // Create a HPX parallel execution policy.\n        hpx::parallel::execution::parallel_executor exec;\n\n        // Compute the sum of the vector x in parallel.\n        double sum = hpx::parallel::transform_reduce(exec, x.begin(), x.end(), 0.0, std::plus<double>());\n\n        // Compute the average.\n        double avg = sum / x.size();\n\n        return avg;\n}",False,True,,64,29171712,15977.0,0.94,15977.0,0.47,4.093004941940308
"#include <hpx/hpx_main.hpp>\n\n/* Return the average of the vector x.\n   Use HPX to compute in parallel.  Assume HPX has already been initialized.\n   Examples:\n		\n	 input: [1, 8, 4, 5, 1]\n   output: 3.8\n\n   input: [2, 2, 2, 3]\n   output: 2.25\n*/\ndouble average(std::vector<double> const& x) {",27_reduce_average,reduce,cpp,hpx,0.2,0.95,True,2048,False,"double average(std::vector<double> const& x) {\n        \n        // Create a HPX parallel execution policy.\n        hpx::parallel::execution::parallel_executor exec;\n\n        // Compute the sum of the vector elements in parallel.\n        double sum = hpx::parallel::transform_reduce(exec, x.begin(), x.end(), 0.0, std::plus<double>());\n\n        // Compute the average by dividing the sum by the number of elements.\n        return sum / x.size();\n}",False,True,,65,30916608,15977.0,0.94,15977.0,0.47,4.087913990020752
"#include <hpx/hpx_main.hpp>\n\n/* Return the average of the vector x.\n   Use HPX to compute in parallel.  Assume HPX has already been initialized.\n   Examples:\n		\n	 input: [1, 8, 4, 5, 1]\n   output: 3.8\n\n   input: [2, 2, 2, 3]\n   output: 2.25\n*/\ndouble average(std::vector<double> const& x) {",27_reduce_average,reduce,cpp,hpx,0.2,0.95,True,2048,False,"double average(std::vector<double> const& x) {\n        \n        // Create a HPX parallel execution policy.\n        hpx::parallel::execution::parallel_executor exec;\n\n        // Use HPX's parallel_reduce to compute the sum of the vector.\n        double sum = hpx::parallel::reduce(exec, x.begin(), x.end(), 0.0, std::plus<double>());\n\n        // Divide the sum by the size of the vector to get the average.\n        return sum / x.size();\n}",False,True,,66,15302656,15977.0,0.94,15977.0,0.47,4.0889811515808105
"#include <hpx/hpx_main.hpp>\n\n/* Return the average of the vector x.\n   Use HPX to compute in parallel.  Assume HPX has already been initialized.\n   Examples:\n		\n	 input: [1, 8, 4, 5, 1]\n   output: 3.8\n\n   input: [2, 2, 2, 3]\n   output: 2.25\n*/\ndouble average(std::vector<double> const& x) {",27_reduce_average,reduce,cpp,hpx,0.2,0.95,True,2048,False,"double average(std::vector<double> const& x) {\n        \n        // Create a HPX parallel execution policy\n        hpx::parallel::execution::parallel_executor exec;\n\n        // Use the HPX parallel_reduce function to compute the sum of the vector\n        double sum = hpx::parallel::reduce(exec, x.begin(), x.end(), 0.0,\n            [](double a, double b) { return a + b; });\n\n        // Divide the sum by the size of the vector to get the average\n        return sum / x.size();\n}",False,True,,67,-544768,15977.0,0.93,15977.0,0.465,4.097846031188965
"#include <hpx/hpx_main.hpp>\n\n/* Return the average of the vector x.\n   Use HPX to compute in parallel.  Assume HPX has already been initialized.\n   Examples:\n		\n	 input: [1, 8, 4, 5, 1]\n   output: 3.8\n\n   input: [2, 2, 2, 3]\n   output: 2.25\n*/\ndouble average(std::vector<double> const& x) {",27_reduce_average,reduce,cpp,hpx,0.2,0.95,True,2048,False,"double average(std::vector<double> const& x) {\n        \n        // Create a HPX parallel execution policy\n        hpx::parallel::execution::parallel_executor exec;\n\n        // Use HPX's parallel_reduce to compute the sum of the vector\n        double sum = hpx::parallel::reduce(exec, x.begin(), x.end(), 0.0,\n            [](double a, double b) { return a + b; });\n\n        // Compute the average by dividing the sum by the size of the vector\n        return sum / x.size();\n}",False,True,,68,8384512,15977.0,0.0,15977.0,0.0,2.04582142829895
"#include <hpx/hpx_main.hpp>\n\n/* Return the average of the vector x.\n   Use HPX to compute in parallel.  Assume HPX has already been initialized.\n   Examples:\n		\n	 input: [1, 8, 4, 5, 1]\n   output: 3.8\n\n   input: [2, 2, 2, 3]\n   output: 2.25\n*/\ndouble average(std::vector<double> const& x) {",27_reduce_average,reduce,cpp,hpx,0.2,0.95,True,2048,False,"double average(std::vector<double> const& x) {\n        \n        // Create a HPX parallel execution policy.\n        hpx::parallel::execution::parallel_executor exec;\n\n        // Use the HPX parallel_reduce function to compute the sum of the vector.\n        double sum = hpx::parallel::reduce(exec, x.begin(), x.end(), 0.0,\n            [](double a, double b) { return a + b; });\n\n        // Return the average by dividing the sum by the size of the vector.\n        return sum / x.size();\n}",False,True,,69,-34848768,15977.0,0.94,15977.0,0.7433333333333333,6.131243705749512
"#include <hpx/hpx_main.hpp>\n\n/* Return the average of the vector x.\n   Use HPX to compute in parallel.  Assume HPX has already been initialized.\n   Examples:\n		\n	 input: [1, 8, 4, 5, 1]\n   output: 3.8\n\n   input: [2, 2, 2, 3]\n   output: 2.25\n*/\ndouble average(std::vector<double> const& x) {",27_reduce_average,reduce,cpp,hpx,0.2,0.95,True,2048,False,"double average(std::vector<double> const& x) {\n        \n        // Create a HPX parallel execution policy\n        hpx::parallel::execution::parallel_executor exec;\n\n        // Use the HPX parallel_reduce function to compute the sum of the vector\n        double sum = hpx::parallel::reduce(exec, x.begin(), x.end(), 0.0);\n\n        // Compute the average by dividing the sum by the size of the vector\n        double average = sum / x.size();\n\n        return average;\n}",False,True,,70,-39841792,15977.0,0.94,15977.0,0.47,4.0918285846710205
"#include <hpx/hpx_main.hpp>\n\n/* Return the average of the vector x.\n   Use HPX to compute in parallel.  Assume HPX has already been initialized.\n   Examples:\n		\n	 input: [1, 8, 4, 5, 1]\n   output: 3.8\n\n   input: [2, 2, 2, 3]\n   output: 2.25\n*/\ndouble average(std::vector<double> const& x) {",27_reduce_average,reduce,cpp,hpx,0.2,0.95,True,2048,False,"double average(std::vector<double> const& x) {\n        \n        // Create a HPX parallel execution policy\n        hpx::parallel::execution::parallel_executor exec;\n\n        // Compute the sum of the vector in parallel\n        double sum = hpx::parallel::transform_reduce(exec, x.begin(), x.end(), 0.0, std::plus<double>());\n\n        // Compute the average\n        double avg = sum / x.size();\n\n        return avg;\n}",False,True,,71,9392128,15977.0,0.0,15977.0,0.0,2.046795606613159
"#include <hpx/hpx_main.hpp>\n\n/* Return the average of the vector x.\n   Use HPX to compute in parallel.  Assume HPX has already been initialized.\n   Examples:\n		\n	 input: [1, 8, 4, 5, 1]\n   output: 3.8\n\n   input: [2, 2, 2, 3]\n   output: 2.25\n*/\ndouble average(std::vector<double> const& x) {",27_reduce_average,reduce,cpp,hpx,0.2,0.95,True,2048,False,"double average(std::vector<double> const& x) {\n        \n        // Initialize the HPX runtime\n        hpx::init(nullptr, argc, argv);\n\n        // Create a HPX parallel execution policy\n        hpx::parallel::execution::parallel_executor exec;\n\n        // Compute the sum of the vector in parallel\n        double sum = hpx::parallel::accumulate(exec, x.begin(), x.end(), 0.0);\n\n        // Compute the average\n        double avg = sum / x.size();\n\n        // Shutdown the HPX runtime\n        hpx::finalize();\n\n        return avg;\n}",False,True,,72,13246464,15977.0,0.94,15977.0,0.47,4.094176530838013
"#include <hpx/hpx_main.hpp>\n\n/* Return the average of the vector x.\n   Use HPX to compute in parallel.  Assume HPX has already been initialized.\n   Examples:\n		\n	 input: [1, 8, 4, 5, 1]\n   output: 3.8\n\n   input: [2, 2, 2, 3]\n   output: 2.25\n*/\ndouble average(std::vector<double> const& x) {",27_reduce_average,reduce,cpp,hpx,0.2,0.95,True,2048,False,"double average(std::vector<double> const& x) {\n        \n        // Create an HPX parallel execution policy.\n        hpx::parallel::execution::parallel_executor exec;\n\n        // Compute the sum of the vector in parallel.\n        double sum = hpx::parallel::reduce(exec, x.begin(), x.end(), 0.0);\n\n        // Compute the average.\n        double avg = sum / x.size();\n\n        return avg;\n}",False,True,,73,32706560,15977.0,0.94,15977.0,0.47,4.109875202178955
"#include <hpx/hpx_main.hpp>\n\n/* Return the average of the vector x.\n   Use HPX to compute in parallel.  Assume HPX has already been initialized.\n   Examples:\n		\n	 input: [1, 8, 4, 5, 1]\n   output: 3.8\n\n   input: [2, 2, 2, 3]\n   output: 2.25\n*/\ndouble average(std::vector<double> const& x) {",27_reduce_average,reduce,cpp,hpx,0.2,0.95,True,2048,False,"double average(std::vector<double> const& x) {\n        \n        // Initialize the HPX runtime\n        hpx::init(nullptr, argc, argv);\n\n        // Create a HPX parallel execution policy\n        hpx::parallel::execution::parallel_executor exec;\n\n        // Compute the sum of the vector in parallel\n        double sum = hpx::parallel::transform_reduce(exec, x.begin(), x.end(), 0.0, std::plus<double>());\n\n        // Compute the average\n        double avg = sum / x.size();\n\n        // Shutdown the HPX runtime\n        hpx::finalize();\n\n        return avg;\n}",False,True,,74,10956800,15977.0,0.94,15977.0,0.47,4.0870325565338135
"#include <hpx/hpx_main.hpp>\n\n/* Return the average of the vector x.\n   Use HPX to compute in parallel.  Assume HPX has already been initialized.\n   Examples:\n		\n	 input: [1, 8, 4, 5, 1]\n   output: 3.8\n\n   input: [2, 2, 2, 3]\n   output: 2.25\n*/\ndouble average(std::vector<double> const& x) {",27_reduce_average,reduce,cpp,hpx,0.2,0.95,True,2048,False,"double average(std::vector<double> const& x) {\n        \n        // Create a HPX parallel execution policy\n        hpx::parallel::execution::parallel_executor exec;\n\n        // Use the HPX parallel_reduce function to compute the sum of the vector\n        double sum = hpx::parallel::reduce(exec, x.begin(), x.end(), 0.0);\n\n        // Compute the average by dividing the sum by the size of the vector\n        double avg = sum / x.size();\n\n        // Return the average\n        return avg;\n}",False,True,,75,-188416,15977.0,0.94,15977.0,0.47,4.088915824890137
"#include <hpx/hpx_main.hpp>\n\n/* Return the average of the vector x.\n   Use HPX to compute in parallel.  Assume HPX has already been initialized.\n   Examples:\n		\n	 input: [1, 8, 4, 5, 1]\n   output: 3.8\n\n   input: [2, 2, 2, 3]\n   output: 2.25\n*/\ndouble average(std::vector<double> const& x) {",27_reduce_average,reduce,cpp,hpx,0.2,0.95,True,2048,False,"double average(std::vector<double> const& x) {\n        \n        // Create a HPX parallel execution policy.\n        hpx::parallel::execution::parallel_executor exec;\n\n        // Use HPX to compute the sum of the vector in parallel.\n        double sum = hpx::parallel::reduce(exec, x.begin(), x.end(), 0.0);\n\n        // Compute the average by dividing the sum by the size of the vector.\n        double avg = sum / x.size();\n\n        return avg;\n}",False,True,,76,-20295680,15977.0,0.93,15977.0,0.5,4.0969226360321045
"#include <hpx/hpx_main.hpp>\n\n/* Return the average of the vector x.\n   Use HPX to compute in parallel.  Assume HPX has already been initialized.\n   Examples:\n		\n	 input: [1, 8, 4, 5, 1]\n   output: 3.8\n\n   input: [2, 2, 2, 3]\n   output: 2.25\n*/\ndouble average(std::vector<double> const& x) {",27_reduce_average,reduce,cpp,hpx,0.2,0.95,True,2048,False,"double average(std::vector<double> const& x) {\n        \n        // Create a HPX parallel execution policy.\n        hpx::parallel::execution::parallel_executor exec;\n\n        // Use the HPX parallel_reduce function to compute the sum of the vector.\n        double sum = hpx::parallel::reduce(exec, x.begin(), x.end(), 0.0,\n            [](double a, double b) { return a + b; });\n\n        // Divide the sum by the size of the vector to get the average.\n        return sum / x.size();\n}",False,True,,77,19296256,15977.0,0.0,15977.0,0.0,2.0440399646759033
"#include <hpx/hpx_main.hpp>\n\n/* Return the average of the vector x.\n   Use HPX to compute in parallel.  Assume HPX has already been initialized.\n   Examples:\n		\n	 input: [1, 8, 4, 5, 1]\n   output: 3.8\n\n   input: [2, 2, 2, 3]\n   output: 2.25\n*/\ndouble average(std::vector<double> const& x) {",27_reduce_average,reduce,cpp,hpx,0.2,0.95,True,2048,False,"double average(std::vector<double> const& x) {\n        \n        // Initialize the HPX runtime\n        hpx::init();\n\n        // Define the HPX parallel for loop\n        auto sum = hpx::parallel::transform_reduce(\n            hpx::parallel::execution::par,\n            x.begin(), x.end(),\n            0.0,\n            std::plus<>(),\n            [](auto const& val) { return val; }\n        );\n\n        // Calculate the average\n        double avg = sum / x.size();\n\n        // Shutdown the HPX runtime\n        hpx::finalize();\n\n        return avg;\n}",False,True,,78,139894784,15977.0,0.94,15977.0,0.71,4.090008735656738
"#include <hpx/hpx_main.hpp>\n\n/* Return the average of the vector x.\n   Use HPX to compute in parallel.  Assume HPX has already been initialized.\n   Examples:\n		\n	 input: [1, 8, 4, 5, 1]\n   output: 3.8\n\n   input: [2, 2, 2, 3]\n   output: 2.25\n*/\ndouble average(std::vector<double> const& x) {",27_reduce_average,reduce,cpp,hpx,0.2,0.95,True,2048,False,"double average(std::vector<double> const& x) {\n        \n        // Create a HPX parallel execution policy\n        hpx::parallel::execution::parallel_executor exec;\n\n        // Compute the sum of the vector elements in parallel\n        double sum = hpx::parallel::reduce(exec, x.begin(), x.end(), 0.0, std::plus<double>());\n\n        // Compute the average\n        double avg = sum / x.size();\n\n        return avg;\n}",False,True,,79,309104640,15977.0,0.94,15977.0,0.47,4.099702835083008
"#include <hpx/hpx_main.hpp>\n\n/* Return the average of the vector x.\n   Use HPX to compute in parallel.  Assume HPX has already been initialized.\n   Examples:\n		\n	 input: [1, 8, 4, 5, 1]\n   output: 3.8\n\n   input: [2, 2, 2, 3]\n   output: 2.25\n*/\ndouble average(std::vector<double> const& x) {",27_reduce_average,reduce,cpp,hpx,0.2,0.95,True,2048,False,"double average(std::vector<double> const& x) {\n        \n        // Create a HPX parallel execution policy\n        hpx::parallel::execution::parallel_executor exec;\n\n        // Use HPX's async function to compute the sum in parallel\n        auto sum = hpx::async(exec, [&x]() {\n            return std::accumulate(x.begin(), x.end(), 0.0);\n        });\n\n        // Compute the average\n        double average = sum.get() / x.size();\n\n        return average;\n}",False,True,,80,-19456000,15977.0,0.0,15977.0,0.0,2.046052932739258
"#include <hpx/hpx_main.hpp>\n\n/* Return the average of the vector x.\n   Use HPX to compute in parallel.  Assume HPX has already been initialized.\n   Examples:\n		\n	 input: [1, 8, 4, 5, 1]\n   output: 3.8\n\n   input: [2, 2, 2, 3]\n   output: 2.25\n*/\ndouble average(std::vector<double> const& x) {",27_reduce_average,reduce,cpp,hpx,0.2,0.95,True,2048,False,"double average(std::vector<double> const& x) {\n        \n        // Create a HPX parallel execution policy\n        hpx::parallel::execution::parallel_executor exec;\n\n        // Compute the sum of the vector in parallel\n        double sum = hpx::parallel::transform_reduce(exec, x.begin(), x.end(), 0.0, std::plus<double>(), [](double a) { return a; });\n\n        // Compute the average\n        double avg = sum / x.size();\n\n        return avg;\n}",False,True,,81,-4132864,15977.0,0.94,15977.0,0.86,4.090983867645264
"#include <hpx/hpx_main.hpp>\n\n/* Return the average of the vector x.\n   Use HPX to compute in parallel.  Assume HPX has already been initialized.\n   Examples:\n		\n	 input: [1, 8, 4, 5, 1]\n   output: 3.8\n\n   input: [2, 2, 2, 3]\n   output: 2.25\n*/\ndouble average(std::vector<double> const& x) {",27_reduce_average,reduce,cpp,hpx,0.2,0.95,True,2048,False,"double average(std::vector<double> const& x) {\n        \n        // Create a HPX parallel execution policy\n        hpx::parallel::execution::parallel_executor exec;\n\n        // Compute the sum of the vector in parallel\n        double sum = hpx::parallel::transform_reduce(exec, x.begin(), x.end(), 0.0, std::plus<double>());\n\n        // Compute the average\n        double avg = sum / x.size();\n\n        return avg;\n}",False,True,,82,-517726208,15977.0,0.94,15977.0,0.47,4.093842029571533
"#include <hpx/hpx_main.hpp>\n\n/* Return the average of the vector x.\n   Use HPX to compute in parallel.  Assume HPX has already been initialized.\n   Examples:\n		\n	 input: [1, 8, 4, 5, 1]\n   output: 3.8\n\n   input: [2, 2, 2, 3]\n   output: 2.25\n*/\ndouble average(std::vector<double> const& x) {",27_reduce_average,reduce,cpp,hpx,0.2,0.95,True,2048,False,"double average(std::vector<double> const& x) {\n        \n        // Create a HPX parallel execution policy.\n        hpx::parallel::execution::parallel_executor exec;\n\n        // Compute the sum of the vector elements in parallel.\n        double sum = hpx::parallel::reduce(exec, x.begin(), x.end(), 0.0, std::plus<double>());\n\n        // Compute the average by dividing the sum by the number of elements.\n        double average = sum / x.size();\n\n        return average;\n}",False,True,,83,42602496,15977.0,0.93,15977.0,0.465,4.094071626663208
"#include <hpx/hpx_main.hpp>\n\n/* Return the average of the vector x.\n   Use HPX to compute in parallel.  Assume HPX has already been initialized.\n   Examples:\n		\n	 input: [1, 8, 4, 5, 1]\n   output: 3.8\n\n   input: [2, 2, 2, 3]\n   output: 2.25\n*/\ndouble average(std::vector<double> const& x) {",27_reduce_average,reduce,cpp,hpx,0.2,0.95,True,2048,False,"double average(std::vector<double> const& x) {\n        \n        // Initialize the HPX runtime\n        hpx::init(nullptr, argc, argv);\n\n        // Create a HPX parallel execution policy\n        hpx::parallel::execution::parallel_executor exec;\n\n        // Compute the sum of the vector in parallel\n        double sum = hpx::parallel::transform_reduce(exec, x.begin(), x.end(), 0.0, std::plus<double>(), [](double a) { return a; });\n\n        // Compute the average\n        double avg = sum / x.size();\n\n        // Shutdown the HPX runtime\n        hpx::finalize();\n\n        return avg;\n}",False,True,,84,11382784,15977.0,0.93,15977.0,0.465,4.0888872146606445
"#include <hpx/hpx_main.hpp>\n\n/* Return the average of the vector x.\n   Use HPX to compute in parallel.  Assume HPX has already been initialized.\n   Examples:\n		\n	 input: [1, 8, 4, 5, 1]\n   output: 3.8\n\n   input: [2, 2, 2, 3]\n   output: 2.25\n*/\ndouble average(std::vector<double> const& x) {",27_reduce_average,reduce,cpp,hpx,0.2,0.95,True,2048,False,"double average(std::vector<double> const& x) {\n        \n        // Create a HPX parallel execution policy\n        hpx::parallel::execution::parallel_executor exec;\n\n        // Compute the sum of the vector in parallel\n        double sum = hpx::parallel::reduce(exec, x.begin(), x.end(), 0.0, std::plus<double>());\n\n        // Compute the average\n        double avg = sum / x.size();\n\n        return avg;\n}",False,True,,85,-524288,15977.0,0.94,15977.0,0.47,4.0920350551605225
"#include <hpx/hpx_main.hpp>\n\n/* Return the average of the vector x.\n   Use HPX to compute in parallel.  Assume HPX has already been initialized.\n   Examples:\n		\n	 input: [1, 8, 4, 5, 1]\n   output: 3.8\n\n   input: [2, 2, 2, 3]\n   output: 2.25\n*/\ndouble average(std::vector<double> const& x) {",27_reduce_average,reduce,cpp,hpx,0.2,0.95,True,2048,False,"double average(std::vector<double> const& x) {\n        \n        // Initialize the HPX runtime\n        hpx::init();\n\n        // Create a HPX parallel execution policy\n        hpx::parallel::execution::parallel_executor exec;\n\n        // Compute the sum of the vector in parallel\n        double sum = hpx::parallel::transform_reduce(exec, x.begin(), x.end(), 0.0, std::plus<double>(), [](double a) { return a; });\n\n        // Compute the average\n        double avg = sum / x.size();\n\n        // Shutdown the HPX runtime\n        hpx::finalize();\n\n        return avg;\n}",False,True,,86,3776512,15977.0,0.94,15977.0,0.47,4.1279401779174805
"#include <hpx/hpx_main.hpp>\n\n/* Return the average of the vector x.\n   Use HPX to compute in parallel.  Assume HPX has already been initialized.\n   Examples:\n		\n	 input: [1, 8, 4, 5, 1]\n   output: 3.8\n\n   input: [2, 2, 2, 3]\n   output: 2.25\n*/\ndouble average(std::vector<double> const& x) {",27_reduce_average,reduce,cpp,hpx,0.2,0.95,True,2048,False,"double average(std::vector<double> const& x) {\n        \n        // Create a HPX parallel execution policy.\n        hpx::parallel::execution::parallel_executor exec;\n\n        // Compute the sum of the vector in parallel.\n        double sum = hpx::parallel::transform_reduce(exec, x.begin(), x.end(), 0.0, std::plus<double>());\n\n        // Compute the average.\n        return sum / x.size();\n}",False,True,,87,-1429504,15977.0,0.9,15977.0,0.45,4.08284068107605
"#include <hpx/hpx_main.hpp>\n\n/* Return the average of the vector x.\n   Use HPX to compute in parallel.  Assume HPX has already been initialized.\n   Examples:\n		\n	 input: [1, 8, 4, 5, 1]\n   output: 3.8\n\n   input: [2, 2, 2, 3]\n   output: 2.25\n*/\ndouble average(std::vector<double> const& x) {",27_reduce_average,reduce,cpp,hpx,0.2,0.95,True,2048,False,"double average(std::vector<double> const& x) {\n        \n        // Create a HPX parallel execution policy\n        hpx::parallel::execution::parallel_executor exec;\n\n        // Compute the sum of the vector in parallel\n        double sum = hpx::parallel::transform_reduce(exec, x.begin(), x.end(), 0.0, std::plus<double>());\n\n        // Compute the average\n        return sum / x.size();\n}",False,True,,88,-1499136,15977.0,0.94,15977.0,0.47,4.094122886657715
"#include <hpx/hpx_main.hpp>\n\n/* Return the average of the vector x.\n   Use HPX to compute in parallel.  Assume HPX has already been initialized.\n   Examples:\n		\n	 input: [1, 8, 4, 5, 1]\n   output: 3.8\n\n   input: [2, 2, 2, 3]\n   output: 2.25\n*/\ndouble average(std::vector<double> const& x) {",27_reduce_average,reduce,cpp,hpx,0.2,0.95,True,2048,False,"double average(std::vector<double> const& x) {\n        \n        // Create a HPX parallel execution policy.\n        hpx::parallel::execution::parallel_executor exec;\n\n        // Compute the sum of the vector elements in parallel.\n        double sum = hpx::parallel::reduce(exec, x.begin(), x.end(), 0.0);\n\n        // Compute the average.\n        double avg = sum / x.size();\n\n        return avg;\n}",False,True,,89,14389248,15977.0,0.0,15977.0,0.0,2.044818639755249
"#include <hpx/hpx_main.hpp>\n\n/* Return the average of the vector x.\n   Use HPX to compute in parallel.  Assume HPX has already been initialized.\n   Examples:\n		\n	 input: [1, 8, 4, 5, 1]\n   output: 3.8\n\n   input: [2, 2, 2, 3]\n   output: 2.25\n*/\ndouble average(std::vector<double> const& x) {",27_reduce_average,reduce,cpp,hpx,0.2,0.95,True,2048,False,"double average(std::vector<double> const& x) {\n        \n        // Create a HPX parallel execution policy\n        hpx::parallel::execution::parallel_executor exec;\n\n        // Use HPX's reduce function to compute the sum of the vector\n        double sum = hpx::parallel::reduce(exec, x.begin(), x.end(), 0.0);\n\n        // Compute the average\n        double avg = sum / x.size();\n\n        return avg;\n}",False,True,,90,-11714560,15977.0,0.94,15977.0,0.47,4.09001350402832
"#include <hpx/hpx_main.hpp>\n\n/* Return the average of the vector x.\n   Use HPX to compute in parallel.  Assume HPX has already been initialized.\n   Examples:\n		\n	 input: [1, 8, 4, 5, 1]\n   output: 3.8\n\n   input: [2, 2, 2, 3]\n   output: 2.25\n*/\ndouble average(std::vector<double> const& x) {",27_reduce_average,reduce,cpp,hpx,0.2,0.95,True,2048,False,"double average(std::vector<double> const& x) {\n        \n        // Create a HPX parallel execution policy\n        hpx::parallel::execution::parallel_executor exec;\n\n        // Compute the sum of the vector in parallel\n        double sum = hpx::parallel::transform_reduce(exec, x.begin(), x.end(), 0.0, std::plus<double>(), [](double a) { return a; });\n\n        // Compute the average\n        return sum / x.size();\n}",False,True,,91,27852800,15977.0,0.94,15977.0,0.47,4.493037700653076
"#include <hpx/hpx_main.hpp>\n\n/* Return the average of the vector x.\n   Use HPX to compute in parallel.  Assume HPX has already been initialized.\n   Examples:\n		\n	 input: [1, 8, 4, 5, 1]\n   output: 3.8\n\n   input: [2, 2, 2, 3]\n   output: 2.25\n*/\ndouble average(std::vector<double> const& x) {",27_reduce_average,reduce,cpp,hpx,0.2,0.95,True,2048,False,"double average(std::vector<double> const& x) {\n        \n        // Create a HPX parallel execution policy\n        hpx::parallel::execution::parallel_executor exec;\n\n        // Compute the sum of the vector in parallel\n        double sum = hpx::parallel::transform_reduce(exec, x.begin(), x.end(), 0.0, std::plus<double>(), [](double a) { return a; });\n\n        // Compute the average\n        return sum / x.size();\n}",False,True,,92,6930432,15977.0,0.94,15977.0,0.47,4.089865684509277
"#include <hpx/hpx_main.hpp>\n\n/* Return the average of the vector x.\n   Use HPX to compute in parallel.  Assume HPX has already been initialized.\n   Examples:\n		\n	 input: [1, 8, 4, 5, 1]\n   output: 3.8\n\n   input: [2, 2, 2, 3]\n   output: 2.25\n*/\ndouble average(std::vector<double> const& x) {",27_reduce_average,reduce,cpp,hpx,0.2,0.95,True,2048,False,"double average(std::vector<double> const& x) {\n        \n        // Create a HPX parallel execution policy.\n        hpx::parallel::execution::parallel_executor exec;\n\n        // Use the HPX parallel_reduce algorithm to compute the sum of the vector.\n        double sum = hpx::parallel::reduce(exec, x.begin(), x.end(), 0.0, std::plus<double>());\n\n        // Compute the average by dividing the sum by the size of the vector.\n        double average = sum / x.size();\n\n        return average;\n}",False,True,,93,7602176,15977.0,0.94,15977.0,0.47,4.090852975845337
"#include <hpx/hpx_main.hpp>\n\n/* Return the average of the vector x.\n   Use HPX to compute in parallel.  Assume HPX has already been initialized.\n   Examples:\n		\n	 input: [1, 8, 4, 5, 1]\n   output: 3.8\n\n   input: [2, 2, 2, 3]\n   output: 2.25\n*/\ndouble average(std::vector<double> const& x) {",27_reduce_average,reduce,cpp,hpx,0.2,0.95,True,2048,False,"double average(std::vector<double> const& x) {\n        \n        // Create a HPX parallel execution policy\n        hpx::parallel::execution::parallel_executor exec;\n\n        // Compute the sum of the vector in parallel\n        double sum = hpx::parallel::reduce(exec, x.begin(), x.end(), 0.0, std::plus<double>());\n\n        // Compute the average\n        double avg = sum / x.size();\n\n        return avg;\n}",False,True,,94,11296768,15977.0,0.94,15977.0,0.47,4.091938018798828
"#include <hpx/hpx_main.hpp>\n\n/* Return the average of the vector x.\n   Use HPX to compute in parallel.  Assume HPX has already been initialized.\n   Examples:\n		\n	 input: [1, 8, 4, 5, 1]\n   output: 3.8\n\n   input: [2, 2, 2, 3]\n   output: 2.25\n*/\ndouble average(std::vector<double> const& x) {",27_reduce_average,reduce,cpp,hpx,0.2,0.95,True,2048,False,"double average(std::vector<double> const& x) {\n        \n        // Create a HPX parallel execution policy\n        hpx::parallel::execution::parallel_executor exec;\n\n        // Use the HPX parallel_reduce algorithm to compute the sum of the vector\n        double sum = hpx::parallel::reduce(exec, x.begin(), x.end(), 0.0, std::plus<double>());\n\n        // Compute the average by dividing the sum by the size of the vector\n        return sum / x.size();\n}",False,True,,95,2093056,15977.0,0.94,15977.0,0.47,4.0940470695495605
"#include <hpx/hpx_main.hpp>\n\n/* Return the average of the vector x.\n   Use HPX to compute in parallel.  Assume HPX has already been initialized.\n   Examples:\n		\n	 input: [1, 8, 4, 5, 1]\n   output: 3.8\n\n   input: [2, 2, 2, 3]\n   output: 2.25\n*/\ndouble average(std::vector<double> const& x) {",27_reduce_average,reduce,cpp,hpx,0.2,0.95,True,2048,False,"double average(std::vector<double> const& x) {\n        \n        // Create a HPX parallel execution policy\n        hpx::parallel::execution::parallel_executor exec;\n\n        // Compute the sum of the vector in parallel\n        double sum = hpx::parallel::transform_reduce(exec, x.begin(), x.end(), 0.0, std::plus<double>());\n\n        // Compute the average\n        double avg = sum / x.size();\n\n        return avg;\n}",False,True,,96,-19558400,15977.0,0.93,15977.0,0.465,4.090803861618042
"#include <hpx/hpx_main.hpp>\n\n/* Return the average of the vector x.\n   Use HPX to compute in parallel.  Assume HPX has already been initialized.\n   Examples:\n		\n	 input: [1, 8, 4, 5, 1]\n   output: 3.8\n\n   input: [2, 2, 2, 3]\n   output: 2.25\n*/\ndouble average(std::vector<double> const& x) {",27_reduce_average,reduce,cpp,hpx,0.2,0.95,True,2048,False,"double average(std::vector<double> const& x) {\n        \n        // Create a HPX parallel execution policy\n        hpx::parallel::execution::parallel_executor exec;\n\n        // Compute the sum of the vector in parallel\n        double sum = hpx::parallel::reduce(exec, x.begin(), x.end(), 0.0, std::plus<double>());\n\n        // Compute the average\n        double avg = sum / x.size();\n\n        return avg;\n}",False,True,,97,-45256704,15977.0,0.93,15977.0,0.465,4.093341112136841
"#include <hpx/hpx_main.hpp>\n\n/* Return the average of the vector x.\n   Use HPX to compute in parallel.  Assume HPX has already been initialized.\n   Examples:\n		\n	 input: [1, 8, 4, 5, 1]\n   output: 3.8\n\n   input: [2, 2, 2, 3]\n   output: 2.25\n*/\ndouble average(std::vector<double> const& x) {",27_reduce_average,reduce,cpp,hpx,0.2,0.95,True,2048,False,"double average(std::vector<double> const& x) {\n        \n        // Create a HPX parallel execution policy\n        hpx::parallel::execution::parallel_executor exec;\n\n        // Compute the sum of the vector in parallel\n        double sum = hpx::parallel::transform_reduce(exec, x.begin(), x.end(), 0.0, std::plus<double>(), [](double a) { return a; });\n\n        // Compute the average\n        double avg = sum / x.size();\n\n        return avg;\n}",False,True,,98,34783232,15977.0,0.94,15977.0,0.47,4.087669610977173
"#include <hpx/hpx_main.hpp>\n\n/* Return the average of the vector x.\n   Use HPX to compute in parallel.  Assume HPX has already been initialized.\n   Examples:\n		\n	 input: [1, 8, 4, 5, 1]\n   output: 3.8\n\n   input: [2, 2, 2, 3]\n   output: 2.25\n*/\ndouble average(std::vector<double> const& x) {",27_reduce_average,reduce,cpp,hpx,0.2,0.95,True,2048,False,"double average(std::vector<double> const& x) {\n        \n        // Create a HPX parallel execution policy\n        hpx::parallel::execution::parallel_executor exec;\n\n        // Compute the sum of the vector elements in parallel\n        double sum = hpx::parallel::transform_reduce(exec, x.begin(), x.end(), 0.0, std::plus<double>());\n\n        // Compute the average\n        return sum / x.size();\n}",False,True,,99,4882432,15977.0,0.94,15977.0,0.47,4.092815637588501
"#include <hpx/hpx_main.hpp>\n\n/* Return the value of the smallest odd number in the vector x.\n   Use HPX to compute in parallel.  Assume HPX has already been initialized.\n   Examples:\n\n   input: [7, 9, 5, 2, 8, 16, 4, 1]\n   output: 1\n\n   input: [8, 36, 7, 2, 11]\n   output: 7\n*/\nint smallestOdd(std::vector<int> const& x) {",28_reduce_smallest_odd_number,reduce,cpp,hpx,0.2,0.95,True,2048,False,"int smallestOdd(std::vector<int> const& x) {\n        \n        // Create a vector to store the odd numbers\n        std::vector<int> oddNumbers;\n\n        // Iterate over the input vector\n        for(int i = 0; i < x.size(); i++) {\n            // Check if the number is odd\n            if(x[i] % 2!= 0) {\n                // If it is, add it to the oddNumbers vector\n                oddNumbers.push_back(x[i]);\n            }\n        }\n\n        // Use HPX to find the minimum value in the oddNumbers vector\n        auto min_value = hpx::min_element(oddNumbers.begin(), oddNumbers.end());\n\n        // Return the minimum value\n        return *min_value;\n}",False,True,,0,-10985472,15977.0,0.94,15977.0,0.6266666666666666,6.134901285171509
"#include <hpx/hpx_main.hpp>\n\n/* Return the value of the smallest odd number in the vector x.\n   Use HPX to compute in parallel.  Assume HPX has already been initialized.\n   Examples:\n\n   input: [7, 9, 5, 2, 8, 16, 4, 1]\n   output: 1\n\n   input: [8, 36, 7, 2, 11]\n   output: 7\n*/\nint smallestOdd(std::vector<int> const& x) {",28_reduce_smallest_odd_number,reduce,cpp,hpx,0.2,0.95,True,2048,False,"int smallestOdd(std::vector<int> const& x) {\n        \n        // Create a vector to hold the results of the parallel computations\n        std::vector<int> results(x.size());\n\n        // Use HPX to compute the smallest odd number in each subvector in parallel\n        hpx::parallel::transform(\n            hpx::parallel::execution::par,\n            x.begin(), x.end(),\n            results.begin(),\n            [](int n) {\n                if (n % 2!= 0) {\n                    return n;\n                } else {\n                    return std::numeric_limits<int>::max();\n                }\n            }\n        );\n\n        // Find the smallest odd number among all the results\n        int smallest = std::numeric_limits<int>::max();\n        for (int result : results) {\n            if (result < smallest) {\n                smallest = result;\n            }\n        }\n\n        // If no odd numbers were found, return a special value\n        if (smallest == std::numeric_limits<int>::max()) {\n            return -1;\n        }\n\n        return smallest;\n}",False,True,,1,-6135808,15977.0,0.94,15977.0,0.6266666666666666,6.144227981567383
"#include <hpx/hpx_main.hpp>\n\n/* Return the value of the smallest odd number in the vector x.\n   Use HPX to compute in parallel.  Assume HPX has already been initialized.\n   Examples:\n\n   input: [7, 9, 5, 2, 8, 16, 4, 1]\n   output: 1\n\n   input: [8, 36, 7, 2, 11]\n   output: 7\n*/\nint smallestOdd(std::vector<int> const& x) {",28_reduce_smallest_odd_number,reduce,cpp,hpx,0.2,0.95,True,2048,False,"int smallestOdd(std::vector<int> const& x) {\n        \n        // Initialize the smallest odd number as the maximum integer value\n        int smallest_odd = std::numeric_limits<int>::max();\n\n        // Use HPX to parallelize the computation\n        hpx::parallel::execution::parallel_reduce_executor exec;\n\n        // Use HPX's parallel_reduce function to find the smallest odd number\n        hpx::parallel::reduce(exec, x.begin(), x.end(), smallest_odd,\n            [](int a, int b) {\n                // If b is smaller and odd, return it\n                if (b % 2!= 0 && b < a) {\n                    return b;\n                }\n                // Otherwise, return a\n                else {\n                    return a;\n                }\n            });\n\n        // If smallest_odd is still the maximum integer value, no odd numbers were found\n        if (smallest_odd == std::numeric_limits<int>::max()) {\n            throw std::invalid_argument(""No odd numbers found"");\n        }\n\n        // Return the smallest odd number\n        return smallest_odd;\n}",False,True,,2,-64512000,15977.0,0.94,15977.0,0.6266666666666666,6.155537128448486
"#include <hpx/hpx_main.hpp>\n\n/* Return the value of the smallest odd number in the vector x.\n   Use HPX to compute in parallel.  Assume HPX has already been initialized.\n   Examples:\n\n   input: [7, 9, 5, 2, 8, 16, 4, 1]\n   output: 1\n\n   input: [8, 36, 7, 2, 11]\n   output: 7\n*/\nint smallestOdd(std::vector<int> const& x) {",28_reduce_smallest_odd_number,reduce,cpp,hpx,0.2,0.95,True,2048,False,"int smallestOdd(std::vector<int> const& x) {\n        \n        // Initialize the smallest odd number to a large value\n        int smallest_odd = std::numeric_limits<int>::max();\n\n        // Use HPX to parallelize the computation\n        hpx::parallel::for_loop(hpx::parallel::execution::par, 0, x.size(), \n            [&](int i) {\n                // Check if the number is odd and smaller than the current smallest odd number\n                if (x[i] % 2!= 0 && x[i] < smallest_odd) {\n                    // Update the smallest odd number\n                    smallest_odd = x[i];\n                }\n            });\n\n        // Return the smallest odd number\n        return smallest_odd;\n}",False,True,,3,88989696,15977.0,0.94,15977.0,0.6266666666666666,6.1300036907196045
"#include <hpx/hpx_main.hpp>\n\n/* Return the value of the smallest odd number in the vector x.\n   Use HPX to compute in parallel.  Assume HPX has already been initialized.\n   Examples:\n\n   input: [7, 9, 5, 2, 8, 16, 4, 1]\n   output: 1\n\n   input: [8, 36, 7, 2, 11]\n   output: 7\n*/\nint smallestOdd(std::vector<int> const& x) {",28_reduce_smallest_odd_number,reduce,cpp,hpx,0.2,0.95,True,2048,False,"int smallestOdd(std::vector<int> const& x) {\n        \n        // Initialize the smallest odd number to a large value\n        int smallest_odd = std::numeric_limits<int>::max();\n\n        // Use HPX to parallelize the computation\n        hpx::parallel::for_loop(\n            hpx::parallel::execution::par,\n            0, x.size(),\n            [&](int i) {\n                // Check if the number is odd and smaller than the current smallest odd number\n                if (x[i] % 2!= 0 && x[i] < smallest_odd) {\n                    // Update the smallest odd number\n                    smallest_odd = x[i];\n                }\n            }\n        );\n\n        // Return the smallest odd number\n        return smallest_odd;\n}",False,True,,4,-3035136,15977.0,0.94,15977.0,0.47,4.088671922683716
"#include <hpx/hpx_main.hpp>\n\n/* Return the value of the smallest odd number in the vector x.\n   Use HPX to compute in parallel.  Assume HPX has already been initialized.\n   Examples:\n\n   input: [7, 9, 5, 2, 8, 16, 4, 1]\n   output: 1\n\n   input: [8, 36, 7, 2, 11]\n   output: 7\n*/\nint smallestOdd(std::vector<int> const& x) {",28_reduce_smallest_odd_number,reduce,cpp,hpx,0.2,0.95,True,2048,False,"int smallestOdd(std::vector<int> const& x) {\n        \n        // Initialize the smallest odd number as the maximum integer value\n        int smallest_odd = std::numeric_limits<int>::max();\n\n        // Use HPX to parallelize the computation\n        hpx::parallel::for_loop(hpx::parallel::execution::par, 0, x.size(), [&](int i) {\n            // Check if the number is odd and smaller than the current smallest odd number\n            if (x[i] % 2!= 0 && x[i] < smallest_odd) {\n                // If it is, update the smallest odd number\n                smallest_odd = x[i];\n            }\n        });\n\n        // Return the smallest odd number\n        return smallest_odd;\n}",False,True,,5,-23592960,15977.0,0.94,15977.0,0.94,4.087271690368652
"#include <hpx/hpx_main.hpp>\n\n/* Return the value of the smallest odd number in the vector x.\n   Use HPX to compute in parallel.  Assume HPX has already been initialized.\n   Examples:\n\n   input: [7, 9, 5, 2, 8, 16, 4, 1]\n   output: 1\n\n   input: [8, 36, 7, 2, 11]\n   output: 7\n*/\nint smallestOdd(std::vector<int> const& x) {",28_reduce_smallest_odd_number,reduce,cpp,hpx,0.2,0.95,True,2048,False,"int smallestOdd(std::vector<int> const& x) {\n        \n        // Create a vector to store the odd numbers\n        std::vector<int> oddNumbers;\n\n        // Iterate over the input vector\n        for (int i = 0; i < x.size(); i++) {\n            // Check if the number is odd\n            if (x[i] % 2!= 0) {\n                // If it is, add it to the oddNumbers vector\n                oddNumbers.push_back(x[i]);\n            }\n        }\n\n        // Use HPX to find the minimum value in the oddNumbers vector\n        hpx::future<int> min_val = hpx::async(hpx::parallel::execution::seq,\n                                              std::min_element,\n                                              oddNumbers.begin(),\n                                              oddNumbers.end());\n\n        // Return the minimum value\n        return min_val.get();\n}",False,True,,6,-1679360,15977.0,0.94,15977.0,0.6866666666666666,6.137807846069336
"#include <hpx/hpx_main.hpp>\n\n/* Return the value of the smallest odd number in the vector x.\n   Use HPX to compute in parallel.  Assume HPX has already been initialized.\n   Examples:\n\n   input: [7, 9, 5, 2, 8, 16, 4, 1]\n   output: 1\n\n   input: [8, 36, 7, 2, 11]\n   output: 7\n*/\nint smallestOdd(std::vector<int> const& x) {",28_reduce_smallest_odd_number,reduce,cpp,hpx,0.2,0.95,True,2048,False,"int smallestOdd(std::vector<int> const& x) {\n        \n        // Create a vector to hold the odd numbers\n        std::vector<int> oddNumbers;\n\n        // Iterate over the input vector\n        for (int i = 0; i < x.size(); i++) {\n            // Check if the number is odd\n            if (x[i] % 2!= 0) {\n                // If it is, add it to the oddNumbers vector\n                oddNumbers.push_back(x[i]);\n            }\n        }\n\n        // Use HPX to find the minimum value in the oddNumbers vector\n        auto min_val = hpx::min_element(oddNumbers.begin(), oddNumbers.end());\n\n        // Return the minimum value\n        return *min_val;\n}",False,True,,7,-63168512,15977.0,0.94,15977.0,0.705,8.218089580535889
"#include <hpx/hpx_main.hpp>\n\n/* Return the value of the smallest odd number in the vector x.\n   Use HPX to compute in parallel.  Assume HPX has already been initialized.\n   Examples:\n\n   input: [7, 9, 5, 2, 8, 16, 4, 1]\n   output: 1\n\n   input: [8, 36, 7, 2, 11]\n   output: 7\n*/\nint smallestOdd(std::vector<int> const& x) {",28_reduce_smallest_odd_number,reduce,cpp,hpx,0.2,0.95,True,2048,False,"int smallestOdd(std::vector<int> const& x) {\n        \n        // Create a vector to hold the results of the HPX computations.\n        std::vector<int> results(x.size());\n\n        // Use HPX to compute the smallest odd number in each sub-vector.\n        hpx::parallel::transform(\n            hpx::parallel::execution::par,\n            x.begin(), x.end(),\n            results.begin(),\n            [](int const& value) {\n                if (value % 2!= 0) {\n                    return value;\n                } else {\n                    return std::numeric_limits<int>::max();\n                }\n            });\n\n        // Find the smallest odd number among the results.\n        int smallest = std::numeric_limits<int>::max();\n        for (int const& result : results) {\n            if (result < smallest) {\n                smallest = result;\n            }\n        }\n\n        return smallest;\n}",False,True,,8,50417664,15977.0,0.94,15977.0,0.6266666666666666,6.133687973022461
"#include <hpx/hpx_main.hpp>\n\n/* Return the value of the smallest odd number in the vector x.\n   Use HPX to compute in parallel.  Assume HPX has already been initialized.\n   Examples:\n\n   input: [7, 9, 5, 2, 8, 16, 4, 1]\n   output: 1\n\n   input: [8, 36, 7, 2, 11]\n   output: 7\n*/\nint smallestOdd(std::vector<int> const& x) {",28_reduce_smallest_odd_number,reduce,cpp,hpx,0.2,0.95,True,2048,False,"int smallestOdd(std::vector<int> const& x) {\n        \n        // Initialize the smallest odd number to a large value\n        int smallest_odd = std::numeric_limits<int>::max();\n\n        // Use HPX to parallelize the loop\n        hpx::parallel::for_loop(hpx::parallel::execution::par, 0, x.size(), 0,\n            [&](int i) {\n                // Check if the number is odd and smaller than the current smallest odd number\n                if (x[i] % 2!= 0 && x[i] < smallest_odd) {\n                    // Update the smallest odd number\n                    smallest_odd = x[i];\n                }\n            });\n\n        // Return the smallest odd number\n        return smallest_odd;\n}",False,True,,9,65945600,15977.0,0.94,15977.0,0.6266666666666666,6.1288886070251465
"#include <hpx/hpx_main.hpp>\n\n/* Return the value of the smallest odd number in the vector x.\n   Use HPX to compute in parallel.  Assume HPX has already been initialized.\n   Examples:\n\n   input: [7, 9, 5, 2, 8, 16, 4, 1]\n   output: 1\n\n   input: [8, 36, 7, 2, 11]\n   output: 7\n*/\nint smallestOdd(std::vector<int> const& x) {",28_reduce_smallest_odd_number,reduce,cpp,hpx,0.2,0.95,True,2048,False,"int smallestOdd(std::vector<int> const& x) {\n        \n        // Create a vector to store the odd numbers\n        std::vector<int> oddNumbers;\n\n        // Use HPX to parallelize the process\n        hpx::parallel::for_loop(hpx::parallel::execution::par, 0, x.size(), 1,\n            [&](int i) {\n                // Check if the number is odd\n                if (x[i] % 2!= 0) {\n                    // If it is, add it to the oddNumbers vector\n                    oddNumbers.push_back(x[i]);\n                }\n            });\n\n        // Find the smallest odd number in the vector\n        int smallest = oddNumbers[0];\n        for (int i = 1; i < oddNumbers.size(); i++) {\n            if (oddNumbers[i] < smallest) {\n                smallest = oddNumbers[i];\n            }\n        }\n\n        return smallest;\n}",False,True,,10,8617984,15977.0,0.94,15977.0,0.6266666666666666,6.137873888015747
"#include <hpx/hpx_main.hpp>\n\n/* Return the value of the smallest odd number in the vector x.\n   Use HPX to compute in parallel.  Assume HPX has already been initialized.\n   Examples:\n\n   input: [7, 9, 5, 2, 8, 16, 4, 1]\n   output: 1\n\n   input: [8, 36, 7, 2, 11]\n   output: 7\n*/\nint smallestOdd(std::vector<int> const& x) {",28_reduce_smallest_odd_number,reduce,cpp,hpx,0.2,0.95,True,2048,False,"int smallestOdd(std::vector<int> const& x) {\n        \n        // Initialize the smallest odd number to a large value\n        int smallest = std::numeric_limits<int>::max();\n\n        // Use HPX to parallelize the computation\n        hpx::parallel::for_loop(hpx::parallel::execution::par, 0, x.size(), [&](int i) {\n            // Check if the number is odd and smaller than the current smallest\n            if (x[i] % 2!= 0 && x[i] < smallest) {\n                // Update the smallest odd number\n                smallest = x[i];\n            }\n        });\n\n        // Return the smallest odd number\n        return smallest;\n}",False,True,,11,-5513216,15977.0,0.94,15977.0,0.47,4.090072393417358
"#include <hpx/hpx_main.hpp>\n\n/* Return the value of the smallest odd number in the vector x.\n   Use HPX to compute in parallel.  Assume HPX has already been initialized.\n   Examples:\n\n   input: [7, 9, 5, 2, 8, 16, 4, 1]\n   output: 1\n\n   input: [8, 36, 7, 2, 11]\n   output: 7\n*/\nint smallestOdd(std::vector<int> const& x) {",28_reduce_smallest_odd_number,reduce,cpp,hpx,0.2,0.95,True,2048,False,"int smallestOdd(std::vector<int> const& x) {\n        \n        // Initialize the smallest odd number to a large value\n        int smallest_odd = std::numeric_limits<int>::max();\n\n        // Use HPX to parallelize the computation\n        hpx::parallel::execution::parallel_reduce_executor exec;\n\n        // Use HPX's parallel_reduce to find the smallest odd number\n        hpx::parallel::reduce(exec, x.begin(), x.end(), smallest_odd,\n            [](int a, int b) {\n                // If a is odd and smaller than b, return a; otherwise, return b\n                return (a % 2 == 1 && a < b)? a : b;\n            });\n\n        // If smallest_odd is still the maximum value, there were no odd numbers\n        if (smallest_odd == std::numeric_limits<int>::max()) {\n            throw std::invalid_argument(""No odd numbers in the vector"");\n        }\n\n        return smallest_odd;\n}",False,True,,12,-42852352,15977.0,0.94,15977.0,0.6966666666666667,6.134002447128296
"#include <hpx/hpx_main.hpp>\n\n/* Return the value of the smallest odd number in the vector x.\n   Use HPX to compute in parallel.  Assume HPX has already been initialized.\n   Examples:\n\n   input: [7, 9, 5, 2, 8, 16, 4, 1]\n   output: 1\n\n   input: [8, 36, 7, 2, 11]\n   output: 7\n*/\nint smallestOdd(std::vector<int> const& x) {",28_reduce_smallest_odd_number,reduce,cpp,hpx,0.2,0.95,True,2048,False,"int smallestOdd(std::vector<int> const& x) {\n        \n        // Create a vector to store the odd numbers\n        std::vector<int> oddNumbers;\n\n        // Iterate over the input vector\n        for(int i = 0; i < x.size(); i++) {\n            // Check if the current number is odd\n            if(x[i] % 2!= 0) {\n                // If it is, add it to the oddNumbers vector\n                oddNumbers.push_back(x[i]);\n            }\n        }\n\n        // Use HPX to find the minimum value in the oddNumbers vector\n        auto min_value = hpx::min_element(oddNumbers.begin(), oddNumbers.end());\n\n        // Return the minimum value\n        return *min_value;\n}",False,True,,13,44822528,15977.0,0.94,15977.0,0.6266666666666666,6.150855302810669
"#include <hpx/hpx_main.hpp>\n\n/* Return the value of the smallest odd number in the vector x.\n   Use HPX to compute in parallel.  Assume HPX has already been initialized.\n   Examples:\n\n   input: [7, 9, 5, 2, 8, 16, 4, 1]\n   output: 1\n\n   input: [8, 36, 7, 2, 11]\n   output: 7\n*/\nint smallestOdd(std::vector<int> const& x) {",28_reduce_smallest_odd_number,reduce,cpp,hpx,0.2,0.95,True,2048,False,"int smallestOdd(std::vector<int> const& x) {\n        \n        // Create a vector to store the odd numbers\n        std::vector<int> oddNumbers;\n\n        // Iterate over the input vector\n        for(int i = 0; i < x.size(); i++) {\n            // Check if the number is odd\n            if(x[i] % 2!= 0) {\n                // If it is, add it to the oddNumbers vector\n                oddNumbers.push_back(x[i]);\n            }\n        }\n\n        // Use HPX to find the smallest odd number in the oddNumbers vector\n        auto smallest = hpx::parallel::min_element(hpx::parallel::execution::par, oddNumbers.begin(), oddNumbers.end());\n\n        // Return the smallest odd number\n        return *smallest;\n}",False,True,,14,6909952,15977.0,0.94,15977.0,0.47,4.094837665557861
"#include <hpx/hpx_main.hpp>\n\n/* Return the value of the smallest odd number in the vector x.\n   Use HPX to compute in parallel.  Assume HPX has already been initialized.\n   Examples:\n\n   input: [7, 9, 5, 2, 8, 16, 4, 1]\n   output: 1\n\n   input: [8, 36, 7, 2, 11]\n   output: 7\n*/\nint smallestOdd(std::vector<int> const& x) {",28_reduce_smallest_odd_number,reduce,cpp,hpx,0.2,0.95,True,2048,False,"int smallestOdd(std::vector<int> const& x) {\n        \n        // Create a vector to hold the odd numbers\n        std::vector<int> odd_numbers;\n\n        // Iterate over the input vector\n        for (int i = 0; i < x.size(); i++) {\n            // Check if the number is odd\n            if (x[i] % 2!= 0) {\n                // If it is, add it to the odd_numbers vector\n                odd_numbers.push_back(x[i]);\n            }\n        }\n\n        // Use HPX to find the minimum value in the odd_numbers vector\n        hpx::future<int> min_value = hpx::min_element(odd_numbers.begin(), odd_numbers.end());\n\n        // Return the minimum value\n        return min_value.get();\n}",False,True,,15,-10342400,15977.0,0.94,15977.0,0.9366666666666666,6.133094072341919
"#include <hpx/hpx_main.hpp>\n\n/* Return the value of the smallest odd number in the vector x.\n   Use HPX to compute in parallel.  Assume HPX has already been initialized.\n   Examples:\n\n   input: [7, 9, 5, 2, 8, 16, 4, 1]\n   output: 1\n\n   input: [8, 36, 7, 2, 11]\n   output: 7\n*/\nint smallestOdd(std::vector<int> const& x) {",28_reduce_smallest_odd_number,reduce,cpp,hpx,0.2,0.95,True,2048,False,"int smallestOdd(std::vector<int> const& x) {\n        \n        // Create a vector to store the odd numbers\n        std::vector<int> oddNumbers;\n\n        // Iterate over the input vector\n        for(int i = 0; i < x.size(); i++) {\n            // Check if the number is odd\n            if(x[i] % 2!= 0) {\n                // If it is, add it to the oddNumbers vector\n                oddNumbers.push_back(x[i]);\n            }\n        }\n\n        // Use HPX to compute the minimum value in the oddNumbers vector in parallel\n        hpx::future<int> min_value = hpx::async(hpx::parallel::execution::parallel,\n                                                hpx::parallel::min_element,\n                                                oddNumbers.begin(),\n                                                oddNumbers.end());\n\n        // Return the minimum value\n        return min_value.get();\n}",False,True,,16,2514944,15977.0,0.94,15977.0,0.6266666666666666,6.131799697875977
"#include <hpx/hpx_main.hpp>\n\n/* Return the value of the smallest odd number in the vector x.\n   Use HPX to compute in parallel.  Assume HPX has already been initialized.\n   Examples:\n\n   input: [7, 9, 5, 2, 8, 16, 4, 1]\n   output: 1\n\n   input: [8, 36, 7, 2, 11]\n   output: 7\n*/\nint smallestOdd(std::vector<int> const& x) {",28_reduce_smallest_odd_number,reduce,cpp,hpx,0.2,0.95,True,2048,False,"int smallestOdd(std::vector<int> const& x) {\n        \n        // Create a vector to store the odd numbers\n        std::vector<int> oddNumbers;\n\n        // Iterate over the input vector\n        for(int i = 0; i < x.size(); i++) {\n            // Check if the number is odd\n            if(x[i] % 2!= 0) {\n                // If it is, add it to the oddNumbers vector\n                oddNumbers.push_back(x[i]);\n            }\n        }\n\n        // Use HPX to find the minimum value in the oddNumbers vector\n        auto min_value = hpx::min_element(oddNumbers.begin(), oddNumbers.end());\n\n        // Return the minimum value\n        return *min_value;\n}",False,True,,17,-50413568,15977.0,0.94,15977.0,0.6266666666666666,6.192012071609497
"#include <hpx/hpx_main.hpp>\n\n/* Return the value of the smallest odd number in the vector x.\n   Use HPX to compute in parallel.  Assume HPX has already been initialized.\n   Examples:\n\n   input: [7, 9, 5, 2, 8, 16, 4, 1]\n   output: 1\n\n   input: [8, 36, 7, 2, 11]\n   output: 7\n*/\nint smallestOdd(std::vector<int> const& x) {",28_reduce_smallest_odd_number,reduce,cpp,hpx,0.2,0.95,True,2048,False,"int smallestOdd(std::vector<int> const& x) {\n        \n        // Create a vector to store the odd numbers\n        std::vector<int> oddNumbers;\n\n        // Iterate over the input vector\n        for(int i = 0; i < x.size(); i++) {\n            // Check if the number is odd\n            if(x[i] % 2!= 0) {\n                // If it is, add it to the oddNumbers vector\n                oddNumbers.push_back(x[i]);\n            }\n        }\n\n        // Use HPX to compute the minimum value in the oddNumbers vector in parallel\n        hpx::future<int> min_future = hpx::parallel::min_element(oddNumbers.begin(), oddNumbers.end());\n\n        // Wait for the result and return it\n        return min_future.get();\n}",False,True,,18,43032576,15977.0,0.94,15977.0,0.6266666666666666,6.13709020614624
"#include <hpx/hpx_main.hpp>\n\n/* Return the value of the smallest odd number in the vector x.\n   Use HPX to compute in parallel.  Assume HPX has already been initialized.\n   Examples:\n\n   input: [7, 9, 5, 2, 8, 16, 4, 1]\n   output: 1\n\n   input: [8, 36, 7, 2, 11]\n   output: 7\n*/\nint smallestOdd(std::vector<int> const& x) {",28_reduce_smallest_odd_number,reduce,cpp,hpx,0.2,0.95,True,2048,False,"int smallestOdd(std::vector<int> const& x) {\n        \n        // Create a vector to store the odd numbers\n        std::vector<int> oddNumbers;\n\n        // Iterate over the input vector\n        for (int i = 0; i < x.size(); i++) {\n            // Check if the number is odd\n            if (x[i] % 2!= 0) {\n                // If it is, add it to the oddNumbers vector\n                oddNumbers.push_back(x[i]);\n            }\n        }\n\n        // Use HPX to find the minimum value in the oddNumbers vector\n        auto min_value = hpx::min_element(oddNumbers.begin(), oddNumbers.end());\n\n        // Return the minimum value\n        return *min_value;\n}",False,True,,19,2457600,15977.0,0.94,15977.0,0.6266666666666666,6.1288580894470215
"#include <hpx/hpx_main.hpp>\n\n/* Return the value of the smallest odd number in the vector x.\n   Use HPX to compute in parallel.  Assume HPX has already been initialized.\n   Examples:\n\n   input: [7, 9, 5, 2, 8, 16, 4, 1]\n   output: 1\n\n   input: [8, 36, 7, 2, 11]\n   output: 7\n*/\nint smallestOdd(std::vector<int> const& x) {",28_reduce_smallest_odd_number,reduce,cpp,hpx,0.2,0.95,True,2048,False,"int smallestOdd(std::vector<int> const& x) {\n        \n        // Create a vector to store the odd numbers\n        std::vector<int> oddNumbers;\n\n        // Iterate over the input vector\n        for (int i = 0; i < x.size(); i++) {\n            // Check if the number is odd\n            if (x[i] % 2!= 0) {\n                // If it is, add it to the oddNumbers vector\n                oddNumbers.push_back(x[i]);\n            }\n        }\n\n        // Use HPX to find the smallest odd number in the oddNumbers vector\n        auto smallest = hpx::parallel::min_element(hpx::parallel::execution::par, oddNumbers.begin(), oddNumbers.end());\n\n        // Return the smallest odd number\n        return *smallest;\n}",False,True,,20,-22085632,15977.0,0.94,15977.0,0.6266666666666666,6.13895058631897
"#include <hpx/hpx_main.hpp>\n\n/* Return the value of the smallest odd number in the vector x.\n   Use HPX to compute in parallel.  Assume HPX has already been initialized.\n   Examples:\n\n   input: [7, 9, 5, 2, 8, 16, 4, 1]\n   output: 1\n\n   input: [8, 36, 7, 2, 11]\n   output: 7\n*/\nint smallestOdd(std::vector<int> const& x) {",28_reduce_smallest_odd_number,reduce,cpp,hpx,0.2,0.95,True,2048,False,"int smallestOdd(std::vector<int> const& x) {\n        \n        // Create a vector to store the odd numbers\n        std::vector<int> oddNumbers;\n\n        // Iterate over the input vector\n        for (int i = 0; i < x.size(); ++i) {\n            // Check if the current number is odd\n            if (x[i] % 2!= 0) {\n                // If it is, add it to the oddNumbers vector\n                oddNumbers.push_back(x[i]);\n            }\n        }\n\n        // Use HPX to find the minimum value in the oddNumbers vector\n        hpx::future<int> min_value = hpx::min_element(oddNumbers.begin(), oddNumbers.end());\n\n        // Return the minimum value\n        return min_value.get();\n}",False,True,,21,23306240,15977.0,0.94,15977.0,0.6266666666666666,6.130450487136841
"#include <hpx/hpx_main.hpp>\n\n/* Return the value of the smallest odd number in the vector x.\n   Use HPX to compute in parallel.  Assume HPX has already been initialized.\n   Examples:\n\n   input: [7, 9, 5, 2, 8, 16, 4, 1]\n   output: 1\n\n   input: [8, 36, 7, 2, 11]\n   output: 7\n*/\nint smallestOdd(std::vector<int> const& x) {",28_reduce_smallest_odd_number,reduce,cpp,hpx,0.2,0.95,True,2048,False,"int smallestOdd(std::vector<int> const& x) {\n        \n        // Create a vector to hold the odd numbers\n        std::vector<int> oddNumbers;\n\n        // Iterate over the input vector\n        for (int i = 0; i < x.size(); i++) {\n            // Check if the number is odd\n            if (x[i] % 2!= 0) {\n                // If it is, add it to the oddNumbers vector\n                oddNumbers.push_back(x[i]);\n            }\n        }\n\n        // Use HPX to find the minimum value in the oddNumbers vector\n        hpx::future<int> min_value = hpx::min_element(oddNumbers.begin(), oddNumbers.end());\n\n        // Return the minimum value\n        return min_value.get();\n}",False,True,,22,2625536,15977.0,0.94,15977.0,0.6266666666666666,6.13351035118103
"#include <hpx/hpx_main.hpp>\n\n/* Return the value of the smallest odd number in the vector x.\n   Use HPX to compute in parallel.  Assume HPX has already been initialized.\n   Examples:\n\n   input: [7, 9, 5, 2, 8, 16, 4, 1]\n   output: 1\n\n   input: [8, 36, 7, 2, 11]\n   output: 7\n*/\nint smallestOdd(std::vector<int> const& x) {",28_reduce_smallest_odd_number,reduce,cpp,hpx,0.2,0.95,True,2048,False,"int smallestOdd(std::vector<int> const& x) {\n        \n        // Initialize the smallest odd number as a very large number\n        int smallest_odd = std::numeric_limits<int>::max();\n\n        // Use HPX to parallelize the loop\n        hpx::parallel::for_loop(\n            hpx::parallel::execution::par,\n            0, x.size(),\n            [&](int i) {\n                // Check if the number is odd and less than the current smallest odd number\n                if (x[i] % 2!= 0 && x[i] < smallest_odd) {\n                    // If it is, update the smallest odd number\n                    smallest_odd = x[i];\n                }\n            }\n        );\n\n        // If the smallest odd number is still the initial value, there were no odd numbers\n        if (smallest_odd == std::numeric_limits<int>::max()) {\n            throw std::runtime_error(""No odd numbers found"");\n        }\n\n        return smallest_odd;\n}",False,True,,23,26955776,15977.0,0.94,15977.0,0.6266666666666666,6.158036231994629
"#include <hpx/hpx_main.hpp>\n\n/* Return the value of the smallest odd number in the vector x.\n   Use HPX to compute in parallel.  Assume HPX has already been initialized.\n   Examples:\n\n   input: [7, 9, 5, 2, 8, 16, 4, 1]\n   output: 1\n\n   input: [8, 36, 7, 2, 11]\n   output: 7\n*/\nint smallestOdd(std::vector<int> const& x) {",28_reduce_smallest_odd_number,reduce,cpp,hpx,0.2,0.95,True,2048,False,"int smallestOdd(std::vector<int> const& x) {\n        \n        // Create a vector to store the odd numbers\n        std::vector<int> oddNumbers;\n\n        // Iterate over the input vector\n        for (int i = 0; i < x.size(); i++) {\n            // Check if the current number is odd\n            if (x[i] % 2!= 0) {\n                // If it is, add it to the oddNumbers vector\n                oddNumbers.push_back(x[i]);\n            }\n        }\n\n        // Use HPX to compute the minimum value in the oddNumbers vector in parallel\n        auto minimum = hpx::parallel::min_element(oddNumbers.begin(), oddNumbers.end());\n\n        // Return the minimum value\n        return *minimum;\n}",False,True,,24,-4939776,15977.0,0.94,15977.0,0.47,4.086474180221558
"#include <hpx/hpx_main.hpp>\n\n/* Return the value of the smallest odd number in the vector x.\n   Use HPX to compute in parallel.  Assume HPX has already been initialized.\n   Examples:\n\n   input: [7, 9, 5, 2, 8, 16, 4, 1]\n   output: 1\n\n   input: [8, 36, 7, 2, 11]\n   output: 7\n*/\nint smallestOdd(std::vector<int> const& x) {",28_reduce_smallest_odd_number,reduce,cpp,hpx,0.2,0.95,True,2048,False,"int smallestOdd(std::vector<int> const& x) {\n        \n        // Create a vector to hold the odd numbers\n        std::vector<int> oddNumbers;\n\n        // Iterate over the input vector\n        for(int i = 0; i < x.size(); i++) {\n            // Check if the number is odd\n            if(x[i] % 2!= 0) {\n                // If it is, add it to the oddNumbers vector\n                oddNumbers.push_back(x[i]);\n            }\n        }\n\n        // Use HPX to compute the minimum value in the oddNumbers vector in parallel\n        auto minimum = hpx::parallel::min_element(oddNumbers.begin(), oddNumbers.end());\n\n        // Return the minimum value\n        return *minimum;\n}",False,True,,25,-118784,15977.0,0.94,15977.0,0.94,6.136333465576172
"#include <hpx/hpx_main.hpp>\n\n/* Return the value of the smallest odd number in the vector x.\n   Use HPX to compute in parallel.  Assume HPX has already been initialized.\n   Examples:\n\n   input: [7, 9, 5, 2, 8, 16, 4, 1]\n   output: 1\n\n   input: [8, 36, 7, 2, 11]\n   output: 7\n*/\nint smallestOdd(std::vector<int> const& x) {",28_reduce_smallest_odd_number,reduce,cpp,hpx,0.2,0.95,True,2048,False,"int smallestOdd(std::vector<int> const& x) {\n        \n        // Create a vector to store the odd numbers\n        std::vector<int> oddNumbers;\n\n        // Iterate over the input vector\n        for (int i = 0; i < x.size(); i++) {\n            // Check if the number is odd\n            if (x[i] % 2!= 0) {\n                // If it is, add it to the oddNumbers vector\n                oddNumbers.push_back(x[i]);\n            }\n        }\n\n        // Use HPX to find the minimum value in the oddNumbers vector\n        auto min_value = hpx::min_element(oddNumbers.begin(), oddNumbers.end());\n\n        // Return the minimum value\n        return *min_value;\n}",False,True,,26,-13565952,15977.0,0.94,15977.0,0.6266666666666666,6.136056184768677
"#include <hpx/hpx_main.hpp>\n\n/* Return the value of the smallest odd number in the vector x.\n   Use HPX to compute in parallel.  Assume HPX has already been initialized.\n   Examples:\n\n   input: [7, 9, 5, 2, 8, 16, 4, 1]\n   output: 1\n\n   input: [8, 36, 7, 2, 11]\n   output: 7\n*/\nint smallestOdd(std::vector<int> const& x) {",28_reduce_smallest_odd_number,reduce,cpp,hpx,0.2,0.95,True,2048,False,"int smallestOdd(std::vector<int> const& x) {\n        \n        // Create a vector of HPX tasks\n        std::vector<hpx::future<int>> futures;\n\n        // For each element in the vector, create a task that checks if the number is odd\n        for (auto const& num : x) {\n            futures.push_back(hpx::async([num]() {\n                if (num % 2!= 0) {\n                    return num;\n                }\n                return std::numeric_limits<int>::max();\n            }));\n        }\n\n        // Get the smallest odd number\n        int smallest = std::numeric_limits<int>::max();\n        for (auto& future : futures) {\n            int num = future.get();\n            if (num < smallest) {\n                smallest = num;\n            }\n        }\n\n        // If no odd number was found, return a default value\n        if (smallest == std::numeric_limits<int>::max()) {\n            return -1;\n        }\n\n        return smallest;\n}",False,True,,27,-33972224,15977.0,0.94,15977.0,0.6266666666666666,6.130774021148682
"#include <hpx/hpx_main.hpp>\n\n/* Return the value of the smallest odd number in the vector x.\n   Use HPX to compute in parallel.  Assume HPX has already been initialized.\n   Examples:\n\n   input: [7, 9, 5, 2, 8, 16, 4, 1]\n   output: 1\n\n   input: [8, 36, 7, 2, 11]\n   output: 7\n*/\nint smallestOdd(std::vector<int> const& x) {",28_reduce_smallest_odd_number,reduce,cpp,hpx,0.2,0.95,True,2048,False,"int smallestOdd(std::vector<int> const& x) {\n        \n        // Create a vector to store the odd numbers\n        std::vector<int> oddNumbers;\n\n        // Iterate over the input vector\n        for (int i = 0; i < x.size(); i++) {\n            // Check if the number is odd\n            if (x[i] % 2!= 0) {\n                // If it is, add it to the oddNumbers vector\n                oddNumbers.push_back(x[i]);\n            }\n        }\n\n        // Use HPX to find the smallest odd number in the oddNumbers vector\n        hpx::future<int> smallest = hpx::async(hpx::parallel::execution::seq,\n            [&oddNumbers]() {\n                return *std::min_element(oddNumbers.begin(), oddNumbers.end());\n            });\n\n        // Return the result\n        return smallest.get();\n}",False,True,,28,7278592,15977.0,0.94,15977.0,0.7033333333333333,6.136044502258301
"#include <hpx/hpx_main.hpp>\n\n/* Return the value of the smallest odd number in the vector x.\n   Use HPX to compute in parallel.  Assume HPX has already been initialized.\n   Examples:\n\n   input: [7, 9, 5, 2, 8, 16, 4, 1]\n   output: 1\n\n   input: [8, 36, 7, 2, 11]\n   output: 7\n*/\nint smallestOdd(std::vector<int> const& x) {",28_reduce_smallest_odd_number,reduce,cpp,hpx,0.2,0.95,True,2048,False,"int smallestOdd(std::vector<int> const& x) {\n        \n        // Create a vector to store the odd numbers\n        std::vector<int> oddNumbers;\n\n        // Use HPX to parallelize the following loop\n        hpx::parallel::for_loop(hpx::parallel::execution::par, 0, x.size(), 1,\n            [&](int i) {\n                // Check if the number is odd\n                if (x[i] % 2!= 0) {\n                    // If it is, add it to the oddNumbers vector\n                    oddNumbers.push_back(x[i]);\n                }\n            });\n\n        // Find the smallest odd number in the vector\n        int smallest = oddNumbers[0];\n        for (int i = 1; i < oddNumbers.size(); i++) {\n            if (oddNumbers[i] < smallest) {\n                smallest = oddNumbers[i];\n            }\n        }\n\n        return smallest;\n}",False,True,,29,1273856,15977.0,0.94,15977.0,0.6266666666666666,6.14088773727417
"#include <hpx/hpx_main.hpp>\n\n/* Return the value of the smallest odd number in the vector x.\n   Use HPX to compute in parallel.  Assume HPX has already been initialized.\n   Examples:\n\n   input: [7, 9, 5, 2, 8, 16, 4, 1]\n   output: 1\n\n   input: [8, 36, 7, 2, 11]\n   output: 7\n*/\nint smallestOdd(std::vector<int> const& x) {",28_reduce_smallest_odd_number,reduce,cpp,hpx,0.2,0.95,True,2048,False,"int smallestOdd(std::vector<int> const& x) {\n        \n        // Initialize the smallest odd number to a large value\n        int smallest = std::numeric_limits<int>::max();\n\n        // Use HPX to parallelize the computation\n        hpx::parallel::for_loop(\n            hpx::parallel::execution::par,\n            0, x.size(),\n            [&](int i) {\n                // Check if the number is odd and less than the current smallest\n                if (x[i] % 2!= 0 && x[i] < smallest) {\n                    // Update the smallest odd number\n                    smallest = x[i];\n                }\n            });\n\n        // Return the smallest odd number\n        return smallest;\n}",False,True,,30,13746176,15977.0,0.94,15977.0,0.6266666666666666,6.135928392410278
"#include <hpx/hpx_main.hpp>\n\n/* Return the value of the smallest odd number in the vector x.\n   Use HPX to compute in parallel.  Assume HPX has already been initialized.\n   Examples:\n\n   input: [7, 9, 5, 2, 8, 16, 4, 1]\n   output: 1\n\n   input: [8, 36, 7, 2, 11]\n   output: 7\n*/\nint smallestOdd(std::vector<int> const& x) {",28_reduce_smallest_odd_number,reduce,cpp,hpx,0.2,0.95,True,2048,False,"int smallestOdd(std::vector<int> const& x) {\n        \n        // Create a vector to store the odd numbers\n        std::vector<int> oddNumbers;\n\n        // Iterate over the input vector\n        for(int i = 0; i < x.size(); i++) {\n            // Check if the number is odd\n            if(x[i] % 2!= 0) {\n                // If it is, add it to the oddNumbers vector\n                oddNumbers.push_back(x[i]);\n            }\n        }\n\n        // Use HPX to compute the minimum value in the oddNumbers vector in parallel\n        auto minimum = hpx::min_element(oddNumbers.begin(), oddNumbers.end());\n\n        // Return the minimum value\n        return *minimum;\n}",False,True,,31,18694144,15977.0,0.94,15977.0,0.47,4.092926979064941
"#include <hpx/hpx_main.hpp>\n\n/* Return the value of the smallest odd number in the vector x.\n   Use HPX to compute in parallel.  Assume HPX has already been initialized.\n   Examples:\n\n   input: [7, 9, 5, 2, 8, 16, 4, 1]\n   output: 1\n\n   input: [8, 36, 7, 2, 11]\n   output: 7\n*/\nint smallestOdd(std::vector<int> const& x) {",28_reduce_smallest_odd_number,reduce,cpp,hpx,0.2,0.95,True,2048,False,"int smallestOdd(std::vector<int> const& x) {\n        \n        // Create a vector to store the odd numbers\n        std::vector<int> oddNumbers;\n\n        // Iterate over the input vector\n        for (int i = 0; i < x.size(); i++) {\n            // Check if the number is odd\n            if (x[i] % 2!= 0) {\n                // If it is, add it to the oddNumbers vector\n                oddNumbers.push_back(x[i]);\n            }\n        }\n\n        // Use HPX to find the minimum value in the oddNumbers vector\n        hpx::future<int> min_value = hpx::async(hpx::parallel::execution::seq,\n            [&oddNumbers]() {\n                return *std::min_element(oddNumbers.begin(), oddNumbers.end());\n            });\n\n        // Return the minimum value\n        return min_value.get();\n}",False,True,,32,-29110272,15977.0,0.94,15977.0,0.94,6.149810791015625
"#include <hpx/hpx_main.hpp>\n\n/* Return the value of the smallest odd number in the vector x.\n   Use HPX to compute in parallel.  Assume HPX has already been initialized.\n   Examples:\n\n   input: [7, 9, 5, 2, 8, 16, 4, 1]\n   output: 1\n\n   input: [8, 36, 7, 2, 11]\n   output: 7\n*/\nint smallestOdd(std::vector<int> const& x) {",28_reduce_smallest_odd_number,reduce,cpp,hpx,0.2,0.95,True,2048,False,"int smallestOdd(std::vector<int> const& x) {\n        \n        // Create a vector to store the odd numbers\n        std::vector<int> odd_numbers;\n\n        // Iterate over the input vector\n        for (int i = 0; i < x.size(); i++) {\n            // If the number is odd, add it to the odd_numbers vector\n            if (x[i] % 2!= 0) {\n                odd_numbers.push_back(x[i]);\n            }\n        }\n\n        // Use HPX to compute the minimum value in the odd_numbers vector in parallel\n        auto minimum = hpx::parallel::min_element(odd_numbers.begin(), odd_numbers.end());\n\n        // Return the minimum value\n        return *minimum;\n}",False,True,,33,-593920,15977.0,0.93,15977.0,0.465,4.092055320739746
"#include <hpx/hpx_main.hpp>\n\n/* Return the value of the smallest odd number in the vector x.\n   Use HPX to compute in parallel.  Assume HPX has already been initialized.\n   Examples:\n\n   input: [7, 9, 5, 2, 8, 16, 4, 1]\n   output: 1\n\n   input: [8, 36, 7, 2, 11]\n   output: 7\n*/\nint smallestOdd(std::vector<int> const& x) {",28_reduce_smallest_odd_number,reduce,cpp,hpx,0.2,0.95,True,2048,False,"int smallestOdd(std::vector<int> const& x) {\n        \n        // Create a vector to store the odd numbers\n        std::vector<int> oddNumbers;\n\n        // Iterate over the input vector\n        for (int i = 0; i < x.size(); i++) {\n            // Check if the number is odd\n            if (x[i] % 2!= 0) {\n                // If it is, add it to the oddNumbers vector\n                oddNumbers.push_back(x[i]);\n            }\n        }\n\n        // Use HPX to compute the minimum value in the oddNumbers vector in parallel\n        auto minimum = hpx::parallel::min_element(oddNumbers.begin(), oddNumbers.end());\n\n        // Return the minimum value\n        return *minimum;\n}",False,True,,34,-4755456,15977.0,0.94,15977.0,0.94,4.089890003204346
"#include <hpx/hpx_main.hpp>\n\n/* Return the value of the smallest odd number in the vector x.\n   Use HPX to compute in parallel.  Assume HPX has already been initialized.\n   Examples:\n\n   input: [7, 9, 5, 2, 8, 16, 4, 1]\n   output: 1\n\n   input: [8, 36, 7, 2, 11]\n   output: 7\n*/\nint smallestOdd(std::vector<int> const& x) {",28_reduce_smallest_odd_number,reduce,cpp,hpx,0.2,0.95,True,2048,False,"int smallestOdd(std::vector<int> const& x) {\n        \n        // Create a vector to hold the odd numbers\n        std::vector<int> oddNumbers;\n\n        // Use HPX to parallelize the following loop\n        hpx::parallel::for_loop(hpx::parallel::execution::par, 0, x.size(), 1,\n            [&](int i) {\n                if (x[i] % 2!= 0) {\n                    oddNumbers.push_back(x[i]);\n                }\n            });\n\n        // Find the smallest odd number\n        int smallest = oddNumbers[0];\n        for (int i = 1; i < oddNumbers.size(); i++) {\n            if (oddNumbers[i] < smallest) {\n                smallest = oddNumbers[i];\n            }\n        }\n\n        return smallest;\n}",False,True,,35,22163456,15977.0,0.94,15977.0,0.94,6.160021543502808
"#include <hpx/hpx_main.hpp>\n\n/* Return the value of the smallest odd number in the vector x.\n   Use HPX to compute in parallel.  Assume HPX has already been initialized.\n   Examples:\n\n   input: [7, 9, 5, 2, 8, 16, 4, 1]\n   output: 1\n\n   input: [8, 36, 7, 2, 11]\n   output: 7\n*/\nint smallestOdd(std::vector<int> const& x) {",28_reduce_smallest_odd_number,reduce,cpp,hpx,0.2,0.95,True,2048,False,"int smallestOdd(std::vector<int> const& x) {\n        \n        // Initialize the smallest odd number as the maximum possible integer value\n        int smallest_odd = std::numeric_limits<int>::max();\n\n        // Use HPX to parallelize the computation\n        hpx::parallel::for_loop(\n            hpx::parallel::execution::par,\n            0, x.size(),\n            [&](int i) {\n                // Check if the number is odd and smaller than the current smallest odd number\n                if (x[i] % 2!= 0 && x[i] < smallest_odd) {\n                    // If it is, update the smallest odd number\n                    smallest_odd = x[i];\n                }\n            });\n\n        // If no odd number was found, return the maximum possible integer value\n        if (smallest_odd == std::numeric_limits<int>::max()) {\n            return -1;\n        }\n\n        // Otherwise, return the smallest odd number\n        return smallest_odd;\n}",False,True,,36,-1019904,15977.0,0.94,15977.0,0.6266666666666666,6.1368725299835205
"#include <hpx/hpx_main.hpp>\n\n/* Return the value of the smallest odd number in the vector x.\n   Use HPX to compute in parallel.  Assume HPX has already been initialized.\n   Examples:\n\n   input: [7, 9, 5, 2, 8, 16, 4, 1]\n   output: 1\n\n   input: [8, 36, 7, 2, 11]\n   output: 7\n*/\nint smallestOdd(std::vector<int> const& x) {",28_reduce_smallest_odd_number,reduce,cpp,hpx,0.2,0.95,True,2048,False,"int smallestOdd(std::vector<int> const& x) {\n        \n        // Create a vector to store the odd numbers\n        std::vector<int> oddNumbers;\n\n        // Iterate over the input vector\n        for(int i = 0; i < x.size(); i++) {\n            // Check if the number is odd\n            if(x[i] % 2!= 0) {\n                // If it is, add it to the oddNumbers vector\n                oddNumbers.push_back(x[i]);\n            }\n        }\n\n        // Use HPX to find the minimum value in the oddNumbers vector\n        auto minimum = hpx::min_element(oddNumbers.begin(), oddNumbers.end());\n\n        // Return the minimum value\n        return *minimum;\n}",False,True,,37,461524992,15977.0,0.94,15977.0,0.6266666666666666,6.130976915359497
"#include <hpx/hpx_main.hpp>\n\n/* Return the value of the smallest odd number in the vector x.\n   Use HPX to compute in parallel.  Assume HPX has already been initialized.\n   Examples:\n\n   input: [7, 9, 5, 2, 8, 16, 4, 1]\n   output: 1\n\n   input: [8, 36, 7, 2, 11]\n   output: 7\n*/\nint smallestOdd(std::vector<int> const& x) {",28_reduce_smallest_odd_number,reduce,cpp,hpx,0.2,0.95,True,2048,False,"int smallestOdd(std::vector<int> const& x) {\n        \n        // Create a vector to store the odd numbers\n        std::vector<int> oddNumbers;\n\n        // Iterate over the input vector\n        for (int i = 0; i < x.size(); i++) {\n            // Check if the number is odd\n            if (x[i] % 2!= 0) {\n                // If it is, add it to the oddNumbers vector\n                oddNumbers.push_back(x[i]);\n            }\n        }\n\n        // Use HPX to find the minimum value in the oddNumbers vector\n        auto min_value = hpx::min_element(oddNumbers.begin(), oddNumbers.end());\n\n        // Return the minimum value\n        return *min_value;\n}",False,True,,38,7397376,15977.0,0.94,15977.0,0.6266666666666666,6.127011775970459
"#include <hpx/hpx_main.hpp>\n\n/* Return the value of the smallest odd number in the vector x.\n   Use HPX to compute in parallel.  Assume HPX has already been initialized.\n   Examples:\n\n   input: [7, 9, 5, 2, 8, 16, 4, 1]\n   output: 1\n\n   input: [8, 36, 7, 2, 11]\n   output: 7\n*/\nint smallestOdd(std::vector<int> const& x) {",28_reduce_smallest_odd_number,reduce,cpp,hpx,0.2,0.95,True,2048,False,"int smallestOdd(std::vector<int> const& x) {\n        \n        // Create a vector to store the odd numbers\n        std::vector<int> oddNumbers;\n\n        // Iterate over the input vector\n        for (int i = 0; i < x.size(); i++) {\n            // Check if the number is odd\n            if (x[i] % 2!= 0) {\n                // If it is, add it to the oddNumbers vector\n                oddNumbers.push_back(x[i]);\n            }\n        }\n\n        // Use HPX to find the minimum value in the oddNumbers vector in parallel\n        auto minimum = hpx::parallel::min_element(oddNumbers.begin(), oddNumbers.end());\n\n        // Return the minimum value\n        return *minimum;\n}",False,True,,39,-560721920,15977.0,0.94,15977.0,0.6233333333333334,6.139979362487793
"#include <hpx/hpx_main.hpp>\n\n/* Return the value of the smallest odd number in the vector x.\n   Use HPX to compute in parallel.  Assume HPX has already been initialized.\n   Examples:\n\n   input: [7, 9, 5, 2, 8, 16, 4, 1]\n   output: 1\n\n   input: [8, 36, 7, 2, 11]\n   output: 7\n*/\nint smallestOdd(std::vector<int> const& x) {",28_reduce_smallest_odd_number,reduce,cpp,hpx,0.2,0.95,True,2048,False,"int smallestOdd(std::vector<int> const& x) {\n        \n        // Create a vector to store the odd numbers\n        std::vector<int> oddNumbers;\n\n        // Iterate over the input vector\n        for (int i = 0; i < x.size(); i++) {\n            // Check if the number is odd\n            if (x[i] % 2!= 0) {\n                // If it is, add it to the oddNumbers vector\n                oddNumbers.push_back(x[i]);\n            }\n        }\n\n        // Use HPX to find the minimum value in the oddNumbers vector\n        auto minimum = hpx::min_element(oddNumbers.begin(), oddNumbers.end());\n\n        // Return the minimum value\n        return *minimum;\n}",False,True,,40,17424384,15977.0,0.94,15977.0,0.47,4.090955495834351
"#include <hpx/hpx_main.hpp>\n\n/* Return the value of the smallest odd number in the vector x.\n   Use HPX to compute in parallel.  Assume HPX has already been initialized.\n   Examples:\n\n   input: [7, 9, 5, 2, 8, 16, 4, 1]\n   output: 1\n\n   input: [8, 36, 7, 2, 11]\n   output: 7\n*/\nint smallestOdd(std::vector<int> const& x) {",28_reduce_smallest_odd_number,reduce,cpp,hpx,0.2,0.95,True,2048,False,"int smallestOdd(std::vector<int> const& x) {\n        \n        // Create a vector to hold the odd numbers\n        std::vector<int> oddNumbers;\n\n        // Iterate over the input vector\n        for(int i = 0; i < x.size(); i++) {\n            // If the number is odd, add it to the oddNumbers vector\n            if(x[i] % 2!= 0) {\n                oddNumbers.push_back(x[i]);\n            }\n        }\n\n        // Use HPX to find the smallest odd number in the oddNumbers vector\n        hpx::future<int> smallest = hpx::async(hpx::parallel::min_element, oddNumbers.begin(), oddNumbers.end());\n\n        // Return the smallest odd number\n        return smallest.get();\n}",False,True,,41,4907008,15977.0,0.94,15977.0,0.94,6.1328349113464355
"#include <hpx/hpx_main.hpp>\n\n/* Return the value of the smallest odd number in the vector x.\n   Use HPX to compute in parallel.  Assume HPX has already been initialized.\n   Examples:\n\n   input: [7, 9, 5, 2, 8, 16, 4, 1]\n   output: 1\n\n   input: [8, 36, 7, 2, 11]\n   output: 7\n*/\nint smallestOdd(std::vector<int> const& x) {",28_reduce_smallest_odd_number,reduce,cpp,hpx,0.2,0.95,True,2048,False,"int smallestOdd(std::vector<int> const& x) {\n        \n        // Create a vector to store the odd numbers\n        std::vector<int> oddNumbers;\n\n        // Iterate over the input vector\n        for (int i = 0; i < x.size(); i++) {\n            // Check if the number is odd\n            if (x[i] % 2!= 0) {\n                // If it is, add it to the oddNumbers vector\n                oddNumbers.push_back(x[i]);\n            }\n        }\n\n        // Use HPX to compute the minimum value in the oddNumbers vector in parallel\n        auto minimum = hpx::min_element(oddNumbers.begin(), oddNumbers.end());\n\n        // Return the minimum value\n        return *minimum;\n}",False,True,,42,-24739840,15977.0,0.94,15977.0,0.47,4.087872505187988
"#include <hpx/hpx_main.hpp>\n\n/* Return the value of the smallest odd number in the vector x.\n   Use HPX to compute in parallel.  Assume HPX has already been initialized.\n   Examples:\n\n   input: [7, 9, 5, 2, 8, 16, 4, 1]\n   output: 1\n\n   input: [8, 36, 7, 2, 11]\n   output: 7\n*/\nint smallestOdd(std::vector<int> const& x) {",28_reduce_smallest_odd_number,reduce,cpp,hpx,0.2,0.95,True,2048,False,"int smallestOdd(std::vector<int> const& x) {\n        \n        // Initialize the smallest odd number to a large value\n        int smallest = std::numeric_limits<int>::max();\n\n        // Use HPX to parallelize the loop\n        hpx::parallel::for_loop(hpx::parallel::execution::par, 0, x.size(), \n            [&](int i) {\n                // Check if the number is odd and smaller than the current smallest\n                if (x[i] % 2!= 0 && x[i] < smallest) {\n                    // If it is, update the smallest\n                    smallest = x[i];\n                }\n            });\n\n        // Return the smallest odd number\n        return smallest;\n}",False,True,,43,25808896,15977.0,0.94,15977.0,0.94,6.130310773849487
"#include <hpx/hpx_main.hpp>\n\n/* Return the value of the smallest odd number in the vector x.\n   Use HPX to compute in parallel.  Assume HPX has already been initialized.\n   Examples:\n\n   input: [7, 9, 5, 2, 8, 16, 4, 1]\n   output: 1\n\n   input: [8, 36, 7, 2, 11]\n   output: 7\n*/\nint smallestOdd(std::vector<int> const& x) {",28_reduce_smallest_odd_number,reduce,cpp,hpx,0.2,0.95,True,2048,False,"int smallestOdd(std::vector<int> const& x) {\n        \n        // Create a vector to store the odd numbers\n        std::vector<int> oddNumbers;\n\n        // Iterate over the input vector\n        for (int i = 0; i < x.size(); i++) {\n            // Check if the current number is odd\n            if (x[i] % 2!= 0) {\n                // If it is, add it to the oddNumbers vector\n                oddNumbers.push_back(x[i]);\n            }\n        }\n\n        // Use HPX to find the minimum value in the oddNumbers vector in parallel\n        auto minimum = hpx::parallel::min_element(oddNumbers.begin(), oddNumbers.end());\n\n        // Return the minimum value\n        return *minimum;\n}",False,True,,44,-5234688,15977.0,0.94,15977.0,0.47,4.09931206703186
"#include <hpx/hpx_main.hpp>\n\n/* Return the value of the smallest odd number in the vector x.\n   Use HPX to compute in parallel.  Assume HPX has already been initialized.\n   Examples:\n\n   input: [7, 9, 5, 2, 8, 16, 4, 1]\n   output: 1\n\n   input: [8, 36, 7, 2, 11]\n   output: 7\n*/\nint smallestOdd(std::vector<int> const& x) {",28_reduce_smallest_odd_number,reduce,cpp,hpx,0.2,0.95,True,2048,False,"int smallestOdd(std::vector<int> const& x) {\n        \n        // Initialize the smallest odd number as the maximum integer value\n        int smallest_odd = std::numeric_limits<int>::max();\n\n        // Use HPX to parallelize the computation\n        hpx::parallel::for_loop(hpx::parallel::execution::par, 0, x.size(), [&](int i) {\n            if (x[i] % 2!= 0 && x[i] < smallest_odd) {\n                smallest_odd = x[i];\n            }\n        });\n\n        // If no odd number was found, return the maximum integer value\n        if (smallest_odd == std::numeric_limits<int>::max()) {\n            return -1;\n        }\n\n        return smallest_odd;\n}",False,True,,45,-11767808,15977.0,0.94,15977.0,0.94,6.139256477355957
"#include <hpx/hpx_main.hpp>\n\n/* Return the value of the smallest odd number in the vector x.\n   Use HPX to compute in parallel.  Assume HPX has already been initialized.\n   Examples:\n\n   input: [7, 9, 5, 2, 8, 16, 4, 1]\n   output: 1\n\n   input: [8, 36, 7, 2, 11]\n   output: 7\n*/\nint smallestOdd(std::vector<int> const& x) {",28_reduce_smallest_odd_number,reduce,cpp,hpx,0.2,0.95,True,2048,False,"int smallestOdd(std::vector<int> const& x) {\n        \n        // Create a vector to store the odd numbers\n        std::vector<int> oddNumbers;\n\n        // Iterate over the input vector\n        for(int i = 0; i < x.size(); i++) {\n            // Check if the number is odd\n            if(x[i] % 2!= 0) {\n                // If it is, add it to the oddNumbers vector\n                oddNumbers.push_back(x[i]);\n            }\n        }\n\n        // Use HPX to find the minimum value in the oddNumbers vector\n        auto minimum = hpx::min_element(oddNumbers.begin(), oddNumbers.end());\n\n        // Return the minimum value\n        return *minimum;\n}",False,True,,46,57450496,15977.0,0.94,15977.0,0.6266666666666666,6.143956184387207
"#include <hpx/hpx_main.hpp>\n\n/* Return the value of the smallest odd number in the vector x.\n   Use HPX to compute in parallel.  Assume HPX has already been initialized.\n   Examples:\n\n   input: [7, 9, 5, 2, 8, 16, 4, 1]\n   output: 1\n\n   input: [8, 36, 7, 2, 11]\n   output: 7\n*/\nint smallestOdd(std::vector<int> const& x) {",28_reduce_smallest_odd_number,reduce,cpp,hpx,0.2,0.95,True,2048,False,"int smallestOdd(std::vector<int> const& x) {\n        \n        // Create a vector to store the odd numbers\n        std::vector<int> oddNumbers;\n\n        // Iterate over the input vector\n        for(int i = 0; i < x.size(); i++) {\n            // Check if the number is odd\n            if(x[i] % 2!= 0) {\n                // If it is, add it to the oddNumbers vector\n                oddNumbers.push_back(x[i]);\n            }\n        }\n\n        // Use HPX to find the minimum value in the oddNumbers vector\n        auto min_val = hpx::min_element(oddNumbers.begin(), oddNumbers.end());\n\n        // Return the minimum value\n        return *min_val;\n}",False,True,,47,-12922880,15977.0,0.94,15977.0,0.6266666666666666,6.136941194534302
"#include <hpx/hpx_main.hpp>\n\n/* Return the value of the smallest odd number in the vector x.\n   Use HPX to compute in parallel.  Assume HPX has already been initialized.\n   Examples:\n\n   input: [7, 9, 5, 2, 8, 16, 4, 1]\n   output: 1\n\n   input: [8, 36, 7, 2, 11]\n   output: 7\n*/\nint smallestOdd(std::vector<int> const& x) {",28_reduce_smallest_odd_number,reduce,cpp,hpx,0.2,0.95,True,2048,False,"int smallestOdd(std::vector<int> const& x) {\n        \n        // Create a vector to hold the results of the HPX parallel computation.\n        std::vector<int> results(x.size());\n\n        // Use HPX to compute the smallest odd number in each sub-vector in parallel.\n        hpx::parallel::transform(\n            hpx::parallel::execution::par,\n            x.begin(), x.end(),\n            results.begin(),\n            [](int const& val) {\n                if (val % 2!= 0) {\n                    return val;\n                } else {\n                    return std::numeric_limits<int>::max();\n                }\n            }\n        );\n\n        // Find the smallest odd number in the results.\n        int smallest = std::numeric_limits<int>::max();\n        for (int const& val : results) {\n            if (val < smallest) {\n                smallest = val;\n            }\n        }\n\n        // If no odd numbers were found, return a special value.\n        if (smallest == std::numeric_limits<int>::max()) {\n            return -1;\n        } else {\n            return smallest;\n        }\n}",False,True,,48,45248512,15977.0,0.94,15977.0,0.6266666666666666,6.129007577896118
"#include <hpx/hpx_main.hpp>\n\n/* Return the value of the smallest odd number in the vector x.\n   Use HPX to compute in parallel.  Assume HPX has already been initialized.\n   Examples:\n\n   input: [7, 9, 5, 2, 8, 16, 4, 1]\n   output: 1\n\n   input: [8, 36, 7, 2, 11]\n   output: 7\n*/\nint smallestOdd(std::vector<int> const& x) {",28_reduce_smallest_odd_number,reduce,cpp,hpx,0.2,0.95,True,2048,False,"int smallestOdd(std::vector<int> const& x) {\n        \n        // Create a vector to store the odd numbers\n        std::vector<int> odd_numbers;\n\n        // Iterate over the input vector\n        for(int i = 0; i < x.size(); i++) {\n            // Check if the number is odd\n            if(x[i] % 2!= 0) {\n                // If it is, add it to the odd_numbers vector\n                odd_numbers.push_back(x[i]);\n            }\n        }\n\n        // Use HPX to find the minimum value in the odd_numbers vector\n        hpx::future<int> min_value = hpx::async(hpx::parallel::execution::par,\n            [&odd_numbers]() {\n                return *std::min_element(odd_numbers.begin(), odd_numbers.end());\n            });\n\n        // Return the minimum value\n        return min_value.get();\n}",False,True,,49,-3878912,15977.0,0.94,15977.0,0.9133333333333332,6.13384485244751
"#include <hpx/hpx_main.hpp>\n\n/* Return the value of the smallest odd number in the vector x.\n   Use HPX to compute in parallel.  Assume HPX has already been initialized.\n   Examples:\n\n   input: [7, 9, 5, 2, 8, 16, 4, 1]\n   output: 1\n\n   input: [8, 36, 7, 2, 11]\n   output: 7\n*/\nint smallestOdd(std::vector<int> const& x) {",28_reduce_smallest_odd_number,reduce,cpp,hpx,0.2,0.95,True,2048,False,"int smallestOdd(std::vector<int> const& x) {\n        \n        // Create a vector to store the odd numbers\n        std::vector<int> oddNumbers;\n\n        // Iterate over the input vector\n        for (int i = 0; i < x.size(); i++) {\n            // Check if the number is odd\n            if (x[i] % 2!= 0) {\n                // If it is, add it to the oddNumbers vector\n                oddNumbers.push_back(x[i]);\n            }\n        }\n\n        // Use HPX to find the minimum value in the oddNumbers vector\n        auto min_val = hpx::min_element(oddNumbers.begin(), oddNumbers.end());\n\n        // Return the minimum value\n        return *min_val;\n}",False,True,,50,193138688,15977.0,0.94,15977.0,0.47,4.1877477169036865
"#include <hpx/hpx_main.hpp>\n\n/* Return the value of the smallest odd number in the vector x.\n   Use HPX to compute in parallel.  Assume HPX has already been initialized.\n   Examples:\n\n   input: [7, 9, 5, 2, 8, 16, 4, 1]\n   output: 1\n\n   input: [8, 36, 7, 2, 11]\n   output: 7\n*/\nint smallestOdd(std::vector<int> const& x) {",28_reduce_smallest_odd_number,reduce,cpp,hpx,0.2,0.95,True,2048,False,"int smallestOdd(std::vector<int> const& x) {\n        \n        // Create a vector to store the odd numbers\n        std::vector<int> oddNumbers;\n\n        // Iterate over the input vector\n        for(int i = 0; i < x.size(); i++) {\n            // Check if the number is odd\n            if(x[i] % 2!= 0) {\n                // If it is, add it to the oddNumbers vector\n                oddNumbers.push_back(x[i]);\n            }\n        }\n\n        // Use HPX to find the smallest odd number\n        auto smallest = hpx::parallel::min_element(hpx::parallel::execution::par, oddNumbers.begin(), oddNumbers.end());\n\n        // Return the smallest odd number\n        return *smallest;\n}",False,True,,51,283246592,15977.0,0.94,15977.0,0.885,4.087900638580322
"#include <hpx/hpx_main.hpp>\n\n/* Return the value of the smallest odd number in the vector x.\n   Use HPX to compute in parallel.  Assume HPX has already been initialized.\n   Examples:\n\n   input: [7, 9, 5, 2, 8, 16, 4, 1]\n   output: 1\n\n   input: [8, 36, 7, 2, 11]\n   output: 7\n*/\nint smallestOdd(std::vector<int> const& x) {",28_reduce_smallest_odd_number,reduce,cpp,hpx,0.2,0.95,True,2048,False,"int smallestOdd(std::vector<int> const& x) {\n        \n        // Initialize the smallest odd number as the maximum integer value\n        int smallest = std::numeric_limits<int>::max();\n\n        // Use HPX to parallelize the loop\n        hpx::parallel::for_loop(\n            hpx::parallel::execution::par,\n            0, x.size(),\n            [&](int i) {\n                // Check if the number is odd and less than the current smallest odd number\n                if (x[i] % 2!= 0 && x[i] < smallest) {\n                    // If it is, update the smallest odd number\n                    smallest = x[i];\n                }\n            }\n        );\n\n        // Return the smallest odd number\n        return smallest;\n}",False,True,,52,252977152,15977.0,0.94,15977.0,0.94,4.0843353271484375
"#include <hpx/hpx_main.hpp>\n\n/* Return the value of the smallest odd number in the vector x.\n   Use HPX to compute in parallel.  Assume HPX has already been initialized.\n   Examples:\n\n   input: [7, 9, 5, 2, 8, 16, 4, 1]\n   output: 1\n\n   input: [8, 36, 7, 2, 11]\n   output: 7\n*/\nint smallestOdd(std::vector<int> const& x) {",28_reduce_smallest_odd_number,reduce,cpp,hpx,0.2,0.95,True,2048,False,"int smallestOdd(std::vector<int> const& x) {\n        \n        // Initialize the smallest odd number to a large value\n        int smallest = std::numeric_limits<int>::max();\n\n        // Use HPX to parallelize the computation\n        hpx::parallel::for_loop(\n            hpx::parallel::execution::par,\n            0, x.size(),\n            [&](int i) {\n                // Check if the number is odd and smaller than the current smallest\n                if (x[i] % 2!= 0 && x[i] < smallest) {\n                    // If it is, update the smallest\n                    smallest = x[i];\n                }\n            });\n\n        // If no odd number was found, return a special value\n        if (smallest == std::numeric_limits<int>::max()) {\n            return -1;\n        }\n\n        // Otherwise, return the smallest odd number\n        return smallest;\n}",False,True,,53,344694784,15977.0,0.94,15977.0,0.94,6.132903814315796
"#include <hpx/hpx_main.hpp>\n\n/* Return the value of the smallest odd number in the vector x.\n   Use HPX to compute in parallel.  Assume HPX has already been initialized.\n   Examples:\n\n   input: [7, 9, 5, 2, 8, 16, 4, 1]\n   output: 1\n\n   input: [8, 36, 7, 2, 11]\n   output: 7\n*/\nint smallestOdd(std::vector<int> const& x) {",28_reduce_smallest_odd_number,reduce,cpp,hpx,0.2,0.95,True,2048,False,"int smallestOdd(std::vector<int> const& x) {\n        \n        // Create a vector to store the odd numbers\n        std::vector<int> oddNumbers;\n\n        // Iterate over the input vector\n        for(int i = 0; i < x.size(); i++) {\n            // Check if the current number is odd\n            if(x[i] % 2!= 0) {\n                // If it is, add it to the oddNumbers vector\n                oddNumbers.push_back(x[i]);\n            }\n        }\n\n        // Use HPX to find the minimum value in the oddNumbers vector\n        hpx::future<int> min_value = hpx::async(hpx::parallel::execution::par,\n            hpx::parallel::min_element, oddNumbers.begin(), oddNumbers.end());\n\n        // Return the minimum value\n        return min_value.get();\n}",False,True,,54,2760355840,15977.0,0.94,15977.0,0.6266666666666666,6.129889249801636
"#include <hpx/hpx_main.hpp>\n\n/* Return the value of the smallest odd number in the vector x.\n   Use HPX to compute in parallel.  Assume HPX has already been initialized.\n   Examples:\n\n   input: [7, 9, 5, 2, 8, 16, 4, 1]\n   output: 1\n\n   input: [8, 36, 7, 2, 11]\n   output: 7\n*/\nint smallestOdd(std::vector<int> const& x) {",28_reduce_smallest_odd_number,reduce,cpp,hpx,0.2,0.95,True,2048,False,"int smallestOdd(std::vector<int> const& x) {\n        \n        // Create a vector to store the odd numbers\n        std::vector<int> oddNumbers;\n\n        // Iterate over the input vector\n        for(int i = 0; i < x.size(); i++) {\n            // If the number is odd, add it to the oddNumbers vector\n            if(x[i] % 2!= 0) {\n                oddNumbers.push_back(x[i]);\n            }\n        }\n\n        // Use HPX to find the minimum value in the oddNumbers vector\n        auto min_value = hpx::min_element(oddNumbers.begin(), oddNumbers.end());\n\n        // Return the minimum value\n        return *min_value;\n}",False,True,,55,785915904,15977.0,0.94,15977.0,0.6266666666666666,6.134841680526733
"#include <hpx/hpx_main.hpp>\n\n/* Return the value of the smallest odd number in the vector x.\n   Use HPX to compute in parallel.  Assume HPX has already been initialized.\n   Examples:\n\n   input: [7, 9, 5, 2, 8, 16, 4, 1]\n   output: 1\n\n   input: [8, 36, 7, 2, 11]\n   output: 7\n*/\nint smallestOdd(std::vector<int> const& x) {",28_reduce_smallest_odd_number,reduce,cpp,hpx,0.2,0.95,True,2048,False,"int smallestOdd(std::vector<int> const& x) {\n        \n        // Initialize the smallest odd number as a large value\n        int smallest_odd = std::numeric_limits<int>::max();\n\n        // Use HPX to parallelize the loop\n        hpx::parallel::for_loop(\n            hpx::parallel::execution::par,\n            0, x.size(),\n            [&](int i) {\n                // Check if the number is odd and smaller than the current smallest odd number\n                if (x[i] % 2!= 0 && x[i] < smallest_odd) {\n                    // If it is, update the smallest odd number\n                    smallest_odd = x[i];\n                }\n            });\n\n        // If smallest_odd is still the maximum value, there were no odd numbers in the vector\n        if (smallest_odd == std::numeric_limits<int>::max()) {\n            throw std::runtime_error(""No odd numbers in the vector"");\n        }\n\n        return smallest_odd;\n}",False,True,,56,-90198016,15977.0,0.94,15977.0,0.6266666666666666,6.135780334472656
"#include <hpx/hpx_main.hpp>\n\n/* Return the value of the smallest odd number in the vector x.\n   Use HPX to compute in parallel.  Assume HPX has already been initialized.\n   Examples:\n\n   input: [7, 9, 5, 2, 8, 16, 4, 1]\n   output: 1\n\n   input: [8, 36, 7, 2, 11]\n   output: 7\n*/\nint smallestOdd(std::vector<int> const& x) {",28_reduce_smallest_odd_number,reduce,cpp,hpx,0.2,0.95,True,2048,False,"int smallestOdd(std::vector<int> const& x) {\n        \n        // Create a vector to store the odd numbers\n        std::vector<int> oddNumbers;\n\n        // Use HPX to parallelize the following loop\n        hpx::parallel::for_loop(hpx::parallel::execution::par, 0, x.size(), [&](int i) {\n            // Check if the number is odd\n            if (x[i] % 2!= 0) {\n                // If it is, add it to the oddNumbers vector\n                oddNumbers.push_back(x[i]);\n            }\n        });\n\n        // Use HPX to find the minimum value in the oddNumbers vector\n        int min = hpx::parallel::min_element(hpx::parallel::execution::par, oddNumbers.begin(), oddNumbers.end());\n\n        // Return the minimum value\n        return min;\n}",False,True,,57,-131313664,15977.0,0.94,15977.0,0.6266666666666666,6.145164728164673
"#include <hpx/hpx_main.hpp>\n\n/* Return the value of the smallest odd number in the vector x.\n   Use HPX to compute in parallel.  Assume HPX has already been initialized.\n   Examples:\n\n   input: [7, 9, 5, 2, 8, 16, 4, 1]\n   output: 1\n\n   input: [8, 36, 7, 2, 11]\n   output: 7\n*/\nint smallestOdd(std::vector<int> const& x) {",28_reduce_smallest_odd_number,reduce,cpp,hpx,0.2,0.95,True,2048,False,"int smallestOdd(std::vector<int> const& x) {\n        \n        // Initialize the smallest odd number as the maximum integer value\n        int smallest_odd = std::numeric_limits<int>::max();\n\n        // Use HPX to parallelize the computation\n        hpx::parallel::for_loop(hpx::parallel::execution::par, 0, x.size(), [&](int i) {\n            // Check if the number is odd and less than the current smallest odd number\n            if (x[i] % 2!= 0 && x[i] < smallest_odd) {\n                // Update the smallest odd number\n                smallest_odd = x[i];\n            }\n        });\n\n        // If no odd number was found, return the maximum integer value\n        if (smallest_odd == std::numeric_limits<int>::max()) {\n            return -1; // or any other value indicating no odd number was found\n        }\n\n        return smallest_odd;\n}",False,True,,58,-85475328,15977.0,0.94,15977.0,0.6266666666666666,6.127967357635498
"#include <hpx/hpx_main.hpp>\n\n/* Return the value of the smallest odd number in the vector x.\n   Use HPX to compute in parallel.  Assume HPX has already been initialized.\n   Examples:\n\n   input: [7, 9, 5, 2, 8, 16, 4, 1]\n   output: 1\n\n   input: [8, 36, 7, 2, 11]\n   output: 7\n*/\nint smallestOdd(std::vector<int> const& x) {",28_reduce_smallest_odd_number,reduce,cpp,hpx,0.2,0.95,True,2048,False,"int smallestOdd(std::vector<int> const& x) {\n        \n        // Create a vector to store the odd numbers\n        std::vector<int> oddNumbers;\n\n        // Iterate through the input vector\n        for(int i = 0; i < x.size(); i++) {\n            // Check if the number is odd\n            if(x[i] % 2!= 0) {\n                // If it is, add it to the oddNumbers vector\n                oddNumbers.push_back(x[i]);\n            }\n        }\n\n        // Use HPX to compute the minimum value in the oddNumbers vector in parallel\n        auto min_value = hpx::parallel::min_element(oddNumbers.begin(), oddNumbers.end());\n\n        // Return the minimum value\n        return *min_value;\n}",False,True,,59,-71680000,15977.0,0.94,15977.0,0.47,4.086697578430176
"#include <hpx/hpx_main.hpp>\n\n/* Return the value of the smallest odd number in the vector x.\n   Use HPX to compute in parallel.  Assume HPX has already been initialized.\n   Examples:\n\n   input: [7, 9, 5, 2, 8, 16, 4, 1]\n   output: 1\n\n   input: [8, 36, 7, 2, 11]\n   output: 7\n*/\nint smallestOdd(std::vector<int> const& x) {",28_reduce_smallest_odd_number,reduce,cpp,hpx,0.2,0.95,True,2048,False,"int smallestOdd(std::vector<int> const& x) {\n        \n        // Create a vector to store the odd numbers\n        std::vector<int> oddNumbers;\n\n        // Iterate over the input vector\n        for (int i = 0; i < x.size(); i++) {\n            // Check if the number is odd\n            if (x[i] % 2!= 0) {\n                // If it is, add it to the oddNumbers vector\n                oddNumbers.push_back(x[i]);\n            }\n        }\n\n        // Use HPX to find the minimum value in the oddNumbers vector\n        hpx::future<int> min_val = hpx::async(hpx::parallel::min_element, oddNumbers.begin(), oddNumbers.end());\n\n        // Return the minimum value\n        return min_val.get();\n}",False,True,,60,3116195840,15977.0,0.94,15977.0,0.94,6.127262115478516
"#include <hpx/hpx_main.hpp>\n\n/* Return the value of the smallest odd number in the vector x.\n   Use HPX to compute in parallel.  Assume HPX has already been initialized.\n   Examples:\n\n   input: [7, 9, 5, 2, 8, 16, 4, 1]\n   output: 1\n\n   input: [8, 36, 7, 2, 11]\n   output: 7\n*/\nint smallestOdd(std::vector<int> const& x) {",28_reduce_smallest_odd_number,reduce,cpp,hpx,0.2,0.95,True,2048,False,"int smallestOdd(std::vector<int> const& x) {\n        \n        // Create a vector to store the odd numbers\n        std::vector<int> oddNumbers;\n\n        // Iterate over the input vector\n        for (int i = 0; i < x.size(); i++) {\n            // Check if the number is odd\n            if (x[i] % 2!= 0) {\n                // If it is, add it to the oddNumbers vector\n                oddNumbers.push_back(x[i]);\n            }\n        }\n\n        // Use HPX to compute the minimum value in the oddNumbers vector in parallel\n        auto minimum = hpx::parallel::min_element(oddNumbers.begin(), oddNumbers.end());\n\n        // Return the minimum value\n        return *minimum;\n}",False,True,,61,-4071923712,15977.0,0.94,15977.0,0.6266666666666666,6.1408960819244385
"#include <hpx/hpx_main.hpp>\n\n/* Return the value of the smallest odd number in the vector x.\n   Use HPX to compute in parallel.  Assume HPX has already been initialized.\n   Examples:\n\n   input: [7, 9, 5, 2, 8, 16, 4, 1]\n   output: 1\n\n   input: [8, 36, 7, 2, 11]\n   output: 7\n*/\nint smallestOdd(std::vector<int> const& x) {",28_reduce_smallest_odd_number,reduce,cpp,hpx,0.2,0.95,True,2048,False,"int smallestOdd(std::vector<int> const& x) {\n        \n        // Create a vector to store the odd numbers\n        std::vector<int> odd_numbers;\n\n        // Iterate over the input vector\n        for (int i = 0; i < x.size(); i++) {\n            // Check if the number is odd\n            if (x[i] % 2!= 0) {\n                // If it is, add it to the odd_numbers vector\n                odd_numbers.push_back(x[i]);\n            }\n        }\n\n        // Use HPX to find the minimum value in the odd_numbers vector\n        int min_value = hpx::parallel::min_element(odd_numbers.begin(), odd_numbers.end());\n\n        // Return the minimum value\n        return min_value;\n}",False,True,,62,-156065792,15977.0,0.94,15977.0,0.47,4.08874773979187
"#include <hpx/hpx_main.hpp>\n\n/* Return the value of the smallest odd number in the vector x.\n   Use HPX to compute in parallel.  Assume HPX has already been initialized.\n   Examples:\n\n   input: [7, 9, 5, 2, 8, 16, 4, 1]\n   output: 1\n\n   input: [8, 36, 7, 2, 11]\n   output: 7\n*/\nint smallestOdd(std::vector<int> const& x) {",28_reduce_smallest_odd_number,reduce,cpp,hpx,0.2,0.95,True,2048,False,"int smallestOdd(std::vector<int> const& x) {\n        \n        // Create a vector to store the odd numbers\n        std::vector<int> oddNumbers;\n\n        // Use HPX to parallelize the process\n        hpx::parallel::for_loop(hpx::parallel::execution::par, 0, x.size(), [&](int i) {\n            if (x[i] % 2!= 0) {\n                oddNumbers.push_back(x[i]);\n            }\n        });\n\n        // Find the smallest odd number\n        int smallest = oddNumbers[0];\n        for (int i = 1; i < oddNumbers.size(); i++) {\n            if (oddNumbers[i] < smallest) {\n                smallest = oddNumbers[i];\n            }\n        }\n\n        return smallest;\n}",False,True,,63,-254406656,15977.0,0.94,15977.0,0.9366666666666666,6.133116722106934
"#include <hpx/hpx_main.hpp>\n\n/* Return the value of the smallest odd number in the vector x.\n   Use HPX to compute in parallel.  Assume HPX has already been initialized.\n   Examples:\n\n   input: [7, 9, 5, 2, 8, 16, 4, 1]\n   output: 1\n\n   input: [8, 36, 7, 2, 11]\n   output: 7\n*/\nint smallestOdd(std::vector<int> const& x) {",28_reduce_smallest_odd_number,reduce,cpp,hpx,0.2,0.95,True,2048,False,"int smallestOdd(std::vector<int> const& x) {\n        \n        // Initialize the smallest odd number to a very large value\n        int smallest_odd = std::numeric_limits<int>::max();\n\n        // Use HPX to parallelize the computation\n        hpx::parallel::for_loop(hpx::parallel::execution::par, 0, x.size(), [&](int i) {\n            // Check if the number is odd and less than the current smallest odd number\n            if (x[i] % 2!= 0 && x[i] < smallest_odd) {\n                // Update the smallest odd number\n                smallest_odd = x[i];\n            }\n        });\n\n        // If no odd number was found, return a special value\n        if (smallest_odd == std::numeric_limits<int>::max()) {\n            return -1;\n        }\n\n        return smallest_odd;\n}",False,True,,64,-258183168,15977.0,0.94,15977.0,0.6266666666666666,6.139012336730957
"#include <hpx/hpx_main.hpp>\n\n/* Return the value of the smallest odd number in the vector x.\n   Use HPX to compute in parallel.  Assume HPX has already been initialized.\n   Examples:\n\n   input: [7, 9, 5, 2, 8, 16, 4, 1]\n   output: 1\n\n   input: [8, 36, 7, 2, 11]\n   output: 7\n*/\nint smallestOdd(std::vector<int> const& x) {",28_reduce_smallest_odd_number,reduce,cpp,hpx,0.2,0.95,True,2048,False,"int smallestOdd(std::vector<int> const& x) {\n        \n        // Create a vector to hold the odd numbers\n        std::vector<int> oddNumbers;\n\n        // Iterate over the input vector\n        for(int i = 0; i < x.size(); i++) {\n            // If the number is odd, add it to the oddNumbers vector\n            if(x[i] % 2!= 0) {\n                oddNumbers.push_back(x[i]);\n            }\n        }\n\n        // Use HPX to find the minimum value in the oddNumbers vector\n        auto min_val = hpx::min_element(oddNumbers.begin(), oddNumbers.end());\n\n        // Return the minimum value\n        return *min_val;\n}",False,True,,65,-289878016,15977.0,0.94,15977.0,0.6266666666666666,6.127931356430054
"#include <hpx/hpx_main.hpp>\n\n/* Return the value of the smallest odd number in the vector x.\n   Use HPX to compute in parallel.  Assume HPX has already been initialized.\n   Examples:\n\n   input: [7, 9, 5, 2, 8, 16, 4, 1]\n   output: 1\n\n   input: [8, 36, 7, 2, 11]\n   output: 7\n*/\nint smallestOdd(std::vector<int> const& x) {",28_reduce_smallest_odd_number,reduce,cpp,hpx,0.2,0.95,True,2048,False,"int smallestOdd(std::vector<int> const& x) {\n        \n        // Create a vector to store the odd numbers\n        std::vector<int> oddNumbers;\n\n        // Iterate over the input vector\n        for(int i = 0; i < x.size(); i++) {\n            // Check if the number is odd\n            if(x[i] % 2!= 0) {\n                // If it is, add it to the oddNumbers vector\n                oddNumbers.push_back(x[i]);\n            }\n        }\n\n        // Use HPX to find the minimum value in the oddNumbers vector\n        hpx::future<int> minValue = hpx::async(hpx::parallel::execution::par,\n            [&oddNumbers]() {\n                return *std::min_element(hpx::parallel::execution::par, oddNumbers.begin(), oddNumbers.end());\n            });\n\n        // Return the minimum value\n        return minValue.get();\n}",False,True,,66,-199725056,15977.0,0.94,15977.0,0.6266666666666666,6.134444713592529
"#include <hpx/hpx_main.hpp>\n\n/* Return the value of the smallest odd number in the vector x.\n   Use HPX to compute in parallel.  Assume HPX has already been initialized.\n   Examples:\n\n   input: [7, 9, 5, 2, 8, 16, 4, 1]\n   output: 1\n\n   input: [8, 36, 7, 2, 11]\n   output: 7\n*/\nint smallestOdd(std::vector<int> const& x) {",28_reduce_smallest_odd_number,reduce,cpp,hpx,0.2,0.95,True,2048,False,"int smallestOdd(std::vector<int> const& x) {\n        \n        // Create a vector of future objects\n        std::vector<hpx::future<int>> futures;\n\n        // Iterate over the vector and create a future for each element\n        for(auto const& val : x) {\n            futures.push_back(hpx::async([val]() {\n                // Check if the value is odd and return it\n                if(val % 2!= 0) {\n                    return val;\n                }\n                // If not odd, return a large number\n                return std::numeric_limits<int>::max();\n            }));\n        }\n\n        // Initialize the smallest odd number to a large number\n        int smallest = std::numeric_limits<int>::max();\n\n        // Iterate over the futures and get the smallest odd number\n        for(auto& future : futures) {\n            int val = future.get();\n            if(val < smallest) {\n                smallest = val;\n            }\n        }\n\n        // If smallest is still a large number, there were no odd numbers\n        if(smallest == std::numeric_limits<int>::max()) {\n            throw std::runtime_error(""No odd numbers found"");\n        }\n\n        return smallest;\n}",False,True,,67,-263999488,15977.0,0.94,15977.0,0.705,8.203263759613037
"#include <hpx/hpx_main.hpp>\n\n/* Return the value of the smallest odd number in the vector x.\n   Use HPX to compute in parallel.  Assume HPX has already been initialized.\n   Examples:\n\n   input: [7, 9, 5, 2, 8, 16, 4, 1]\n   output: 1\n\n   input: [8, 36, 7, 2, 11]\n   output: 7\n*/\nint smallestOdd(std::vector<int> const& x) {",28_reduce_smallest_odd_number,reduce,cpp,hpx,0.2,0.95,True,2048,False,"int smallestOdd(std::vector<int> const& x) {\n        \n        // Create a vector to store the odd numbers\n        std::vector<int> oddNumbers;\n\n        // Iterate over the input vector\n        for (int i = 0; i < x.size(); i++) {\n            // Check if the number is odd\n            if (x[i] % 2!= 0) {\n                // If it is, add it to the oddNumbers vector\n                oddNumbers.push_back(x[i]);\n            }\n        }\n\n        // Use HPX to find the minimum value in the oddNumbers vector\n        hpx::future<int> min_value = hpx::async(hpx::parallel::execution::seq,\n            std::min_element, oddNumbers.begin(), oddNumbers.end());\n\n        // Return the minimum value\n        return min_value.get();\n}",False,True,,68,-221290496,15977.0,0.94,15977.0,0.6266666666666666,6.135076284408569
"#include <hpx/hpx_main.hpp>\n\n/* Return the value of the smallest odd number in the vector x.\n   Use HPX to compute in parallel.  Assume HPX has already been initialized.\n   Examples:\n\n   input: [7, 9, 5, 2, 8, 16, 4, 1]\n   output: 1\n\n   input: [8, 36, 7, 2, 11]\n   output: 7\n*/\nint smallestOdd(std::vector<int> const& x) {",28_reduce_smallest_odd_number,reduce,cpp,hpx,0.2,0.95,True,2048,False,"int smallestOdd(std::vector<int> const& x) {\n        \n        // Create a vector of hpx::future objects.\n        std::vector<hpx::future<int>> futures;\n\n        // For each element in the vector, create a new HPX task that returns the smallest odd number in the subvector.\n        for (size_t i = 0; i < x.size(); i++) {\n            futures.push_back(hpx::async([&x, i]() {\n                int min_odd = std::numeric_limits<int>::max();\n                for (size_t j = i; j < x.size(); j++) {\n                    if (x[j] % 2!= 0 && x[j] < min_odd) {\n                        min_odd = x[j];\n                    }\n                }\n                return min_odd;\n            }));\n        }\n\n        // Get the results from the futures and find the smallest among them.\n        int min_odd = std::numeric_limits<int>::max();\n        for (auto& future : futures) {\n            int result = future.get();\n            if (result < min_odd) {\n                min_odd = result;\n            }\n        }\n\n        return min_odd;\n}",False,True,,69,-227876864,15977.0,0.94,15977.0,0.6266666666666666,6.132977724075317
"#include <hpx/hpx_main.hpp>\n\n/* Return the value of the smallest odd number in the vector x.\n   Use HPX to compute in parallel.  Assume HPX has already been initialized.\n   Examples:\n\n   input: [7, 9, 5, 2, 8, 16, 4, 1]\n   output: 1\n\n   input: [8, 36, 7, 2, 11]\n   output: 7\n*/\nint smallestOdd(std::vector<int> const& x) {",28_reduce_smallest_odd_number,reduce,cpp,hpx,0.2,0.95,True,2048,False,"int smallestOdd(std::vector<int> const& x) {\n        \n        // Create a vector to store the odd numbers\n        std::vector<int> odd_numbers;\n\n        // Iterate over the input vector\n        for (int i = 0; i < x.size(); ++i) {\n            // Check if the current number is odd\n            if (x[i] % 2!= 0) {\n                // If it is, add it to the odd_numbers vector\n                odd_numbers.push_back(x[i]);\n            }\n        }\n\n        // Use HPX to find the minimum value in the odd_numbers vector\n        hpx::future<int> min_value = hpx::async(hpx::parallel::execution::seq,\n            std::min_element, odd_numbers.begin(), odd_numbers.end());\n\n        // Return the minimum value\n        return min_value.get();\n}",False,True,,70,-203739136,15977.0,0.94,15977.0,0.6266666666666666,6.139031887054443
"#include <hpx/hpx_main.hpp>\n\n/* Return the value of the smallest odd number in the vector x.\n   Use HPX to compute in parallel.  Assume HPX has already been initialized.\n   Examples:\n\n   input: [7, 9, 5, 2, 8, 16, 4, 1]\n   output: 1\n\n   input: [8, 36, 7, 2, 11]\n   output: 7\n*/\nint smallestOdd(std::vector<int> const& x) {",28_reduce_smallest_odd_number,reduce,cpp,hpx,0.2,0.95,True,2048,False,"int smallestOdd(std::vector<int> const& x) {\n        \n        // Create a vector to store the odd numbers\n        std::vector<int> oddNumbers;\n\n        // Iterate over the input vector\n        for (int i = 0; i < x.size(); i++) {\n            // Check if the current number is odd\n            if (x[i] % 2!= 0) {\n                // If it is, add it to the oddNumbers vector\n                oddNumbers.push_back(x[i]);\n            }\n        }\n\n        // Use HPX to find the minimum value in the oddNumbers vector\n        int min = hpx::parallel::min_element(oddNumbers.begin(), oddNumbers.end());\n\n        // Return the minimum value\n        return min;\n}",False,True,,71,-138383360,15977.0,0.94,15977.0,0.6266666666666666,6.133510112762451
"#include <hpx/hpx_main.hpp>\n\n/* Return the value of the smallest odd number in the vector x.\n   Use HPX to compute in parallel.  Assume HPX has already been initialized.\n   Examples:\n\n   input: [7, 9, 5, 2, 8, 16, 4, 1]\n   output: 1\n\n   input: [8, 36, 7, 2, 11]\n   output: 7\n*/\nint smallestOdd(std::vector<int> const& x) {",28_reduce_smallest_odd_number,reduce,cpp,hpx,0.2,0.95,True,2048,False,"int smallestOdd(std::vector<int> const& x) {\n        \n        // Create a vector to store the odd numbers\n        std::vector<int> oddNumbers;\n\n        // Iterate over the input vector\n        for (int i = 0; i < x.size(); i++) {\n            // Check if the number is odd\n            if (x[i] % 2!= 0) {\n                // If it is, add it to the oddNumbers vector\n                oddNumbers.push_back(x[i]);\n            }\n        }\n\n        // Use HPX to find the minimum value in the oddNumbers vector\n        hpx::future<int> min_value = hpx::async(hpx::parallel::execution::seq,\n            [&oddNumbers]() {\n                return *std::min_element(oddNumbers.begin(), oddNumbers.end());\n            });\n\n        // Return the minimum value\n        return min_value.get();\n}",False,True,,72,-157405184,15977.0,0.94,15977.0,0.94,6.130242586135864
"#include <hpx/hpx_main.hpp>\n\n/* Return the value of the smallest odd number in the vector x.\n   Use HPX to compute in parallel.  Assume HPX has already been initialized.\n   Examples:\n\n   input: [7, 9, 5, 2, 8, 16, 4, 1]\n   output: 1\n\n   input: [8, 36, 7, 2, 11]\n   output: 7\n*/\nint smallestOdd(std::vector<int> const& x) {",28_reduce_smallest_odd_number,reduce,cpp,hpx,0.2,0.95,True,2048,False,"int smallestOdd(std::vector<int> const& x) {\n        \n        // Create a vector to hold the results from each parallel execution\n        std::vector<int> results(x.size());\n\n        // Use HPX to parallelize the computation\n        hpx::parallel::transform(hpx::parallel::execution::par, x.begin(), x.end(), results.begin(),\n            [](int i) {\n                if (i % 2!= 0) {\n                    return i;\n                } else {\n                    return std::numeric_limits<int>::max();\n                }\n            });\n\n        // Find the minimum value in the results\n        auto min_it = std::min_element(results.begin(), results.end());\n\n        // If no odd number was found, return a default value\n        if (*min_it == std::numeric_limits<int>::max()) {\n            return std::numeric_limits<int>::max();\n        } else {\n            return *min_it;\n        }\n}",False,True,,73,-155492352,15977.0,0.94,15977.0,0.6266666666666666,6.131970643997192
"#include <hpx/hpx_main.hpp>\n\n/* Return the value of the smallest odd number in the vector x.\n   Use HPX to compute in parallel.  Assume HPX has already been initialized.\n   Examples:\n\n   input: [7, 9, 5, 2, 8, 16, 4, 1]\n   output: 1\n\n   input: [8, 36, 7, 2, 11]\n   output: 7\n*/\nint smallestOdd(std::vector<int> const& x) {",28_reduce_smallest_odd_number,reduce,cpp,hpx,0.2,0.95,True,2048,False,"int smallestOdd(std::vector<int> const& x) {\n        \n        // Create a vector to store the odd numbers\n        std::vector<int> oddNumbers;\n\n        // Use HPX to parallelize the process\n        hpx::parallel::for_loop(hpx::parallel::execution::par, 0, x.size(), [&](int i) {\n            if (x[i] % 2!= 0) {\n                oddNumbers.push_back(x[i]);\n            }\n        });\n\n        // Find the smallest odd number\n        int smallest = oddNumbers[0];\n        for (int i = 1; i < oddNumbers.size(); i++) {\n            if (oddNumbers[i] < smallest) {\n                smallest = oddNumbers[i];\n            }\n        }\n\n        return smallest;\n}",False,True,,74,-143147008,15977.0,0.94,15977.0,0.6266666666666666,6.133625745773315
"#include <hpx/hpx_main.hpp>\n\n/* Return the value of the smallest odd number in the vector x.\n   Use HPX to compute in parallel.  Assume HPX has already been initialized.\n   Examples:\n\n   input: [7, 9, 5, 2, 8, 16, 4, 1]\n   output: 1\n\n   input: [8, 36, 7, 2, 11]\n   output: 7\n*/\nint smallestOdd(std::vector<int> const& x) {",28_reduce_smallest_odd_number,reduce,cpp,hpx,0.2,0.95,True,2048,False,"int smallestOdd(std::vector<int> const& x) {\n        \n        // Initialize the smallest odd number as the maximum integer value\n        int smallest_odd = std::numeric_limits<int>::max();\n\n        // Use HPX to parallelize the computation\n        hpx::parallel::for_loop(hpx::parallel::execution::par, 0, x.size(), [&](int i) {\n            // Check if the number is odd and less than the current smallest odd number\n            if (x[i] % 2!= 0 && x[i] < smallest_odd) {\n                // If it is, update the smallest odd number\n                smallest_odd = x[i];\n            }\n        });\n\n        // Return the smallest odd number\n        return smallest_odd;\n}",False,True,,75,-40648704,15977.0,0.94,15977.0,0.6266666666666666,6.137245178222656
"#include <hpx/hpx_main.hpp>\n\n/* Return the value of the smallest odd number in the vector x.\n   Use HPX to compute in parallel.  Assume HPX has already been initialized.\n   Examples:\n\n   input: [7, 9, 5, 2, 8, 16, 4, 1]\n   output: 1\n\n   input: [8, 36, 7, 2, 11]\n   output: 7\n*/\nint smallestOdd(std::vector<int> const& x) {",28_reduce_smallest_odd_number,reduce,cpp,hpx,0.2,0.95,True,2048,False,"int smallestOdd(std::vector<int> const& x) {\n        \n        // Create a vector to store the odd numbers\n        std::vector<int> oddNumbers;\n\n        // Iterate over the input vector\n        for (int i = 0; i < x.size(); i++) {\n            // Check if the number is odd\n            if (x[i] % 2!= 0) {\n                // If it is, add it to the oddNumbers vector\n                oddNumbers.push_back(x[i]);\n            }\n        }\n\n        // Use HPX to compute the minimum value in the oddNumbers vector in parallel\n        auto minimum = hpx::parallel::min_element(oddNumbers.begin(), oddNumbers.end());\n\n        // Return the minimum value\n        return *minimum;\n}",False,True,,76,-46772224,15977.0,0.94,15977.0,0.47,4.088651180267334
"#include <hpx/hpx_main.hpp>\n\n/* Return the value of the smallest odd number in the vector x.\n   Use HPX to compute in parallel.  Assume HPX has already been initialized.\n   Examples:\n\n   input: [7, 9, 5, 2, 8, 16, 4, 1]\n   output: 1\n\n   input: [8, 36, 7, 2, 11]\n   output: 7\n*/\nint smallestOdd(std::vector<int> const& x) {",28_reduce_smallest_odd_number,reduce,cpp,hpx,0.2,0.95,True,2048,False,"int smallestOdd(std::vector<int> const& x) {\n        \n        // Create a vector to store the odd numbers\n        std::vector<int> odd_numbers;\n\n        // Iterate over the input vector\n        for (int i = 0; i < x.size(); ++i) {\n            // Check if the number is odd\n            if (x[i] % 2!= 0) {\n                // If it is, add it to the odd_numbers vector\n                odd_numbers.push_back(x[i]);\n            }\n        }\n\n        // Use HPX to compute the minimum value in the odd_numbers vector in parallel\n        int min_value = hpx::parallel::min_element(odd_numbers.begin(), odd_numbers.end());\n\n        // Return the minimum value\n        return min_value;\n}",False,True,,77,-55599104,15977.0,0.94,15977.0,0.94,6.154324054718018
"#include <hpx/hpx_main.hpp>\n\n/* Return the value of the smallest odd number in the vector x.\n   Use HPX to compute in parallel.  Assume HPX has already been initialized.\n   Examples:\n\n   input: [7, 9, 5, 2, 8, 16, 4, 1]\n   output: 1\n\n   input: [8, 36, 7, 2, 11]\n   output: 7\n*/\nint smallestOdd(std::vector<int> const& x) {",28_reduce_smallest_odd_number,reduce,cpp,hpx,0.2,0.95,True,2048,False,"int smallestOdd(std::vector<int> const& x) {\n        \n        // Create a vector to hold the results of the parallel computation\n        std::vector<int> results(x.size());\n\n        // Use HPX to compute the smallest odd number in each subvector\n        hpx::parallel::transform(\n            hpx::parallel::execution::par,\n            x.begin(), x.end(), results.begin(),\n            [](int i) {\n                if (i % 2!= 0) {\n                    return i;\n                } else {\n                    return std::numeric_limits<int>::max();\n                }\n            }\n        );\n\n        // Find the smallest odd number among the results\n        int smallest = std::numeric_limits<int>::max();\n        for (int i : results) {\n            if (i < smallest) {\n                smallest = i;\n            }\n        }\n\n        // If no odd numbers were found, return a default value\n        if (smallest == std::numeric_limits<int>::max()) {\n            return -1; // or any default value you prefer\n        }\n\n        return smallest;\n}",False,True,,78,-52236288,15977.0,0.94,15977.0,0.6266666666666666,6.133867263793945
"#include <hpx/hpx_main.hpp>\n\n/* Return the value of the smallest odd number in the vector x.\n   Use HPX to compute in parallel.  Assume HPX has already been initialized.\n   Examples:\n\n   input: [7, 9, 5, 2, 8, 16, 4, 1]\n   output: 1\n\n   input: [8, 36, 7, 2, 11]\n   output: 7\n*/\nint smallestOdd(std::vector<int> const& x) {",28_reduce_smallest_odd_number,reduce,cpp,hpx,0.2,0.95,True,2048,False,"int smallestOdd(std::vector<int> const& x) {\n        \n        // Create a vector to store the odd numbers\n        std::vector<int> oddNumbers;\n\n        // Iterate over the input vector\n        for (int i = 0; i < x.size(); i++) {\n            // Check if the number is odd\n            if (x[i] % 2!= 0) {\n                // If it is, add it to the oddNumbers vector\n                oddNumbers.push_back(x[i]);\n            }\n        }\n\n        // Use HPX to find the minimum value in the oddNumbers vector\n        hpx::future<int> min_value = hpx::async(hpx::parallel::execution::seq,\n            std::min_element, oddNumbers.begin(), oddNumbers.end());\n\n        // Return the minimum value\n        return min_value.get();\n}",False,True,,79,-101945344,15977.0,0.94,15977.0,0.6233333333333334,6.1380510330200195
"#include <hpx/hpx_main.hpp>\n\n/* Return the value of the smallest odd number in the vector x.\n   Use HPX to compute in parallel.  Assume HPX has already been initialized.\n   Examples:\n\n   input: [7, 9, 5, 2, 8, 16, 4, 1]\n   output: 1\n\n   input: [8, 36, 7, 2, 11]\n   output: 7\n*/\nint smallestOdd(std::vector<int> const& x) {",28_reduce_smallest_odd_number,reduce,cpp,hpx,0.2,0.95,True,2048,False,"int smallestOdd(std::vector<int> const& x) {\n        \n        // Initialize the smallest odd number to a very large value\n        int smallest_odd = std::numeric_limits<int>::max();\n\n        // Use HPX to parallelize the loop\n        hpx::parallel::for_loop(\n            hpx::parallel::execution::par,\n            0, x.size(),\n            [&](int i) {\n                // Check if the number is odd and smaller than the current smallest odd number\n                if (x[i] % 2!= 0 && x[i] < smallest_odd) {\n                    // If it is, update the smallest odd number\n                    smallest_odd = x[i];\n                }\n            }\n        );\n\n        // If no odd number was found, return a special value\n        if (smallest_odd == std::numeric_limits<int>::max()) {\n            return -1;\n        }\n\n        // Otherwise, return the smallest odd number\n        return smallest_odd;\n}",False,True,,80,-30126080,15977.0,0.94,15977.0,0.6266666666666666,6.127338647842407
"#include <hpx/hpx_main.hpp>\n\n/* Return the value of the smallest odd number in the vector x.\n   Use HPX to compute in parallel.  Assume HPX has already been initialized.\n   Examples:\n\n   input: [7, 9, 5, 2, 8, 16, 4, 1]\n   output: 1\n\n   input: [8, 36, 7, 2, 11]\n   output: 7\n*/\nint smallestOdd(std::vector<int> const& x) {",28_reduce_smallest_odd_number,reduce,cpp,hpx,0.2,0.95,True,2048,False,"int smallestOdd(std::vector<int> const& x) {\n        \n        // Create a vector to store the odd numbers\n        std::vector<int> oddNumbers;\n\n        // Iterate over the input vector\n        for (int i = 0; i < x.size(); i++) {\n            // Check if the number is odd\n            if (x[i] % 2!= 0) {\n                // If it is, add it to the oddNumbers vector\n                oddNumbers.push_back(x[i]);\n            }\n        }\n\n        // Use HPX to find the minimum value in the oddNumbers vector\n        auto min_val = hpx::min_element(oddNumbers.begin(), oddNumbers.end());\n\n        // Return the minimum value\n        return *min_val;\n}",False,True,,81,-24391680,15977.0,0.94,15977.0,0.6266666666666666,6.13449239730835
"#include <hpx/hpx_main.hpp>\n\n/* Return the value of the smallest odd number in the vector x.\n   Use HPX to compute in parallel.  Assume HPX has already been initialized.\n   Examples:\n\n   input: [7, 9, 5, 2, 8, 16, 4, 1]\n   output: 1\n\n   input: [8, 36, 7, 2, 11]\n   output: 7\n*/\nint smallestOdd(std::vector<int> const& x) {",28_reduce_smallest_odd_number,reduce,cpp,hpx,0.2,0.95,True,2048,False,"int smallestOdd(std::vector<int> const& x) {\n        \n        // Create a vector to hold the results of the parallel computations.\n        std::vector<int> results(x.size());\n\n        // Use HPX to compute the smallest odd number in each sub-vector in parallel.\n        hpx::parallel::transform(hpx::parallel::execution::par, x.begin(), x.end(), results.begin(),\n            [](int const& num) {\n                if (num % 2!= 0) {\n                    return num;\n                } else {\n                    return std::numeric_limits<int>::max();\n                }\n            });\n\n        // Find the smallest odd number among all the results.\n        int smallest = std::numeric_limits<int>::max();\n        for (int const& result : results) {\n            if (result < smallest) {\n                smallest = result;\n            }\n        }\n\n        // If no odd numbers were found, return a special value.\n        if (smallest == std::numeric_limits<int>::max()) {\n            return -1;\n        } else {\n            return smallest;\n        }\n}",False,True,,82,-68517888,15977.0,0.94,15977.0,0.6266666666666666,6.141918182373047
"#include <hpx/hpx_main.hpp>\n\n/* Return the value of the smallest odd number in the vector x.\n   Use HPX to compute in parallel.  Assume HPX has already been initialized.\n   Examples:\n\n   input: [7, 9, 5, 2, 8, 16, 4, 1]\n   output: 1\n\n   input: [8, 36, 7, 2, 11]\n   output: 7\n*/\nint smallestOdd(std::vector<int> const& x) {",28_reduce_smallest_odd_number,reduce,cpp,hpx,0.2,0.95,True,2048,False,"int smallestOdd(std::vector<int> const& x) {\n        \n        // Initialize the smallest odd number as the maximum integer value\n        int smallest = std::numeric_limits<int>::max();\n\n        // Use HPX to parallelize the computation\n        hpx::parallel::for_loop(hpx::parallel::execution::par, 0, x.size(), [&](int i) {\n            // Check if the number is odd and less than the current smallest odd number\n            if (x[i] % 2!= 0 && x[i] < smallest) {\n                // If it is, update the smallest odd number\n                smallest = x[i];\n            }\n        });\n\n        // If no odd number was found, return the maximum integer value\n        if (smallest == std::numeric_limits<int>::max()) {\n            return -1;\n        }\n\n        // Return the smallest odd number\n        return smallest;\n}",False,True,,83,-48037888,15977.0,0.94,15977.0,0.6266666666666666,6.133084058761597
"#include <hpx/hpx_main.hpp>\n\n/* Return the value of the smallest odd number in the vector x.\n   Use HPX to compute in parallel.  Assume HPX has already been initialized.\n   Examples:\n\n   input: [7, 9, 5, 2, 8, 16, 4, 1]\n   output: 1\n\n   input: [8, 36, 7, 2, 11]\n   output: 7\n*/\nint smallestOdd(std::vector<int> const& x) {",28_reduce_smallest_odd_number,reduce,cpp,hpx,0.2,0.95,True,2048,False,"int smallestOdd(std::vector<int> const& x) {\n        \n        // Create a vector to store the odd numbers\n        std::vector<int> oddNumbers;\n\n        // Iterate over the input vector\n        for (int i = 0; i < x.size(); i++) {\n            // Check if the number is odd\n            if (x[i] % 2!= 0) {\n                // If it is, add it to the oddNumbers vector\n                oddNumbers.push_back(x[i]);\n            }\n        }\n\n        // Use HPX to find the minimum value in the oddNumbers vector\n        auto min_value = hpx::min_element(oddNumbers.begin(), oddNumbers.end());\n\n        // Return the minimum value\n        return *min_value;\n}",False,True,,84,-42004480,15977.0,0.94,15977.0,0.6233333333333334,6.13892674446106
"#include <hpx/hpx_main.hpp>\n\n/* Return the value of the smallest odd number in the vector x.\n   Use HPX to compute in parallel.  Assume HPX has already been initialized.\n   Examples:\n\n   input: [7, 9, 5, 2, 8, 16, 4, 1]\n   output: 1\n\n   input: [8, 36, 7, 2, 11]\n   output: 7\n*/\nint smallestOdd(std::vector<int> const& x) {",28_reduce_smallest_odd_number,reduce,cpp,hpx,0.2,0.95,True,2048,False,"int smallestOdd(std::vector<int> const& x) {\n        \n        // Create a vector to store the odd numbers\n        std::vector<int> odd_numbers;\n\n        // Iterate over the input vector\n        for (int i = 0; i < x.size(); ++i) {\n            // Check if the number is odd\n            if (x[i] % 2!= 0) {\n                // If it is, add it to the odd_numbers vector\n                odd_numbers.push_back(x[i]);\n            }\n        }\n\n        // Use HPX to compute the minimum value in the odd_numbers vector in parallel\n        auto minimum = hpx::parallel::min_element(odd_numbers.begin(), odd_numbers.end());\n\n        // Return the minimum value\n        return *minimum;\n}",False,True,,85,-15532032,15977.0,0.94,15977.0,0.47,4.088926315307617
"#include <hpx/hpx_main.hpp>\n\n/* Return the value of the smallest odd number in the vector x.\n   Use HPX to compute in parallel.  Assume HPX has already been initialized.\n   Examples:\n\n   input: [7, 9, 5, 2, 8, 16, 4, 1]\n   output: 1\n\n   input: [8, 36, 7, 2, 11]\n   output: 7\n*/\nint smallestOdd(std::vector<int> const& x) {",28_reduce_smallest_odd_number,reduce,cpp,hpx,0.2,0.95,True,2048,False,"int smallestOdd(std::vector<int> const& x) {\n        \n        // Initialize the smallest odd number to a large value\n        int smallest_odd = std::numeric_limits<int>::max();\n\n        // Use HPX to parallelize the loop\n        hpx::parallel::for_loop(hpx::parallel::execution::par, 0, x.size(), 0,\n            [&](int i) {\n                // Check if the number is odd and smaller than the current smallest odd number\n                if (x[i] % 2!= 0 && x[i] < smallest_odd) {\n                    // Update the smallest odd number\n                    smallest_odd = x[i];\n                }\n            });\n\n        // Return the smallest odd number\n        return smallest_odd;\n}",False,True,,86,-98304,15977.0,0.94,15977.0,0.94,4.090958118438721
"#include <hpx/hpx_main.hpp>\n\n/* Return the value of the smallest odd number in the vector x.\n   Use HPX to compute in parallel.  Assume HPX has already been initialized.\n   Examples:\n\n   input: [7, 9, 5, 2, 8, 16, 4, 1]\n   output: 1\n\n   input: [8, 36, 7, 2, 11]\n   output: 7\n*/\nint smallestOdd(std::vector<int> const& x) {",28_reduce_smallest_odd_number,reduce,cpp,hpx,0.2,0.95,True,2048,False,"int smallestOdd(std::vector<int> const& x) {\n        \n        // Initialize the smallest odd number as a large value\n        int smallest_odd = std::numeric_limits<int>::max();\n\n        // Use HPX to parallelize the loop\n        hpx::parallel::for_loop(hpx::parallel::execution::par, 0, x.size(), 0,\n            [&](int i) {\n                // Check if the number is odd and smaller than the current smallest odd number\n                if (x[i] % 2!= 0 && x[i] < smallest_odd) {\n                    // Update the smallest odd number\n                    smallest_odd = x[i];\n                }\n            });\n\n        // Return the smallest odd number\n        return smallest_odd;\n}",False,True,,87,6639616,15977.0,0.94,15977.0,0.8366666666666666,6.1398115158081055
"#include <hpx/hpx_main.hpp>\n\n/* Return the value of the smallest odd number in the vector x.\n   Use HPX to compute in parallel.  Assume HPX has already been initialized.\n   Examples:\n\n   input: [7, 9, 5, 2, 8, 16, 4, 1]\n   output: 1\n\n   input: [8, 36, 7, 2, 11]\n   output: 7\n*/\nint smallestOdd(std::vector<int> const& x) {",28_reduce_smallest_odd_number,reduce,cpp,hpx,0.2,0.95,True,2048,False,"int smallestOdd(std::vector<int> const& x) {\n        \n        // Create a vector to store the odd numbers\n        std::vector<int> oddNumbers;\n\n        // Iterate through the input vector\n        for (int i = 0; i < x.size(); i++) {\n            // If the number is odd, add it to the oddNumbers vector\n            if (x[i] % 2!= 0) {\n                oddNumbers.push_back(x[i]);\n            }\n        }\n\n        // Use HPX to find the minimum value in the oddNumbers vector\n        hpx::future<int> min_value = hpx::min_element(oddNumbers.begin(), oddNumbers.end());\n\n        // Return the minimum value\n        return min_value.get();\n}",False,True,,88,-1085440,15977.0,0.94,15977.0,0.47,4.113964319229126
"#include <hpx/hpx_main.hpp>\n\n/* Return the value of the smallest odd number in the vector x.\n   Use HPX to compute in parallel.  Assume HPX has already been initialized.\n   Examples:\n\n   input: [7, 9, 5, 2, 8, 16, 4, 1]\n   output: 1\n\n   input: [8, 36, 7, 2, 11]\n   output: 7\n*/\nint smallestOdd(std::vector<int> const& x) {",28_reduce_smallest_odd_number,reduce,cpp,hpx,0.2,0.95,True,2048,False,"int smallestOdd(std::vector<int> const& x) {\n        \n        // Create a vector to store the odd numbers\n        std::vector<int> oddNumbers;\n\n        // Iterate over the input vector\n        for (int i = 0; i < x.size(); i++) {\n            // Check if the number is odd\n            if (x[i] % 2!= 0) {\n                // If it is, add it to the oddNumbers vector\n                oddNumbers.push_back(x[i]);\n            }\n        }\n\n        // Use HPX to find the minimum value in the oddNumbers vector in parallel\n        int minOdd = hpx::parallel::min_element(oddNumbers.begin(), oddNumbers.end());\n\n        // Return the minimum odd number\n        return minOdd;\n}",False,True,,89,-901120,15977.0,0.94,15977.0,0.94,6.13104772567749
"#include <hpx/hpx_main.hpp>\n\n/* Return the value of the smallest odd number in the vector x.\n   Use HPX to compute in parallel.  Assume HPX has already been initialized.\n   Examples:\n\n   input: [7, 9, 5, 2, 8, 16, 4, 1]\n   output: 1\n\n   input: [8, 36, 7, 2, 11]\n   output: 7\n*/\nint smallestOdd(std::vector<int> const& x) {",28_reduce_smallest_odd_number,reduce,cpp,hpx,0.2,0.95,True,2048,False,"int smallestOdd(std::vector<int> const& x) {\n        \n        // Create a vector to hold the results from each thread\n        std::vector<int> results(hpx::get_num_localities());\n\n        // Create a HPX parallel for loop to find the smallest odd number in each subvector\n        hpx::parallel::for_loop(\n            hpx::parallel::execution::par,\n            0,\n            x.size(),\n            1,\n            [&](int i) {\n                int smallest = std::numeric_limits<int>::max();\n                for (int j = i; j < x.size(); j += hpx::get_num_localities()) {\n                    if (x[j] % 2!= 0 && x[j] < smallest) {\n                        smallest = x[j];\n                    }\n                }\n                results[hpx::get_locality_id()] = smallest;\n            }\n        );\n\n        // Find the smallest odd number among the results from each thread\n        int smallest = std::numeric_limits<int>::max();\n        for (int i = 0; i < results.size(); ++i) {\n            if (results[i] < smallest) {\n                smallest = results[i];\n            }\n        }\n\n        return smallest;\n}",False,True,,90,384966656,15977.0,0.94,15977.0,0.6266666666666666,6.1278462409973145
"#include <hpx/hpx_main.hpp>\n\n/* Return the value of the smallest odd number in the vector x.\n   Use HPX to compute in parallel.  Assume HPX has already been initialized.\n   Examples:\n\n   input: [7, 9, 5, 2, 8, 16, 4, 1]\n   output: 1\n\n   input: [8, 36, 7, 2, 11]\n   output: 7\n*/\nint smallestOdd(std::vector<int> const& x) {",28_reduce_smallest_odd_number,reduce,cpp,hpx,0.2,0.95,True,2048,False,"int smallestOdd(std::vector<int> const& x) {\n        \n        // Create a vector to store the odd numbers\n        std::vector<int> oddNumbers;\n\n        // Iterate over the input vector\n        for (int i = 0; i < x.size(); i++) {\n            // Check if the current number is odd\n            if (x[i] % 2!= 0) {\n                // If it is, add it to the oddNumbers vector\n                oddNumbers.push_back(x[i]);\n            }\n        }\n\n        // Use HPX to find the minimum value in the oddNumbers vector\n        auto min_value = hpx::min_element(oddNumbers.begin(), oddNumbers.end());\n\n        // Return the minimum value\n        return *min_value;\n}",False,True,,91,-22794240,15977.0,0.94,15977.0,0.6,4.0919811725616455
"#include <hpx/hpx_main.hpp>\n\n/* Return the value of the smallest odd number in the vector x.\n   Use HPX to compute in parallel.  Assume HPX has already been initialized.\n   Examples:\n\n   input: [7, 9, 5, 2, 8, 16, 4, 1]\n   output: 1\n\n   input: [8, 36, 7, 2, 11]\n   output: 7\n*/\nint smallestOdd(std::vector<int> const& x) {",28_reduce_smallest_odd_number,reduce,cpp,hpx,0.2,0.95,True,2048,False,"int smallestOdd(std::vector<int> const& x) {\n        \n        // Initialize the smallest odd number as the maximum integer value\n        int smallest_odd = std::numeric_limits<int>::max();\n\n        // Use HPX to parallelize the loop\n        hpx::parallel::for_loop(hpx::parallel::execution::par, 0, x.size(), 0, [&](int i) {\n            // Check if the number is odd and less than the current smallest odd number\n            if (x[i] % 2!= 0 && x[i] < smallest_odd) {\n                // If it is, update the smallest odd number\n                smallest_odd = x[i];\n            }\n        });\n\n        // If no odd number was found, return the maximum integer value\n        if (smallest_odd == std::numeric_limits<int>::max()) {\n            return -1;\n        }\n\n        return smallest_odd;\n}",False,True,,92,-486436864,15977.0,0.94,15977.0,0.8566666666666666,6.138164520263672
"#include <hpx/hpx_main.hpp>\n\n/* Return the value of the smallest odd number in the vector x.\n   Use HPX to compute in parallel.  Assume HPX has already been initialized.\n   Examples:\n\n   input: [7, 9, 5, 2, 8, 16, 4, 1]\n   output: 1\n\n   input: [8, 36, 7, 2, 11]\n   output: 7\n*/\nint smallestOdd(std::vector<int> const& x) {",28_reduce_smallest_odd_number,reduce,cpp,hpx,0.2,0.95,True,2048,False,"int smallestOdd(std::vector<int> const& x) {\n        \n        // Create a vector of booleans to store the result of the modulo operation\n        std::vector<bool> odd_numbers(x.size());\n\n        // Use HPX to compute the modulo operation in parallel\n        hpx::parallel::transform(\n            hpx::parallel::execution::par,\n            x.begin(), x.end(),\n            odd_numbers.begin(),\n            [](int i) { return i % 2!= 0; }\n        );\n\n        // Find the smallest odd number\n        auto smallest_odd = std::min_element(odd_numbers.begin(), odd_numbers.end());\n\n        // If there is no odd number, return -1\n        if (smallest_odd == odd_numbers.end()) {\n            return -1;\n        }\n\n        // Return the index of the smallest odd number\n        return std::distance(odd_numbers.begin(), smallest_odd);\n}",False,True,,93,59752448,15977.0,0.94,15977.0,0.6266666666666666,6.144702911376953
"#include <hpx/hpx_main.hpp>\n\n/* Return the value of the smallest odd number in the vector x.\n   Use HPX to compute in parallel.  Assume HPX has already been initialized.\n   Examples:\n\n   input: [7, 9, 5, 2, 8, 16, 4, 1]\n   output: 1\n\n   input: [8, 36, 7, 2, 11]\n   output: 7\n*/\nint smallestOdd(std::vector<int> const& x) {",28_reduce_smallest_odd_number,reduce,cpp,hpx,0.2,0.95,True,2048,False,"int smallestOdd(std::vector<int> const& x) {\n        \n        // Create a vector to store the odd numbers\n        std::vector<int> oddNumbers;\n\n        // Iterate over the input vector\n        for (int i = 0; i < x.size(); i++) {\n            // Check if the number is odd\n            if (x[i] % 2!= 0) {\n                // If it is, add it to the oddNumbers vector\n                oddNumbers.push_back(x[i]);\n            }\n        }\n\n        // Use HPX to find the minimum value in the oddNumbers vector\n        auto minimum = hpx::min_element(oddNumbers.begin(), oddNumbers.end());\n\n        // Return the minimum value\n        return *minimum;\n}",False,True,,94,6934528,15977.0,0.94,15977.0,0.47,4.085984468460083
"#include <hpx/hpx_main.hpp>\n\n/* Return the value of the smallest odd number in the vector x.\n   Use HPX to compute in parallel.  Assume HPX has already been initialized.\n   Examples:\n\n   input: [7, 9, 5, 2, 8, 16, 4, 1]\n   output: 1\n\n   input: [8, 36, 7, 2, 11]\n   output: 7\n*/\nint smallestOdd(std::vector<int> const& x) {",28_reduce_smallest_odd_number,reduce,cpp,hpx,0.2,0.95,True,2048,False,"int smallestOdd(std::vector<int> const& x) {\n        \n        // Create a vector to store the odd numbers\n        std::vector<int> oddNumbers;\n\n        // Iterate over the input vector\n        for (int i = 0; i < x.size(); i++) {\n            // Check if the number is odd\n            if (x[i] % 2!= 0) {\n                // If it is, add it to the oddNumbers vector\n                oddNumbers.push_back(x[i]);\n            }\n        }\n\n        // Use HPX to find the minimum value in the oddNumbers vector\n        auto min_value = hpx::min_element(oddNumbers.begin(), oddNumbers.end());\n\n        // Return the minimum value\n        return *min_value;\n}",False,True,,95,-1007616,15977.0,0.94,15977.0,0.94,6.130950927734375
"#include <hpx/hpx_main.hpp>\n\n/* Return the value of the smallest odd number in the vector x.\n   Use HPX to compute in parallel.  Assume HPX has already been initialized.\n   Examples:\n\n   input: [7, 9, 5, 2, 8, 16, 4, 1]\n   output: 1\n\n   input: [8, 36, 7, 2, 11]\n   output: 7\n*/\nint smallestOdd(std::vector<int> const& x) {",28_reduce_smallest_odd_number,reduce,cpp,hpx,0.2,0.95,True,2048,False,"int smallestOdd(std::vector<int> const& x) {\n        \n        // Create a vector to store the odd numbers\n        std::vector<int> oddNumbers;\n\n        // Iterate over the input vector\n        for (int i = 0; i < x.size(); i++) {\n            // Check if the number is odd\n            if (x[i] % 2!= 0) {\n                // If it is, add it to the oddNumbers vector\n                oddNumbers.push_back(x[i]);\n            }\n        }\n\n        // Use HPX to find the smallest odd number in the oddNumbers vector\n        hpx::future<int> smallest = hpx::async(hpx::parallel::execution::seq,\n            [&oddNumbers]() {\n                return *std::min_element(oddNumbers.begin(), oddNumbers.end());\n            });\n\n        // Return the result\n        return smallest.get();\n}",False,True,,96,81920,15977.0,0.94,15977.0,0.6266666666666666,6.1388280391693115
"#include <hpx/hpx_main.hpp>\n\n/* Return the value of the smallest odd number in the vector x.\n   Use HPX to compute in parallel.  Assume HPX has already been initialized.\n   Examples:\n\n   input: [7, 9, 5, 2, 8, 16, 4, 1]\n   output: 1\n\n   input: [8, 36, 7, 2, 11]\n   output: 7\n*/\nint smallestOdd(std::vector<int> const& x) {",28_reduce_smallest_odd_number,reduce,cpp,hpx,0.2,0.95,True,2048,False,"int smallestOdd(std::vector<int> const& x) {\n        \n        // Create a vector to store the odd numbers\n        std::vector<int> oddNumbers;\n\n        // Iterate over the input vector\n        for (int i = 0; i < x.size(); i++) {\n            // Check if the number is odd\n            if (x[i] % 2!= 0) {\n                // If it is, add it to the oddNumbers vector\n                oddNumbers.push_back(x[i]);\n            }\n        }\n\n        // Use HPX to compute the minimum value in the oddNumbers vector in parallel\n        hpx::future<int> min_value = hpx::parallel::min_element(oddNumbers.begin(), oddNumbers.end());\n\n        // Return the minimum value\n        return min_value.get();\n}",False,True,,97,-36528128,15977.0,0.94,15977.0,0.6266666666666666,6.143182039260864
"#include <hpx/hpx_main.hpp>\n\n/* Return the value of the smallest odd number in the vector x.\n   Use HPX to compute in parallel.  Assume HPX has already been initialized.\n   Examples:\n\n   input: [7, 9, 5, 2, 8, 16, 4, 1]\n   output: 1\n\n   input: [8, 36, 7, 2, 11]\n   output: 7\n*/\nint smallestOdd(std::vector<int> const& x) {",28_reduce_smallest_odd_number,reduce,cpp,hpx,0.2,0.95,True,2048,False,"int smallestOdd(std::vector<int> const& x) {\n        \n        // Create a vector to store the odd numbers\n        std::vector<int> oddNumbers;\n\n        // Iterate over the input vector\n        for(int i = 0; i < x.size(); i++) {\n            // Check if the current number is odd\n            if(x[i] % 2!= 0) {\n                // If it is, add it to the oddNumbers vector\n                oddNumbers.push_back(x[i]);\n            }\n        }\n\n        // Use HPX to find the minimum value in the oddNumbers vector\n        auto minimum = hpx::min_element(oddNumbers.begin(), oddNumbers.end());\n\n        // Return the minimum value\n        return *minimum;\n}",False,True,,98,30183424,15977.0,0.94,15977.0,0.6266666666666666,6.138789176940918
"#include <hpx/hpx_main.hpp>\n\n/* Return the value of the smallest odd number in the vector x.\n   Use HPX to compute in parallel.  Assume HPX has already been initialized.\n   Examples:\n\n   input: [7, 9, 5, 2, 8, 16, 4, 1]\n   output: 1\n\n   input: [8, 36, 7, 2, 11]\n   output: 7\n*/\nint smallestOdd(std::vector<int> const& x) {",28_reduce_smallest_odd_number,reduce,cpp,hpx,0.2,0.95,True,2048,False,"int smallestOdd(std::vector<int> const& x) {\n        \n        // Create a vector to hold the odd numbers\n        std::vector<int> oddNumbers;\n\n        // Iterate over the input vector\n        for (int i = 0; i < x.size(); i++) {\n            // If the number is odd, add it to the oddNumbers vector\n            if (x[i] % 2!= 0) {\n                oddNumbers.push_back(x[i]);\n            }\n        }\n\n        // Use HPX to find the minimum value in the oddNumbers vector\n        auto minimum = hpx::min_element(oddNumbers.begin(), oddNumbers.end());\n\n        // Return the minimum value\n        return *minimum;\n}",False,True,,99,13148160,15977.0,0.94,15977.0,0.6266666666666666,6.139976739883423
"#include <hpx/hpx_main.hpp>\n\n/* Return the sum of the minimum value at each index of vectors x and y for all indices.\n   i.e. sum = min(x_0, y_0) + min(x_1, y_1) + min(x_2, y_2) + ...\n   Use HPX to sum in parallel.  Assume HPX has already been initialized.\n   Example:\n\n   input: x=[3, 4, 0, 2, 3], y=[2, 5, 3, 1, 7]\n   output: 10\n*/\ndouble sumOfMinimumElements(std::vector<double> const& x, std::vector<double> const& y) {",29_reduce_sum_of_min_of_pairs,reduce,cpp,hpx,0.2,0.95,True,2048,False,"double sumOfMinimumElements(std::vector<double> const& x, std::vector<double> const& y) {\n        \n        // Create a vector to store the minimum values of each pair of elements from x and y\n        std::vector<double> min_values(x.size());\n\n        // Use HPX to parallelize the operation\n        hpx::parallel::transform(x.begin(), x.end(), y.begin(), min_values.begin(),\n            [](double a, double b) { return std::min(a, b); });\n\n        // Use HPX to parallelize the operation\n        double sum = hpx::parallel::reduce(min_values.begin(), min_values.end(), 0.0);\n\n        return sum;\n}",False,True,,0,-29237248,15977.0,0.94,15977.0,0.47,4.090069770812988
"#include <hpx/hpx_main.hpp>\n\n/* Return the sum of the minimum value at each index of vectors x and y for all indices.\n   i.e. sum = min(x_0, y_0) + min(x_1, y_1) + min(x_2, y_2) + ...\n   Use HPX to sum in parallel.  Assume HPX has already been initialized.\n   Example:\n\n   input: x=[3, 4, 0, 2, 3], y=[2, 5, 3, 1, 7]\n   output: 10\n*/\ndouble sumOfMinimumElements(std::vector<double> const& x, std::vector<double> const& y) {",29_reduce_sum_of_min_of_pairs,reduce,cpp,hpx,0.2,0.95,True,2048,False,"double sumOfMinimumElements(std::vector<double> const& x, std::vector<double> const& y) {\n        \n        // Create a vector to hold the minimum values at each index\n        std::vector<double> minValues(x.size());\n\n        // Use HPX to calculate the minimum value at each index in parallel\n        hpx::parallel::transform(hpx::parallel::execution::par, x.begin(), x.end(), y.begin(), minValues.begin(),\n            [](double a, double b) { return std::min(a, b); });\n\n        // Use HPX to sum the minimum values in parallel\n        double sum = hpx::parallel::reduce(hpx::parallel::execution::par, minValues.begin(), minValues.end(), 0.0);\n\n        return sum;\n}",False,True,,1,12091392,15977.0,0.94,15977.0,0.47,4.096575021743774
"#include <hpx/hpx_main.hpp>\n\n/* Return the sum of the minimum value at each index of vectors x and y for all indices.\n   i.e. sum = min(x_0, y_0) + min(x_1, y_1) + min(x_2, y_2) + ...\n   Use HPX to sum in parallel.  Assume HPX has already been initialized.\n   Example:\n\n   input: x=[3, 4, 0, 2, 3], y=[2, 5, 3, 1, 7]\n   output: 10\n*/\ndouble sumOfMinimumElements(std::vector<double> const& x, std::vector<double> const& y) {",29_reduce_sum_of_min_of_pairs,reduce,cpp,hpx,0.2,0.95,True,2048,False,"double sumOfMinimumElements(std::vector<double> const& x, std::vector<double> const& y) {\n        \n        // Create a HPX parallel execution policy\n        hpx::parallel::execution::parallel_executor exec;\n\n        // Create a HPX parallel reduction operation\n        hpx::parallel::execution::parallel_reduce_t parallel_reduce;\n\n        // Create a HPX parallel reduction operation with a sum operation\n        hpx::parallel::execution::parallel_reduce_t parallel_reduce_sum(hpx::parallel::execution::parallel_reduce_t::sum);\n\n        // Create a HPX parallel reduction operation with a sum operation and a minimum operation\n        hpx::parallel::execution::parallel_reduce_t parallel_reduce_sum_min(hpx::parallel::execution::parallel_reduce_t::sum, hpx::parallel::execution::parallel_reduce_t::min);\n\n        // Create a HPX parallel reduction operation with a sum operation and a minimum operation and a maximum operation\n        hpx::parallel::execution::parallel_reduce_t parallel_reduce_sum_min_max(hpx::parallel::execution::parallel_reduce_t::sum, hpx::parallel::execution::parallel_reduce_t::min, hpx::parallel::execution::parallel_reduce_t::max);\n\n        // Create a HPX parallel reduction operation with a sum operation and a minimum operation and a maximum operation and a product operation\n        hpx::parallel::execution::parallel_reduce_t parallel_reduce_sum_min_max_prod(hpx::parallel::execution::parallel_reduce_t::sum, hpx::parallel::execution::parallel_reduce_t::min, hpx::parallel::execution::parallel_reduce_t::max, hpx::parallel::execution::parallel_reduce_t::product);\n\n        // Create a HPX parallel reduction operation with a sum operation and a minimum operation and a maximum operation and a product operation and a division operation\n        hpx::parallel::execution::parallel_reduce_t parallel_reduce_sum_min_max_prod_div(hpx::parallel::execution::parallel_reduce_t::sum, hpx::parallel::execution::parallel_reduce_t::min, hpx::parallel::execution::parallel_reduce_t::max, hpx::parallel::execution::parallel_reduce_t::product, hpx::parallel::execution::parallel_reduce_t::division);\n\n        // Create a HPX parallel reduction operation with a sum operation and a minimum operation and a maximum operation and a product operation and a division operation and a subtraction operation\n        hpx::parallel::execution::parallel_reduce_t parallel_reduce_sum_min_max_prod_div_sub(hpx::parallel::execution::parallel_reduce_t::sum, hpx::parallel::execution::parallel_reduce_t::min, hpx::parallel::execution::parallel_reduce_t::max, hpx::parallel::execution::parallel_reduce_t::product, hpx::parallel::execution::parallel_reduce_t::division, hpx::parallel::execution::parallel_reduce_t::subtraction);\n\n        // Create a HPX parallel reduction operation with a sum operation and a minimum operation and a maximum operation and a product operation and a division operation and a subtraction operation and a addition operation\n        hpx::parallel::execution::parallel_reduce_t parallel_reduce_sum_min_max_prod_div_sub_add(hpx::parallel::execution::parallel_reduce_t::sum, hpx::parallel::execution::parallel_reduce_t::min, hpx::parallel::execution::parallel_reduce_t::max, hpx::parallel::execution::parallel_reduce_t::product, hpx::parallel::execution::parallel_reduce_t::division, hpx::parallel::execution::parallel_reduce_t::subtraction, hpx::parallel::execution::parallel_reduce_t::addition);\n\n        // Create a HPX parallel reduction operation with a sum operation and a minimum operation and a maximum operation and a product operation and a division operation and a subtraction operation and a addition operation and a modulo operation\n        hpx::parallel::execution::parallel_reduce_t parallel_reduce_sum_min_max_prod_div_sub_add_mod(hpx::parallel::execution::parallel_reduce_t::sum, hpx::parallel::execution::parallel_reduce_t::min, hpx::parallel::execution::parallel_reduce_t::max, hpx::parallel::execution::parallel_reduce_t::product, hpx::parallel::execution::parallel_reduce_t::division, hpx::parallel::execution::parallel_reduce_t::subtraction, hpx::parallel::execution::parallel_reduce_t::addition, hpx::parallel::execution::parallel_reduce_t::modulo);\n\n        // Create a HPX parallel reduction operation with a sum operation and a minimum operation and a maximum operation and a product operation and a division operation and a subtraction operation and a addition operation and a modulo operation and a bitwise_and operation\n        hpx::parallel::execution::parallel_reduce_t parallel_reduce_sum_min_max_prod_div_sub_add_mod_and(hpx::parallel::execution::parallel_reduce_t::sum, hpx::parallel::execution::parallel_reduce_t::min, hpx::parallel::execution::parallel_reduce_t::max, hpx::parallel::execution::parallel_reduce_t::product, hpx::parallel::execution::parallel_reduce_t::division, hpx::parallel::execution::parallel_reduce_t::subtraction, hpx::parallel::execution::parallel_reduce_t::addition, hpx::parallel::execution::parallel_reduce_t::modulo, hpx::parallel::execution::parallel_reduce_t::bitwise_and);\n\n        // Create a HPX parallel reduction operation with a sum operation and a minimum operation and a maximum operation and a product operation and a division operation and a subtraction operation and a addition operation and a modulo operation and a bitwise_and operation and a bitwise_or operation\n        hpx::parallel::execution::parallel_reduce_t parallel_reduce_sum_min_max_prod_div_sub_add_mod_and_or(hpx::parallel::execution::parallel_reduce_t::sum, hpx::parallel::execution::parallel_reduce_t::min, hpx::parallel::execution::parallel_reduce_t::max, hpx::parallel::execution::parallel_reduce_t::product, hpx::parallel::execution::parallel_reduce_t::division, hpx::parallel::execution::parallel_reduce_t::subtraction, hpx::parallel::execution::parallel_reduce_t::addition, hpx::parallel::execution::parallel_reduce_t::modulo, hpx::parallel::execution::parallel_reduce_t::bitwise_and, hpx::parallel::execution::parallel_reduce_t::bitwise_or);\n\n        // Create a HPX parallel reduction operation with a sum operation and a minimum operation and a maximum operation and a product operation and a division operation and a subtraction operation and a addition operation and a modulo operation and a bitwise_and operation and a bitwise_or operation and a bitwise_xor operation\n        hpx::parallel::execution::parallel_reduce_t parallel_reduce_sum_min_max_prod_div_sub_add_mod_and_or_xor(hpx::parallel::execution::parallel_reduce_t::sum, hpx::parallel::execution::parallel_reduce_t::min, hpx::parallel::execution::parallel_reduce_t::max, hpx::parallel::execution::parallel_reduce_t::product, hpx::parallel::execution::parallel_reduce_t::division, hpx::parallel::execution::parallel_reduce_t::subtraction, hpx::parallel::execution::parallel_reduce_t::addition, hpx::parallel::execution::parallel_reduce_t::modulo, hpx::parallel::execution::parallel_reduce_t::bitwise_and, hpx::parallel::execution::parallel_reduce_t::bitwise_or, hpx::parallel::execution::parallel_reduce_t::bitwise_xor);\n\n        // Create a HPX parallel reduction operation with a sum operation and a minimum operation and a maximum operation and a product operation and a division operation and a subtraction operation and a addition operation and a modulo operation and a bitwise_and operation and a bitwise_or operation and a bitwise_xor operation and a logical_and operation\n        hpx::parallel::execution::parallel_reduce_t parallel_reduce_sum_min_max_prod_div_sub_add_mod_and_or_xor_and(hpx::parallel::execution::parallel_reduce",False,True,,2,-56356864,15977.0,0.96,15977.0,0.9477777777777777,36.80837965011597
"#include <hpx/hpx_main.hpp>\n\n/* Return the sum of the minimum value at each index of vectors x and y for all indices.\n   i.e. sum = min(x_0, y_0) + min(x_1, y_1) + min(x_2, y_2) + ...\n   Use HPX to sum in parallel.  Assume HPX has already been initialized.\n   Example:\n\n   input: x=[3, 4, 0, 2, 3], y=[2, 5, 3, 1, 7]\n   output: 10\n*/\ndouble sumOfMinimumElements(std::vector<double> const& x, std::vector<double> const& y) {",29_reduce_sum_of_min_of_pairs,reduce,cpp,hpx,0.2,0.95,True,2048,False,"double sumOfMinimumElements(std::vector<double> const& x, std::vector<double> const& y) {\n        \n        // Create a vector to hold the minimum values of each pair of elements from x and y\n        std::vector<double> min_values(x.size());\n\n        // Use HPX to parallelize the computation of the minimum values\n        hpx::parallel::transform(\n            hpx::parallel::execution::par,\n            x.begin(), x.end(),\n            y.begin(),\n            min_values.begin(),\n            [](double a, double b) { return std::min(a, b); }\n        );\n\n        // Use HPX to parallelize the computation of the sum of the minimum values\n        double sum = hpx::parallel::reduce(\n            hpx::parallel::execution::par,\n            min_values.begin(), min_values.end(),\n            0.0,\n            [](double a, double b) { return a + b; }\n        );\n\n        return sum;\n}",False,True,,3,11976704,15977.0,0.94,15977.0,0.47,4.090579032897949
"#include <hpx/hpx_main.hpp>\n\n/* Return the sum of the minimum value at each index of vectors x and y for all indices.\n   i.e. sum = min(x_0, y_0) + min(x_1, y_1) + min(x_2, y_2) + ...\n   Use HPX to sum in parallel.  Assume HPX has already been initialized.\n   Example:\n\n   input: x=[3, 4, 0, 2, 3], y=[2, 5, 3, 1, 7]\n   output: 10\n*/\ndouble sumOfMinimumElements(std::vector<double> const& x, std::vector<double> const& y) {",29_reduce_sum_of_min_of_pairs,reduce,cpp,hpx,0.2,0.95,True,2048,False,"double sumOfMinimumElements(std::vector<double> const& x, std::vector<double> const& y) {\n        \n        // Create a vector of pairs to hold the minimum values of each index\n        std::vector<std::pair<double, double>> min_values(x.size());\n\n        // Use HPX to parallelize the calculation of the minimum values\n        hpx::parallel::transform(hpx::parallel::execution::par, x.begin(), x.end(), y.begin(), min_values.begin(),\n            [](double a, double b) { return std::min(a, b); });\n\n        // Use HPX to parallelize the calculation of the sum of the minimum values\n        double sum = hpx::parallel::reduce(hpx::parallel::execution::par, min_values.begin(), min_values.end(), 0.0,\n            [](double a, double b) { return a + b; });\n\n        return sum;\n}",False,True,,4,19501056,15977.0,0.94,15977.0,0.47,4.090990781784058
"#include <hpx/hpx_main.hpp>\n\n/* Return the sum of the minimum value at each index of vectors x and y for all indices.\n   i.e. sum = min(x_0, y_0) + min(x_1, y_1) + min(x_2, y_2) + ...\n   Use HPX to sum in parallel.  Assume HPX has already been initialized.\n   Example:\n\n   input: x=[3, 4, 0, 2, 3], y=[2, 5, 3, 1, 7]\n   output: 10\n*/\ndouble sumOfMinimumElements(std::vector<double> const& x, std::vector<double> const& y) {",29_reduce_sum_of_min_of_pairs,reduce,cpp,hpx,0.2,0.95,True,2048,False,"double sumOfMinimumElements(std::vector<double> const& x, std::vector<double> const& y) {\n        \n        // Create a vector to hold the minimum values for each index\n        std::vector<double> minValues(x.size());\n\n        // Use HPX to calculate the minimum value for each index in parallel\n        hpx::parallel::transform(x.begin(), x.end(), y.begin(), minValues.begin(),\n            [](double a, double b) { return std::min(a, b); });\n\n        // Use HPX to sum the minimum values in parallel\n        double sum = hpx::parallel::accumulate(minValues.begin(), minValues.end(), 0.0);\n\n        return sum;\n}",False,True,,5,-2588672,15977.0,0.94,15977.0,0.47,4.099817752838135
"#include <hpx/hpx_main.hpp>\n\n/* Return the sum of the minimum value at each index of vectors x and y for all indices.\n   i.e. sum = min(x_0, y_0) + min(x_1, y_1) + min(x_2, y_2) + ...\n   Use HPX to sum in parallel.  Assume HPX has already been initialized.\n   Example:\n\n   input: x=[3, 4, 0, 2, 3], y=[2, 5, 3, 1, 7]\n   output: 10\n*/\ndouble sumOfMinimumElements(std::vector<double> const& x, std::vector<double> const& y) {",29_reduce_sum_of_min_of_pairs,reduce,cpp,hpx,0.2,0.95,True,2048,False,"double sumOfMinimumElements(std::vector<double> const& x, std::vector<double> const& y) {\n        \n        // Create a vector to store the minimum values at each index\n        std::vector<double> min_values(x.size());\n\n        // Use HPX to parallelize the calculation of the minimum values\n        hpx::parallel::transform(\n            hpx::parallel::execution::par,\n            x.begin(), x.end(),\n            y.begin(),\n            min_values.begin(),\n            [](double a, double b) { return std::min(a, b); }\n        );\n\n        // Use HPX to parallelize the calculation of the sum of the minimum values\n        double sum = hpx::parallel::reduce(\n            hpx::parallel::execution::par,\n            min_values.begin(), min_values.end(),\n            0.0,\n            std::plus<double>()\n        );\n\n        return sum;\n}",False,True,,6,3510272,15977.0,0.94,15977.0,0.94,4.101100444793701
"#include <hpx/hpx_main.hpp>\n\n/* Return the sum of the minimum value at each index of vectors x and y for all indices.\n   i.e. sum = min(x_0, y_0) + min(x_1, y_1) + min(x_2, y_2) + ...\n   Use HPX to sum in parallel.  Assume HPX has already been initialized.\n   Example:\n\n   input: x=[3, 4, 0, 2, 3], y=[2, 5, 3, 1, 7]\n   output: 10\n*/\ndouble sumOfMinimumElements(std::vector<double> const& x, std::vector<double> const& y) {",29_reduce_sum_of_min_of_pairs,reduce,cpp,hpx,0.2,0.95,True,2048,False,"double sumOfMinimumElements(std::vector<double> const& x, std::vector<double> const& y) {\n        \n        // Create a vector to store the minimum values\n        std::vector<double> min_values(x.size());\n\n        // Use HPX to parallelize the loop\n        hpx::parallel::for_loop(hpx::parallel::execution::par, 0, x.size(), 0,\n            [&](size_t i) {\n                min_values[i] = std::min(x[i], y[i]);\n            });\n\n        // Use HPX to parallelize the reduction\n        double sum = hpx::parallel::reduce(hpx::parallel::execution::par, min_values.begin(), min_values.end(), 0.0,\n            [](double a, double b) {\n                return a + b;\n            });\n\n        return sum;\n}",False,True,,7,999424,15977.0,0.94,15977.0,0.6266666666666666,6.130935192108154
"#include <hpx/hpx_main.hpp>\n\n/* Return the sum of the minimum value at each index of vectors x and y for all indices.\n   i.e. sum = min(x_0, y_0) + min(x_1, y_1) + min(x_2, y_2) + ...\n   Use HPX to sum in parallel.  Assume HPX has already been initialized.\n   Example:\n\n   input: x=[3, 4, 0, 2, 3], y=[2, 5, 3, 1, 7]\n   output: 10\n*/\ndouble sumOfMinimumElements(std::vector<double> const& x, std::vector<double> const& y) {",29_reduce_sum_of_min_of_pairs,reduce,cpp,hpx,0.2,0.95,True,2048,False,"double sumOfMinimumElements(std::vector<double> const& x, std::vector<double> const& y) {\n        \n        // Create a vector to hold the minimum values for each index\n        std::vector<double> min_values(x.size());\n\n        // Use HPX to parallelize the loop over the indices\n        hpx::parallel::for_loop(hpx::parallel::execution::par, 0, x.size(), 0,\n            [&](int i) {\n                min_values[i] = std::min(x[i], y[i]);\n            });\n\n        // Use HPX to parallelize the reduction of the min_values vector\n        double sum = hpx::parallel::reduce(hpx::parallel::execution::par, min_values.begin(), min_values.end(), 0.0,\n            [](double a, double b) {\n                return a + b;\n            });\n\n        return sum;\n}",False,True,,8,-66760704,15977.0,0.94,15977.0,0.47,4.091824531555176
"#include <hpx/hpx_main.hpp>\n\n/* Return the sum of the minimum value at each index of vectors x and y for all indices.\n   i.e. sum = min(x_0, y_0) + min(x_1, y_1) + min(x_2, y_2) + ...\n   Use HPX to sum in parallel.  Assume HPX has already been initialized.\n   Example:\n\n   input: x=[3, 4, 0, 2, 3], y=[2, 5, 3, 1, 7]\n   output: 10\n*/\ndouble sumOfMinimumElements(std::vector<double> const& x, std::vector<double> const& y) {",29_reduce_sum_of_min_of_pairs,reduce,cpp,hpx,0.2,0.95,True,2048,False,"double sumOfMinimumElements(std::vector<double> const& x, std::vector<double> const& y) {\n        \n        // Create a vector to hold the minimum values of each pair of elements from x and y\n        std::vector<double> min_values(x.size());\n\n        // Use HPX to parallelize the loop over the elements of x and y\n        hpx::parallel::transform(x.begin(), x.end(), y.begin(), min_values.begin(),\n            [](double a, double b) { return std::min(a, b); });\n\n        // Use HPX to parallelize the summation of the minimum values\n        double sum = hpx::parallel::reduce(min_values.begin(), min_values.end(), 0.0);\n\n        return sum;\n}",False,True,,9,20135936,15977.0,0.94,15977.0,0.47,4.085858345031738
"#include <hpx/hpx_main.hpp>\n\n/* Return the sum of the minimum value at each index of vectors x and y for all indices.\n   i.e. sum = min(x_0, y_0) + min(x_1, y_1) + min(x_2, y_2) + ...\n   Use HPX to sum in parallel.  Assume HPX has already been initialized.\n   Example:\n\n   input: x=[3, 4, 0, 2, 3], y=[2, 5, 3, 1, 7]\n   output: 10\n*/\ndouble sumOfMinimumElements(std::vector<double> const& x, std::vector<double> const& y) {",29_reduce_sum_of_min_of_pairs,reduce,cpp,hpx,0.2,0.95,True,2048,False,"double sumOfMinimumElements(std::vector<double> const& x, std::vector<double> const& y) {\n        \n        // Create a vector of pairs to hold the minimum values at each index\n        std::vector<std::pair<double, double>> min_values(x.size());\n\n        // Fill the vector with pairs of minimum values from x and y\n        hpx::parallel::transform(hpx::parallel::execution::par, x.begin(), x.end(), y.begin(), min_values.begin(),\n            [](double a, double b) { return std::min(a, b); });\n\n        // Use HPX to sum the minimum values in parallel\n        double sum = hpx::parallel::accumulate(hpx::parallel::execution::par, min_values.begin(), min_values.end(), 0.0);\n\n        return sum;\n}",False,True,,10,-19427328,15977.0,0.94,15977.0,0.94,4.088216304779053
"#include <hpx/hpx_main.hpp>\n\n/* Return the sum of the minimum value at each index of vectors x and y for all indices.\n   i.e. sum = min(x_0, y_0) + min(x_1, y_1) + min(x_2, y_2) + ...\n   Use HPX to sum in parallel.  Assume HPX has already been initialized.\n   Example:\n\n   input: x=[3, 4, 0, 2, 3], y=[2, 5, 3, 1, 7]\n   output: 10\n*/\ndouble sumOfMinimumElements(std::vector<double> const& x, std::vector<double> const& y) {",29_reduce_sum_of_min_of_pairs,reduce,cpp,hpx,0.2,0.95,True,2048,False,"double sumOfMinimumElements(std::vector<double> const& x, std::vector<double> const& y) {\n        \n        // Create a vector to hold the minimum values at each index\n        std::vector<double> min_values(x.size());\n\n        // Use HPX to parallelize the calculation of the minimum values\n        hpx::parallel::transform(\n            hpx::parallel::execution::par,\n            x.begin(), x.end(),\n            y.begin(),\n            min_values.begin(),\n            [](double a, double b) { return std::min(a, b); }\n        );\n\n        // Use HPX to parallelize the calculation of the sum of the minimum values\n        double sum = hpx::parallel::reduce(\n            hpx::parallel::execution::par,\n            min_values.begin(), min_values.end(),\n            0.0,\n            std::plus<double>()\n        );\n\n        return sum;\n}",False,True,,11,24600576,15977.0,0.94,15977.0,0.47,4.091041564941406
"#include <hpx/hpx_main.hpp>\n\n/* Return the sum of the minimum value at each index of vectors x and y for all indices.\n   i.e. sum = min(x_0, y_0) + min(x_1, y_1) + min(x_2, y_2) + ...\n   Use HPX to sum in parallel.  Assume HPX has already been initialized.\n   Example:\n\n   input: x=[3, 4, 0, 2, 3], y=[2, 5, 3, 1, 7]\n   output: 10\n*/\ndouble sumOfMinimumElements(std::vector<double> const& x, std::vector<double> const& y) {",29_reduce_sum_of_min_of_pairs,reduce,cpp,hpx,0.2,0.95,True,2048,False,"double sumOfMinimumElements(std::vector<double> const& x, std::vector<double> const& y) {\n        \n        // Create a vector to hold the minimum values for each index\n        std::vector<double> min_values(x.size());\n\n        // Use HPX to parallelize the calculation of the minimum values\n        hpx::parallel::transform(hpx::parallel::execution::par, x.begin(), x.end(), y.begin(), min_values.begin(),\n            [](double a, double b) { return std::min(a, b); });\n\n        // Use HPX to parallelize the calculation of the sum of the minimum values\n        double sum = hpx::parallel::reduce(hpx::parallel::execution::par, min_values.begin(), min_values.end(), 0.0,\n            [](double a, double b) { return a + b; });\n\n        return sum;\n}",False,True,,12,-12460032,15977.0,0.94,15977.0,0.47,4.09978461265564
"#include <hpx/hpx_main.hpp>\n\n/* Return the sum of the minimum value at each index of vectors x and y for all indices.\n   i.e. sum = min(x_0, y_0) + min(x_1, y_1) + min(x_2, y_2) + ...\n   Use HPX to sum in parallel.  Assume HPX has already been initialized.\n   Example:\n\n   input: x=[3, 4, 0, 2, 3], y=[2, 5, 3, 1, 7]\n   output: 10\n*/\ndouble sumOfMinimumElements(std::vector<double> const& x, std::vector<double> const& y) {",29_reduce_sum_of_min_of_pairs,reduce,cpp,hpx,0.2,0.95,True,2048,False,"double sumOfMinimumElements(std::vector<double> const& x, std::vector<double> const& y) {\n        \n        // Create a vector to store the minimum values\n        std::vector<double> min_values(x.size());\n\n        // Use HPX to parallelize the operation\n        hpx::parallel::transform(\n            hpx::parallel::execution::par,\n            x.begin(), x.end(),\n            y.begin(),\n            min_values.begin(),\n            [](double a, double b) { return std::min(a, b); }\n        );\n\n        // Use HPX to sum the minimum values\n        double sum = hpx::parallel::reduce(\n            hpx::parallel::execution::par,\n            min_values.begin(), min_values.end(),\n            0.0,\n            std::plus<double>()\n        );\n\n        return sum;\n}",False,True,,13,-14278656,15977.0,0.94,15977.0,0.6266666666666666,6.133926153182983
"#include <hpx/hpx_main.hpp>\n\n/* Return the sum of the minimum value at each index of vectors x and y for all indices.\n   i.e. sum = min(x_0, y_0) + min(x_1, y_1) + min(x_2, y_2) + ...\n   Use HPX to sum in parallel.  Assume HPX has already been initialized.\n   Example:\n\n   input: x=[3, 4, 0, 2, 3], y=[2, 5, 3, 1, 7]\n   output: 10\n*/\ndouble sumOfMinimumElements(std::vector<double> const& x, std::vector<double> const& y) {",29_reduce_sum_of_min_of_pairs,reduce,cpp,hpx,0.2,0.95,True,2048,False,"double sumOfMinimumElements(std::vector<double> const& x, std::vector<double> const& y) {\n        \n        // Create a vector to store the minimum values at each index\n        std::vector<double> minValues(x.size());\n\n        // Use HPX to parallelize the operation\n        hpx::parallel::transform(\n            hpx::parallel::execution::par,\n            x.begin(), x.end(),\n            y.begin(),\n            minValues.begin(),\n            [](double a, double b) { return std::min(a, b); }\n        );\n\n        // Use HPX to parallelize the reduction operation\n        double sum = hpx::parallel::reduce(\n            hpx::parallel::execution::par,\n            minValues.begin(), minValues.end(),\n            0.0,\n            std::plus<double>()\n        );\n\n        return sum;\n}",False,True,,14,-3575808,15977.0,0.94,15977.0,0.6266666666666666,6.131048679351807
"#include <hpx/hpx_main.hpp>\n\n/* Return the sum of the minimum value at each index of vectors x and y for all indices.\n   i.e. sum = min(x_0, y_0) + min(x_1, y_1) + min(x_2, y_2) + ...\n   Use HPX to sum in parallel.  Assume HPX has already been initialized.\n   Example:\n\n   input: x=[3, 4, 0, 2, 3], y=[2, 5, 3, 1, 7]\n   output: 10\n*/\ndouble sumOfMinimumElements(std::vector<double> const& x, std::vector<double> const& y) {",29_reduce_sum_of_min_of_pairs,reduce,cpp,hpx,0.2,0.95,True,2048,False,"double sumOfMinimumElements(std::vector<double> const& x, std::vector<double> const& y) {\n        \n        // Check if the vectors are of the same size\n        if (x.size()!= y.size()) {\n            throw std::invalid_argument(""Vectors must be of the same size"");\n        }\n\n        // Create a vector to hold the minimum values\n        std::vector<double> min_values(x.size());\n\n        // Use HPX to calculate the minimum value at each index in parallel\n        hpx::parallel::transform(x.begin(), x.end(), y.begin(), min_values.begin(),\n            [](double a, double b) { return std::min(a, b); });\n\n        // Use HPX to sum the minimum values in parallel\n        double sum = hpx::parallel::reduce(min_values.begin(), min_values.end(), 0.0);\n\n        return sum;\n}",False,True,,15,12947456,15977.0,0.94,15977.0,0.6266666666666666,6.131978988647461
"#include <hpx/hpx_main.hpp>\n\n/* Return the sum of the minimum value at each index of vectors x and y for all indices.\n   i.e. sum = min(x_0, y_0) + min(x_1, y_1) + min(x_2, y_2) + ...\n   Use HPX to sum in parallel.  Assume HPX has already been initialized.\n   Example:\n\n   input: x=[3, 4, 0, 2, 3], y=[2, 5, 3, 1, 7]\n   output: 10\n*/\ndouble sumOfMinimumElements(std::vector<double> const& x, std::vector<double> const& y) {",29_reduce_sum_of_min_of_pairs,reduce,cpp,hpx,0.2,0.95,True,2048,False,"double sumOfMinimumElements(std::vector<double> const& x, std::vector<double> const& y) {\n        \n        // Create a vector to hold the minimum values at each index\n        std::vector<double> min_values(x.size());\n\n        // Use HPX to parallelize the operation\n        hpx::parallel::transform(x.begin(), x.end(), y.begin(), min_values.begin(),\n            [](double a, double b) { return std::min(a, b); });\n\n        // Use HPX to parallelize the reduction operation\n        double sum = hpx::parallel::reduce(min_values.begin(), min_values.end(), 0.0,\n            [](double a, double b) { return a + b; });\n\n        return sum;\n}",False,True,,16,24580096,15977.0,0.94,15977.0,0.47,4.091886520385742
"#include <hpx/hpx_main.hpp>\n\n/* Return the sum of the minimum value at each index of vectors x and y for all indices.\n   i.e. sum = min(x_0, y_0) + min(x_1, y_1) + min(x_2, y_2) + ...\n   Use HPX to sum in parallel.  Assume HPX has already been initialized.\n   Example:\n\n   input: x=[3, 4, 0, 2, 3], y=[2, 5, 3, 1, 7]\n   output: 10\n*/\ndouble sumOfMinimumElements(std::vector<double> const& x, std::vector<double> const& y) {",29_reduce_sum_of_min_of_pairs,reduce,cpp,hpx,0.2,0.95,True,2048,False,"double sumOfMinimumElements(std::vector<double> const& x, std::vector<double> const& y) {\n        \n        // Create a vector to store the minimum values\n        std::vector<double> minValues(x.size());\n\n        // Use HPX to parallelize the loop\n        hpx::parallel::for_loop(hpx::parallel::execution::par, 0, x.size(), 0, [&](int i) {\n            minValues[i] = std::min(x[i], y[i]);\n        });\n\n        // Use HPX to parallelize the reduction\n        double sum = hpx::parallel::reduce(hpx::parallel::execution::par, minValues.begin(), minValues.end(), 0.0, std::plus<double>());\n\n        return sum;\n}",False,True,,17,-2756608,15977.0,0.94,15977.0,0.47,4.096574068069458
"#include <hpx/hpx_main.hpp>\n\n/* Return the sum of the minimum value at each index of vectors x and y for all indices.\n   i.e. sum = min(x_0, y_0) + min(x_1, y_1) + min(x_2, y_2) + ...\n   Use HPX to sum in parallel.  Assume HPX has already been initialized.\n   Example:\n\n   input: x=[3, 4, 0, 2, 3], y=[2, 5, 3, 1, 7]\n   output: 10\n*/\ndouble sumOfMinimumElements(std::vector<double> const& x, std::vector<double> const& y) {",29_reduce_sum_of_min_of_pairs,reduce,cpp,hpx,0.2,0.95,True,2048,False,"double sumOfMinimumElements(std::vector<double> const& x, std::vector<double> const& y) {\n        \n        // Create a vector to store the minimum values at each index\n        std::vector<double> min_values(x.size());\n\n        // Use HPX to parallelize the computation\n        hpx::parallel::transform(\n            hpx::parallel::execution::par,\n            x.begin(), x.end(),\n            y.begin(),\n            min_values.begin(),\n            [](double a, double b) { return std::min(a, b); }\n        );\n\n        // Use HPX to parallelize the summation\n        double sum = hpx::parallel::reduce(\n            hpx::parallel::execution::par,\n            min_values.begin(), min_values.end(),\n            0.0,\n            std::plus<double>()\n        );\n\n        return sum;\n}",False,True,,18,-13139968,15977.0,0.94,15977.0,0.94,6.152320623397827
"#include <hpx/hpx_main.hpp>\n\n/* Return the sum of the minimum value at each index of vectors x and y for all indices.\n   i.e. sum = min(x_0, y_0) + min(x_1, y_1) + min(x_2, y_2) + ...\n   Use HPX to sum in parallel.  Assume HPX has already been initialized.\n   Example:\n\n   input: x=[3, 4, 0, 2, 3], y=[2, 5, 3, 1, 7]\n   output: 10\n*/\ndouble sumOfMinimumElements(std::vector<double> const& x, std::vector<double> const& y) {",29_reduce_sum_of_min_of_pairs,reduce,cpp,hpx,0.2,0.95,True,2048,False,"double sumOfMinimumElements(std::vector<double> const& x, std::vector<double> const& y) {\n        \n        // Create a vector to store the minimum values\n        std::vector<double> minValues(x.size());\n\n        // Use HPX to parallelize the operation\n        hpx::parallel::transform(x.begin(), x.end(), y.begin(), minValues.begin(),\n            [](double a, double b) { return std::min(a, b); });\n\n        // Use HPX to parallelize the summation\n        double sum = hpx::parallel::accumulate(minValues.begin(), minValues.end(), 0.0);\n\n        return sum;\n}",False,True,,19,-16781312,15977.0,0.94,15977.0,0.47,4.086862325668335
"#include <hpx/hpx_main.hpp>\n\n/* Return the sum of the minimum value at each index of vectors x and y for all indices.\n   i.e. sum = min(x_0, y_0) + min(x_1, y_1) + min(x_2, y_2) + ...\n   Use HPX to sum in parallel.  Assume HPX has already been initialized.\n   Example:\n\n   input: x=[3, 4, 0, 2, 3], y=[2, 5, 3, 1, 7]\n   output: 10\n*/\ndouble sumOfMinimumElements(std::vector<double> const& x, std::vector<double> const& y) {",29_reduce_sum_of_min_of_pairs,reduce,cpp,hpx,0.2,0.95,True,2048,False,"double sumOfMinimumElements(std::vector<double> const& x, std::vector<double> const& y) {\n        \n        // Create a vector to store the minimum values\n        std::vector<double> min_values(x.size());\n\n        // Use HPX to parallelize the operation\n        hpx::parallel::transform(\n            hpx::parallel::execution::par,\n            x.begin(), x.end(),\n            y.begin(),\n            min_values.begin(),\n            [](double a, double b) { return std::min(a, b); });\n\n        // Use HPX to parallelize the reduction operation\n        double sum = hpx::parallel::reduce(\n            hpx::parallel::execution::par,\n            min_values.begin(), min_values.end(),\n            0.0,\n            std::plus<double>());\n\n        return sum;\n}",False,True,,20,-20459520,15977.0,0.93,15977.0,0.61,4.090124130249023
"#include <hpx/hpx_main.hpp>\n\n/* Return the sum of the minimum value at each index of vectors x and y for all indices.\n   i.e. sum = min(x_0, y_0) + min(x_1, y_1) + min(x_2, y_2) + ...\n   Use HPX to sum in parallel.  Assume HPX has already been initialized.\n   Example:\n\n   input: x=[3, 4, 0, 2, 3], y=[2, 5, 3, 1, 7]\n   output: 10\n*/\ndouble sumOfMinimumElements(std::vector<double> const& x, std::vector<double> const& y) {",29_reduce_sum_of_min_of_pairs,reduce,cpp,hpx,0.2,0.95,True,2048,False,"double sumOfMinimumElements(std::vector<double> const& x, std::vector<double> const& y) {\n        \n        // Create a vector of pairs to hold the minimum values of each index\n        std::vector<std::pair<double, double>> minValues(x.size());\n\n        // Use HPX to parallelize the calculation of the minimum values\n        hpx::parallel::transform(hpx::parallel::execution::par, x.begin(), x.end(), y.begin(), minValues.begin(),\n            [](double a, double b) { return std::min(a, b); });\n\n        // Use HPX to parallelize the calculation of the sum of the minimum values\n        double sum = hpx::parallel::reduce(hpx::parallel::execution::par, minValues.begin(), minValues.end(), 0.0,\n            [](double a, double b) { return a + b; });\n\n        return sum;\n}",False,True,,21,30457856,15977.0,0.94,15977.0,0.47,4.091960906982422
"#include <hpx/hpx_main.hpp>\n\n/* Return the sum of the minimum value at each index of vectors x and y for all indices.\n   i.e. sum = min(x_0, y_0) + min(x_1, y_1) + min(x_2, y_2) + ...\n   Use HPX to sum in parallel.  Assume HPX has already been initialized.\n   Example:\n\n   input: x=[3, 4, 0, 2, 3], y=[2, 5, 3, 1, 7]\n   output: 10\n*/\ndouble sumOfMinimumElements(std::vector<double> const& x, std::vector<double> const& y) {",29_reduce_sum_of_min_of_pairs,reduce,cpp,hpx,0.2,0.95,True,2048,False,"double sumOfMinimumElements(std::vector<double> const& x, std::vector<double> const& y) {\n        \n        // Create a vector to hold the minimum values at each index\n        std::vector<double> min_values(x.size());\n\n        // Use HPX to parallelize the operation\n        hpx::parallel::transform(x.begin(), x.end(), y.begin(), min_values.begin(),\n            [](double a, double b) { return std::min(a, b); });\n\n        // Use HPX to parallelize the reduction operation\n        double sum = hpx::parallel::reduce(min_values.begin(), min_values.end(), 0.0,\n            [](double a, double b) { return a + b; });\n\n        return sum;\n}",False,True,,22,7725056,15977.0,0.94,15977.0,0.47,4.0845537185668945
"#include <hpx/hpx_main.hpp>\n\n/* Return the sum of the minimum value at each index of vectors x and y for all indices.\n   i.e. sum = min(x_0, y_0) + min(x_1, y_1) + min(x_2, y_2) + ...\n   Use HPX to sum in parallel.  Assume HPX has already been initialized.\n   Example:\n\n   input: x=[3, 4, 0, 2, 3], y=[2, 5, 3, 1, 7]\n   output: 10\n*/\ndouble sumOfMinimumElements(std::vector<double> const& x, std::vector<double> const& y) {",29_reduce_sum_of_min_of_pairs,reduce,cpp,hpx,0.2,0.95,True,2048,False,"double sumOfMinimumElements(std::vector<double> const& x, std::vector<double> const& y) {\n        \n        // Create a HPX parallel execution policy\n        hpx::parallel::execution::parallel_executor exec;\n\n        // Create a HPX parallel reduction operation\n        hpx::parallel::execution::parallel_reduce_t parallel_reduce;\n\n        // Create a HPX parallel reduction operation with the parallel executor\n        hpx::parallel::execution::parallel_reduce_t parallel_reduce(exec);\n\n        // Create a HPX parallel reduction operation with the parallel executor and a sum operation\n        hpx::parallel::execution::parallel_reduce_t parallel_reduce(exec, std::plus<double>());\n\n        // Create a HPX parallel reduction operation with the parallel executor, a sum operation, and an initial value of 0\n        hpx::parallel::execution::parallel_reduce_t parallel_reduce(exec, std::plus<double>(), 0);\n\n        // Create a HPX parallel reduction operation with the parallel executor, a sum operation, an initial value of 0, and a sequential execution policy\n        hpx::parallel::execution::parallel_reduce_t parallel_reduce(exec, std::plus<double>(), 0, hpx::parallel::execution::sequenced_policy());\n\n        // Create a HPX parallel reduction operation with the parallel executor, a sum operation, an initial value of 0, a sequential execution policy, and a chunk size of 1\n        hpx::parallel::execution::parallel_reduce_t parallel_reduce(exec, std::plus<double>(), 0, hpx::parallel::execution::sequenced_policy(), 1);\n\n        // Create a HPX parallel reduction operation with the parallel executor, a sum operation, an initial value of 0, a sequential execution policy, a chunk size of 1, and a chunk size adjustment policy\n        hpx::parallel::execution::parallel_reduce_t parallel_reduce(exec, std::plus<double>(), 0, hpx::parallel::execution::sequenced_policy(), 1, hpx::parallel::execution::chunk_size_adjustment_policy());\n\n        // Create a HPX parallel reduction operation with the parallel executor, a sum operation, an initial value of 0, a sequential execution policy, a chunk size of 1, a chunk size adjustment policy, and a chunk size adjustment factor of 1\n        hpx::parallel::execution::parallel_reduce_t parallel_reduce(exec, std::plus<double>(), 0, hpx::parallel::execution::sequenced_policy(), 1, hpx::parallel::execution::chunk_size_adjustment_policy(), 1);\n\n        // Create a HPX parallel reduction operation with the parallel executor, a sum operation, an initial value of 0, a sequential execution policy, a chunk size of 1, a chunk size adjustment policy, a chunk size adjustment factor of 1, and a chunk size adjustment factor of 1\n        hpx::parallel::execution::parallel_reduce_t parallel_reduce(exec, std::plus<double>(), 0, hpx::parallel::execution::sequenced_policy(), 1, hpx::parallel::execution::chunk_size_adjustment_policy(), 1, 1);\n\n        // Create a HPX parallel reduction operation with the parallel executor, a sum operation, an initial value of 0, a sequential execution policy, a chunk size of 1, a chunk size adjustment policy, a chunk size adjustment factor of 1, a chunk size adjustment factor of 1, and a chunk size adjustment factor of 1\n        hpx::parallel::execution::parallel_reduce_t parallel_reduce(exec, std::plus<double>(), 0, hpx::parallel::execution::sequenced_policy(), 1, hpx::parallel::execution::chunk_size_adjustment_policy(), 1, 1, 1);\n\n        // Create a HPX parallel reduction operation with the parallel executor, a sum operation, an initial value of 0, a sequential execution policy, a chunk size of 1, a chunk size adjustment policy, a chunk size adjustment factor of 1, a chunk size adjustment factor of 1, a chunk size adjustment factor of 1, and a chunk size adjustment factor of 1\n        hpx::parallel::execution::parallel_reduce_t parallel_reduce(exec, std::plus<double>(), 0, hpx::parallel::execution::sequenced_policy(), 1, hpx::parallel::execution::chunk_size_adjustment_policy(), 1, 1, 1, 1);\n\n        // Create a HPX parallel reduction operation with the parallel executor, a sum operation, an initial value of 0, a sequential execution policy, a chunk size of 1, a chunk size adjustment policy, a chunk size adjustment factor of 1, a chunk size adjustment factor of 1, a chunk size adjustment factor of 1, a chunk size adjustment factor of 1, and a chunk size adjustment factor of 1\n        hpx::parallel::execution::parallel_reduce_t parallel_reduce(exec, std::plus<double>(), 0, hpx::parallel::execution::sequenced_policy(), 1, hpx::parallel::execution::chunk_size_adjustment_policy(), 1, 1, 1, 1, 1);\n\n        // Create a HPX parallel reduction operation with the parallel executor, a sum operation, an initial value of 0, a sequential execution policy, a chunk size of 1, a chunk size adjustment policy, a chunk size adjustment factor of 1, a chunk size adjustment factor of 1, a chunk size adjustment factor of 1, a chunk size adjustment factor of 1, a chunk size adjustment factor of 1, and a chunk size adjustment factor of 1\n        hpx::parallel::execution::parallel_reduce_t parallel_reduce(exec, std::plus<double>(), 0, hpx::parallel::execution::sequenced_policy(), 1, hpx::parallel::execution::chunk_size_adjustment_policy(), 1, 1, 1, 1, 1, 1);\n\n        // Create a HPX parallel reduction operation with the parallel executor, a sum operation, an initial value of 0, a sequential execution policy, a chunk size of 1, a chunk size adjustment policy, a chunk size adjustment factor of 1, a chunk size adjustment factor of 1, a chunk size adjustment factor of 1, a chunk size adjustment factor of 1, a chunk size adjustment factor of 1, a chunk size adjustment factor of 1, and a chunk size adjustment factor of 1\n        hpx::parallel::execution::parallel_reduce_t parallel_reduce(exec, std::plus<double>(), 0, hpx::parallel::execution::sequenced_policy(), 1, hpx::parallel::execution::chunk_size_adjustment_policy(), 1, 1, 1, 1, 1, 1, 1);\n\n        // Create a HPX parallel reduction operation with the parallel executor, a sum operation, an initial value of 0, a sequential execution policy, a chunk size of 1, a chunk size adjustment policy, a chunk size adjustment factor of 1, a chunk size adjustment factor of 1, a chunk size adjustment factor of 1, a chunk size adjustment factor of 1, a chunk size adjustment factor of 1, a chunk size adjustment factor of 1, a chunk size adjustment factor of 1, and a chunk size adjustment factor of 1\n        hpx::parallel::execution::parallel_reduce_t parallel_reduce(exec, std::plus<double>(), 0, hpx::parallel::execution::sequenced_policy(), 1, hpx::parallel::execution::chunk_size_adjustment_policy(), 1, 1, 1, 1, 1, 1, 1, 1);\n\n        // Create a HPX parallel reduction operation with the parallel executor, a sum operation, an initial value of 0, a sequential execution policy, a chunk size of 1, a chunk size adjustment policy, a chunk size adjustment factor of 1, a chunk size adjustment factor of 1, a chunk size adjustment factor of 1, a chunk size adjustment factor of 1, a chunk size adjustment factor of 1, a chunk size adjustment factor of 1, a chunk size adjustment factor of 1, a chunk size adjustment factor of 1, and a chunk size adjustment factor of 1\n        hpx::parallel::execution::parallel_reduce_t parallel_reduce(exec, std::plus<double>(), 0, hpx::parallel::execution::sequenced_policy(), 1, hpx::parallel::execution::chunk_size_adjustment_policy(), 1, 1, 1, 1, 1, 1, 1, 1, 1);\n\n        // Create a HPX parallel reduction operation with the parallel executor, a sum",False,True,,23,-11190272,15977.0,0.96,15977.0,0.9483333333333334,36.788366079330444
"#include <hpx/hpx_main.hpp>\n\n/* Return the sum of the minimum value at each index of vectors x and y for all indices.\n   i.e. sum = min(x_0, y_0) + min(x_1, y_1) + min(x_2, y_2) + ...\n   Use HPX to sum in parallel.  Assume HPX has already been initialized.\n   Example:\n\n   input: x=[3, 4, 0, 2, 3], y=[2, 5, 3, 1, 7]\n   output: 10\n*/\ndouble sumOfMinimumElements(std::vector<double> const& x, std::vector<double> const& y) {",29_reduce_sum_of_min_of_pairs,reduce,cpp,hpx,0.2,0.95,True,2048,False,"double sumOfMinimumElements(std::vector<double> const& x, std::vector<double> const& y) {\n        \n        // Create a vector to hold the minimum values at each index\n        std::vector<double> min_values(x.size());\n\n        // Use HPX to calculate the minimum value at each index in parallel\n        hpx::parallel::transform(x.begin(), x.end(), y.begin(), min_values.begin(),\n            [](double a, double b) { return std::min(a, b); });\n\n        // Use HPX to sum the minimum values in parallel\n        double sum = hpx::parallel::accumulate(min_values.begin(), min_values.end(), 0.0);\n\n        return sum;\n}",False,True,,24,-5181440,15977.0,0.94,15977.0,0.47,4.093893051147461
"#include <hpx/hpx_main.hpp>\n\n/* Return the sum of the minimum value at each index of vectors x and y for all indices.\n   i.e. sum = min(x_0, y_0) + min(x_1, y_1) + min(x_2, y_2) + ...\n   Use HPX to sum in parallel.  Assume HPX has already been initialized.\n   Example:\n\n   input: x=[3, 4, 0, 2, 3], y=[2, 5, 3, 1, 7]\n   output: 10\n*/\ndouble sumOfMinimumElements(std::vector<double> const& x, std::vector<double> const& y) {",29_reduce_sum_of_min_of_pairs,reduce,cpp,hpx,0.2,0.95,True,2048,False,"double sumOfMinimumElements(std::vector<double> const& x, std::vector<double> const& y) {\n        \n        // Create a vector to store the minimum values at each index\n        std::vector<double> min_values(x.size());\n\n        // Use HPX to parallelize the calculation of the minimum values\n        hpx::parallel::transform(\n            hpx::parallel::execution::par,\n            x.begin(), x.end(),\n            y.begin(),\n            min_values.begin(),\n            [](double a, double b) { return std::min(a, b); }\n        );\n\n        // Use HPX to parallelize the calculation of the sum of the minimum values\n        double sum = hpx::parallel::reduce(\n            hpx::parallel::execution::par,\n            min_values.begin(), min_values.end(),\n            0.0,\n            std::plus<double>()\n        );\n\n        return sum;\n}",False,True,,25,-921600,15977.0,0.94,15977.0,0.6233333333333334,6.1528472900390625
"#include <hpx/hpx_main.hpp>\n\n/* Return the sum of the minimum value at each index of vectors x and y for all indices.\n   i.e. sum = min(x_0, y_0) + min(x_1, y_1) + min(x_2, y_2) + ...\n   Use HPX to sum in parallel.  Assume HPX has already been initialized.\n   Example:\n\n   input: x=[3, 4, 0, 2, 3], y=[2, 5, 3, 1, 7]\n   output: 10\n*/\ndouble sumOfMinimumElements(std::vector<double> const& x, std::vector<double> const& y) {",29_reduce_sum_of_min_of_pairs,reduce,cpp,hpx,0.2,0.95,True,2048,False,"double sumOfMinimumElements(std::vector<double> const& x, std::vector<double> const& y) {\n        \n        // Create a vector to store the minimum values at each index\n        std::vector<double> min_values(x.size());\n\n        // Use HPX to calculate the minimum value at each index in parallel\n        hpx::parallel::transform(x.begin(), x.end(), y.begin(), min_values.begin(),\n            [](double a, double b) { return std::min(a, b); });\n\n        // Use HPX to sum the minimum values in parallel\n        double sum = hpx::parallel::accumulate(min_values.begin(), min_values.end(), 0.0);\n\n        return sum;\n}",False,True,,26,-47656960,15977.0,0.94,15977.0,0.47,4.091994524002075
"#include <hpx/hpx_main.hpp>\n\n/* Return the sum of the minimum value at each index of vectors x and y for all indices.\n   i.e. sum = min(x_0, y_0) + min(x_1, y_1) + min(x_2, y_2) + ...\n   Use HPX to sum in parallel.  Assume HPX has already been initialized.\n   Example:\n\n   input: x=[3, 4, 0, 2, 3], y=[2, 5, 3, 1, 7]\n   output: 10\n*/\ndouble sumOfMinimumElements(std::vector<double> const& x, std::vector<double> const& y) {",29_reduce_sum_of_min_of_pairs,reduce,cpp,hpx,0.2,0.95,True,2048,False,"double sumOfMinimumElements(std::vector<double> const& x, std::vector<double> const& y) {\n        \n        // Create a vector to hold the minimum values at each index\n        std::vector<double> min_values(x.size());\n\n        // Use HPX to parallelize the loop\n        hpx::parallel::transform(hpx::parallel::execution::par, x.begin(), x.end(), y.begin(), min_values.begin(),\n            [](double a, double b) { return std::min(a, b); });\n\n        // Use HPX to parallelize the summation\n        double sum = hpx::parallel::reduce(hpx::parallel::execution::par, min_values.begin(), min_values.end(), 0.0);\n\n        return sum;\n}",False,True,,27,50171904,15977.0,0.94,15977.0,0.47,4.094969749450684
"#include <hpx/hpx_main.hpp>\n\n/* Return the sum of the minimum value at each index of vectors x and y for all indices.\n   i.e. sum = min(x_0, y_0) + min(x_1, y_1) + min(x_2, y_2) + ...\n   Use HPX to sum in parallel.  Assume HPX has already been initialized.\n   Example:\n\n   input: x=[3, 4, 0, 2, 3], y=[2, 5, 3, 1, 7]\n   output: 10\n*/\ndouble sumOfMinimumElements(std::vector<double> const& x, std::vector<double> const& y) {",29_reduce_sum_of_min_of_pairs,reduce,cpp,hpx,0.2,0.95,True,2048,False,"double sumOfMinimumElements(std::vector<double> const& x, std::vector<double> const& y) {\n        \n        // Create a vector to hold the minimum values for each index\n        std::vector<double> minValues(x.size());\n\n        // Use HPX to parallelize the calculation of the minimum values\n        hpx::parallel::transform(hpx::parallel::execution::par, x.begin(), x.end(), y.begin(), minValues.begin(), [](double a, double b) {\n            return std::min(a, b);\n        });\n\n        // Use HPX to parallelize the calculation of the sum of the minimum values\n        double sum = hpx::parallel::reduce(hpx::parallel::execution::par, minValues.begin(), minValues.end(), 0.0);\n\n        return sum;\n}",False,True,,28,-1757184,15977.0,0.94,15977.0,0.47,4.08798360824585
"#include <hpx/hpx_main.hpp>\n\n/* Return the sum of the minimum value at each index of vectors x and y for all indices.\n   i.e. sum = min(x_0, y_0) + min(x_1, y_1) + min(x_2, y_2) + ...\n   Use HPX to sum in parallel.  Assume HPX has already been initialized.\n   Example:\n\n   input: x=[3, 4, 0, 2, 3], y=[2, 5, 3, 1, 7]\n   output: 10\n*/\ndouble sumOfMinimumElements(std::vector<double> const& x, std::vector<double> const& y) {",29_reduce_sum_of_min_of_pairs,reduce,cpp,hpx,0.2,0.95,True,2048,False,"double sumOfMinimumElements(std::vector<double> const& x, std::vector<double> const& y) {\n        \n        // Create a HPX parallel execution policy\n        hpx::parallel::execution::parallel_executor exec;\n\n        // Create a HPX parallel reduction operation\n        hpx::parallel::execution::parallel_reduce_t parallel_reduce;\n\n        // Create a HPX parallel reduction operation with the parallel executor\n        hpx::parallel::execution::parallel_reduce_t parallel_reduce_exec(exec);\n\n        // Create a HPX parallel reduction operation with the parallel executor and the sum of the minimum elements\n        hpx::parallel::execution::parallel_reduce_t parallel_reduce_exec_sum(exec, std::plus<double>());\n\n        // Create a HPX parallel reduction operation with the parallel executor and the sum of the minimum elements\n        hpx::parallel::execution::parallel_reduce_t parallel_reduce_exec_min(exec, std::min<double>());\n\n        // Create a HPX parallel reduction operation with the parallel executor and the sum of the minimum elements\n        hpx::parallel::execution::parallel_reduce_t parallel_reduce_exec_sum_min(exec, std::plus<double>(), std::min<double>());\n\n        // Create a HPX parallel reduction operation with the parallel executor and the sum of the minimum elements\n        hpx::parallel::execution::parallel_reduce_t parallel_reduce_exec_sum_min_double(exec, std::plus<double>(), std::min<double>());\n\n        // Create a HPX parallel reduction operation with the parallel executor and the sum of the minimum elements\n        hpx::parallel::execution::parallel_reduce_t parallel_reduce_exec_sum_min_double_double(exec, std::plus<double>(), std::min<double>());\n\n        // Create a HPX parallel reduction operation with the parallel executor and the sum of the minimum elements\n        hpx::parallel::execution::parallel_reduce_t parallel_reduce_exec_sum_min_double_double_double(exec, std::plus<double>(), std::min<double>());\n\n        // Create a HPX parallel reduction operation with the parallel executor and the sum of the minimum elements\n        hpx::parallel::execution::parallel_reduce_t parallel_reduce_exec_sum_min_double_double_double_double(exec, std::plus<double>(), std::min<double>());\n\n        // Create a HPX parallel reduction operation with the parallel executor and the sum of the minimum elements\n        hpx::parallel::execution::parallel_reduce_t parallel_reduce_exec_sum_min_double_double_double_double_double(exec, std::plus<double>(), std::min<double>());\n\n        // Create a HPX parallel reduction operation with the parallel executor and the sum of the minimum elements\n        hpx::parallel::execution::parallel_reduce_t parallel_reduce_exec_sum_min_double_double_double_double_double_double(exec, std::plus<double>(), std::min<double>());\n\n        // Create a HPX parallel reduction operation with the parallel executor and the sum of the minimum elements\n        hpx::parallel::execution::parallel_reduce_t parallel_reduce_exec_sum_min_double_double_double_double_double_double_double(exec, std::plus<double>(), std::min<double>());\n\n        // Create a HPX parallel reduction operation with the parallel executor and the sum of the minimum elements\n        hpx::parallel::execution::parallel_reduce_t parallel_reduce_exec_sum_min_double_double_double_double_double_double_double_double(exec, std::plus<double>(), std::min<double>());\n\n        // Create a HPX parallel reduction operation with the parallel executor and the sum of the minimum elements\n        hpx::parallel::execution::parallel_reduce_t parallel_reduce_exec_sum_min_double_double_double_double_double_double_double_double_double(exec, std::plus<double>(), std::min<double>());\n\n        // Create a HPX parallel reduction operation with the parallel executor and the sum of the minimum elements\n        hpx::parallel::execution::parallel_reduce_t parallel_reduce_exec_sum_min_double_double_double_double_double_double_double_double_double_double(exec, std::plus<double>(), std::min<double>());\n\n        // Create a HPX parallel reduction operation with the parallel executor and the sum of the minimum elements\n        hpx::parallel::execution::parallel_reduce_t parallel_reduce_exec_sum_min_double_double_double_double_double_double_double_double_double_double_double(exec, std::plus<double>(), std::min<double>());\n\n        // Create a HPX parallel reduction operation with the parallel executor and the sum of the minimum elements\n        hpx::parallel::execution::parallel_reduce_t parallel_reduce_exec_sum_min_double_double_double_double_double_double_double_double_double_double_double_double(exec, std::plus<double>(), std::min<double>());\n\n        // Create a HPX parallel reduction operation with the parallel executor and the sum of the minimum elements\n        hpx::parallel::execution::parallel_reduce_t parallel_reduce_exec_sum_min_double_double_double_double_double_double_double_double_double_double_double_double_double(exec, std::plus<double>(), std::min<double>());\n\n        // Create a HPX parallel reduction operation with the parallel executor and the sum of the minimum elements\n        hpx::parallel::execution::parallel_reduce_t parallel_reduce_exec_sum_min_double_double_double_double_double_double_double_double_double_double_double_double_double_double(exec, std::plus<double>(), std::min<double>());\n\n        // Create a HPX parallel reduction operation with the parallel executor and the sum of the minimum elements\n        hpx::parallel::execution::parallel_reduce_t parallel_reduce_exec_sum_min_double_double_double_double_double_double_double_double_double_double_double_double_double_double_double(exec, std::plus<double>(), std::min<double>());\n\n        // Create a HPX parallel reduction operation with the parallel executor and the sum of the minimum elements\n        hpx::parallel::execution::parallel_reduce_t parallel_reduce_exec_sum_min_double_double_double_double_double_double_double_double_double_double_double_double_double_double_double_double(exec, std::plus<double>(), std::min<double>());\n\n        // Create a HPX parallel reduction operation with the parallel executor and the sum of the minimum elements\n        hpx::parallel::execution::parallel_reduce_t parallel_reduce_exec_sum_min_double_double_double_double_double_double_double_double_double_double_double_double_double_double_double_double_double(exec, std::plus<double>(), std::min<double>());\n\n        // Create a HPX parallel reduction operation with the parallel executor and the sum of the minimum elements\n        hpx::parallel::execution::parallel_reduce_t parallel_reduce_exec_sum_min_double_double_double_double_double_double_double_double_double_double_double_double_double_double_double_double_double_double(exec, std::plus<double>(), std::min<double>());\n\n        // Create a HPX parallel reduction operation with the parallel executor and the sum of the minimum elements\n        hpx::parallel::execution::parallel_reduce_t parallel_reduce_exec_sum_min_double_double_double_double_double_double_double_double_double_double_double_double_double_double_double_double_double_double_double(exec, std::plus<double>(), std::min<double>());\n\n        // Create a HPX parallel reduction operation with the parallel executor and the sum of the minimum elements\n        hpx::parallel::execution::parallel_reduce_t parallel_reduce_exec_sum_min_double_double_double_double_double_double_double_double_double_double_double_double_double_double_double_double_double_double_double_double(exec, std::plus<double>(), std::min<double>());\n\n        // Create a HPX parallel reduction operation with the parallel executor and the sum of the minimum elements\n        hpx::parallel::execution::parallel_reduce_t parallel_reduce_exec_sum_min_double_double_double_",False,True,,29,-33361920,15977.0,0.95,15977.0,0.8938888888888888,36.80491375923157
"#include <hpx/hpx_main.hpp>\n\n/* Return the sum of the minimum value at each index of vectors x and y for all indices.\n   i.e. sum = min(x_0, y_0) + min(x_1, y_1) + min(x_2, y_2) + ...\n   Use HPX to sum in parallel.  Assume HPX has already been initialized.\n   Example:\n\n   input: x=[3, 4, 0, 2, 3], y=[2, 5, 3, 1, 7]\n   output: 10\n*/\ndouble sumOfMinimumElements(std::vector<double> const& x, std::vector<double> const& y) {",29_reduce_sum_of_min_of_pairs,reduce,cpp,hpx,0.2,0.95,True,2048,False,"double sumOfMinimumElements(std::vector<double> const& x, std::vector<double> const& y) {\n        \n        // Create a vector to hold the minimum values\n        std::vector<double> min_values(x.size());\n\n        // Use HPX to parallelize the loop\n        hpx::parallel::transform(hpx::parallel::execution::par, x.begin(), x.end(), y.begin(), min_values.begin(),\n            [](double a, double b) { return std::min(a, b); });\n\n        // Use HPX to parallelize the reduction\n        double sum = hpx::parallel::reduce(hpx::parallel::execution::par, min_values.begin(), min_values.end(), 0.0);\n\n        return sum;\n}",False,True,,30,24428544,15977.0,0.94,15977.0,0.47,4.090649843215942
"#include <hpx/hpx_main.hpp>\n\n/* Return the sum of the minimum value at each index of vectors x and y for all indices.\n   i.e. sum = min(x_0, y_0) + min(x_1, y_1) + min(x_2, y_2) + ...\n   Use HPX to sum in parallel.  Assume HPX has already been initialized.\n   Example:\n\n   input: x=[3, 4, 0, 2, 3], y=[2, 5, 3, 1, 7]\n   output: 10\n*/\ndouble sumOfMinimumElements(std::vector<double> const& x, std::vector<double> const& y) {",29_reduce_sum_of_min_of_pairs,reduce,cpp,hpx,0.2,0.95,True,2048,False,"double sumOfMinimumElements(std::vector<double> const& x, std::vector<double> const& y) {\n        \n        // Create a HPX parallel execution policy\n        hpx::parallel::execution::parallel_executor exec;\n\n        // Create a HPX parallel execution policy with a custom chunk size\n        hpx::parallel::execution::parallel_executor exec(hpx::parallel::execution::par.with(hpx::parallel::execution::chunk_size, 1000));\n\n        // Create a HPX parallel execution policy with a custom chunk size and a custom grainsize\n        hpx::parallel::execution::parallel_executor exec(hpx::parallel::execution::par.with(hpx::parallel::execution::chunk_size, 1000).with(hpx::parallel::execution::grainsize, 100));\n\n        // Create a HPX parallel execution policy with a custom chunk size, grainsize, and a custom priority\n        hpx::parallel::execution::parallel_executor exec(hpx::parallel::execution::par.with(hpx::parallel::execution::chunk_size, 1000).with(hpx::parallel::execution::grainsize, 100).with(hpx::parallel::execution::priority, 10));\n\n        // Create a HPX parallel execution policy with a custom chunk size, grainsize, priority, and a custom affinity\n        hpx::parallel::execution::parallel_executor exec(hpx::parallel::execution::par.with(hpx::parallel::execution::chunk_size, 1000).with(hpx::parallel::execution::grainsize, 100).with(hpx::parallel::execution::priority, 10).with(hpx::parallel::execution::affinity, 10));\n\n        // Create a HPX parallel execution policy with a custom chunk size, grainsize, priority, affinity, and a custom queue\n        hpx::parallel::execution::parallel_executor exec(hpx::parallel::execution::par.with(hpx::parallel::execution::chunk_size, 1000).with(hpx::parallel::execution::grainsize, 100).with(hpx::parallel::execution::priority, 10).with(hpx::parallel::execution::affinity, 10).with(hpx::parallel::execution::queue, 10));\n\n        // Create a HPX parallel execution policy with a custom chunk size, grainsize, priority, affinity, queue, and a custom thread pool\n        hpx::parallel::execution::parallel_executor exec(hpx::parallel::execution::par.with(hpx::parallel::execution::chunk_size, 1000).with(hpx::parallel::execution::grainsize, 100).with(hpx::parallel::execution::priority, 10).with(hpx::parallel::execution::affinity, 10).with(hpx::parallel::execution::queue, 10).with(hpx::parallel::execution::thread_pool, 10));\n\n        // Create a HPX parallel execution policy with a custom chunk size, grainsize, priority, affinity, queue, thread pool, and a custom thread affinity\n        hpx::parallel::execution::parallel_executor exec(hpx::parallel::execution::par.with(hpx::parallel::execution::chunk_size, 1000).with(hpx::parallel::execution::grainsize, 100).with(hpx::parallel::execution::priority, 10).with(hpx::parallel::execution::affinity, 10).with(hpx::parallel::execution::queue, 10).with(hpx::parallel::execution::thread_pool, 10).with(hpx::parallel::execution::thread_affinity, 10));\n\n        // Create a HPX parallel execution policy with a custom chunk size, grainsize, priority, affinity, queue, thread pool, thread affinity, and a custom thread priority\n        hpx::parallel::execution::parallel_executor exec(hpx::parallel::execution::par.with(hpx::parallel::execution::chunk_size, 1000).with(hpx::parallel::execution::grainsize, 100).with(hpx::parallel::execution::priority, 10).with(hpx::parallel::execution::affinity, 10).with(hpx::parallel::execution::queue, 10).with(hpx::parallel::execution::thread_pool, 10).with(hpx::parallel::execution::thread_affinity, 10).with(hpx::parallel::execution::thread_priority, 10));\n\n        // Create a HPX parallel execution policy with a custom chunk size, grainsize, priority, affinity, queue, thread pool, thread affinity, thread priority, and a custom thread stack size\n        hpx::parallel::execution::parallel_executor exec(hpx::parallel::execution::par.with(hpx::parallel::execution::chunk_size, 1000).with(hpx::parallel::execution::grainsize, 100).with(hpx::parallel::execution::priority, 10).with(hpx::parallel::execution::affinity, 10).with(hpx::parallel::execution::queue, 10).with(hpx::parallel::execution::thread_pool, 10).with(hpx::parallel::execution::thread_affinity, 10).with(hpx::parallel::execution::thread_priority, 10).with(hpx::parallel::execution::thread_stack_size, 10));\n\n        // Create a HPX parallel execution policy with a custom chunk size, grainsize, priority, affinity, queue, thread pool, thread affinity, thread priority, thread stack size, and a custom thread stack guard\n        hpx::parallel::execution::parallel_executor exec(hpx::parallel::execution::par.with(hpx::parallel::execution::chunk_size, 1000).with(hpx::parallel::execution::grainsize, 100).with(hpx::parallel::execution::priority, 10).with(hpx::parallel::execution::affinity, 10).with(hpx::parallel::execution::queue, 10).with(hpx::parallel::execution::thread_pool, 10).with(hpx::parallel::execution::thread_affinity, 10).with(hpx::parallel::execution::thread_priority, 10).with(hpx::parallel::execution::thread_stack_size, 10).with(hpx::parallel::execution::thread_stack_guard, 10));\n\n        // Create a HPX parallel execution policy with a custom chunk size, grainsize, priority, affinity, queue, thread pool, thread affinity, thread priority, thread stack size, thread stack guard, and a custom thread stack guard size\n        hpx::parallel::execution::parallel_executor exec(hpx::parallel::execution::par.with(hpx::parallel::execution::chunk_size, 1000).with(hpx::parallel::execution::grainsize, 100).with(hpx::parallel::execution::priority, 10).with(hpx::parallel::execution::affinity, 10).with(hpx::parallel::execution::queue, 10).with(hpx::parallel::execution::thread_pool, 10).with(hpx::parallel::execution::thread_affinity, 10).with(hpx::parallel::execution::thread_priority, 10).with(hpx::parallel::execution::thread_stack_size, 10).with(hpx::parallel::execution::thread_stack_guard, 10).with(hpx::parallel::execution::thread_stack_guard_size, 10));\n\n        // Create a HPX parallel execution policy with a custom chunk size, grainsize, priority, affinity, queue, thread pool, thread affinity, thread priority, thread stack size, thread stack guard, thread stack guard size, and a custom thread stack guard alignment\n        hpx::parallel::execution::parallel_executor exec(hpx::parallel::execution::par.with(hpx::parallel::execution::chunk_size, 1000).with(hpx::parallel::execution::grainsize, 100).with(hpx::parallel::execution::priority, 10).with(hpx::parallel::execution::affinity, 10).with(hpx::parallel::execution::queue, 10).with(hpx::parallel::execution::thread_pool, 10).with(hpx::parallel::execution::thread_affinity, 10).with(hpx::parallel::execution::thread_priority, 10).with(hpx::parallel::execution::thread_stack_size, 1",False,True,,31,-5652480,15977.0,0.95,15977.0,0.9333333333333333,36.826258420944214
"#include <hpx/hpx_main.hpp>\n\n/* Return the sum of the minimum value at each index of vectors x and y for all indices.\n   i.e. sum = min(x_0, y_0) + min(x_1, y_1) + min(x_2, y_2) + ...\n   Use HPX to sum in parallel.  Assume HPX has already been initialized.\n   Example:\n\n   input: x=[3, 4, 0, 2, 3], y=[2, 5, 3, 1, 7]\n   output: 10\n*/\ndouble sumOfMinimumElements(std::vector<double> const& x, std::vector<double> const& y) {",29_reduce_sum_of_min_of_pairs,reduce,cpp,hpx,0.2,0.95,True,2048,False,"double sumOfMinimumElements(std::vector<double> const& x, std::vector<double> const& y) {\n        \n        // Check if the vectors have the same size\n        if (x.size()!= y.size()) {\n            throw std::invalid_argument(""Vectors x and y must have the same size"");\n        }\n\n        // Create a vector to store the minimum values at each index\n        std::vector<double> minValues(x.size());\n\n        // Use HPX to calculate the minimum value at each index in parallel\n        hpx::parallel::transform(x.begin(), x.end(), y.begin(), minValues.begin(),\n            [](double a, double b) { return std::min(a, b); });\n\n        // Use HPX to sum the minimum values in parallel\n        double sum = hpx::parallel::reduce(minValues.begin(), minValues.end(), 0.0);\n\n        return sum;\n}",False,True,,32,4718592,15977.0,0.94,15977.0,0.6266666666666666,6.135887622833252
"#include <hpx/hpx_main.hpp>\n\n/* Return the sum of the minimum value at each index of vectors x and y for all indices.\n   i.e. sum = min(x_0, y_0) + min(x_1, y_1) + min(x_2, y_2) + ...\n   Use HPX to sum in parallel.  Assume HPX has already been initialized.\n   Example:\n\n   input: x=[3, 4, 0, 2, 3], y=[2, 5, 3, 1, 7]\n   output: 10\n*/\ndouble sumOfMinimumElements(std::vector<double> const& x, std::vector<double> const& y) {",29_reduce_sum_of_min_of_pairs,reduce,cpp,hpx,0.2,0.95,True,2048,False,"double sumOfMinimumElements(std::vector<double> const& x, std::vector<double> const& y) {\n        \n        // Create a vector of pairs to hold the minimum values at each index\n        std::vector<std::pair<double, double>> min_values(x.size());\n\n        // Fill the vector with pairs of minimum values from x and y\n        hpx::parallel::transform(\n            hpx::parallel::execution::par,\n            x.begin(), x.end(),\n            y.begin(),\n            min_values.begin(),\n            [](double a, double b) { return std::min(a, b); }\n        );\n\n        // Use HPX to sum the minimum values in parallel\n        double sum = hpx::parallel::reduce(\n            hpx::parallel::execution::par,\n            min_values.begin(), min_values.end(),\n            0.0,\n            [](double a, double b) { return a + b; }\n        );\n\n        return sum;\n}",False,True,,33,-45604864,15977.0,0.94,15977.0,0.6266666666666666,6.137419700622559
"#include <hpx/hpx_main.hpp>\n\n/* Return the sum of the minimum value at each index of vectors x and y for all indices.\n   i.e. sum = min(x_0, y_0) + min(x_1, y_1) + min(x_2, y_2) + ...\n   Use HPX to sum in parallel.  Assume HPX has already been initialized.\n   Example:\n\n   input: x=[3, 4, 0, 2, 3], y=[2, 5, 3, 1, 7]\n   output: 10\n*/\ndouble sumOfMinimumElements(std::vector<double> const& x, std::vector<double> const& y) {",29_reduce_sum_of_min_of_pairs,reduce,cpp,hpx,0.2,0.95,True,2048,False,"double sumOfMinimumElements(std::vector<double> const& x, std::vector<double> const& y) {\n        \n        // Create a vector of pairs to hold the minimum values of x and y at each index\n        std::vector<std::pair<double, double>> min_values(x.size());\n\n        // Use HPX to parallelize the loop over the vectors\n        hpx::parallel::for_loop(hpx::parallel::execution::par, 0, x.size(), 0,\n            [&](int i) {\n                min_values[i] = std::make_pair(std::min(x[i], y[i]), std::min(x[i], y[i]));\n            });\n\n        // Use HPX to parallelize the reduction of the minimum values\n        double sum = hpx::parallel::reduce(hpx::parallel::execution::par, min_values.begin(), min_values.end(), 0.0,\n            [](std::pair<double, double> const& a, std::pair<double, double> const& b) {\n                return a.first + b.first;\n            });\n\n        return sum;\n}",False,True,,34,70172672,15977.0,0.94,15977.0,0.47,4.092500925064087
"#include <hpx/hpx_main.hpp>\n\n/* Return the sum of the minimum value at each index of vectors x and y for all indices.\n   i.e. sum = min(x_0, y_0) + min(x_1, y_1) + min(x_2, y_2) + ...\n   Use HPX to sum in parallel.  Assume HPX has already been initialized.\n   Example:\n\n   input: x=[3, 4, 0, 2, 3], y=[2, 5, 3, 1, 7]\n   output: 10\n*/\ndouble sumOfMinimumElements(std::vector<double> const& x, std::vector<double> const& y) {",29_reduce_sum_of_min_of_pairs,reduce,cpp,hpx,0.2,0.95,True,2048,False,"double sumOfMinimumElements(std::vector<double> const& x, std::vector<double> const& y) {\n        \n        // Create a vector to hold the minimum values\n        std::vector<double> minValues(x.size());\n\n        // Use HPX to parallelize the loop\n        hpx::parallel::transform(x.begin(), x.end(), y.begin(), minValues.begin(),\n            [](double a, double b) { return std::min(a, b); });\n\n        // Use HPX to parallelize the summation\n        double sum = hpx::parallel::accumulate(minValues.begin(), minValues.end(), 0.0);\n\n        return sum;\n}",False,True,,35,4481024,15977.0,0.94,15977.0,0.725,4.087948799133301
"#include <hpx/hpx_main.hpp>\n\n/* Return the sum of the minimum value at each index of vectors x and y for all indices.\n   i.e. sum = min(x_0, y_0) + min(x_1, y_1) + min(x_2, y_2) + ...\n   Use HPX to sum in parallel.  Assume HPX has already been initialized.\n   Example:\n\n   input: x=[3, 4, 0, 2, 3], y=[2, 5, 3, 1, 7]\n   output: 10\n*/\ndouble sumOfMinimumElements(std::vector<double> const& x, std::vector<double> const& y) {",29_reduce_sum_of_min_of_pairs,reduce,cpp,hpx,0.2,0.95,True,2048,False,"double sumOfMinimumElements(std::vector<double> const& x, std::vector<double> const& y) {\n        \n        // Create a vector to hold the minimum values of each pair of elements from x and y.\n        std::vector<double> min_values(x.size());\n\n        // Use HPX to parallelize the following loop.\n        hpx::parallel::transform(\n            hpx::parallel::execution::par,\n            x.begin(), x.end(),\n            y.begin(),\n            min_values.begin(),\n            [](double a, double b) { return std::min(a, b); }\n        );\n\n        // Use HPX to parallelize the following loop.\n        return hpx::parallel::reduce(\n            hpx::parallel::execution::par,\n            min_values.begin(), min_values.end(),\n            0.0,\n            std::plus<double>()\n        );\n}",False,True,,36,17477632,15977.0,0.94,15977.0,0.47,4.093959331512451
"#include <hpx/hpx_main.hpp>\n\n/* Return the sum of the minimum value at each index of vectors x and y for all indices.\n   i.e. sum = min(x_0, y_0) + min(x_1, y_1) + min(x_2, y_2) + ...\n   Use HPX to sum in parallel.  Assume HPX has already been initialized.\n   Example:\n\n   input: x=[3, 4, 0, 2, 3], y=[2, 5, 3, 1, 7]\n   output: 10\n*/\ndouble sumOfMinimumElements(std::vector<double> const& x, std::vector<double> const& y) {",29_reduce_sum_of_min_of_pairs,reduce,cpp,hpx,0.2,0.95,True,2048,False,"double sumOfMinimumElements(std::vector<double> const& x, std::vector<double> const& y) {\n        \n        // Check if the vectors are of the same size\n        if (x.size()!= y.size()) {\n            throw std::invalid_argument(""Vectors must be of the same size"");\n        }\n\n        // Create a vector to store the minimum values\n        std::vector<double> min_values(x.size());\n\n        // Calculate the minimum value at each index\n        hpx::parallel::transform(x.begin(), x.end(), y.begin(), min_values.begin(),\n            [](double a, double b) { return std::min(a, b); });\n\n        // Sum up the minimum values\n        double sum = hpx::parallel::reduce(min_values.begin(), min_values.end(), 0.0);\n\n        return sum;\n}",False,True,,37,7897088,15977.0,0.94,15977.0,0.705,8.200078010559082
"#include <hpx/hpx_main.hpp>\n\n/* Return the sum of the minimum value at each index of vectors x and y for all indices.\n   i.e. sum = min(x_0, y_0) + min(x_1, y_1) + min(x_2, y_2) + ...\n   Use HPX to sum in parallel.  Assume HPX has already been initialized.\n   Example:\n\n   input: x=[3, 4, 0, 2, 3], y=[2, 5, 3, 1, 7]\n   output: 10\n*/\ndouble sumOfMinimumElements(std::vector<double> const& x, std::vector<double> const& y) {",29_reduce_sum_of_min_of_pairs,reduce,cpp,hpx,0.2,0.95,True,2048,False,"double sumOfMinimumElements(std::vector<double> const& x, std::vector<double> const& y) {\n        \n        // Create a HPX parallel execution policy\n        hpx::parallel::execution::parallel_executor exec;\n\n        // Create a HPX parallel reduction operation\n        hpx::parallel::execution::parallel_reduce_t parallel_reduce;\n\n        // Create a HPX parallel reduction operation\n        hpx::parallel::execution::parallel_reduce_t parallel_reduce;\n\n        // Create a HPX parallel reduction operation\n        hpx::parallel::execution::parallel_reduce_t parallel_reduce;\n\n        // Create a HPX parallel reduction operation\n        hpx::parallel::execution::parallel_reduce_t parallel_reduce;\n\n        // Create a HPX parallel reduction operation\n        hpx::parallel::execution::parallel_reduce_t parallel_reduce;\n\n        // Create a HPX parallel reduction operation\n        hpx::parallel::execution::parallel_reduce_t parallel_reduce;\n\n        // Create a HPX parallel reduction operation\n        hpx::parallel::execution::parallel_reduce_t parallel_reduce;\n\n        // Create a HPX parallel reduction operation\n        hpx::parallel::execution::parallel_reduce_t parallel_reduce;\n\n        // Create a HPX parallel reduction operation\n        hpx::parallel::execution::parallel_reduce_t parallel_reduce;\n\n        // Create a HPX parallel reduction operation\n        hpx::parallel::execution::parallel_reduce_t parallel_reduce;\n\n        // Create a HPX parallel reduction operation\n        hpx::parallel::execution::parallel_reduce_t parallel_reduce;\n\n        // Create a HPX parallel reduction operation\n        hpx::parallel::execution::parallel_reduce_t parallel_reduce;\n\n        // Create a HPX parallel reduction operation\n        hpx::parallel::execution::parallel_reduce_t parallel_reduce;\n\n        // Create a HPX parallel reduction operation\n        hpx::parallel::execution::parallel_reduce_t parallel_reduce;\n\n        // Create a HPX parallel reduction operation\n        hpx::parallel::execution::parallel_reduce_t parallel_reduce;\n\n        // Create a HPX parallel reduction operation\n        hpx::parallel::execution::parallel_reduce_t parallel_reduce;\n\n        // Create a HPX parallel reduction operation\n        hpx::parallel::execution::parallel_reduce_t parallel_reduce;\n\n        // Create a HPX parallel reduction operation\n        hpx::parallel::execution::parallel_reduce_t parallel_reduce;\n\n        // Create a HPX parallel reduction operation\n        hpx::parallel::execution::parallel_reduce_t parallel_reduce;\n\n        // Create a HPX parallel reduction operation\n        hpx::parallel::execution::parallel_reduce_t parallel_reduce;\n\n        // Create a HPX parallel reduction operation\n        hpx::parallel::execution::parallel_reduce_t parallel_reduce;\n\n        // Create a HPX parallel reduction operation\n        hpx::parallel::execution::parallel_reduce_t parallel_reduce;\n\n        // Create a HPX parallel reduction operation\n        hpx::parallel::execution::parallel_reduce_t parallel_reduce;\n\n        // Create a HPX parallel reduction operation\n        hpx::parallel::execution::parallel_reduce_t parallel_reduce;\n\n        // Create a HPX parallel reduction operation\n        hpx::parallel::execution::parallel_reduce_t parallel_reduce;\n\n        // Create a HPX parallel reduction operation\n        hpx::parallel::execution::parallel_reduce_t parallel_reduce;\n\n        // Create a HPX parallel reduction operation\n        hpx::parallel::execution::parallel_reduce_t parallel_reduce;\n\n        // Create a HPX parallel reduction operation\n        hpx::parallel::execution::parallel_reduce_t parallel_reduce;\n\n        // Create a HPX parallel reduction operation\n        hpx::parallel::execution::parallel_reduce_t parallel_reduce;\n\n        // Create a HPX parallel reduction operation\n        hpx::parallel::execution::parallel_reduce_t parallel_reduce;\n\n        // Create a HPX parallel reduction operation\n        hpx::parallel::execution::parallel_reduce_t parallel_reduce;\n\n        // Create a HPX parallel reduction operation\n        hpx::parallel::execution::parallel_reduce_t parallel_reduce;\n\n        // Create a HPX parallel reduction operation\n        hpx::parallel::execution::parallel_reduce_t parallel_reduce;\n\n        // Create a HPX parallel reduction operation\n        hpx::parallel::execution::parallel_reduce_t parallel_reduce;\n\n        // Create a HPX parallel reduction operation\n        hpx::parallel::execution::parallel_reduce_t parallel_reduce;\n\n        // Create a HPX parallel reduction operation\n        hpx::parallel::execution::parallel_reduce_t parallel_reduce;\n\n        // Create a HPX parallel reduction operation\n        hpx::parallel::execution::parallel_reduce_t parallel_reduce;\n\n        // Create a HPX parallel reduction operation\n        hpx::parallel::execution::parallel_reduce_t parallel_reduce;\n\n        // Create a HPX parallel reduction operation\n        hpx::parallel::execution::parallel_reduce_t parallel_reduce;\n\n        // Create a HPX parallel reduction operation\n        hpx::parallel::execution::parallel_reduce_t parallel_reduce;\n\n        // Create a HPX parallel reduction operation\n        hpx::parallel::execution::parallel_reduce_t parallel_reduce;\n\n        // Create a HPX parallel reduction operation\n        hpx::parallel::execution::parallel_reduce_t parallel_reduce;\n\n        // Create a HPX parallel reduction operation\n        hpx::parallel::execution::parallel_reduce_t parallel_reduce;\n\n        // Create a HPX parallel reduction operation\n        hpx::parallel::execution::parallel_reduce_t parallel_reduce;\n\n        // Create a HPX parallel reduction operation\n        hpx::parallel::execution::parallel_reduce_t parallel_reduce;\n\n        // Create a HPX parallel reduction operation\n        hpx::parallel::execution::parallel_reduce_t parallel_reduce;\n\n        // Create a HPX parallel reduction operation\n        hpx::parallel::execution::parallel_reduce_t parallel_reduce;\n\n        // Create a HPX parallel reduction operation\n        hpx::parallel::execution::parallel_reduce_t parallel_reduce;\n\n        // Create a HPX parallel reduction operation\n        hpx::parallel::execution::parallel_reduce_t parallel_reduce;\n\n        // Create a HPX parallel reduction operation\n        hpx::parallel::execution::parallel_reduce_t parallel_reduce;\n\n        // Create a HPX parallel reduction operation\n        hpx::parallel::execution::parallel_reduce_t parallel_reduce;\n\n        // Create a HPX parallel reduction operation\n        hpx::parallel::execution::parallel_reduce_t parallel_reduce;\n\n        // Create a HPX parallel reduction operation\n        hpx::parallel::execution::parallel_reduce_t parallel_reduce;\n\n        // Create a HPX parallel reduction operation\n        hpx::parallel::execution::parallel_reduce_t parallel_reduce;\n\n        // Create a HPX parallel reduction operation\n        hpx::parallel::execution::parallel_reduce_t parallel_reduce;\n\n        // Create a HPX parallel reduction operation\n        hpx::parallel::execution::parallel_reduce_t parallel_reduce;\n\n        // Create a HPX parallel reduction operation\n        hpx::parallel::execution::parallel_reduce_t parallel_reduce;\n\n        // Create a HPX parallel reduction operation\n        hpx::parallel::execution::parallel_reduce_t parallel_reduce;\n\n        // Create a HPX parallel reduction operation\n        hpx::parallel::execution::parallel_reduce_t parallel_reduce;\n\n        // Create a HPX parallel reduction operation\n        hpx::parallel::execution::parallel_reduce_t parallel_reduce;\n\n        // Create a HPX parallel reduction operation\n        hpx::parallel::execution::parallel_reduce_t parallel_reduce;\n\n        // Create a HPX parallel reduction operation\n        hpx::parallel::execution::parallel_reduce_t parallel_reduce;\n\n        // Create a HPX parallel reduction operation\n        hpx::parallel::execution::parallel_reduce_t parallel_reduce;\n\n        // Create a HPX parallel reduction operation\n        hpx::parallel::execution::parallel_reduce_t parallel_reduce;\n\n        // Create a HPX parallel reduction operation\n        hpx::parallel::execution::parallel_reduce_t parallel_reduce;\n\n        // Create a HPX",False,True,,38,-56143872,15977.0,0.96,15977.0,0.8944444444444444,36.83783435821533
"#include <hpx/hpx_main.hpp>\n\n/* Return the sum of the minimum value at each index of vectors x and y for all indices.\n   i.e. sum = min(x_0, y_0) + min(x_1, y_1) + min(x_2, y_2) + ...\n   Use HPX to sum in parallel.  Assume HPX has already been initialized.\n   Example:\n\n   input: x=[3, 4, 0, 2, 3], y=[2, 5, 3, 1, 7]\n   output: 10\n*/\ndouble sumOfMinimumElements(std::vector<double> const& x, std::vector<double> const& y) {",29_reduce_sum_of_min_of_pairs,reduce,cpp,hpx,0.2,0.95,True,2048,False,"double sumOfMinimumElements(std::vector<double> const& x, std::vector<double> const& y) {\n        \n        // Create a vector to store the minimum values\n        std::vector<double> min_values(x.size());\n\n        // Use HPX to parallelize the operation\n        hpx::parallel::transform(\n            hpx::parallel::execution::par,\n            x.begin(), x.end(),\n            y.begin(),\n            min_values.begin(),\n            [](double a, double b) { return std::min(a, b); }\n        );\n\n        // Use HPX to parallelize the reduction operation\n        double sum = hpx::parallel::reduce(\n            hpx::parallel::execution::par,\n            min_values.begin(), min_values.end(),\n            0.0,\n            std::plus<double>()\n        );\n\n        return sum;\n}",False,True,,39,33329152,15977.0,0.94,15977.0,0.6266666666666666,6.130805492401123
"#include <hpx/hpx_main.hpp>\n\n/* Return the sum of the minimum value at each index of vectors x and y for all indices.\n   i.e. sum = min(x_0, y_0) + min(x_1, y_1) + min(x_2, y_2) + ...\n   Use HPX to sum in parallel.  Assume HPX has already been initialized.\n   Example:\n\n   input: x=[3, 4, 0, 2, 3], y=[2, 5, 3, 1, 7]\n   output: 10\n*/\ndouble sumOfMinimumElements(std::vector<double> const& x, std::vector<double> const& y) {",29_reduce_sum_of_min_of_pairs,reduce,cpp,hpx,0.2,0.95,True,2048,False,"double sumOfMinimumElements(std::vector<double> const& x, std::vector<double> const& y) {\n        \n        // Create a vector to hold the minimum values for each index\n        std::vector<double> minValues(x.size());\n\n        // Use HPX to parallelize the operation\n        hpx::parallel::transform(x.begin(), x.end(), y.begin(), minValues.begin(),\n            [](double a, double b) { return std::min(a, b); });\n\n        // Use HPX to parallelize the summation\n        double sum = hpx::parallel::accumulate(minValues.begin(), minValues.end(), 0.0);\n\n        return sum;\n}",False,True,,40,10637312,15977.0,0.94,15977.0,0.47,4.0870513916015625
"#include <hpx/hpx_main.hpp>\n\n/* Return the sum of the minimum value at each index of vectors x and y for all indices.\n   i.e. sum = min(x_0, y_0) + min(x_1, y_1) + min(x_2, y_2) + ...\n   Use HPX to sum in parallel.  Assume HPX has already been initialized.\n   Example:\n\n   input: x=[3, 4, 0, 2, 3], y=[2, 5, 3, 1, 7]\n   output: 10\n*/\ndouble sumOfMinimumElements(std::vector<double> const& x, std::vector<double> const& y) {",29_reduce_sum_of_min_of_pairs,reduce,cpp,hpx,0.2,0.95,True,2048,False,"double sumOfMinimumElements(std::vector<double> const& x, std::vector<double> const& y) {\n        \n        // Create a vector to hold the minimum values\n        std::vector<double> min_values(x.size());\n\n        // Use HPX to parallelize the operation\n        hpx::parallel::transform(x.begin(), x.end(), y.begin(), min_values.begin(),\n            [](double a, double b) { return std::min(a, b); });\n\n        // Use HPX to parallelize the reduction operation\n        double sum = hpx::parallel::reduce(min_values.begin(), min_values.end(), 0.0,\n            [](double a, double b) { return a + b; });\n\n        return sum;\n}",False,True,,41,-4444160,15977.0,0.94,15977.0,0.94,4.09187126159668
"#include <hpx/hpx_main.hpp>\n\n/* Return the sum of the minimum value at each index of vectors x and y for all indices.\n   i.e. sum = min(x_0, y_0) + min(x_1, y_1) + min(x_2, y_2) + ...\n   Use HPX to sum in parallel.  Assume HPX has already been initialized.\n   Example:\n\n   input: x=[3, 4, 0, 2, 3], y=[2, 5, 3, 1, 7]\n   output: 10\n*/\ndouble sumOfMinimumElements(std::vector<double> const& x, std::vector<double> const& y) {",29_reduce_sum_of_min_of_pairs,reduce,cpp,hpx,0.2,0.95,True,2048,False,"double sumOfMinimumElements(std::vector<double> const& x, std::vector<double> const& y) {\n        \n        // Create a vector to store the minimum values at each index\n        std::vector<double> min_values(x.size());\n\n        // Use HPX to parallelize the calculation of the minimum values\n        hpx::parallel::transform(\n            hpx::parallel::execution::par,\n            x.begin(), x.end(),\n            y.begin(),\n            min_values.begin(),\n            [](double a, double b) { return std::min(a, b); }\n        );\n\n        // Use HPX to parallelize the calculation of the sum of the minimum values\n        double sum = hpx::parallel::reduce(\n            hpx::parallel::execution::par,\n            min_values.begin(), min_values.end(),\n            0.0,\n            std::plus<double>()\n        );\n\n        return sum;\n}",False,True,,42,-20037632,15977.0,0.94,15977.0,0.47,4.104926824569702
"#include <hpx/hpx_main.hpp>\n\n/* Return the sum of the minimum value at each index of vectors x and y for all indices.\n   i.e. sum = min(x_0, y_0) + min(x_1, y_1) + min(x_2, y_2) + ...\n   Use HPX to sum in parallel.  Assume HPX has already been initialized.\n   Example:\n\n   input: x=[3, 4, 0, 2, 3], y=[2, 5, 3, 1, 7]\n   output: 10\n*/\ndouble sumOfMinimumElements(std::vector<double> const& x, std::vector<double> const& y) {",29_reduce_sum_of_min_of_pairs,reduce,cpp,hpx,0.2,0.95,True,2048,False,"double sumOfMinimumElements(std::vector<double> const& x, std::vector<double> const& y) {\n        \n        // Check if the vectors have the same size\n        if (x.size()!= y.size()) {\n            throw std::invalid_argument(""Vectors must have the same size"");\n        }\n\n        // Create a vector to store the minimum values\n        std::vector<double> minValues(x.size());\n\n        // Use HPX to parallelize the computation\n        hpx::parallel::transform(\n            hpx::parallel::execution::par,\n            x.begin(), x.end(),\n            y.begin(),\n            minValues.begin(),\n            [](double a, double b) { return std::min(a, b); }\n        );\n\n        // Use HPX to parallelize the summation\n        double sum = hpx::parallel::reduce(\n            hpx::parallel::execution::par,\n            minValues.begin(), minValues.end(),\n            0.0,\n            std::plus<double>()\n        );\n\n        return sum;\n}",False,True,,43,16781312,15977.0,0.94,15977.0,0.6266666666666666,6.152042865753174
"#include <hpx/hpx_main.hpp>\n\n/* Return the sum of the minimum value at each index of vectors x and y for all indices.\n   i.e. sum = min(x_0, y_0) + min(x_1, y_1) + min(x_2, y_2) + ...\n   Use HPX to sum in parallel.  Assume HPX has already been initialized.\n   Example:\n\n   input: x=[3, 4, 0, 2, 3], y=[2, 5, 3, 1, 7]\n   output: 10\n*/\ndouble sumOfMinimumElements(std::vector<double> const& x, std::vector<double> const& y) {",29_reduce_sum_of_min_of_pairs,reduce,cpp,hpx,0.2,0.95,True,2048,False,"double sumOfMinimumElements(std::vector<double> const& x, std::vector<double> const& y) {\n        \n        // Create a vector to hold the minimum values for each index\n        std::vector<double> minValues(x.size());\n\n        // Use HPX to parallelize the loop\n        hpx::parallel::transform(\n            hpx::parallel::execution::par,\n            x.begin(), x.end(),\n            y.begin(),\n            minValues.begin(),\n            [](double a, double b) { return std::min(a, b); }\n        );\n\n        // Use HPX to parallelize the reduction\n        double sum = hpx::parallel::reduce(\n            hpx::parallel::execution::par,\n            minValues.begin(), minValues.end(),\n            0.0,\n            std::plus<double>()\n        );\n\n        return sum;\n}",False,True,,44,-1851392,15977.0,0.94,15977.0,0.6266666666666666,6.129616022109985
"#include <hpx/hpx_main.hpp>\n\n/* Return the sum of the minimum value at each index of vectors x and y for all indices.\n   i.e. sum = min(x_0, y_0) + min(x_1, y_1) + min(x_2, y_2) + ...\n   Use HPX to sum in parallel.  Assume HPX has already been initialized.\n   Example:\n\n   input: x=[3, 4, 0, 2, 3], y=[2, 5, 3, 1, 7]\n   output: 10\n*/\ndouble sumOfMinimumElements(std::vector<double> const& x, std::vector<double> const& y) {",29_reduce_sum_of_min_of_pairs,reduce,cpp,hpx,0.2,0.95,True,2048,False,"double sumOfMinimumElements(std::vector<double> const& x, std::vector<double> const& y) {\n        \n        // Create a vector to store the minimum values\n        std::vector<double> min_values(x.size());\n\n        // Use HPX to parallelize the loop\n        hpx::parallel::for_loop(0, x.size(), 0, [&](int i) {\n            min_values[i] = std::min(x[i], y[i]);\n        });\n\n        // Use HPX to parallelize the reduction\n        double sum = hpx::parallel::reduce(min_values.begin(), min_values.end(), 0.0,\n            [](double a, double b) { return a + b; });\n\n        return sum;\n}",False,True,,45,-14909440,15977.0,0.94,15977.0,0.47,4.090378761291504
"#include <hpx/hpx_main.hpp>\n\n/* Return the sum of the minimum value at each index of vectors x and y for all indices.\n   i.e. sum = min(x_0, y_0) + min(x_1, y_1) + min(x_2, y_2) + ...\n   Use HPX to sum in parallel.  Assume HPX has already been initialized.\n   Example:\n\n   input: x=[3, 4, 0, 2, 3], y=[2, 5, 3, 1, 7]\n   output: 10\n*/\ndouble sumOfMinimumElements(std::vector<double> const& x, std::vector<double> const& y) {",29_reduce_sum_of_min_of_pairs,reduce,cpp,hpx,0.2,0.95,True,2048,False,"double sumOfMinimumElements(std::vector<double> const& x, std::vector<double> const& y) {\n        \n        // Create a vector to store the minimum values at each index\n        std::vector<double> min_values(x.size());\n\n        // Use HPX to parallelize the operation\n        hpx::parallel::transform(\n            hpx::parallel::execution::par,\n            x.begin(), x.end(),\n            y.begin(),\n            min_values.begin(),\n            [](double a, double b) { return std::min(a, b); }\n        );\n\n        // Use HPX to parallelize the reduction operation\n        double sum = hpx::parallel::reduce(\n            hpx::parallel::execution::par,\n            min_values.begin(), min_values.end(),\n            0.0,\n            std::plus<double>()\n        );\n\n        return sum;\n}",False,True,,46,7331840,15977.0,0.93,15977.0,0.465,4.090956211090088
"#include <hpx/hpx_main.hpp>\n\n/* Return the sum of the minimum value at each index of vectors x and y for all indices.\n   i.e. sum = min(x_0, y_0) + min(x_1, y_1) + min(x_2, y_2) + ...\n   Use HPX to sum in parallel.  Assume HPX has already been initialized.\n   Example:\n\n   input: x=[3, 4, 0, 2, 3], y=[2, 5, 3, 1, 7]\n   output: 10\n*/\ndouble sumOfMinimumElements(std::vector<double> const& x, std::vector<double> const& y) {",29_reduce_sum_of_min_of_pairs,reduce,cpp,hpx,0.2,0.95,True,2048,False,"double sumOfMinimumElements(std::vector<double> const& x, std::vector<double> const& y) {\n        \n        // Create a vector of pairs to hold the minimum values of each index\n        std::vector<std::pair<double, double>> minValues(x.size());\n\n        // Use HPX to parallelize the loop\n        hpx::parallel::for_loop(hpx::parallel::execution::par, 0, x.size(), 0,\n            [&](size_t i) {\n                minValues[i] = std::make_pair(std::min(x[i], y[i]), std::min(x[i], y[i]));\n            });\n\n        // Use HPX to parallelize the reduction of the minimum values\n        double sum = hpx::parallel::reduce(hpx::parallel::execution::par, minValues.begin(), minValues.end(), 0.0,\n            [](double a, std::pair<double, double> const& b) {\n                return a + b.first;\n            });\n\n        return sum;\n}",False,True,,47,-225280,15977.0,0.94,15977.0,0.6266666666666666,6.13586163520813
"#include <hpx/hpx_main.hpp>\n\n/* Return the sum of the minimum value at each index of vectors x and y for all indices.\n   i.e. sum = min(x_0, y_0) + min(x_1, y_1) + min(x_2, y_2) + ...\n   Use HPX to sum in parallel.  Assume HPX has already been initialized.\n   Example:\n\n   input: x=[3, 4, 0, 2, 3], y=[2, 5, 3, 1, 7]\n   output: 10\n*/\ndouble sumOfMinimumElements(std::vector<double> const& x, std::vector<double> const& y) {",29_reduce_sum_of_min_of_pairs,reduce,cpp,hpx,0.2,0.95,True,2048,False,"double sumOfMinimumElements(std::vector<double> const& x, std::vector<double> const& y) {\n        \n        // Create a vector to hold the minimum values for each pair of elements in x and y\n        std::vector<double> minValues(x.size());\n\n        // Use HPX to calculate the minimum value for each pair of elements in x and y in parallel\n        hpx::parallel::transform(x.begin(), x.end(), y.begin(), minValues.begin(),\n            [](double a, double b) { return std::min(a, b); });\n\n        // Use HPX to sum up the minimum values in parallel\n        double sum = hpx::parallel::reduce(minValues.begin(), minValues.end(), 0.0);\n\n        return sum;\n}",False,True,,48,-3514368,15977.0,0.94,15977.0,0.47,4.093621015548706
"#include <hpx/hpx_main.hpp>\n\n/* Return the sum of the minimum value at each index of vectors x and y for all indices.\n   i.e. sum = min(x_0, y_0) + min(x_1, y_1) + min(x_2, y_2) + ...\n   Use HPX to sum in parallel.  Assume HPX has already been initialized.\n   Example:\n\n   input: x=[3, 4, 0, 2, 3], y=[2, 5, 3, 1, 7]\n   output: 10\n*/\ndouble sumOfMinimumElements(std::vector<double> const& x, std::vector<double> const& y) {",29_reduce_sum_of_min_of_pairs,reduce,cpp,hpx,0.2,0.95,True,2048,False,"double sumOfMinimumElements(std::vector<double> const& x, std::vector<double> const& y) {\n        \n        // Create a HPX parallel execution policy\n        hpx::parallel::execution::parallel_executor exec;\n\n        // Create a vector to store the minimum values at each index\n        std::vector<double> min_values(x.size());\n\n        // Use HPX parallel_transform to calculate the minimum value at each index\n        hpx::parallel::transform(exec, x.begin(), x.end(), y.begin(), min_values.begin(),\n            [](double a, double b) { return std::min(a, b); });\n\n        // Use HPX parallel_reduce to sum up the minimum values\n        double sum = hpx::parallel::reduce(exec, min_values.begin(), min_values.end(), 0.0);\n\n        return sum;\n}",False,True,,49,3567616,15977.0,0.94,15977.0,0.94,4.0862860679626465
"#include <hpx/hpx_main.hpp>\n\n/* Return the sum of the minimum value at each index of vectors x and y for all indices.\n   i.e. sum = min(x_0, y_0) + min(x_1, y_1) + min(x_2, y_2) + ...\n   Use HPX to sum in parallel.  Assume HPX has already been initialized.\n   Example:\n\n   input: x=[3, 4, 0, 2, 3], y=[2, 5, 3, 1, 7]\n   output: 10\n*/\ndouble sumOfMinimumElements(std::vector<double> const& x, std::vector<double> const& y) {",29_reduce_sum_of_min_of_pairs,reduce,cpp,hpx,0.2,0.95,True,2048,False,"double sumOfMinimumElements(std::vector<double> const& x, std::vector<double> const& y) {\n        \n        // Create a vector to hold the minimum values at each index\n        std::vector<double> min_values(x.size());\n\n        // Use HPX to parallelize the calculation of the minimum values\n        hpx::parallel::transform(\n            hpx::parallel::execution::par,\n            x.begin(), x.end(),\n            y.begin(),\n            min_values.begin(),\n            [](double a, double b) { return std::min(a, b); }\n        );\n\n        // Use HPX to parallelize the calculation of the sum of the minimum values\n        double sum = hpx::parallel::reduce(\n            hpx::parallel::execution::par,\n            min_values.begin(), min_values.end(),\n            0.0,\n            std::plus<double>()\n        );\n\n        return sum;\n}",False,True,,50,13193216,15977.0,0.94,15977.0,0.6266666666666666,6.133816480636597
"#include <hpx/hpx_main.hpp>\n\n/* Return the sum of the minimum value at each index of vectors x and y for all indices.\n   i.e. sum = min(x_0, y_0) + min(x_1, y_1) + min(x_2, y_2) + ...\n   Use HPX to sum in parallel.  Assume HPX has already been initialized.\n   Example:\n\n   input: x=[3, 4, 0, 2, 3], y=[2, 5, 3, 1, 7]\n   output: 10\n*/\ndouble sumOfMinimumElements(std::vector<double> const& x, std::vector<double> const& y) {",29_reduce_sum_of_min_of_pairs,reduce,cpp,hpx,0.2,0.95,True,2048,False,"double sumOfMinimumElements(std::vector<double> const& x, std::vector<double> const& y) {\n        \n        // Create a vector to store the minimum values\n        std::vector<double> min_values(x.size());\n\n        // Use HPX to parallelize the computation\n        hpx::parallel::transform(x.begin(), x.end(), y.begin(), min_values.begin(),\n            [](double a, double b) { return std::min(a, b); });\n\n        // Use HPX to parallelize the summation\n        double sum = hpx::parallel::reduce(min_values.begin(), min_values.end(), 0.0);\n\n        return sum;\n}",False,True,,51,-4251648,15977.0,0.94,15977.0,0.47,4.091195106506348
"#include <hpx/hpx_main.hpp>\n\n/* Return the sum of the minimum value at each index of vectors x and y for all indices.\n   i.e. sum = min(x_0, y_0) + min(x_1, y_1) + min(x_2, y_2) + ...\n   Use HPX to sum in parallel.  Assume HPX has already been initialized.\n   Example:\n\n   input: x=[3, 4, 0, 2, 3], y=[2, 5, 3, 1, 7]\n   output: 10\n*/\ndouble sumOfMinimumElements(std::vector<double> const& x, std::vector<double> const& y) {",29_reduce_sum_of_min_of_pairs,reduce,cpp,hpx,0.2,0.95,True,2048,False,"double sumOfMinimumElements(std::vector<double> const& x, std::vector<double> const& y) {\n        \n        // Create a vector to hold the minimum values for each index\n        std::vector<double> minValues(x.size());\n\n        // Use HPX to parallelize the computation of the minimum values\n        hpx::parallel::transform(x.begin(), x.end(), y.begin(), minValues.begin(),\n            [](double a, double b) { return std::min(a, b); });\n\n        // Use HPX to parallelize the computation of the sum of the minimum values\n        double sum = hpx::parallel::reduce(minValues.begin(), minValues.end(), 0.0);\n\n        return sum;\n}",False,True,,52,6369280,15977.0,0.94,15977.0,0.47,4.085729122161865
"#include <hpx/hpx_main.hpp>\n\n/* Return the sum of the minimum value at each index of vectors x and y for all indices.\n   i.e. sum = min(x_0, y_0) + min(x_1, y_1) + min(x_2, y_2) + ...\n   Use HPX to sum in parallel.  Assume HPX has already been initialized.\n   Example:\n\n   input: x=[3, 4, 0, 2, 3], y=[2, 5, 3, 1, 7]\n   output: 10\n*/\ndouble sumOfMinimumElements(std::vector<double> const& x, std::vector<double> const& y) {",29_reduce_sum_of_min_of_pairs,reduce,cpp,hpx,0.2,0.95,True,2048,False,"double sumOfMinimumElements(std::vector<double> const& x, std::vector<double> const& y) {\n        \n        // Create a HPX parallel execution policy\n        hpx::parallel::execution::parallel_executor exec;\n\n        // Create a HPX parallel reduction operation\n        hpx::parallel::execution::parallel_reduce_t parallel_reduce;\n\n        // Create a HPX parallel reduction operation with the parallel executor\n        hpx::parallel::execution::parallel_reduce_executor<hpx::parallel::execution::parallel_executor> parallel_reduce_exec(exec);\n\n        // Create a HPX parallel reduction operation with the parallel executor and the sum operation\n        hpx::parallel::execution::parallel_reduce_executor<hpx::parallel::execution::parallel_executor, hpx::parallel::execution::plus_t> parallel_reduce_exec_plus(exec, hpx::parallel::execution::plus_t());\n\n        // Create a HPX parallel reduction operation with the parallel executor, the sum operation, and the minimum operation\n        hpx::parallel::execution::parallel_reduce_executor<hpx::parallel::execution::parallel_executor, hpx::parallel::execution::plus_t, hpx::parallel::execution::minimum_t> parallel_reduce_exec_plus_min(exec, hpx::parallel::execution::plus_t(), hpx::parallel::execution::minimum_t());\n\n        // Create a HPX parallel reduction operation with the parallel executor, the sum operation, the minimum operation, and the sum of the minimum operation\n        hpx::parallel::execution::parallel_reduce_executor<hpx::parallel::execution::parallel_executor, hpx::parallel::execution::plus_t, hpx::parallel::execution::minimum_t, hpx::parallel::execution::plus_t> parallel_reduce_exec_plus_min_plus(exec, hpx::parallel::execution::plus_t(), hpx::parallel::execution::minimum_t(), hpx::parallel::execution::plus_t());\n\n        // Create a HPX parallel reduction operation with the parallel executor, the sum operation, the minimum operation, and the sum of the minimum operation and the sum operation\n        hpx::parallel::execution::parallel_reduce_executor<hpx::parallel::execution::parallel_executor, hpx::parallel::execution::plus_t, hpx::parallel::execution::minimum_t, hpx::parallel::execution::plus_t, hpx::parallel::execution::plus_t> parallel_reduce_exec_plus_min_plus_plus(exec, hpx::parallel::execution::plus_t(), hpx::parallel::execution::minimum_t(), hpx::parallel::execution::plus_t(), hpx::parallel::execution::plus_t());\n\n        // Create a HPX parallel reduction operation with the parallel executor, the sum operation, the minimum operation, and the sum of the minimum operation and the sum operation and the sum of the minimum operation\n        hpx::parallel::execution::parallel_reduce_executor<hpx::parallel::execution::parallel_executor, hpx::parallel::execution::plus_t, hpx::parallel::execution::minimum_t, hpx::parallel::execution::plus_t, hpx::parallel::execution::plus_t, hpx::parallel::execution::plus_t> parallel_reduce_exec_plus_min_plus_plus_plus(exec, hpx::parallel::execution::plus_t(), hpx::parallel::execution::minimum_t(), hpx::parallel::execution::plus_t(), hpx::parallel::execution::plus_t(), hpx::parallel::execution::plus_t());\n\n        // Create a HPX parallel reduction operation with the parallel executor, the sum operation, the minimum operation, and the sum of the minimum operation and the sum operation and the sum of the minimum operation and the sum operation\n        hpx::parallel::execution::parallel_reduce_executor<hpx::parallel::execution::parallel_executor, hpx::parallel::execution::plus_t, hpx::parallel::execution::minimum_t, hpx::parallel::execution::plus_t, hpx::parallel::execution::plus_t, hpx::parallel::execution::plus_t, hpx::parallel::execution::plus_t> parallel_reduce_exec_plus_min_plus_plus_plus_plus(exec, hpx::parallel::execution::plus_t(), hpx::parallel::execution::minimum_t(), hpx::parallel::execution::plus_t(), hpx::parallel::execution::plus_t(), hpx::parallel::execution::plus_t(), hpx::parallel::execution::plus_t());\n\n        // Create a HPX parallel reduction operation with the parallel executor, the sum operation, the minimum operation, and the sum of the minimum operation and the sum operation and the sum of the minimum operation and the sum operation and the sum of the minimum operation\n        hpx::parallel::execution::parallel_reduce_executor<hpx::parallel::execution::parallel_executor, hpx::parallel::execution::plus_t, hpx::parallel::execution::minimum_t, hpx::parallel::execution::plus_t, hpx::parallel::execution::plus_t, hpx::parallel::execution::plus_t, hpx::parallel::execution::plus_t, hpx::parallel::execution::plus_t> parallel_reduce_exec_plus_min_plus_plus_plus_plus_plus(exec, hpx::parallel::execution::plus_t(), hpx::parallel::execution::minimum_t(), hpx::parallel::execution::plus_t(), hpx::parallel::execution::plus_t(), hpx::parallel::execution::plus_t(), hpx::parallel::execution::plus_t(), hpx::parallel::execution::plus_t());\n\n        // Create a HPX parallel reduction operation with the parallel executor, the sum operation, the minimum operation, and the sum of the minimum operation and the sum operation and the sum of the minimum operation and the sum operation and the sum of the minimum operation and the sum operation\n        hpx::parallel::execution::parallel_reduce_executor<hpx::parallel::execution::parallel_executor, hpx::parallel::execution::plus_t, hpx::parallel::execution::minimum_t, hpx::parallel::execution::plus_t, hpx::parallel::execution::plus_t, hpx::parallel::execution::plus_t, hpx::parallel::execution::plus_t, hpx::parallel::execution::plus_t, hpx::parallel::execution::plus_t> parallel_reduce_exec_plus_min_plus_plus_plus_plus_plus_plus(exec, hpx::parallel::execution::plus_t(), hpx::parallel::execution::minimum_t(), hpx::parallel::execution::plus_t(), hpx::parallel::execution::plus_t(), hpx::parallel::execution::plus_t(), hpx::parallel::execution::plus_t(), hpx::parallel::execution::plus_t(), hpx::parallel::execution::plus_t());\n\n        // Create a HPX parallel reduction operation with the parallel executor, the sum operation, the minimum operation, and the sum of the minimum operation and the sum operation and the sum of the minimum operation and the sum operation and the sum of the minimum operation and the sum operation and the sum of the minimum operation\n        hpx::parallel::execution::parallel_reduce_executor<hpx::parallel::execution::parallel_executor, hpx::parallel::execution::plus_t, hpx::parallel::execution::minimum_t, hpx::parallel::execution::plus_t, hpx::parallel::execution::plus_t, hpx::parallel::execution::plus_t, hpx::parallel::execution::plus_t, hpx::parallel::execution::plus_t, hpx::parallel::execution::plus_t, hpx::parallel::execution::plus_t> parallel_reduce_exec_plus_min_plus_plus_plus_plus_plus_plus_plus(exec, hpx::parallel::execution::plus_t(), hpx::parallel::execution::minimum_t(), hpx::parallel::execution::plus_t(), hpx::parallel::execution::plus_t(), hpx::parallel::execution::plus_t(), hpx::parallel::execution::plus_t(), hpx::parallel::execution::plus_t(), hpx::parallel::execution::plus_t(), hpx::parallel::execution::plus_t());\n\n        // Create a HPX parallel reduction operation with the parallel executor, the sum operation, the minimum operation, and the sum of the minimum operation and the sum operation and the sum of the minimum operation and the sum operation and the sum of the minimum operation and the sum operation and the sum of the minimum operation and the sum operation\n        hpx::parallel::execution::parallel_reduce_executor<hpx::parallel::execution::parallel_executor, hpx::parallel::execution::plus_t, hpx::parallel::execution::minimum_t, hpx::parallel::execution::plus_t, hpx::parallel::",False,True,,53,-14245888,15977.0,0.96,15977.0,0.9172222222222222,36.81500816345215
"#include <hpx/hpx_main.hpp>\n\n/* Return the sum of the minimum value at each index of vectors x and y for all indices.\n   i.e. sum = min(x_0, y_0) + min(x_1, y_1) + min(x_2, y_2) + ...\n   Use HPX to sum in parallel.  Assume HPX has already been initialized.\n   Example:\n\n   input: x=[3, 4, 0, 2, 3], y=[2, 5, 3, 1, 7]\n   output: 10\n*/\ndouble sumOfMinimumElements(std::vector<double> const& x, std::vector<double> const& y) {",29_reduce_sum_of_min_of_pairs,reduce,cpp,hpx,0.2,0.95,True,2048,False,"double sumOfMinimumElements(std::vector<double> const& x, std::vector<double> const& y) {\n        \n        // Create a HPX parallel execution policy\n        hpx::parallel::execution::parallel_executor exec;\n\n        // Create a HPX parallel reduction operation\n        hpx::parallel::execution::parallel_reduce_t parallel_reduce;\n\n        // Initialize the sum to 0\n        double sum = 0;\n\n        // Use HPX to parallelize the loop\n        hpx::parallel::transform_reduce(exec, x.begin(), x.end(), y.begin(), sum,\n            [](double a, double b) { return std::min(a, b); }, parallel_reduce);\n\n        // Return the sum\n        return sum;\n}",False,True,,54,983040,15977.0,0.94,15977.0,0.47,4.093630075454712
"#include <hpx/hpx_main.hpp>\n\n/* Return the sum of the minimum value at each index of vectors x and y for all indices.\n   i.e. sum = min(x_0, y_0) + min(x_1, y_1) + min(x_2, y_2) + ...\n   Use HPX to sum in parallel.  Assume HPX has already been initialized.\n   Example:\n\n   input: x=[3, 4, 0, 2, 3], y=[2, 5, 3, 1, 7]\n   output: 10\n*/\ndouble sumOfMinimumElements(std::vector<double> const& x, std::vector<double> const& y) {",29_reduce_sum_of_min_of_pairs,reduce,cpp,hpx,0.2,0.95,True,2048,False,"double sumOfMinimumElements(std::vector<double> const& x, std::vector<double> const& y) {\n        \n        // Create a vector to hold the minimum values of each pair of elements from x and y\n        std::vector<double> minValues;\n\n        // Iterate over the elements of x and y in parallel\n        hpx::parallel::for_loop(hpx::parallel::execution::par, 0, x.size(), [&](std::size_t i) {\n            // Calculate the minimum value of the current pair of elements and add it to the minValues vector\n            minValues.push_back(std::min(x[i], y[i]));\n        });\n\n        // Use the HPX parallel_reduce function to sum up the elements of minValues in parallel\n        double sum = hpx::parallel::reduce(hpx::parallel::execution::par, minValues.begin(), minValues.end(), 0.0,\n            [](double a, double b) { return a + b; });\n\n        return sum;\n}",False,True,,55,-43364352,15977.0,0.94,15977.0,0.94,4.096182346343994
"#include <hpx/hpx_main.hpp>\n\n/* Return the sum of the minimum value at each index of vectors x and y for all indices.\n   i.e. sum = min(x_0, y_0) + min(x_1, y_1) + min(x_2, y_2) + ...\n   Use HPX to sum in parallel.  Assume HPX has already been initialized.\n   Example:\n\n   input: x=[3, 4, 0, 2, 3], y=[2, 5, 3, 1, 7]\n   output: 10\n*/\ndouble sumOfMinimumElements(std::vector<double> const& x, std::vector<double> const& y) {",29_reduce_sum_of_min_of_pairs,reduce,cpp,hpx,0.2,0.95,True,2048,False,"double sumOfMinimumElements(std::vector<double> const& x, std::vector<double> const& y) {\n        \n        // Check if the vectors are of the same size\n        if (x.size()!= y.size()) {\n            throw std::invalid_argument(""Vectors must be of the same size"");\n        }\n\n        // Create a vector to store the minimum values\n        std::vector<double> min_values(x.size());\n\n        // Calculate the minimum value at each index\n        hpx::parallel::transform(x.begin(), x.end(), y.begin(), min_values.begin(),\n            [](double a, double b) { return std::min(a, b); });\n\n        // Sum up the minimum values\n        double sum = hpx::parallel::reduce(min_values.begin(), min_values.end(), 0.0,\n            std::plus<double>());\n\n        return sum;\n}",False,True,,56,27185152,15977.0,0.94,15977.0,0.6266666666666666,6.145896911621094
"#include <hpx/hpx_main.hpp>\n\n/* Return the sum of the minimum value at each index of vectors x and y for all indices.\n   i.e. sum = min(x_0, y_0) + min(x_1, y_1) + min(x_2, y_2) + ...\n   Use HPX to sum in parallel.  Assume HPX has already been initialized.\n   Example:\n\n   input: x=[3, 4, 0, 2, 3], y=[2, 5, 3, 1, 7]\n   output: 10\n*/\ndouble sumOfMinimumElements(std::vector<double> const& x, std::vector<double> const& y) {",29_reduce_sum_of_min_of_pairs,reduce,cpp,hpx,0.2,0.95,True,2048,False,"double sumOfMinimumElements(std::vector<double> const& x, std::vector<double> const& y) {\n        \n        // Create a HPX parallel execution policy\n        hpx::parallel::execution::parallel_executor exec;\n\n        // Create a HPX parallel execution policy\n        hpx::parallel::execution::parallel_executor exec;\n\n        // Create a HPX parallel execution policy\n        hpx::parallel::execution::parallel_executor exec;\n\n        // Create a HPX parallel execution policy\n        hpx::parallel::execution::parallel_executor exec;\n\n        // Create a HPX parallel execution policy\n        hpx::parallel::execution::parallel_executor exec;\n\n        // Create a HPX parallel execution policy\n        hpx::parallel::execution::parallel_executor exec;\n\n        // Create a HPX parallel execution policy\n        hpx::parallel::execution::parallel_executor exec;\n\n        // Create a HPX parallel execution policy\n        hpx::parallel::execution::parallel_executor exec;\n\n        // Create a HPX parallel execution policy\n        hpx::parallel::execution::parallel_executor exec;\n\n        // Create a HPX parallel execution policy\n        hpx::parallel::execution::parallel_executor exec;\n\n        // Create a HPX parallel execution policy\n        hpx::parallel::execution::parallel_executor exec;\n\n        // Create a HPX parallel execution policy\n        hpx::parallel::execution::parallel_executor exec;\n\n        // Create a HPX parallel execution policy\n        hpx::parallel::execution::parallel_executor exec;\n\n        // Create a HPX parallel execution policy\n        hpx::parallel::execution::parallel_executor exec;\n\n        // Create a HPX parallel execution policy\n        hpx::parallel::execution::parallel_executor exec;\n\n        // Create a HPX parallel execution policy\n        hpx::parallel::execution::parallel_executor exec;\n\n        // Create a HPX parallel execution policy\n        hpx::parallel::execution::parallel_executor exec;\n\n        // Create a HPX parallel execution policy\n        hpx::parallel::execution::parallel_executor exec;\n\n        // Create a HPX parallel execution policy\n        hpx::parallel::execution::parallel_executor exec;\n\n        // Create a HPX parallel execution policy\n        hpx::parallel::execution::parallel_executor exec;\n\n        // Create a HPX parallel execution policy\n        hpx::parallel::execution::parallel_executor exec;\n\n        // Create a HPX parallel execution policy\n        hpx::parallel::execution::parallel_executor exec;\n\n        // Create a HPX parallel execution policy\n        hpx::parallel::execution::parallel_executor exec;\n\n        // Create a HPX parallel execution policy\n        hpx::parallel::execution::parallel_executor exec;\n\n        // Create a HPX parallel execution policy\n        hpx::parallel::execution::parallel_executor exec;\n\n        // Create a HPX parallel execution policy\n        hpx::parallel::execution::parallel_executor exec;\n\n        // Create a HPX parallel execution policy\n        hpx::parallel::execution::parallel_executor exec;\n\n        // Create a HPX parallel execution policy\n        hpx::parallel::execution::parallel_executor exec;\n\n        // Create a HPX parallel execution policy\n        hpx::parallel::execution::parallel_executor exec;\n\n        // Create a HPX parallel execution policy\n        hpx::parallel::execution::parallel_executor exec;\n\n        // Create a HPX parallel execution policy\n        hpx::parallel::execution::parallel_executor exec;\n\n        // Create a HPX parallel execution policy\n        hpx::parallel::execution::parallel_executor exec;\n\n        // Create a HPX parallel execution policy\n        hpx::parallel::execution::parallel_executor exec;\n\n        // Create a HPX parallel execution policy\n        hpx::parallel::execution::parallel_executor exec;\n\n        // Create a HPX parallel execution policy\n        hpx::parallel::execution::parallel_executor exec;\n\n        // Create a HPX parallel execution policy\n        hpx::parallel::execution::parallel_executor exec;\n\n        // Create a HPX parallel execution policy\n        hpx::parallel::execution::parallel_executor exec;\n\n        // Create a HPX parallel execution policy\n        hpx::parallel::execution::parallel_executor exec;\n\n        // Create a HPX parallel execution policy\n        hpx::parallel::execution::parallel_executor exec;\n\n        // Create a HPX parallel execution policy\n        hpx::parallel::execution::parallel_executor exec;\n\n        // Create a HPX parallel execution policy\n        hpx::parallel::execution::parallel_executor exec;\n\n        // Create a HPX parallel execution policy\n        hpx::parallel::execution::parallel_executor exec;\n\n        // Create a HPX parallel execution policy\n        hpx::parallel::execution::parallel_executor exec;\n\n        // Create a HPX parallel execution policy\n        hpx::parallel::execution::parallel_executor exec;\n\n        // Create a HPX parallel execution policy\n        hpx::parallel::execution::parallel_executor exec;\n\n        // Create a HPX parallel execution policy\n        hpx::parallel::execution::parallel_executor exec;\n\n        // Create a HPX parallel execution policy\n        hpx::parallel::execution::parallel_executor exec;\n\n        // Create a HPX parallel execution policy\n        hpx::parallel::execution::parallel_executor exec;\n\n        // Create a HPX parallel execution policy\n        hpx::parallel::execution::parallel_executor exec;\n\n        // Create a HPX parallel execution policy\n        hpx::parallel::execution::parallel_executor exec;\n\n        // Create a HPX parallel execution policy\n        hpx::parallel::execution::parallel_executor exec;\n\n        // Create a HPX parallel execution policy\n        hpx::parallel::execution::parallel_executor exec;\n\n        // Create a HPX parallel execution policy\n        hpx::parallel::execution::parallel_executor exec;\n\n        // Create a HPX parallel execution policy\n        hpx::parallel::execution::parallel_executor exec;\n\n        // Create a HPX parallel execution policy\n        hpx::parallel::execution::parallel_executor exec;\n\n        // Create a HPX parallel execution policy\n        hpx::parallel::execution::parallel_executor exec;\n\n        // Create a HPX parallel execution policy\n        hpx::parallel::execution::parallel_executor exec;\n\n        // Create a HPX parallel execution policy\n        hpx::parallel::execution::parallel_executor exec;\n\n        // Create a HPX parallel execution policy\n        hpx::parallel::execution::parallel_executor exec;\n\n        // Create a HPX parallel execution policy\n        hpx::parallel::execution::parallel_executor exec;\n\n        // Create a HPX parallel execution policy\n        hpx::parallel::execution::parallel_executor exec;\n\n        // Create a HPX parallel execution policy\n        hpx::parallel::execution::parallel_executor exec;\n\n        // Create a HPX parallel execution policy\n        hpx::parallel::execution::parallel_executor exec;\n\n        // Create a HPX parallel execution policy\n        hpx::parallel::execution::parallel_executor exec;\n\n        // Create a HPX parallel execution policy\n        hpx::parallel::execution::parallel_executor exec;\n\n        // Create a HPX parallel execution policy\n        hpx::parallel::execution::parallel_executor exec;\n\n        // Create a HPX parallel execution policy\n        hpx::parallel::execution::parallel_executor exec;\n\n        // Create a HPX parallel execution policy\n        hpx::parallel::execution::parallel_executor exec;\n\n        // Create a HPX parallel execution policy\n        hpx::parallel::execution::parallel_executor exec;\n\n        // Create a HPX parallel execution policy\n        hpx::parallel::execution::parallel_executor exec;\n\n        // Create a HPX parallel execution policy\n        hpx::parallel::execution::parallel_executor exec;\n\n        // Create a HPX parallel execution policy\n        hpx::parallel::execution::parallel_executor exec;\n\n        // Create a HPX parallel execution policy\n        hpx::parallel::execution::parallel_executor exec;\n\n        // Create a HPX parallel execution policy\n        hpx::parallel::execution::parallel_executor exec;\n\n        // Create a HPX parallel execution policy\n        hpx::parallel::execution::parallel_executor exec;\n\n        // Create a HPX parallel execution policy\n        hpx::parallel::execution::parallel_executor exec;\n\n        // Create a HPX parallel execution policy\n        hpx::parallel::execution::parallel_executor exec;\n\n        // Create a HPX parallel execution policy\n        hpx::parallel::execution::parallel_executor exec;\n\n        // Create a HPX parallel execution policy\n        hpx::parallel::execution::parallel",False,True,,57,22908928,15977.0,0.95,15977.0,0.8944444444444444,36.82106065750122
"#include <hpx/hpx_main.hpp>\n\n/* Return the sum of the minimum value at each index of vectors x and y for all indices.\n   i.e. sum = min(x_0, y_0) + min(x_1, y_1) + min(x_2, y_2) + ...\n   Use HPX to sum in parallel.  Assume HPX has already been initialized.\n   Example:\n\n   input: x=[3, 4, 0, 2, 3], y=[2, 5, 3, 1, 7]\n   output: 10\n*/\ndouble sumOfMinimumElements(std::vector<double> const& x, std::vector<double> const& y) {",29_reduce_sum_of_min_of_pairs,reduce,cpp,hpx,0.2,0.95,True,2048,False,"double sumOfMinimumElements(std::vector<double> const& x, std::vector<double> const& y) {\n        \n        // Create a vector to hold the minimum values\n        std::vector<double> min_values(x.size());\n\n        // Use HPX to parallelize the loop\n        hpx::parallel::transform(hpx::parallel::execution::par, x.begin(), x.end(), y.begin(), min_values.begin(),\n            [](double a, double b) { return std::min(a, b); });\n\n        // Use HPX to parallelize the reduction\n        double sum = hpx::parallel::reduce(hpx::parallel::execution::par, min_values.begin(), min_values.end(), 0.0);\n\n        return sum;\n}",False,True,,58,11202560,15977.0,0.94,15977.0,0.47,4.087813377380371
"#include <hpx/hpx_main.hpp>\n\n/* Return the sum of the minimum value at each index of vectors x and y for all indices.\n   i.e. sum = min(x_0, y_0) + min(x_1, y_1) + min(x_2, y_2) + ...\n   Use HPX to sum in parallel.  Assume HPX has already been initialized.\n   Example:\n\n   input: x=[3, 4, 0, 2, 3], y=[2, 5, 3, 1, 7]\n   output: 10\n*/\ndouble sumOfMinimumElements(std::vector<double> const& x, std::vector<double> const& y) {",29_reduce_sum_of_min_of_pairs,reduce,cpp,hpx,0.2,0.95,True,2048,False,"double sumOfMinimumElements(std::vector<double> const& x, std::vector<double> const& y) {\n        \n        // Create a vector to store the minimum values at each index\n        std::vector<double> minValues(x.size());\n\n        // Use HPX to parallelize the operation\n        hpx::parallel::transform(x.begin(), x.end(), y.begin(), minValues.begin(),\n            [](double a, double b) { return std::min(a, b); });\n\n        // Use HPX to parallelize the reduction operation\n        double sum = hpx::parallel::reduce(minValues.begin(), minValues.end(), 0.0,\n            [](double a, double b) { return a + b; });\n\n        return sum;\n}",False,True,,59,8445952,15977.0,0.94,15977.0,0.74,4.091091632843018
"#include <hpx/hpx_main.hpp>\n\n/* Return the sum of the minimum value at each index of vectors x and y for all indices.\n   i.e. sum = min(x_0, y_0) + min(x_1, y_1) + min(x_2, y_2) + ...\n   Use HPX to sum in parallel.  Assume HPX has already been initialized.\n   Example:\n\n   input: x=[3, 4, 0, 2, 3], y=[2, 5, 3, 1, 7]\n   output: 10\n*/\ndouble sumOfMinimumElements(std::vector<double> const& x, std::vector<double> const& y) {",29_reduce_sum_of_min_of_pairs,reduce,cpp,hpx,0.2,0.95,True,2048,False,"double sumOfMinimumElements(std::vector<double> const& x, std::vector<double> const& y) {\n        \n        // Create a vector to hold the minimum values at each index\n        std::vector<double> min_values(x.size());\n\n        // Use HPX to parallelize the calculation of the minimum values\n        hpx::parallel::transform(\n            hpx::parallel::execution::par,\n            x.begin(), x.end(),\n            y.begin(),\n            min_values.begin(),\n            [](double a, double b) { return std::min(a, b); }\n        );\n\n        // Use HPX to parallelize the calculation of the sum of the minimum values\n        double sum = hpx::parallel::reduce(\n            hpx::parallel::execution::par,\n            min_values.begin(), min_values.end(),\n            0.0,\n            std::plus<double>()\n        );\n\n        return sum;\n}",False,True,,60,-19910656,15977.0,0.94,15977.0,0.47,4.086892127990723
"#include <hpx/hpx_main.hpp>\n\n/* Return the sum of the minimum value at each index of vectors x and y for all indices.\n   i.e. sum = min(x_0, y_0) + min(x_1, y_1) + min(x_2, y_2) + ...\n   Use HPX to sum in parallel.  Assume HPX has already been initialized.\n   Example:\n\n   input: x=[3, 4, 0, 2, 3], y=[2, 5, 3, 1, 7]\n   output: 10\n*/\ndouble sumOfMinimumElements(std::vector<double> const& x, std::vector<double> const& y) {",29_reduce_sum_of_min_of_pairs,reduce,cpp,hpx,0.2,0.95,True,2048,False,"double sumOfMinimumElements(std::vector<double> const& x, std::vector<double> const& y) {\n        \n        // Create a vector to hold the minimum values for each index\n        std::vector<double> min_values(x.size());\n\n        // Use HPX to parallelize the loop over the indices\n        hpx::parallel::for_loop(hpx::parallel::execution::par, 0, x.size(), 0,\n            [&](int i) {\n                min_values[i] = std::min(x[i], y[i]);\n            });\n\n        // Use HPX to parallelize the summation of the minimum values\n        double sum = hpx::parallel::reduce(hpx::parallel::execution::par, min_values.begin(), min_values.end(), 0.0,\n            [](double a, double b) {\n                return a + b;\n            });\n\n        return sum;\n}",False,True,,61,-39800832,15977.0,0.94,15977.0,0.475,4.092266321182251
"#include <hpx/hpx_main.hpp>\n\n/* Return the sum of the minimum value at each index of vectors x and y for all indices.\n   i.e. sum = min(x_0, y_0) + min(x_1, y_1) + min(x_2, y_2) + ...\n   Use HPX to sum in parallel.  Assume HPX has already been initialized.\n   Example:\n\n   input: x=[3, 4, 0, 2, 3], y=[2, 5, 3, 1, 7]\n   output: 10\n*/\ndouble sumOfMinimumElements(std::vector<double> const& x, std::vector<double> const& y) {",29_reduce_sum_of_min_of_pairs,reduce,cpp,hpx,0.2,0.95,True,2048,False,"double sumOfMinimumElements(std::vector<double> const& x, std::vector<double> const& y) {\n        \n        // Create a vector to store the minimum values\n        std::vector<double> min_values(x.size());\n\n        // Use HPX to parallelize the operation\n        hpx::parallel::transform(x.begin(), x.end(), y.begin(), min_values.begin(),\n            [](double a, double b) { return std::min(a, b); });\n\n        // Use HPX to parallelize the summation\n        double sum = hpx::parallel::accumulate(min_values.begin(), min_values.end(), 0.0);\n\n        return sum;\n}",False,True,,62,13357056,15977.0,0.93,15977.0,0.465,4.08873176574707
"#include <hpx/hpx_main.hpp>\n\n/* Return the sum of the minimum value at each index of vectors x and y for all indices.\n   i.e. sum = min(x_0, y_0) + min(x_1, y_1) + min(x_2, y_2) + ...\n   Use HPX to sum in parallel.  Assume HPX has already been initialized.\n   Example:\n\n   input: x=[3, 4, 0, 2, 3], y=[2, 5, 3, 1, 7]\n   output: 10\n*/\ndouble sumOfMinimumElements(std::vector<double> const& x, std::vector<double> const& y) {",29_reduce_sum_of_min_of_pairs,reduce,cpp,hpx,0.2,0.95,True,2048,False,"double sumOfMinimumElements(std::vector<double> const& x, std::vector<double> const& y) {\n        \n        // Create a vector to store the minimum values at each index\n        std::vector<double> minValues(x.size());\n\n        // Use HPX to parallelize the calculation of the minimum values\n        hpx::parallel::transform(x.begin(), x.end(), y.begin(), minValues.begin(),\n            [](double a, double b) { return std::min(a, b); });\n\n        // Use HPX to parallelize the calculation of the sum of the minimum values\n        double sum = hpx::parallel::accumulate(minValues.begin(), minValues.end(), 0.0);\n\n        return sum;\n}",False,True,,63,18128896,15977.0,0.94,15977.0,0.7949999999999999,4.089748859405518
"#include <hpx/hpx_main.hpp>\n\n/* Return the sum of the minimum value at each index of vectors x and y for all indices.\n   i.e. sum = min(x_0, y_0) + min(x_1, y_1) + min(x_2, y_2) + ...\n   Use HPX to sum in parallel.  Assume HPX has already been initialized.\n   Example:\n\n   input: x=[3, 4, 0, 2, 3], y=[2, 5, 3, 1, 7]\n   output: 10\n*/\ndouble sumOfMinimumElements(std::vector<double> const& x, std::vector<double> const& y) {",29_reduce_sum_of_min_of_pairs,reduce,cpp,hpx,0.2,0.95,True,2048,False,"double sumOfMinimumElements(std::vector<double> const& x, std::vector<double> const& y) {\n        \n        // Create a vector to hold the minimum values at each index\n        std::vector<double> min_values(x.size());\n\n        // Use HPX to parallelize the computation of the minimum values\n        hpx::parallel::transform(x.begin(), x.end(), y.begin(), min_values.begin(),\n            [](double a, double b) { return std::min(a, b); });\n\n        // Use HPX to parallelize the computation of the sum of the minimum values\n        double sum = hpx::parallel::reduce(min_values.begin(), min_values.end(), 0.0,\n            [](double a, double b) { return a + b; });\n\n        return sum;\n}",False,True,,64,-585728,15977.0,0.93,15977.0,0.79,4.097068548202515
"#include <hpx/hpx_main.hpp>\n\n/* Return the sum of the minimum value at each index of vectors x and y for all indices.\n   i.e. sum = min(x_0, y_0) + min(x_1, y_1) + min(x_2, y_2) + ...\n   Use HPX to sum in parallel.  Assume HPX has already been initialized.\n   Example:\n\n   input: x=[3, 4, 0, 2, 3], y=[2, 5, 3, 1, 7]\n   output: 10\n*/\ndouble sumOfMinimumElements(std::vector<double> const& x, std::vector<double> const& y) {",29_reduce_sum_of_min_of_pairs,reduce,cpp,hpx,0.2,0.95,True,2048,False,"double sumOfMinimumElements(std::vector<double> const& x, std::vector<double> const& y) {\n        \n        // Create a vector of pairs of elements from x and y at each index\n        std::vector<std::pair<double, double>> pairs(x.size());\n        for (size_t i = 0; i < x.size(); ++i) {\n            pairs[i] = std::make_pair(x[i], y[i]);\n        }\n\n        // Create a vector to hold the results of the HPX parallel_transform\n        std::vector<double> results(x.size());\n\n        // Use HPX to parallel_transform the pairs to get the minimum of each pair\n        hpx::parallel::transform(hpx::parallel::execution::par, pairs.begin(), pairs.end(), results.begin(),\n            [](std::pair<double, double> const& p) { return std::min(p.first, p.second); });\n\n        // Use HPX to parallel_reduce the results to get the sum\n        double sum = hpx::parallel::reduce(hpx::parallel::execution::par, results.begin(), results.end(), 0.0);\n\n        return sum;\n}",False,True,,65,-6381568,15977.0,0.94,15977.0,0.6266666666666666,6.146714448928833
"#include <hpx/hpx_main.hpp>\n\n/* Return the sum of the minimum value at each index of vectors x and y for all indices.\n   i.e. sum = min(x_0, y_0) + min(x_1, y_1) + min(x_2, y_2) + ...\n   Use HPX to sum in parallel.  Assume HPX has already been initialized.\n   Example:\n\n   input: x=[3, 4, 0, 2, 3], y=[2, 5, 3, 1, 7]\n   output: 10\n*/\ndouble sumOfMinimumElements(std::vector<double> const& x, std::vector<double> const& y) {",29_reduce_sum_of_min_of_pairs,reduce,cpp,hpx,0.2,0.95,True,2048,False,"double sumOfMinimumElements(std::vector<double> const& x, std::vector<double> const& y) {\n        \n        // Create a vector to store the minimum values at each index\n        std::vector<double> min_values(x.size());\n\n        // Use HPX to parallelize the operation\n        hpx::parallel::transform(x.begin(), x.end(), y.begin(), min_values.begin(),\n            [](double a, double b) { return std::min(a, b); });\n\n        // Use HPX to parallelize the summation\n        double sum = hpx::parallel::reduce(min_values.begin(), min_values.end(), 0.0);\n\n        return sum;\n}",False,True,,66,10014720,15977.0,0.94,15977.0,0.47,4.088167667388916
"#include <hpx/hpx_main.hpp>\n\n/* Return the sum of the minimum value at each index of vectors x and y for all indices.\n   i.e. sum = min(x_0, y_0) + min(x_1, y_1) + min(x_2, y_2) + ...\n   Use HPX to sum in parallel.  Assume HPX has already been initialized.\n   Example:\n\n   input: x=[3, 4, 0, 2, 3], y=[2, 5, 3, 1, 7]\n   output: 10\n*/\ndouble sumOfMinimumElements(std::vector<double> const& x, std::vector<double> const& y) {",29_reduce_sum_of_min_of_pairs,reduce,cpp,hpx,0.2,0.95,True,2048,False,"double sumOfMinimumElements(std::vector<double> const& x, std::vector<double> const& y) {\n        \n        // Create a vector to store the minimum values at each index\n        std::vector<double> minValues(x.size());\n\n        // Use HPX to calculate the minimum value at each index in parallel\n        hpx::parallel::transform(x.begin(), x.end(), y.begin(), minValues.begin(),\n            [](double a, double b) { return std::min(a, b); });\n\n        // Use HPX to sum the minimum values in parallel\n        double sum = hpx::parallel::reduce(minValues.begin(), minValues.end(), 0.0);\n\n        return sum;\n}",False,True,,67,161435648,15977.0,0.94,15977.0,0.47,4.09093976020813
"#include <hpx/hpx_main.hpp>\n\n/* Return the sum of the minimum value at each index of vectors x and y for all indices.\n   i.e. sum = min(x_0, y_0) + min(x_1, y_1) + min(x_2, y_2) + ...\n   Use HPX to sum in parallel.  Assume HPX has already been initialized.\n   Example:\n\n   input: x=[3, 4, 0, 2, 3], y=[2, 5, 3, 1, 7]\n   output: 10\n*/\ndouble sumOfMinimumElements(std::vector<double> const& x, std::vector<double> const& y) {",29_reduce_sum_of_min_of_pairs,reduce,cpp,hpx,0.2,0.95,True,2048,False,"double sumOfMinimumElements(std::vector<double> const& x, std::vector<double> const& y) {\n        \n        // Create a vector to store the minimum values at each index\n        std::vector<double> min_values(x.size());\n\n        // Use HPX to parallelize the loop\n        hpx::parallel::transform(x.begin(), x.end(), y.begin(), min_values.begin(),\n            [](double a, double b) { return std::min(a, b); });\n\n        // Use HPX to parallelize the summation\n        double sum = hpx::parallel::reduce(min_values.begin(), min_values.end(), 0.0,\n            [](double a, double b) { return a + b; });\n\n        return sum;\n}",False,True,,68,302661632,15977.0,0.94,15977.0,0.47,4.093719244003296
"#include <hpx/hpx_main.hpp>\n\n/* Return the sum of the minimum value at each index of vectors x and y for all indices.\n   i.e. sum = min(x_0, y_0) + min(x_1, y_1) + min(x_2, y_2) + ...\n   Use HPX to sum in parallel.  Assume HPX has already been initialized.\n   Example:\n\n   input: x=[3, 4, 0, 2, 3], y=[2, 5, 3, 1, 7]\n   output: 10\n*/\ndouble sumOfMinimumElements(std::vector<double> const& x, std::vector<double> const& y) {",29_reduce_sum_of_min_of_pairs,reduce,cpp,hpx,0.2,0.95,True,2048,False,"double sumOfMinimumElements(std::vector<double> const& x, std::vector<double> const& y) {\n        \n        // Create a vector to hold the minimum values\n        std::vector<double> min_values(x.size());\n\n        // Use HPX to parallelize the min operation\n        hpx::parallel::transform(x.begin(), x.end(), y.begin(), min_values.begin(),\n            [](double a, double b) { return std::min(a, b); });\n\n        // Use HPX to parallelize the sum operation\n        double sum = hpx::parallel::accumulate(min_values.begin(), min_values.end(), 0.0);\n\n        return sum;\n}",False,True,,69,454213632,15977.0,0.94,15977.0,0.94,4.1071906089782715
"#include <hpx/hpx_main.hpp>\n\n/* Return the sum of the minimum value at each index of vectors x and y for all indices.\n   i.e. sum = min(x_0, y_0) + min(x_1, y_1) + min(x_2, y_2) + ...\n   Use HPX to sum in parallel.  Assume HPX has already been initialized.\n   Example:\n\n   input: x=[3, 4, 0, 2, 3], y=[2, 5, 3, 1, 7]\n   output: 10\n*/\ndouble sumOfMinimumElements(std::vector<double> const& x, std::vector<double> const& y) {",29_reduce_sum_of_min_of_pairs,reduce,cpp,hpx,0.2,0.95,True,2048,False,"double sumOfMinimumElements(std::vector<double> const& x, std::vector<double> const& y) {\n        \n        // Create a vector to hold the minimum values\n        std::vector<double> min_values(x.size());\n\n        // Use HPX to parallelize the min operation\n        hpx::parallel::transform(\n            hpx::parallel::execution::par,\n            x.begin(), x.end(),\n            y.begin(),\n            min_values.begin(),\n            [](double a, double b) { return std::min(a, b); }\n        );\n\n        // Use HPX to parallelize the sum operation\n        double sum = hpx::parallel::accumulate(\n            hpx::parallel::execution::par,\n            min_values.begin(), min_values.end(),\n            0.0\n        );\n\n        return sum;\n}",False,True,,70,-169926656,15977.0,0.94,15977.0,0.6266666666666666,6.137029647827148
"#include <hpx/hpx_main.hpp>\n\n/* Return the sum of the minimum value at each index of vectors x and y for all indices.\n   i.e. sum = min(x_0, y_0) + min(x_1, y_1) + min(x_2, y_2) + ...\n   Use HPX to sum in parallel.  Assume HPX has already been initialized.\n   Example:\n\n   input: x=[3, 4, 0, 2, 3], y=[2, 5, 3, 1, 7]\n   output: 10\n*/\ndouble sumOfMinimumElements(std::vector<double> const& x, std::vector<double> const& y) {",29_reduce_sum_of_min_of_pairs,reduce,cpp,hpx,0.2,0.95,True,2048,False,"double sumOfMinimumElements(std::vector<double> const& x, std::vector<double> const& y) {\n        \n        // Create a HPX parallel execution policy\n        hpx::parallel::execution::parallel_executor exec;\n\n        // Create a HPX parallel reduction operation\n        hpx::parallel::execution::parallel_reduce_t parallel_reduce;\n\n        // Create a HPX parallel reduction operation\n        hpx::parallel::execution::parallel_reduce_t parallel_reduce;\n\n        // Create a HPX parallel reduction operation\n        hpx::parallel::execution::parallel_reduce_t parallel_reduce;\n\n        // Create a HPX parallel reduction operation\n        hpx::parallel::execution::parallel_reduce_t parallel_reduce;\n\n        // Create a HPX parallel reduction operation\n        hpx::parallel::execution::parallel_reduce_t parallel_reduce;\n\n        // Create a HPX parallel reduction operation\n        hpx::parallel::execution::parallel_reduce_t parallel_reduce;\n\n        // Create a HPX parallel reduction operation\n        hpx::parallel::execution::parallel_reduce_t parallel_reduce;\n\n        // Create a HPX parallel reduction operation\n        hpx::parallel::execution::parallel_reduce_t parallel_reduce;\n\n        // Create a HPX parallel reduction operation\n        hpx::parallel::execution::parallel_reduce_t parallel_reduce;\n\n        // Create a HPX parallel reduction operation\n        hpx::parallel::execution::parallel_reduce_t parallel_reduce;\n\n        // Create a HPX parallel reduction operation\n        hpx::parallel::execution::parallel_reduce_t parallel_reduce;\n\n        // Create a HPX parallel reduction operation\n        hpx::parallel::execution::parallel_reduce_t parallel_reduce;\n\n        // Create a HPX parallel reduction operation\n        hpx::parallel::execution::parallel_reduce_t parallel_reduce;\n\n        // Create a HPX parallel reduction operation\n        hpx::parallel::execution::parallel_reduce_t parallel_reduce;\n\n        // Create a HPX parallel reduction operation\n        hpx::parallel::execution::parallel_reduce_t parallel_reduce;\n\n        // Create a HPX parallel reduction operation\n        hpx::parallel::execution::parallel_reduce_t parallel_reduce;\n\n        // Create a HPX parallel reduction operation\n        hpx::parallel::execution::parallel_reduce_t parallel_reduce;\n\n        // Create a HPX parallel reduction operation\n        hpx::parallel::execution::parallel_reduce_t parallel_reduce;\n\n        // Create a HPX parallel reduction operation\n        hpx::parallel::execution::parallel_reduce_t parallel_reduce;\n\n        // Create a HPX parallel reduction operation\n        hpx::parallel::execution::parallel_reduce_t parallel_reduce;\n\n        // Create a HPX parallel reduction operation\n        hpx::parallel::execution::parallel_reduce_t parallel_reduce;\n\n        // Create a HPX parallel reduction operation\n        hpx::parallel::execution::parallel_reduce_t parallel_reduce;\n\n        // Create a HPX parallel reduction operation\n        hpx::parallel::execution::parallel_reduce_t parallel_reduce;\n\n        // Create a HPX parallel reduction operation\n        hpx::parallel::execution::parallel_reduce_t parallel_reduce;\n\n        // Create a HPX parallel reduction operation\n        hpx::parallel::execution::parallel_reduce_t parallel_reduce;\n\n        // Create a HPX parallel reduction operation\n        hpx::parallel::execution::parallel_reduce_t parallel_reduce;\n\n        // Create a HPX parallel reduction operation\n        hpx::parallel::execution::parallel_reduce_t parallel_reduce;\n\n        // Create a HPX parallel reduction operation\n        hpx::parallel::execution::parallel_reduce_t parallel_reduce;\n\n        // Create a HPX parallel reduction operation\n        hpx::parallel::execution::parallel_reduce_t parallel_reduce;\n\n        // Create a HPX parallel reduction operation\n        hpx::parallel::execution::parallel_reduce_t parallel_reduce;\n\n        // Create a HPX parallel reduction operation\n        hpx::parallel::execution::parallel_reduce_t parallel_reduce;\n\n        // Create a HPX parallel reduction operation\n        hpx::parallel::execution::parallel_reduce_t parallel_reduce;\n\n        // Create a HPX parallel reduction operation\n        hpx::parallel::execution::parallel_reduce_t parallel_reduce;\n\n        // Create a HPX parallel reduction operation\n        hpx::parallel::execution::parallel_reduce_t parallel_reduce;\n\n        // Create a HPX parallel reduction operation\n        hpx::parallel::execution::parallel_reduce_t parallel_reduce;\n\n        // Create a HPX parallel reduction operation\n        hpx::parallel::execution::parallel_reduce_t parallel_reduce;\n\n        // Create a HPX parallel reduction operation\n        hpx::parallel::execution::parallel_reduce_t parallel_reduce;\n\n        // Create a HPX parallel reduction operation\n        hpx::parallel::execution::parallel_reduce_t parallel_reduce;\n\n        // Create a HPX parallel reduction operation\n        hpx::parallel::execution::parallel_reduce_t parallel_reduce;\n\n        // Create a HPX parallel reduction operation\n        hpx::parallel::execution::parallel_reduce_t parallel_reduce;\n\n        // Create a HPX parallel reduction operation\n        hpx::parallel::execution::parallel_reduce_t parallel_reduce;\n\n        // Create a HPX parallel reduction operation\n        hpx::parallel::execution::parallel_reduce_t parallel_reduce;\n\n        // Create a HPX parallel reduction operation\n        hpx::parallel::execution::parallel_reduce_t parallel_reduce;\n\n        // Create a HPX parallel reduction operation\n        hpx::parallel::execution::parallel_reduce_t parallel_reduce;\n\n        // Create a HPX parallel reduction operation\n        hpx::parallel::execution::parallel_reduce_t parallel_reduce;\n\n        // Create a HPX parallel reduction operation\n        hpx::parallel::execution::parallel_reduce_t parallel_reduce;\n\n        // Create a HPX parallel reduction operation\n        hpx::parallel::execution::parallel_reduce_t parallel_reduce;\n\n        // Create a HPX parallel reduction operation\n        hpx::parallel::execution::parallel_reduce_t parallel_reduce;\n\n        // Create a HPX parallel reduction operation\n        hpx::parallel::execution::parallel_reduce_t parallel_reduce;\n\n        // Create a HPX parallel reduction operation\n        hpx::parallel::execution::parallel_reduce_t parallel_reduce;\n\n        // Create a HPX parallel reduction operation\n        hpx::parallel::execution::parallel_reduce_t parallel_reduce;\n\n        // Create a HPX parallel reduction operation\n        hpx::parallel::execution::parallel_reduce_t parallel_reduce;\n\n        // Create a HPX parallel reduction operation\n        hpx::parallel::execution::parallel_reduce_t parallel_reduce;\n\n        // Create a HPX parallel reduction operation\n        hpx::parallel::execution::parallel_reduce_t parallel_reduce;\n\n        // Create a HPX parallel reduction operation\n        hpx::parallel::execution::parallel_reduce_t parallel_reduce;\n\n        // Create a HPX parallel reduction operation\n        hpx::parallel::execution::parallel_reduce_t parallel_reduce;\n\n        // Create a HPX parallel reduction operation\n        hpx::parallel::execution::parallel_reduce_t parallel_reduce;\n\n        // Create a HPX parallel reduction operation\n        hpx::parallel::execution::parallel_reduce_t parallel_reduce;\n\n        // Create a HPX parallel reduction operation\n        hpx::parallel::execution::parallel_reduce_t parallel_reduce;\n\n        // Create a HPX parallel reduction operation\n        hpx::parallel::execution::parallel_reduce_t parallel_reduce;\n\n        // Create a HPX parallel reduction operation\n        hpx::parallel::execution::parallel_reduce_t parallel_reduce;\n\n        // Create a HPX parallel reduction operation\n        hpx::parallel::execution::parallel_reduce_t parallel_reduce;\n\n        // Create a HPX parallel reduction operation\n        hpx::parallel::execution::parallel_reduce_t parallel_reduce;\n\n        // Create a HPX parallel reduction operation\n        hpx::parallel::execution::parallel_reduce_t parallel_reduce;\n\n        // Create a HPX parallel reduction operation\n        hpx::parallel::execution::parallel_reduce_t parallel_reduce;\n\n        // Create a HPX",False,True,,71,3986571264,15977.0,0.96,15977.0,0.8955555555555554,36.8328812122345
"#include <hpx/hpx_main.hpp>\n\n/* Return the sum of the minimum value at each index of vectors x and y for all indices.\n   i.e. sum = min(x_0, y_0) + min(x_1, y_1) + min(x_2, y_2) + ...\n   Use HPX to sum in parallel.  Assume HPX has already been initialized.\n   Example:\n\n   input: x=[3, 4, 0, 2, 3], y=[2, 5, 3, 1, 7]\n   output: 10\n*/\ndouble sumOfMinimumElements(std::vector<double> const& x, std::vector<double> const& y) {",29_reduce_sum_of_min_of_pairs,reduce,cpp,hpx,0.2,0.95,True,2048,False,"double sumOfMinimumElements(std::vector<double> const& x, std::vector<double> const& y) {\n        \n        // Create a vector to store the minimum values at each index\n        std::vector<double> min_values(x.size());\n\n        // Use HPX to parallelize the calculation of the minimum values\n        hpx::parallel::transform(\n            hpx::parallel::execution::par,\n            x.begin(), x.end(),\n            y.begin(),\n            min_values.begin(),\n            [](double a, double b) { return std::min(a, b); }\n        );\n\n        // Use HPX to parallelize the calculation of the sum of the minimum values\n        double sum = hpx::parallel::reduce(\n            hpx::parallel::execution::par,\n            min_values.begin(), min_values.end(),\n            0.0,\n            std::plus<double>()\n        );\n\n        return sum;\n}",False,True,,72,-91533312,15977.0,0.94,15977.0,0.6266666666666666,6.13394832611084
"#include <hpx/hpx_main.hpp>\n\n/* Return the sum of the minimum value at each index of vectors x and y for all indices.\n   i.e. sum = min(x_0, y_0) + min(x_1, y_1) + min(x_2, y_2) + ...\n   Use HPX to sum in parallel.  Assume HPX has already been initialized.\n   Example:\n\n   input: x=[3, 4, 0, 2, 3], y=[2, 5, 3, 1, 7]\n   output: 10\n*/\ndouble sumOfMinimumElements(std::vector<double> const& x, std::vector<double> const& y) {",29_reduce_sum_of_min_of_pairs,reduce,cpp,hpx,0.2,0.95,True,2048,False,"double sumOfMinimumElements(std::vector<double> const& x, std::vector<double> const& y) {\n        \n        // Create a vector to hold the minimum values at each index\n        std::vector<double> min_values(x.size());\n\n        // Use HPX to parallelize the computation of the minimum values\n        hpx::parallel::transform(x.begin(), x.end(), y.begin(), min_values.begin(),\n            [](double a, double b) { return std::min(a, b); });\n\n        // Use HPX to parallelize the computation of the sum of the minimum values\n        double sum = hpx::parallel::reduce(min_values.begin(), min_values.end(), 0.0,\n            [](double a, double b) { return a + b; });\n\n        return sum;\n}",False,True,,73,4086956032,15977.0,0.94,15977.0,0.6266666666666666,6.1342082023620605
"#include <hpx/hpx_main.hpp>\n\n/* Return the sum of the minimum value at each index of vectors x and y for all indices.\n   i.e. sum = min(x_0, y_0) + min(x_1, y_1) + min(x_2, y_2) + ...\n   Use HPX to sum in parallel.  Assume HPX has already been initialized.\n   Example:\n\n   input: x=[3, 4, 0, 2, 3], y=[2, 5, 3, 1, 7]\n   output: 10\n*/\ndouble sumOfMinimumElements(std::vector<double> const& x, std::vector<double> const& y) {",29_reduce_sum_of_min_of_pairs,reduce,cpp,hpx,0.2,0.95,True,2048,False,"double sumOfMinimumElements(std::vector<double> const& x, std::vector<double> const& y) {\n        \n        // Create a HPX parallel execution policy\n        hpx::parallel::execution::parallel_executor exec;\n\n        // Create a HPX parallel execution policy\n        hpx::parallel::execution::parallel_executor exec;\n\n        // Create a HPX parallel execution policy\n        hpx::parallel::execution::parallel_executor exec;\n\n        // Create a HPX parallel execution policy\n        hpx::parallel::execution::parallel_executor exec;\n\n        // Create a HPX parallel execution policy\n        hpx::parallel::execution::parallel_executor exec;\n\n        // Create a HPX parallel execution policy\n        hpx::parallel::execution::parallel_executor exec;\n\n        // Create a HPX parallel execution policy\n        hpx::parallel::execution::parallel_executor exec;\n\n        // Create a HPX parallel execution policy\n        hpx::parallel::execution::parallel_executor exec;\n\n        // Create a HPX parallel execution policy\n        hpx::parallel::execution::parallel_executor exec;\n\n        // Create a HPX parallel execution policy\n        hpx::parallel::execution::parallel_executor exec;\n\n        // Create a HPX parallel execution policy\n        hpx::parallel::execution::parallel_executor exec;\n\n        // Create a HPX parallel execution policy\n        hpx::parallel::execution::parallel_executor exec;\n\n        // Create a HPX parallel execution policy\n        hpx::parallel::execution::parallel_executor exec;\n\n        // Create a HPX parallel execution policy\n        hpx::parallel::execution::parallel_executor exec;\n\n        // Create a HPX parallel execution policy\n        hpx::parallel::execution::parallel_executor exec;\n\n        // Create a HPX parallel execution policy\n        hpx::parallel::execution::parallel_executor exec;\n\n        // Create a HPX parallel execution policy\n        hpx::parallel::execution::parallel_executor exec;\n\n        // Create a HPX parallel execution policy\n        hpx::parallel::execution::parallel_executor exec;\n\n        // Create a HPX parallel execution policy\n        hpx::parallel::execution::parallel_executor exec;\n\n        // Create a HPX parallel execution policy\n        hpx::parallel::execution::parallel_executor exec;\n\n        // Create a HPX parallel execution policy\n        hpx::parallel::execution::parallel_executor exec;\n\n        // Create a HPX parallel execution policy\n        hpx::parallel::execution::parallel_executor exec;\n\n        // Create a HPX parallel execution policy\n        hpx::parallel::execution::parallel_executor exec;\n\n        // Create a HPX parallel execution policy\n        hpx::parallel::execution::parallel_executor exec;\n\n        // Create a HPX parallel execution policy\n        hpx::parallel::execution::parallel_executor exec;\n\n        // Create a HPX parallel execution policy\n        hpx::parallel::execution::parallel_executor exec;\n\n        // Create a HPX parallel execution policy\n        hpx::parallel::execution::parallel_executor exec;\n\n        // Create a HPX parallel execution policy\n        hpx::parallel::execution::parallel_executor exec;\n\n        // Create a HPX parallel execution policy\n        hpx::parallel::execution::parallel_executor exec;\n\n        // Create a HPX parallel execution policy\n        hpx::parallel::execution::parallel_executor exec;\n\n        // Create a HPX parallel execution policy\n        hpx::parallel::execution::parallel_executor exec;\n\n        // Create a HPX parallel execution policy\n        hpx::parallel::execution::parallel_executor exec;\n\n        // Create a HPX parallel execution policy\n        hpx::parallel::execution::parallel_executor exec;\n\n        // Create a HPX parallel execution policy\n        hpx::parallel::execution::parallel_executor exec;\n\n        // Create a HPX parallel execution policy\n        hpx::parallel::execution::parallel_executor exec;\n\n        // Create a HPX parallel execution policy\n        hpx::parallel::execution::parallel_executor exec;\n\n        // Create a HPX parallel execution policy\n        hpx::parallel::execution::parallel_executor exec;\n\n        // Create a HPX parallel execution policy\n        hpx::parallel::execution::parallel_executor exec;\n\n        // Create a HPX parallel execution policy\n        hpx::parallel::execution::parallel_executor exec;\n\n        // Create a HPX parallel execution policy\n        hpx::parallel::execution::parallel_executor exec;\n\n        // Create a HPX parallel execution policy\n        hpx::parallel::execution::parallel_executor exec;\n\n        // Create a HPX parallel execution policy\n        hpx::parallel::execution::parallel_executor exec;\n\n        // Create a HPX parallel execution policy\n        hpx::parallel::execution::parallel_executor exec;\n\n        // Create a HPX parallel execution policy\n        hpx::parallel::execution::parallel_executor exec;\n\n        // Create a HPX parallel execution policy\n        hpx::parallel::execution::parallel_executor exec;\n\n        // Create a HPX parallel execution policy\n        hpx::parallel::execution::parallel_executor exec;\n\n        // Create a HPX parallel execution policy\n        hpx::parallel::execution::parallel_executor exec;\n\n        // Create a HPX parallel execution policy\n        hpx::parallel::execution::parallel_executor exec;\n\n        // Create a HPX parallel execution policy\n        hpx::parallel::execution::parallel_executor exec;\n\n        // Create a HPX parallel execution policy\n        hpx::parallel::execution::parallel_executor exec;\n\n        // Create a HPX parallel execution policy\n        hpx::parallel::execution::parallel_executor exec;\n\n        // Create a HPX parallel execution policy\n        hpx::parallel::execution::parallel_executor exec;\n\n        // Create a HPX parallel execution policy\n        hpx::parallel::execution::parallel_executor exec;\n\n        // Create a HPX parallel execution policy\n        hpx::parallel::execution::parallel_executor exec;\n\n        // Create a HPX parallel execution policy\n        hpx::parallel::execution::parallel_executor exec;\n\n        // Create a HPX parallel execution policy\n        hpx::parallel::execution::parallel_executor exec;\n\n        // Create a HPX parallel execution policy\n        hpx::parallel::execution::parallel_executor exec;\n\n        // Create a HPX parallel execution policy\n        hpx::parallel::execution::parallel_executor exec;\n\n        // Create a HPX parallel execution policy\n        hpx::parallel::execution::parallel_executor exec;\n\n        // Create a HPX parallel execution policy\n        hpx::parallel::execution::parallel_executor exec;\n\n        // Create a HPX parallel execution policy\n        hpx::parallel::execution::parallel_executor exec;\n\n        // Create a HPX parallel execution policy\n        hpx::parallel::execution::parallel_executor exec;\n\n        // Create a HPX parallel execution policy\n        hpx::parallel::execution::parallel_executor exec;\n\n        // Create a HPX parallel execution policy\n        hpx::parallel::execution::parallel_executor exec;\n\n        // Create a HPX parallel execution policy\n        hpx::parallel::execution::parallel_executor exec;\n\n        // Create a HPX parallel execution policy\n        hpx::parallel::execution::parallel_executor exec;\n\n        // Create a HPX parallel execution policy\n        hpx::parallel::execution::parallel_executor exec;\n\n        // Create a HPX parallel execution policy\n        hpx::parallel::execution::parallel_executor exec;\n\n        // Create a HPX parallel execution policy\n        hpx::parallel::execution::parallel_executor exec;\n\n        // Create a HPX parallel execution policy\n        hpx::parallel::execution::parallel_executor exec;\n\n        // Create a HPX parallel execution policy\n        hpx::parallel::execution::parallel_executor exec;\n\n        // Create a HPX parallel execution policy\n        hpx::parallel::execution::parallel_executor exec;\n\n        // Create a HPX parallel execution policy\n        hpx::parallel::execution::parallel_executor exec;\n\n        // Create a HPX parallel execution policy\n        hpx::parallel::execution::parallel_executor exec;\n\n        // Create a HPX parallel execution policy\n        hpx::parallel::execution::parallel_executor exec;\n\n        // Create a HPX parallel execution policy\n        hpx::parallel::execution::parallel_executor exec;\n\n        // Create a HPX parallel execution policy\n        hpx::parallel::execution::parallel_executor exec;\n\n        // Create a HPX parallel execution policy\n        hpx::parallel::execution::parallel_executor exec;\n\n        // Create a HPX parallel execution policy\n        hpx::parallel::execution::parallel",False,True,,74,-6216781824,15977.0,0.96,15977.0,0.8933333333333332,36.848548889160156
"#include <hpx/hpx_main.hpp>\n\n/* Return the sum of the minimum value at each index of vectors x and y for all indices.\n   i.e. sum = min(x_0, y_0) + min(x_1, y_1) + min(x_2, y_2) + ...\n   Use HPX to sum in parallel.  Assume HPX has already been initialized.\n   Example:\n\n   input: x=[3, 4, 0, 2, 3], y=[2, 5, 3, 1, 7]\n   output: 10\n*/\ndouble sumOfMinimumElements(std::vector<double> const& x, std::vector<double> const& y) {",29_reduce_sum_of_min_of_pairs,reduce,cpp,hpx,0.2,0.95,True,2048,False,"double sumOfMinimumElements(std::vector<double> const& x, std::vector<double> const& y) {\n        \n        // Check if the vectors have the same size\n        if (x.size()!= y.size()) {\n            throw std::invalid_argument(""Vectors must have the same size"");\n        }\n\n        // Create a vector to store the minimum values\n        std::vector<double> min_values(x.size());\n\n        // Use HPX to parallelize the calculation of minimum values\n        hpx::parallel::transform(hpx::parallel::execution::par,\n                                 x.begin(), x.end(),\n                                 y.begin(),\n                                 min_values.begin(),\n                                 [](double a, double b) { return std::min(a, b); });\n\n        // Use HPX to parallelize the calculation of the sum\n        double sum = hpx::parallel::reduce(hpx::parallel::execution::par,\n                                           min_values.begin(), min_values.end(),\n                                           0.0,\n                                           std::plus<double>());\n\n        return sum;\n}",False,True,,75,-178036736,15977.0,0.94,15977.0,0.6266666666666666,6.132072448730469
"#include <hpx/hpx_main.hpp>\n\n/* Return the sum of the minimum value at each index of vectors x and y for all indices.\n   i.e. sum = min(x_0, y_0) + min(x_1, y_1) + min(x_2, y_2) + ...\n   Use HPX to sum in parallel.  Assume HPX has already been initialized.\n   Example:\n\n   input: x=[3, 4, 0, 2, 3], y=[2, 5, 3, 1, 7]\n   output: 10\n*/\ndouble sumOfMinimumElements(std::vector<double> const& x, std::vector<double> const& y) {",29_reduce_sum_of_min_of_pairs,reduce,cpp,hpx,0.2,0.95,True,2048,False,"double sumOfMinimumElements(std::vector<double> const& x, std::vector<double> const& y) {\n        \n        // Create a vector of pairs to hold the minimum values of each index\n        std::vector<std::pair<double, double>> min_values(x.size());\n\n        // Use HPX to parallelize the operation\n        hpx::parallel::transform(\n            hpx::parallel::execution::par,\n            x.begin(), x.end(),\n            y.begin(),\n            min_values.begin(),\n            [](double a, double b) { return std::min(a, b); }\n        );\n\n        // Use HPX to parallelize the operation\n        double sum = hpx::parallel::reduce(\n            hpx::parallel::execution::par,\n            min_values.begin(), min_values.end(),\n            0.0,\n            [](double a, std::pair<double, double> const& b) { return a + b.first + b.second; }\n        );\n\n        return sum;\n}",False,True,,76,-115097600,15977.0,0.94,15977.0,0.47,4.085932970046997
"#include <hpx/hpx_main.hpp>\n\n/* Return the sum of the minimum value at each index of vectors x and y for all indices.\n   i.e. sum = min(x_0, y_0) + min(x_1, y_1) + min(x_2, y_2) + ...\n   Use HPX to sum in parallel.  Assume HPX has already been initialized.\n   Example:\n\n   input: x=[3, 4, 0, 2, 3], y=[2, 5, 3, 1, 7]\n   output: 10\n*/\ndouble sumOfMinimumElements(std::vector<double> const& x, std::vector<double> const& y) {",29_reduce_sum_of_min_of_pairs,reduce,cpp,hpx,0.2,0.95,True,2048,False,"double sumOfMinimumElements(std::vector<double> const& x, std::vector<double> const& y) {\n        \n        // Create a vector to hold the minimum values for each index\n        std::vector<double> minValues(x.size());\n\n        // Use HPX to parallelize the computation of the minimum values\n        hpx::parallel::transform(\n            hpx::parallel::execution::par,\n            x.begin(), x.end(),\n            y.begin(),\n            minValues.begin(),\n            [](double a, double b) { return std::min(a, b); }\n        );\n\n        // Use HPX to parallelize the computation of the sum of the minimum values\n        double sum = hpx::parallel::reduce(\n            hpx::parallel::execution::par,\n            minValues.begin(), minValues.end(),\n            0.0,\n            [](double a, double b) { return a + b; }\n        );\n\n        return sum;\n}",False,True,,77,-111304704,15977.0,0.94,15977.0,0.47,4.098921298980713
"#include <hpx/hpx_main.hpp>\n\n/* Return the sum of the minimum value at each index of vectors x and y for all indices.\n   i.e. sum = min(x_0, y_0) + min(x_1, y_1) + min(x_2, y_2) + ...\n   Use HPX to sum in parallel.  Assume HPX has already been initialized.\n   Example:\n\n   input: x=[3, 4, 0, 2, 3], y=[2, 5, 3, 1, 7]\n   output: 10\n*/\ndouble sumOfMinimumElements(std::vector<double> const& x, std::vector<double> const& y) {",29_reduce_sum_of_min_of_pairs,reduce,cpp,hpx,0.2,0.95,True,2048,False,"double sumOfMinimumElements(std::vector<double> const& x, std::vector<double> const& y) {\n        \n        // Create a vector to store the minimum values at each index\n        std::vector<double> min_values(x.size());\n\n        // Use HPX to parallelize the computation\n        hpx::parallel::transform(hpx::parallel::execution::par, x.begin(), x.end(), y.begin(), min_values.begin(),\n            [](double a, double b) { return std::min(a, b); });\n\n        // Use HPX to parallelize the summation\n        double sum = hpx::parallel::reduce(hpx::parallel::execution::par, min_values.begin(), min_values.end(), 0.0);\n\n        return sum;\n}",False,True,,78,-124542976,15977.0,0.93,15977.0,0.465,4.09197473526001
"#include <hpx/hpx_main.hpp>\n\n/* Return the sum of the minimum value at each index of vectors x and y for all indices.\n   i.e. sum = min(x_0, y_0) + min(x_1, y_1) + min(x_2, y_2) + ...\n   Use HPX to sum in parallel.  Assume HPX has already been initialized.\n   Example:\n\n   input: x=[3, 4, 0, 2, 3], y=[2, 5, 3, 1, 7]\n   output: 10\n*/\ndouble sumOfMinimumElements(std::vector<double> const& x, std::vector<double> const& y) {",29_reduce_sum_of_min_of_pairs,reduce,cpp,hpx,0.2,0.95,True,2048,False,"double sumOfMinimumElements(std::vector<double> const& x, std::vector<double> const& y) {\n        \n        // Create a vector to hold the minimum values for each index\n        std::vector<double> minValues(x.size());\n\n        // Use HPX to calculate the minimum value for each index in parallel\n        hpx::parallel::transform(x.begin(), x.end(), y.begin(), minValues.begin(),\n            [](double a, double b) { return std::min(a, b); });\n\n        // Use HPX to sum the minimum values in parallel\n        double sum = hpx::parallel::accumulate(minValues.begin(), minValues.end(), 0.0);\n\n        return sum;\n}",False,True,,79,-111140864,15977.0,0.94,15977.0,0.47,4.090447664260864
"#include <hpx/hpx_main.hpp>\n\n/* Return the sum of the minimum value at each index of vectors x and y for all indices.\n   i.e. sum = min(x_0, y_0) + min(x_1, y_1) + min(x_2, y_2) + ...\n   Use HPX to sum in parallel.  Assume HPX has already been initialized.\n   Example:\n\n   input: x=[3, 4, 0, 2, 3], y=[2, 5, 3, 1, 7]\n   output: 10\n*/\ndouble sumOfMinimumElements(std::vector<double> const& x, std::vector<double> const& y) {",29_reduce_sum_of_min_of_pairs,reduce,cpp,hpx,0.2,0.95,True,2048,False,"double sumOfMinimumElements(std::vector<double> const& x, std::vector<double> const& y) {\n        \n        // Create a vector to store the minimum values at each index\n        std::vector<double> min_values(x.size());\n\n        // Use HPX to parallelize the loop\n        hpx::parallel::transform(hpx::parallel::execution::par, x.begin(), x.end(), y.begin(), min_values.begin(),\n            [](double a, double b) { return std::min(a, b); });\n\n        // Use HPX to parallelize the summation\n        double sum = hpx::parallel::reduce(hpx::parallel::execution::par, min_values.begin(), min_values.end(), 0.0);\n\n        return sum;\n}",False,True,,80,-101744640,15977.0,0.94,15977.0,0.47,4.098450422286987
"#include <hpx/hpx_main.hpp>\n\n/* Return the sum of the minimum value at each index of vectors x and y for all indices.\n   i.e. sum = min(x_0, y_0) + min(x_1, y_1) + min(x_2, y_2) + ...\n   Use HPX to sum in parallel.  Assume HPX has already been initialized.\n   Example:\n\n   input: x=[3, 4, 0, 2, 3], y=[2, 5, 3, 1, 7]\n   output: 10\n*/\ndouble sumOfMinimumElements(std::vector<double> const& x, std::vector<double> const& y) {",29_reduce_sum_of_min_of_pairs,reduce,cpp,hpx,0.2,0.95,True,2048,False,"double sumOfMinimumElements(std::vector<double> const& x, std::vector<double> const& y) {\n        \n        // Check if the vectors are of the same size\n        if (x.size()!= y.size()) {\n            throw std::invalid_argument(""Vectors x and y must be of the same size"");\n        }\n\n        // Create a vector to store the minimum values\n        std::vector<double> min_values(x.size());\n\n        // Calculate the minimum value at each index\n        hpx::parallel::transform(\n            hpx::parallel::execution::par,\n            x.begin(), x.end(),\n            y.begin(),\n            min_values.begin(),\n            [](double a, double b) { return std::min(a, b); }\n        );\n\n        // Sum the minimum values\n        double sum = std::accumulate(min_values.begin(), min_values.end(), 0.0);\n\n        return sum;\n}",False,True,,81,-137203712,15977.0,0.94,15977.0,0.6266666666666666,6.177028179168701
"#include <hpx/hpx_main.hpp>\n\n/* Return the sum of the minimum value at each index of vectors x and y for all indices.\n   i.e. sum = min(x_0, y_0) + min(x_1, y_1) + min(x_2, y_2) + ...\n   Use HPX to sum in parallel.  Assume HPX has already been initialized.\n   Example:\n\n   input: x=[3, 4, 0, 2, 3], y=[2, 5, 3, 1, 7]\n   output: 10\n*/\ndouble sumOfMinimumElements(std::vector<double> const& x, std::vector<double> const& y) {",29_reduce_sum_of_min_of_pairs,reduce,cpp,hpx,0.2,0.95,True,2048,False,"double sumOfMinimumElements(std::vector<double> const& x, std::vector<double> const& y) {\n        \n        // Create a vector to store the minimum values\n        std::vector<double> min_values(x.size());\n\n        // Use HPX to parallelize the loop\n        hpx::parallel::for_loop(\n            hpx::parallel::execution::par,\n            0,\n            x.size(),\n            0,\n            [&](int i) {\n                min_values[i] = std::min(x[i], y[i]);\n            }\n        );\n\n        // Use HPX to parallelize the reduction\n        double sum = hpx::parallel::reduce(\n            hpx::parallel::execution::par,\n            min_values.begin(),\n            min_values.end(),\n            0.0,\n            std::plus<double>()\n        );\n\n        return sum;\n}",False,True,,82,-114364416,15977.0,0.94,15977.0,0.6266666666666666,6.144793510437012
"#include <hpx/hpx_main.hpp>\n\n/* Return the sum of the minimum value at each index of vectors x and y for all indices.\n   i.e. sum = min(x_0, y_0) + min(x_1, y_1) + min(x_2, y_2) + ...\n   Use HPX to sum in parallel.  Assume HPX has already been initialized.\n   Example:\n\n   input: x=[3, 4, 0, 2, 3], y=[2, 5, 3, 1, 7]\n   output: 10\n*/\ndouble sumOfMinimumElements(std::vector<double> const& x, std::vector<double> const& y) {",29_reduce_sum_of_min_of_pairs,reduce,cpp,hpx,0.2,0.95,True,2048,False,"double sumOfMinimumElements(std::vector<double> const& x, std::vector<double> const& y) {\n        \n        // Create a vector to hold the minimum values at each index\n        std::vector<double> min_values(x.size());\n\n        // Use HPX to parallelize the calculation of the minimum values\n        hpx::parallel::transform(x.begin(), x.end(), y.begin(), min_values.begin(),\n            [](double a, double b) { return std::min(a, b); });\n\n        // Use HPX to parallelize the calculation of the sum of the minimum values\n        double sum = hpx::parallel::reduce(min_values.begin(), min_values.end(), 0.0,\n            [](double a, double b) { return a + b; });\n\n        return sum;\n}",False,True,,83,-66523136,15977.0,0.94,15977.0,0.47,4.087047815322876
"#include <hpx/hpx_main.hpp>\n\n/* Return the sum of the minimum value at each index of vectors x and y for all indices.\n   i.e. sum = min(x_0, y_0) + min(x_1, y_1) + min(x_2, y_2) + ...\n   Use HPX to sum in parallel.  Assume HPX has already been initialized.\n   Example:\n\n   input: x=[3, 4, 0, 2, 3], y=[2, 5, 3, 1, 7]\n   output: 10\n*/\ndouble sumOfMinimumElements(std::vector<double> const& x, std::vector<double> const& y) {",29_reduce_sum_of_min_of_pairs,reduce,cpp,hpx,0.2,0.95,True,2048,False,"double sumOfMinimumElements(std::vector<double> const& x, std::vector<double> const& y) {\n        \n        // Create a HPX parallel execution policy\n        hpx::parallel::execution::parallel_executor exec;\n\n        // Create a HPX parallel execution policy\n        hpx::parallel::execution::parallel_executor exec;\n\n        // Create a HPX parallel execution policy\n        hpx::parallel::execution::parallel_executor exec;\n\n        // Create a HPX parallel execution policy\n        hpx::parallel::execution::parallel_executor exec;\n\n        // Create a HPX parallel execution policy\n        hpx::parallel::execution::parallel_executor exec;\n\n        // Create a HPX parallel execution policy\n        hpx::parallel::execution::parallel_executor exec;\n\n        // Create a HPX parallel execution policy\n        hpx::parallel::execution::parallel_executor exec;\n\n        // Create a HPX parallel execution policy\n        hpx::parallel::execution::parallel_executor exec;\n\n        // Create a HPX parallel execution policy\n        hpx::parallel::execution::parallel_executor exec;\n\n        // Create a HPX parallel execution policy\n        hpx::parallel::execution::parallel_executor exec;\n\n        // Create a HPX parallel execution policy\n        hpx::parallel::execution::parallel_executor exec;\n\n        // Create a HPX parallel execution policy\n        hpx::parallel::execution::parallel_executor exec;\n\n        // Create a HPX parallel execution policy\n        hpx::parallel::execution::parallel_executor exec;\n\n        // Create a HPX parallel execution policy\n        hpx::parallel::execution::parallel_executor exec;\n\n        // Create a HPX parallel execution policy\n        hpx::parallel::execution::parallel_executor exec;\n\n        // Create a HPX parallel execution policy\n        hpx::parallel::execution::parallel_executor exec;\n\n        // Create a HPX parallel execution policy\n        hpx::parallel::execution::parallel_executor exec;\n\n        // Create a HPX parallel execution policy\n        hpx::parallel::execution::parallel_executor exec;\n\n        // Create a HPX parallel execution policy\n        hpx::parallel::execution::parallel_executor exec;\n\n        // Create a HPX parallel execution policy\n        hpx::parallel::execution::parallel_executor exec;\n\n        // Create a HPX parallel execution policy\n        hpx::parallel::execution::parallel_executor exec;\n\n        // Create a HPX parallel execution policy\n        hpx::parallel::execution::parallel_executor exec;\n\n        // Create a HPX parallel execution policy\n        hpx::parallel::execution::parallel_executor exec;\n\n        // Create a HPX parallel execution policy\n        hpx::parallel::execution::parallel_executor exec;\n\n        // Create a HPX parallel execution policy\n        hpx::parallel::execution::parallel_executor exec;\n\n        // Create a HPX parallel execution policy\n        hpx::parallel::execution::parallel_executor exec;\n\n        // Create a HPX parallel execution policy\n        hpx::parallel::execution::parallel_executor exec;\n\n        // Create a HPX parallel execution policy\n        hpx::parallel::execution::parallel_executor exec;\n\n        // Create a HPX parallel execution policy\n        hpx::parallel::execution::parallel_executor exec;\n\n        // Create a HPX parallel execution policy\n        hpx::parallel::execution::parallel_executor exec;\n\n        // Create a HPX parallel execution policy\n        hpx::parallel::execution::parallel_executor exec;\n\n        // Create a HPX parallel execution policy\n        hpx::parallel::execution::parallel_executor exec;\n\n        // Create a HPX parallel execution policy\n        hpx::parallel::execution::parallel_executor exec;\n\n        // Create a HPX parallel execution policy\n        hpx::parallel::execution::parallel_executor exec;\n\n        // Create a HPX parallel execution policy\n        hpx::parallel::execution::parallel_executor exec;\n\n        // Create a HPX parallel execution policy\n        hpx::parallel::execution::parallel_executor exec;\n\n        // Create a HPX parallel execution policy\n        hpx::parallel::execution::parallel_executor exec;\n\n        // Create a HPX parallel execution policy\n        hpx::parallel::execution::parallel_executor exec;\n\n        // Create a HPX parallel execution policy\n        hpx::parallel::execution::parallel_executor exec;\n\n        // Create a HPX parallel execution policy\n        hpx::parallel::execution::parallel_executor exec;\n\n        // Create a HPX parallel execution policy\n        hpx::parallel::execution::parallel_executor exec;\n\n        // Create a HPX parallel execution policy\n        hpx::parallel::execution::parallel_executor exec;\n\n        // Create a HPX parallel execution policy\n        hpx::parallel::execution::parallel_executor exec;\n\n        // Create a HPX parallel execution policy\n        hpx::parallel::execution::parallel_executor exec;\n\n        // Create a HPX parallel execution policy\n        hpx::parallel::execution::parallel_executor exec;\n\n        // Create a HPX parallel execution policy\n        hpx::parallel::execution::parallel_executor exec;\n\n        // Create a HPX parallel execution policy\n        hpx::parallel::execution::parallel_executor exec;\n\n        // Create a HPX parallel execution policy\n        hpx::parallel::execution::parallel_executor exec;\n\n        // Create a HPX parallel execution policy\n        hpx::parallel::execution::parallel_executor exec;\n\n        // Create a HPX parallel execution policy\n        hpx::parallel::execution::parallel_executor exec;\n\n        // Create a HPX parallel execution policy\n        hpx::parallel::execution::parallel_executor exec;\n\n        // Create a HPX parallel execution policy\n        hpx::parallel::execution::parallel_executor exec;\n\n        // Create a HPX parallel execution policy\n        hpx::parallel::execution::parallel_executor exec;\n\n        // Create a HPX parallel execution policy\n        hpx::parallel::execution::parallel_executor exec;\n\n        // Create a HPX parallel execution policy\n        hpx::parallel::execution::parallel_executor exec;\n\n        // Create a HPX parallel execution policy\n        hpx::parallel::execution::parallel_executor exec;\n\n        // Create a HPX parallel execution policy\n        hpx::parallel::execution::parallel_executor exec;\n\n        // Create a HPX parallel execution policy\n        hpx::parallel::execution::parallel_executor exec;\n\n        // Create a HPX parallel execution policy\n        hpx::parallel::execution::parallel_executor exec;\n\n        // Create a HPX parallel execution policy\n        hpx::parallel::execution::parallel_executor exec;\n\n        // Create a HPX parallel execution policy\n        hpx::parallel::execution::parallel_executor exec;\n\n        // Create a HPX parallel execution policy\n        hpx::parallel::execution::parallel_executor exec;\n\n        // Create a HPX parallel execution policy\n        hpx::parallel::execution::parallel_executor exec;\n\n        // Create a HPX parallel execution policy\n        hpx::parallel::execution::parallel_executor exec;\n\n        // Create a HPX parallel execution policy\n        hpx::parallel::execution::parallel_executor exec;\n\n        // Create a HPX parallel execution policy\n        hpx::parallel::execution::parallel_executor exec;\n\n        // Create a HPX parallel execution policy\n        hpx::parallel::execution::parallel_executor exec;\n\n        // Create a HPX parallel execution policy\n        hpx::parallel::execution::parallel_executor exec;\n\n        // Create a HPX parallel execution policy\n        hpx::parallel::execution::parallel_executor exec;\n\n        // Create a HPX parallel execution policy\n        hpx::parallel::execution::parallel_executor exec;\n\n        // Create a HPX parallel execution policy\n        hpx::parallel::execution::parallel_executor exec;\n\n        // Create a HPX parallel execution policy\n        hpx::parallel::execution::parallel_executor exec;\n\n        // Create a HPX parallel execution policy\n        hpx::parallel::execution::parallel_executor exec;\n\n        // Create a HPX parallel execution policy\n        hpx::parallel::execution::parallel_executor exec;\n\n        // Create a HPX parallel execution policy\n        hpx::parallel::execution::parallel_executor exec;\n\n        // Create a HPX parallel execution policy\n        hpx::parallel::execution::parallel_executor exec;\n\n        // Create a HPX parallel execution policy\n        hpx::parallel::execution::parallel_executor exec;\n\n        // Create a HPX parallel execution policy\n        hpx::parallel::execution::parallel_executor exec;\n\n        // Create a HPX parallel execution policy\n        hpx::parallel::execution::parallel",False,True,,84,-568324096,15977.0,0.95,15977.0,0.8944444444444444,36.89094543457031
"#include <hpx/hpx_main.hpp>\n\n/* Return the sum of the minimum value at each index of vectors x and y for all indices.\n   i.e. sum = min(x_0, y_0) + min(x_1, y_1) + min(x_2, y_2) + ...\n   Use HPX to sum in parallel.  Assume HPX has already been initialized.\n   Example:\n\n   input: x=[3, 4, 0, 2, 3], y=[2, 5, 3, 1, 7]\n   output: 10\n*/\ndouble sumOfMinimumElements(std::vector<double> const& x, std::vector<double> const& y) {",29_reduce_sum_of_min_of_pairs,reduce,cpp,hpx,0.2,0.95,True,2048,False,"double sumOfMinimumElements(std::vector<double> const& x, std::vector<double> const& y) {\n        \n        // Create a vector to hold the minimum values at each index\n        std::vector<double> min_values(x.size());\n\n        // Use HPX to parallelize the calculation of the minimum values\n        hpx::parallel::transform(x.begin(), x.end(), y.begin(), min_values.begin(),\n            [](double a, double b) { return std::min(a, b); });\n\n        // Use HPX to parallelize the calculation of the sum of the minimum values\n        double sum = hpx::parallel::reduce(min_values.begin(), min_values.end(), 0.0,\n            [](double a, double b) { return a + b; });\n\n        return sum;\n}",False,True,,85,-109608960,15977.0,0.94,15977.0,0.6266666666666666,6.223891258239746
"#include <hpx/hpx_main.hpp>\n\n/* Return the sum of the minimum value at each index of vectors x and y for all indices.\n   i.e. sum = min(x_0, y_0) + min(x_1, y_1) + min(x_2, y_2) + ...\n   Use HPX to sum in parallel.  Assume HPX has already been initialized.\n   Example:\n\n   input: x=[3, 4, 0, 2, 3], y=[2, 5, 3, 1, 7]\n   output: 10\n*/\ndouble sumOfMinimumElements(std::vector<double> const& x, std::vector<double> const& y) {",29_reduce_sum_of_min_of_pairs,reduce,cpp,hpx,0.2,0.95,True,2048,False,"double sumOfMinimumElements(std::vector<double> const& x, std::vector<double> const& y) {\n        \n        // Create a vector to hold the minimum values\n        std::vector<double> min_values(x.size());\n\n        // Use HPX to parallelize the calculation of minimum values\n        hpx::parallel::transform(x.begin(), x.end(), y.begin(), min_values.begin(),\n            [](double a, double b) { return std::min(a, b); });\n\n        // Use HPX to parallelize the calculation of the sum\n        double sum = hpx::parallel::accumulate(min_values.begin(), min_values.end(), 0.0);\n\n        return sum;\n}",False,True,,86,-23920640,15977.0,0.94,15977.0,0.47,4.095860481262207
"#include <hpx/hpx_main.hpp>\n\n/* Return the sum of the minimum value at each index of vectors x and y for all indices.\n   i.e. sum = min(x_0, y_0) + min(x_1, y_1) + min(x_2, y_2) + ...\n   Use HPX to sum in parallel.  Assume HPX has already been initialized.\n   Example:\n\n   input: x=[3, 4, 0, 2, 3], y=[2, 5, 3, 1, 7]\n   output: 10\n*/\ndouble sumOfMinimumElements(std::vector<double> const& x, std::vector<double> const& y) {",29_reduce_sum_of_min_of_pairs,reduce,cpp,hpx,0.2,0.95,True,2048,False,"double sumOfMinimumElements(std::vector<double> const& x, std::vector<double> const& y) {\n        \n        // Create a vector to store the minimum values at each index\n        std::vector<double> min_values(x.size());\n\n        // Use HPX to parallelize the calculation of the minimum values\n        hpx::parallel::transform(x.begin(), x.end(), y.begin(), min_values.begin(),\n            [](double a, double b) { return std::min(a, b); });\n\n        // Use HPX to parallelize the summation of the minimum values\n        double sum = hpx::parallel::accumulate(min_values.begin(), min_values.end(), 0.0);\n\n        return sum;\n}",False,True,,87,-23089152,15977.0,0.94,15977.0,0.94,4.10675048828125
"#include <hpx/hpx_main.hpp>\n\n/* Return the sum of the minimum value at each index of vectors x and y for all indices.\n   i.e. sum = min(x_0, y_0) + min(x_1, y_1) + min(x_2, y_2) + ...\n   Use HPX to sum in parallel.  Assume HPX has already been initialized.\n   Example:\n\n   input: x=[3, 4, 0, 2, 3], y=[2, 5, 3, 1, 7]\n   output: 10\n*/\ndouble sumOfMinimumElements(std::vector<double> const& x, std::vector<double> const& y) {",29_reduce_sum_of_min_of_pairs,reduce,cpp,hpx,0.2,0.95,True,2048,False,"double sumOfMinimumElements(std::vector<double> const& x, std::vector<double> const& y) {\n        \n        // Create a vector to hold the minimum values for each index\n        std::vector<double> minValues(x.size());\n\n        // Use HPX to parallelize the operation\n        hpx::parallel::transform(\n            hpx::parallel::execution::par,\n            x.begin(), x.end(),\n            y.begin(),\n            minValues.begin(),\n            [](double a, double b) { return std::min(a, b); }\n        );\n\n        // Use HPX to parallelize the reduction operation\n        double sum = hpx::parallel::reduce(\n            hpx::parallel::execution::par,\n            minValues.begin(), minValues.end(),\n            0.0,\n            std::plus<double>()\n        );\n\n        return sum;\n}",False,True,,88,-44363776,15977.0,0.94,15977.0,0.94,4.09118914604187
"#include <hpx/hpx_main.hpp>\n\n/* Return the sum of the minimum value at each index of vectors x and y for all indices.\n   i.e. sum = min(x_0, y_0) + min(x_1, y_1) + min(x_2, y_2) + ...\n   Use HPX to sum in parallel.  Assume HPX has already been initialized.\n   Example:\n\n   input: x=[3, 4, 0, 2, 3], y=[2, 5, 3, 1, 7]\n   output: 10\n*/\ndouble sumOfMinimumElements(std::vector<double> const& x, std::vector<double> const& y) {",29_reduce_sum_of_min_of_pairs,reduce,cpp,hpx,0.2,0.95,True,2048,False,"double sumOfMinimumElements(std::vector<double> const& x, std::vector<double> const& y) {\n        \n        // Create a vector to hold the minimum values\n        std::vector<double> min_values(x.size());\n\n        // Use HPX to parallelize the operation\n        hpx::parallel::transform(x.begin(), x.end(), y.begin(), min_values.begin(),\n            [](double a, double b) { return std::min(a, b); });\n\n        // Use HPX to parallelize the reduction operation\n        double sum = hpx::parallel::reduce(min_values.begin(), min_values.end(), 0.0,\n            [](double a, double b) { return a + b; });\n\n        return sum;\n}",False,True,,89,-41594880,15977.0,0.94,15977.0,0.47,4.091632127761841
"#include <hpx/hpx_main.hpp>\n\n/* Return the sum of the minimum value at each index of vectors x and y for all indices.\n   i.e. sum = min(x_0, y_0) + min(x_1, y_1) + min(x_2, y_2) + ...\n   Use HPX to sum in parallel.  Assume HPX has already been initialized.\n   Example:\n\n   input: x=[3, 4, 0, 2, 3], y=[2, 5, 3, 1, 7]\n   output: 10\n*/\ndouble sumOfMinimumElements(std::vector<double> const& x, std::vector<double> const& y) {",29_reduce_sum_of_min_of_pairs,reduce,cpp,hpx,0.2,0.95,True,2048,False,"double sumOfMinimumElements(std::vector<double> const& x, std::vector<double> const& y) {\n        \n        // Create a vector to store the minimum values\n        std::vector<double> min_values(x.size());\n\n        // Use HPX to parallelize the computation\n        hpx::parallel::transform(x.begin(), x.end(), y.begin(), min_values.begin(),\n            [](double a, double b) { return std::min(a, b); });\n\n        // Use HPX to parallelize the summation\n        double sum = hpx::parallel::reduce(min_values.begin(), min_values.end(), 0.0,\n            [](double a, double b) { return a + b; });\n\n        return sum;\n}",False,True,,90,-38862848,15977.0,0.94,15977.0,0.94,4.0962347984313965
"#include <hpx/hpx_main.hpp>\n\n/* Return the sum of the minimum value at each index of vectors x and y for all indices.\n   i.e. sum = min(x_0, y_0) + min(x_1, y_1) + min(x_2, y_2) + ...\n   Use HPX to sum in parallel.  Assume HPX has already been initialized.\n   Example:\n\n   input: x=[3, 4, 0, 2, 3], y=[2, 5, 3, 1, 7]\n   output: 10\n*/\ndouble sumOfMinimumElements(std::vector<double> const& x, std::vector<double> const& y) {",29_reduce_sum_of_min_of_pairs,reduce,cpp,hpx,0.2,0.95,True,2048,False,"double sumOfMinimumElements(std::vector<double> const& x, std::vector<double> const& y) {\n        \n        // Create a vector to store the minimum values at each index\n        std::vector<double> minValues(x.size());\n\n        // Use HPX to parallelize the loop\n        hpx::parallel::for_loop(hpx::parallel::execution::par, 0, x.size(), 0,\n            [&](int i) {\n                minValues[i] = std::min(x[i], y[i]);\n            });\n\n        // Use HPX to parallelize the reduction\n        double sum = hpx::parallel::reduce(hpx::parallel::execution::par, minValues.begin(), minValues.end(), 0.0,\n            [](double a, double b) {\n                return a + b;\n            });\n\n        return sum;\n}",False,True,,91,-103047168,15977.0,0.94,15977.0,0.6266666666666666,6.138862133026123
"#include <hpx/hpx_main.hpp>\n\n/* Return the sum of the minimum value at each index of vectors x and y for all indices.\n   i.e. sum = min(x_0, y_0) + min(x_1, y_1) + min(x_2, y_2) + ...\n   Use HPX to sum in parallel.  Assume HPX has already been initialized.\n   Example:\n\n   input: x=[3, 4, 0, 2, 3], y=[2, 5, 3, 1, 7]\n   output: 10\n*/\ndouble sumOfMinimumElements(std::vector<double> const& x, std::vector<double> const& y) {",29_reduce_sum_of_min_of_pairs,reduce,cpp,hpx,0.2,0.95,True,2048,False,"double sumOfMinimumElements(std::vector<double> const& x, std::vector<double> const& y) {\n        \n        // Create a HPX parallel execution policy\n        hpx::parallel::execution::parallel_executor exec;\n\n        // Create a HPX parallel execution policy with a specific number of threads\n        hpx::parallel::execution::parallel_executor exec(hpx::parallel::execution::par.with(hpx::parallel::execution::par.num_threads(4)));\n\n        // Create a HPX parallel execution policy with a specific chunk size\n        hpx::parallel::execution::parallel_executor exec(hpx::parallel::execution::par.with(hpx::parallel::execution::par.chunk_size(1024)));\n\n        // Create a HPX parallel execution policy with a specific chunk size and a specific number of threads\n        hpx::parallel::execution::parallel_executor exec(hpx::parallel::execution::par.with(hpx::parallel::execution::par.chunk_size(1024)).with(hpx::parallel::execution::par.num_threads(4)));\n\n        // Create a HPX parallel execution policy with a specific chunk size and a specific number of threads and a specific priority\n        hpx::parallel::execution::parallel_executor exec(hpx::parallel::execution::par.with(hpx::parallel::execution::par.chunk_size(1024)).with(hpx::parallel::execution::par.num_threads(4)).with(hpx::parallel::execution::par.priority(hpx::threads::thread_priority_normal)));\n\n        // Create a HPX parallel execution policy with a specific chunk size and a specific number of threads and a specific priority and a specific stack size\n        hpx::parallel::execution::parallel_executor exec(hpx::parallel::execution::par.with(hpx::parallel::execution::par.chunk_size(1024)).with(hpx::parallel::execution::par.num_threads(4)).with(hpx::parallel::execution::par.priority(hpx::threads::thread_priority_normal)).with(hpx::parallel::execution::par.stack_size(1024)));\n\n        // Create a HPX parallel execution policy with a specific chunk size and a specific number of threads and a specific priority and a specific stack size and a specific affinity\n        hpx::parallel::execution::parallel_executor exec(hpx::parallel::execution::par.with(hpx::parallel::execution::par.chunk_size(1024)).with(hpx::parallel::execution::par.num_threads(4)).with(hpx::parallel::execution::par.priority(hpx::threads::thread_priority_normal)).with(hpx::parallel::execution::par.stack_size(1024)).with(hpx::parallel::execution::par.affinity(0)));\n\n        // Create a HPX parallel execution policy with a specific chunk size and a specific number of threads and a specific priority and a specific stack size and a specific affinity and a specific cpu mask\n        hpx::parallel::execution::parallel_executor exec(hpx::parallel::execution::par.with(hpx::parallel::execution::par.chunk_size(1024)).with(hpx::parallel::execution::par.num_threads(4)).with(hpx::parallel::execution::par.priority(hpx::threads::thread_priority_normal)).with(hpx::parallel::execution::par.stack_size(1024)).with(hpx::parallel::execution::par.affinity(0)).with(hpx::parallel::execution::par.cpu_mask(0x1)));\n\n        // Create a HPX parallel execution policy with a specific chunk size and a specific number of threads and a specific priority and a specific stack size and a specific affinity and a specific cpu mask and a specific thread_stack_size\n        hpx::parallel::execution::parallel_executor exec(hpx::parallel::execution::par.with(hpx::parallel::execution::par.chunk_size(1024)).with(hpx::parallel::execution::par.num_threads(4)).with(hpx::parallel::execution::par.priority(hpx::threads::thread_priority_normal)).with(hpx::parallel::execution::par.stack_size(1024)).with(hpx::parallel::execution::par.affinity(0)).with(hpx::parallel::execution::par.cpu_mask(0x1)).with(hpx::parallel::execution::par.thread_stack_size(1024)));\n\n        // Create a HPX parallel execution policy with a specific chunk size and a specific number of threads and a specific priority and a specific stack size and a specific affinity and a specific cpu mask and a specific thread_stack_size and a specific thread_stack_guard_page\n        hpx::parallel::execution::parallel_executor exec(hpx::parallel::execution::par.with(hpx::parallel::execution::par.chunk_size(1024)).with(hpx::parallel::execution::par.num_threads(4)).with(hpx::parallel::execution::par.priority(hpx::threads::thread_priority_normal)).with(hpx::parallel::execution::par.stack_size(1024)).with(hpx::parallel::execution::par.affinity(0)).with(hpx::parallel::execution::par.cpu_mask(0x1)).with(hpx::parallel::execution::par.thread_stack_size(1024)).with(hpx::parallel::execution::par.thread_stack_guard_page(true)));\n\n        // Create a HPX parallel execution policy with a specific chunk size and a specific number of threads and a specific priority and a specific stack size and a specific affinity and a specific cpu mask and a specific thread_stack_size and a specific thread_stack_guard_page and a specific thread_stack_guard_page_size\n        hpx::parallel::execution::parallel_executor exec(hpx::parallel::execution::par.with(hpx::parallel::execution::par.chunk_size(1024)).with(hpx::parallel::execution::par.num_threads(4)).with(hpx::parallel::execution::par.priority(hpx::threads::thread_priority_normal)).with(hpx::parallel::execution::par.stack_size(1024)).with(hpx::parallel::execution::par.affinity(0)).with(hpx::parallel::execution::par.cpu_mask(0x1)).with(hpx::parallel::execution::par.thread_stack_size(1024)).with(hpx::parallel::execution::par.thread_stack_guard_page(true)).with(hpx::parallel::execution::par.thread_stack_guard_page_size(1024)));\n\n        // Create a HPX parallel execution policy with a specific chunk size and a specific number of threads and a specific priority and a specific stack size and a specific affinity and a specific cpu mask and a specific thread_stack_size and a specific thread_stack_guard_page and a specific thread_stack_guard_page_size and a specific thread_stack_guard_page_alignment\n        hpx::parallel::execution::parallel_executor exec(hpx::parallel::execution::par.with(hpx::parallel::execution::par.chunk_size(1024)).with(hpx::parallel::execution::par.num_threads(4)).with(hpx::parallel::execution::par.priority(hpx::threads::thread_priority_normal)).with(hpx::parallel::execution::par.stack_size(1024)).with(hpx::parallel::execution::par.affinity(0)).with(hpx::parallel::execution::par.cpu_mask(0x1)).with(hpx::parallel::execution::par.thread_stack_size(1024)).with(hpx::parallel::execution::par.thread_stack_guard_page(true)).with(hpx::parallel::execution::par.thread_stack_guard_page_size(1024)).with(hpx::parallel::execution::par.thread_stack_guard_page_alignment(1024)));\n\n        // Create a HPX parallel execution policy with a specific chunk size and a specific number of threads and a specific priority and a specific stack size and a specific affinity and a specific cpu mask and a specific thread_stack_size and a specific thread_stack_guard_page and a specific thread_stack_guard_page_size and a specific thread_stack_guard_page_alignment and a specific thread_stack_guard_page_alignment_offset\n        hpx::parallel::execution::parallel_executor exec(hpx::parallel::execution::par.with(hpx::parallel::execution::par.",False,True,,92,-289820672,15977.0,0.95,15977.0,0.8938888888888888,36.814000606536865
"#include <hpx/hpx_main.hpp>\n\n/* Return the sum of the minimum value at each index of vectors x and y for all indices.\n   i.e. sum = min(x_0, y_0) + min(x_1, y_1) + min(x_2, y_2) + ...\n   Use HPX to sum in parallel.  Assume HPX has already been initialized.\n   Example:\n\n   input: x=[3, 4, 0, 2, 3], y=[2, 5, 3, 1, 7]\n   output: 10\n*/\ndouble sumOfMinimumElements(std::vector<double> const& x, std::vector<double> const& y) {",29_reduce_sum_of_min_of_pairs,reduce,cpp,hpx,0.2,0.95,True,2048,False,"double sumOfMinimumElements(std::vector<double> const& x, std::vector<double> const& y) {\n        \n        // Create a vector to hold the minimum values for each index\n        std::vector<double> min_values(x.size());\n\n        // Use HPX to parallelize the loop\n        hpx::parallel::transform(x.begin(), x.end(), y.begin(), min_values.begin(),\n            [](double a, double b) { return std::min(a, b); });\n\n        // Use HPX to parallelize the reduction\n        double sum = hpx::parallel::reduce(min_values.begin(), min_values.end(), 0.0,\n            [](double a, double b) { return a + b; });\n\n        return sum;\n}",False,True,,93,-39276544,15977.0,0.93,15977.0,0.465,4.142943620681763
"#include <hpx/hpx_main.hpp>\n\n/* Return the sum of the minimum value at each index of vectors x and y for all indices.\n   i.e. sum = min(x_0, y_0) + min(x_1, y_1) + min(x_2, y_2) + ...\n   Use HPX to sum in parallel.  Assume HPX has already been initialized.\n   Example:\n\n   input: x=[3, 4, 0, 2, 3], y=[2, 5, 3, 1, 7]\n   output: 10\n*/\ndouble sumOfMinimumElements(std::vector<double> const& x, std::vector<double> const& y) {",29_reduce_sum_of_min_of_pairs,reduce,cpp,hpx,0.2,0.95,True,2048,False,"double sumOfMinimumElements(std::vector<double> const& x, std::vector<double> const& y) {\n        \n        // Create a vector to hold the minimum values for each index\n        std::vector<double> min_values(x.size());\n\n        // Use HPX to parallelize the loop\n        hpx::parallel::for_loop(hpx::parallel::execution::par, 0, x.size(), 0, [&](int i) {\n            min_values[i] = std::min(x[i], y[i]);\n        });\n\n        // Use HPX to parallelize the reduction of the min_values vector\n        double sum = hpx::parallel::reduce(hpx::parallel::execution::par, min_values.begin(), min_values.end(), 0.0, std::plus<double>());\n\n        return sum;\n}",False,True,,94,-24817664,15977.0,0.94,15977.0,0.94,6.140810966491699
"#include <hpx/hpx_main.hpp>\n\n/* Return the sum of the minimum value at each index of vectors x and y for all indices.\n   i.e. sum = min(x_0, y_0) + min(x_1, y_1) + min(x_2, y_2) + ...\n   Use HPX to sum in parallel.  Assume HPX has already been initialized.\n   Example:\n\n   input: x=[3, 4, 0, 2, 3], y=[2, 5, 3, 1, 7]\n   output: 10\n*/\ndouble sumOfMinimumElements(std::vector<double> const& x, std::vector<double> const& y) {",29_reduce_sum_of_min_of_pairs,reduce,cpp,hpx,0.2,0.95,True,2048,False,"double sumOfMinimumElements(std::vector<double> const& x, std::vector<double> const& y) {\n        \n        // Create a HPX parallel execution policy\n        hpx::parallel::execution::parallel_executor exec;\n\n        // Create a HPX parallel reduction operation\n        hpx::parallel::execution::parallel_reduce_t parallel_reduce;\n\n        // Create a HPX parallel reduction operation with a sum reduction\n        hpx::parallel::execution::parallel_reduce_t parallel_reduce_sum(hpx::parallel::execution::parallel_reduce_t::reduce_sum);\n\n        // Create a HPX parallel reduction operation with a sum reduction and a minimum reduction\n        hpx::parallel::execution::parallel_reduce_t parallel_reduce_sum_min(hpx::parallel::execution::parallel_reduce_t::reduce_sum, hpx::parallel::execution::parallel_reduce_t::reduce_min);\n\n        // Create a HPX parallel reduction operation with a sum reduction and a minimum reduction and a maximum reduction\n        hpx::parallel::execution::parallel_reduce_t parallel_reduce_sum_min_max(hpx::parallel::execution::parallel_reduce_t::reduce_sum, hpx::parallel::execution::parallel_reduce_t::reduce_min, hpx::parallel::execution::parallel_reduce_t::reduce_max);\n\n        // Create a HPX parallel reduction operation with a sum reduction and a minimum reduction and a maximum reduction and a product reduction\n        hpx::parallel::execution::parallel_reduce_t parallel_reduce_sum_min_max_product(hpx::parallel::execution::parallel_reduce_t::reduce_sum, hpx::parallel::execution::parallel_reduce_t::reduce_min, hpx::parallel::execution::parallel_reduce_t::reduce_max, hpx::parallel::execution::parallel_reduce_t::reduce_product);\n\n        // Create a HPX parallel reduction operation with a sum reduction and a minimum reduction and a maximum reduction and a product reduction and a logical_and reduction\n        hpx::parallel::execution::parallel_reduce_t parallel_reduce_sum_min_max_product_logical_and(hpx::parallel::execution::parallel_reduce_t::reduce_sum, hpx::parallel::execution::parallel_reduce_t::reduce_min, hpx::parallel::execution::parallel_reduce_t::reduce_max, hpx::parallel::execution::parallel_reduce_t::reduce_product, hpx::parallel::execution::parallel_reduce_t::reduce_logical_and);\n\n        // Create a HPX parallel reduction operation with a sum reduction and a minimum reduction and a maximum reduction and a product reduction and a logical_and reduction and a logical_or reduction\n        hpx::parallel::execution::parallel_reduce_t parallel_reduce_sum_min_max_product_logical_and_logical_or(hpx::parallel::execution::parallel_reduce_t::reduce_sum, hpx::parallel::execution::parallel_reduce_t::reduce_min, hpx::parallel::execution::parallel_reduce_t::reduce_max, hpx::parallel::execution::parallel_reduce_t::reduce_product, hpx::parallel::execution::parallel_reduce_t::reduce_logical_and, hpx::parallel::execution::parallel_reduce_t::reduce_logical_or);\n\n        // Create a HPX parallel reduction operation with a sum reduction and a minimum reduction and a maximum reduction and a product reduction and a logical_and reduction and a logical_or reduction and a logical_xor reduction\n        hpx::parallel::execution::parallel_reduce_t parallel_reduce_sum_min_max_product_logical_and_logical_or_logical_xor(hpx::parallel::execution::parallel_reduce_t::reduce_sum, hpx::parallel::execution::parallel_reduce_t::reduce_min, hpx::parallel::execution::parallel_reduce_t::reduce_max, hpx::parallel::execution::parallel_reduce_t::reduce_product, hpx::parallel::execution::parallel_reduce_t::reduce_logical_and, hpx::parallel::execution::parallel_reduce_t::reduce_logical_or, hpx::parallel::execution::parallel_reduce_t::reduce_logical_xor);\n\n        // Create a HPX parallel reduction operation with a sum reduction and a minimum reduction and a maximum reduction and a product reduction and a logical_and reduction and a logical_or reduction and a logical_xor reduction and a logical_not reduction\n        hpx::parallel::execution::parallel_reduce_t parallel_reduce_sum_min_max_product_logical_and_logical_or_logical_xor_logical_not(hpx::parallel::execution::parallel_reduce_t::reduce_sum, hpx::parallel::execution::parallel_reduce_t::reduce_min, hpx::parallel::execution::parallel_reduce_t::reduce_max, hpx::parallel::execution::parallel_reduce_t::reduce_product, hpx::parallel::execution::parallel_reduce_t::reduce_logical_and, hpx::parallel::execution::parallel_reduce_t::reduce_logical_or, hpx::parallel::execution::parallel_reduce_t::reduce_logical_xor, hpx::parallel::execution::parallel_reduce_t::reduce_logical_not);\n\n        // Create a HPX parallel reduction operation with a sum reduction and a minimum reduction and a maximum reduction and a product reduction and a logical_and reduction and a logical_or reduction and a logical_xor reduction and a logical_not reduction and a logical_or reduction\n        hpx::parallel::execution::parallel_reduce_t parallel_reduce_sum_min_max_product_logical_and_logical_or_logical_xor_logical_not_logical_or(hpx::parallel::execution::parallel_reduce_t::reduce_sum, hpx::parallel::execution::parallel_reduce_t::reduce_min, hpx::parallel::execution::parallel_reduce_t::reduce_max, hpx::parallel::execution::parallel_reduce_t::reduce_product, hpx::parallel::execution::parallel_reduce_t::reduce_logical_and, hpx::parallel::execution::parallel_reduce_t::reduce_logical_or, hpx::parallel::execution::parallel_reduce_t::reduce_logical_xor, hpx::parallel::execution::parallel_reduce_t::reduce_logical_not, hpx::parallel::execution::parallel_reduce_t::reduce_logical_or);\n\n        // Create a HPX parallel reduction operation with a sum reduction and a minimum reduction and a maximum reduction and a product reduction and a logical_and reduction and a logical_or reduction and a logical_xor reduction and a logical_not reduction and a logical_or reduction and a logical_xor reduction\n        hpx::parallel::execution::parallel_reduce_t parallel_reduce_sum_min_max_product_logical_and_logical_or_logical_xor_logical_not_logical_or_logical_xor(hpx::parallel::execution::parallel_reduce_t::reduce_sum, hpx::parallel::execution::parallel_reduce_t::reduce_min, hpx::parallel::execution::parallel_reduce_t::reduce_max, hpx::parallel::execution::parallel_reduce_t::reduce_product, hpx::parallel::execution::parallel_reduce_t::reduce_logical_and, hpx::parallel::execution::parallel_reduce_t::reduce_logical_or, hpx::parallel::execution::parallel_reduce_t::reduce_logical_xor, hpx::parallel::execution::parallel_reduce_t::reduce_logical_not, hpx::parallel::execution::parallel_reduce_t::reduce_logical_or, hpx::parallel::execution::parallel_reduce_t::reduce_logical_xor);\n\n        // Create a HPX parallel reduction operation with a sum reduction and a minimum reduction and a maximum reduction and a product reduction and a logical_and reduction and a logical_or reduction and a logical_xor reduction and a logical_not reduction and a logical_or reduction and a logical_xor reduction and a logical_not reduction\n        hpx::parallel::execution::parallel_reduce_t parallel_reduce_sum_min_max_product_logical_and_logical_or_logical_xor_logical_not_logical_or",False,True,,95,-61890560,15977.0,0.95,15977.0,0.8938888888888888,36.83636403083801
"#include <hpx/hpx_main.hpp>\n\n/* Return the sum of the minimum value at each index of vectors x and y for all indices.\n   i.e. sum = min(x_0, y_0) + min(x_1, y_1) + min(x_2, y_2) + ...\n   Use HPX to sum in parallel.  Assume HPX has already been initialized.\n   Example:\n\n   input: x=[3, 4, 0, 2, 3], y=[2, 5, 3, 1, 7]\n   output: 10\n*/\ndouble sumOfMinimumElements(std::vector<double> const& x, std::vector<double> const& y) {",29_reduce_sum_of_min_of_pairs,reduce,cpp,hpx,0.2,0.95,True,2048,False,"double sumOfMinimumElements(std::vector<double> const& x, std::vector<double> const& y) {\n        \n        // Create a vector to hold the minimum values at each index\n        std::vector<double> min_values(x.size());\n\n        // Use HPX to parallelize the loop\n        hpx::parallel::transform(\n            hpx::parallel::execution::par,\n            x.begin(), x.end(),\n            y.begin(),\n            min_values.begin(),\n            [](double a, double b) { return std::min(a, b); }\n        );\n\n        // Use HPX to parallelize the reduction\n        double sum = hpx::parallel::reduce(\n            hpx::parallel::execution::par,\n            min_values.begin(), min_values.end(),\n            0.0,\n            std::plus<double>()\n        );\n\n        return sum;\n}",False,True,,96,497594368,15977.0,0.94,15977.0,0.47,4.087708950042725
"#include <hpx/hpx_main.hpp>\n\n/* Return the sum of the minimum value at each index of vectors x and y for all indices.\n   i.e. sum = min(x_0, y_0) + min(x_1, y_1) + min(x_2, y_2) + ...\n   Use HPX to sum in parallel.  Assume HPX has already been initialized.\n   Example:\n\n   input: x=[3, 4, 0, 2, 3], y=[2, 5, 3, 1, 7]\n   output: 10\n*/\ndouble sumOfMinimumElements(std::vector<double> const& x, std::vector<double> const& y) {",29_reduce_sum_of_min_of_pairs,reduce,cpp,hpx,0.2,0.95,True,2048,False,"double sumOfMinimumElements(std::vector<double> const& x, std::vector<double> const& y) {\n        \n        // Create a vector to store the minimum values at each index\n        std::vector<double> minValues(x.size());\n\n        // Use HPX to parallelize the operation\n        hpx::parallel::transform(x.begin(), x.end(), y.begin(), minValues.begin(),\n            [](double a, double b) { return std::min(a, b); });\n\n        // Use HPX to parallelize the summation\n        double sum = hpx::parallel::accumulate(minValues.begin(), minValues.end(), 0.0);\n\n        return sum;\n}",False,True,,97,8822784,15977.0,0.94,15977.0,0.47,4.104579925537109
"#include <hpx/hpx_main.hpp>\n\n/* Return the sum of the minimum value at each index of vectors x and y for all indices.\n   i.e. sum = min(x_0, y_0) + min(x_1, y_1) + min(x_2, y_2) + ...\n   Use HPX to sum in parallel.  Assume HPX has already been initialized.\n   Example:\n\n   input: x=[3, 4, 0, 2, 3], y=[2, 5, 3, 1, 7]\n   output: 10\n*/\ndouble sumOfMinimumElements(std::vector<double> const& x, std::vector<double> const& y) {",29_reduce_sum_of_min_of_pairs,reduce,cpp,hpx,0.2,0.95,True,2048,False,"double sumOfMinimumElements(std::vector<double> const& x, std::vector<double> const& y) {\n        \n        // Create a vector to store the minimum values\n        std::vector<double> min_values(x.size());\n\n        // Use HPX to parallelize the computation\n        hpx::parallel::transform(x.begin(), x.end(), y.begin(), min_values.begin(),\n            [](double a, double b) { return std::min(a, b); });\n\n        // Use HPX to parallelize the summation\n        double sum = hpx::parallel::accumulate(min_values.begin(), min_values.end(), 0.0);\n\n        return sum;\n}",False,True,,98,-8192,15977.0,0.94,15977.0,0.485,4.101162672042847
"#include <hpx/hpx_main.hpp>\n\n/* Return the sum of the minimum value at each index of vectors x and y for all indices.\n   i.e. sum = min(x_0, y_0) + min(x_1, y_1) + min(x_2, y_2) + ...\n   Use HPX to sum in parallel.  Assume HPX has already been initialized.\n   Example:\n\n   input: x=[3, 4, 0, 2, 3], y=[2, 5, 3, 1, 7]\n   output: 10\n*/\ndouble sumOfMinimumElements(std::vector<double> const& x, std::vector<double> const& y) {",29_reduce_sum_of_min_of_pairs,reduce,cpp,hpx,0.2,0.95,True,2048,False,"double sumOfMinimumElements(std::vector<double> const& x, std::vector<double> const& y) {\n        \n        // Create a vector to store the minimum values at each index\n        std::vector<double> min_values(x.size());\n\n        // Use HPX to parallelize the calculation of the minimum values\n        hpx::parallel::transform(hpx::parallel::execution::par,\n                                 x.begin(), x.end(),\n                                 y.begin(),\n                                 min_values.begin(),\n                                 [](double a, double b) { return std::min(a, b); });\n\n        // Use HPX to parallelize the calculation of the sum of the minimum values\n        double sum = hpx::parallel::reduce(hpx::parallel::execution::par,\n                                           min_values.begin(), min_values.end(),\n                                           0.0,\n                                           std::plus<double>());\n\n        return sum;\n}",False,True,,99,-950231040,15977.0,0.94,15977.0,0.8066666666666666,6.172491073608398
