prompt,name,problem_type,language,parallelism_model,temperature,top_p,do_sample,max_new_tokens,prompted,generated_output,did_build,is_source_valid,best_sequential_runtime,output_idx,virtual_memory_used,max_gpu_memory_usage,max_gpu_utilization,average_gpu_memory_usage,average_gpu_utilization,generation_times
"#include <hpx/hpx_main.hpp>\n\n/* Return the logical XOR reduction of the vector of bools x.\n   Use HPX to reduce in parallel.  Assume HPX has already been initialized.\n   Example:\n\n   input: [false, false, false, true]\n   output: true\n*/\nbool reduceLogicalXOR(std::vector<bool> const& x) {",25_reduce_xor,reduce,cpp,hpx,0.2,0.95,True,2048,False,bool reduceLogicalXOR(std::vector<bool> const& x) {\n  return false;\n},False,False,,0,45854720,31423.0,0.97,31194.241379310344,0.9344827586206896,59.13358688354492
"#include <hpx/hpx_main.hpp>\n\n/* Return the logical XOR reduction of the vector of bools x.\n   Use HPX to reduce in parallel.  Assume HPX has already been initialized.\n   Example:\n\n   input: [false, false, false, true]\n   output: true\n*/\nbool reduceLogicalXOR(std::vector<bool> const& x) {",25_reduce_xor,reduce,cpp,hpx,0.2,0.95,True,2048,False,bool reduceLogicalXOR(std::vector<bool> const& x) {\n  // TODO: implement this function\n  return false;\n},False,False,,1,14688256,31423.0,0.97,31423.0,0.9662499999999999,48.93558192253113
"#include <hpx/hpx_main.hpp>\n\n/* Return the logical XOR reduction of the vector of bools x.\n   Use HPX to reduce in parallel.  Assume HPX has already been initialized.\n   Example:\n\n   input: [false, false, false, true]\n   output: true\n*/\nbool reduceLogicalXOR(std::vector<bool> const& x) {",25_reduce_xor,reduce,cpp,hpx,0.2,0.95,True,2048,False,bool reduceLogicalXOR(std::vector<bool> const& x) {\n  // TODO: implement this function\n  return false;\n},False,False,,2,-1224704,31423.0,0.97,31423.0,0.9555172413793104,59.580785512924194
"#include <hpx/hpx_main.hpp>\n\n/* Return the logical XOR reduction of the vector of bools x.\n   Use HPX to reduce in parallel.  Assume HPX has already been initialized.\n   Example:\n\n   input: [false, false, false, true]\n   output: true\n*/\nbool reduceLogicalXOR(std::vector<bool> const& x) {",25_reduce_xor,reduce,cpp,hpx,0.2,0.95,True,2048,False,bool reduceLogicalXOR(std::vector<bool> const& x) {\n  // TODO: implement this function\n  return false;\n},False,False,,3,5423104,31423.0,0.97,31423.0,0.9337931034482758,59.11194944381714
"#include <hpx/hpx_main.hpp>\n\n/* Return the logical XOR reduction of the vector of bools x.\n   Use HPX to reduce in parallel.  Assume HPX has already been initialized.\n   Example:\n\n   input: [false, false, false, true]\n   output: true\n*/\nbool reduceLogicalXOR(std::vector<bool> const& x) {",25_reduce_xor,reduce,cpp,hpx,0.2,0.95,True,2048,False,bool reduceLogicalXOR(std::vector<bool> const& x) {\n    // TODO: implement this function\n    return false;\n},False,False,,4,8413184,31423.0,0.97,31423.0,0.9351724137931033,59.12782430648804
"#include <hpx/hpx_main.hpp>\n\n/* Return the logical XOR reduction of the vector of bools x.\n   Use HPX to reduce in parallel.  Assume HPX has already been initialized.\n   Example:\n\n   input: [false, false, false, true]\n   output: true\n*/\nbool reduceLogicalXOR(std::vector<bool> const& x) {",25_reduce_xor,reduce,cpp,hpx,0.2,0.95,True,2048,False,bool reduceLogicalXOR(std::vector<bool> const& x) {\n  // TODO: implement this function\n  return false;\n},False,False,,5,6737920,31423.0,0.97,31423.0,0.9314814814814815,55.07801961898804
"#include <hpx/hpx_main.hpp>\n\n/* Return the logical XOR reduction of the vector of bools x.\n   Use HPX to reduce in parallel.  Assume HPX has already been initialized.\n   Example:\n\n   input: [false, false, false, true]\n   output: true\n*/\nbool reduceLogicalXOR(std::vector<bool> const& x) {",25_reduce_xor,reduce,cpp,hpx,0.2,0.95,True,2048,False,bool reduceLogicalXOR(std::vector<bool> const& x) {\n  // TODO: implement this function\n  return false;\n},False,False,,6,-35876864,31423.0,0.97,31423.0,0.9351724137931033,59.19588661193848
"#include <hpx/hpx_main.hpp>\n\n/* Return the logical XOR reduction of the vector of bools x.\n   Use HPX to reduce in parallel.  Assume HPX has already been initialized.\n   Example:\n\n   input: [false, false, false, true]\n   output: true\n*/\nbool reduceLogicalXOR(std::vector<bool> const& x) {",25_reduce_xor,reduce,cpp,hpx,0.2,0.95,True,2048,False,bool reduceLogicalXOR(std::vector<bool> const& x) {\n  // TODO: implement this function\n  return false;\n},False,False,,7,8134656,31423.0,0.97,31423.0,0.8849999999999999,24.46205472946167
"#include <hpx/hpx_main.hpp>\n\n/* Return the logical XOR reduction of the vector of bools x.\n   Use HPX to reduce in parallel.  Assume HPX has already been initialized.\n   Example:\n\n   input: [false, false, false, true]\n   output: true\n*/\nbool reduceLogicalXOR(std::vector<bool> const& x) {",25_reduce_xor,reduce,cpp,hpx,0.2,0.95,True,2048,False,bool reduceLogicalXOR(std::vector<bool> const& x) {\n    // TODO: implement this function\n    return false;\n},False,False,,8,2846720,31423.0,0.97,31423.0,0.9668965517241379,59.14777851104736
"#include <hpx/hpx_main.hpp>\n\n/* Return the logical XOR reduction of the vector of bools x.\n   Use HPX to reduce in parallel.  Assume HPX has already been initialized.\n   Example:\n\n   input: [false, false, false, true]\n   output: true\n*/\nbool reduceLogicalXOR(std::vector<bool> const& x) {",25_reduce_xor,reduce,cpp,hpx,0.2,0.95,True,2048,False,bool reduceLogicalXOR(std::vector<bool> const& x) {\n  // TODO: implement this function\n  return false;\n},False,False,,9,5013504,31423.0,0.97,31423.0,0.9231818181818181,44.89478087425232
"#include <hpx/hpx_main.hpp>\n\n/* Return the logical XOR reduction of the vector of bools x.\n   Use HPX to reduce in parallel.  Assume HPX has already been initialized.\n   Example:\n\n   input: [false, false, false, true]\n   output: true\n*/\nbool reduceLogicalXOR(std::vector<bool> const& x) {",25_reduce_xor,reduce,cpp,hpx,0.2,0.95,True,2048,False,bool reduceLogicalXOR(std::vector<bool> const& x) {\n  // TODO: implement this function\n  return false;\n},False,False,,10,295596032,31423.0,0.97,31423.0,0.9341379310344827,59.1310932636261
"#include <hpx/hpx_main.hpp>\n\n/* Return the logical XOR reduction of the vector of bools x.\n   Use HPX to reduce in parallel.  Assume HPX has already been initialized.\n   Example:\n\n   input: [false, false, false, true]\n   output: true\n*/\nbool reduceLogicalXOR(std::vector<bool> const& x) {",25_reduce_xor,reduce,cpp,hpx,0.2,0.95,True,2048,False,bool reduceLogicalXOR(std::vector<bool> const& x) {\n    // TODO: implement this function\n    return false;\n},False,False,,11,401870848,31423.0,0.97,31423.0,0.9157894736842105,38.93283772468567
"#include <hpx/hpx_main.hpp>\n\n/* Return the logical XOR reduction of the vector of bools x.\n   Use HPX to reduce in parallel.  Assume HPX has already been initialized.\n   Example:\n\n   input: [false, false, false, true]\n   output: true\n*/\nbool reduceLogicalXOR(std::vector<bool> const& x) {",25_reduce_xor,reduce,cpp,hpx,0.2,0.95,True,2048,False,bool reduceLogicalXOR(std::vector<bool> const& x) {\n  // TODO: implement this function\n  return false;\n},False,False,,12,662376448,31423.0,0.97,31423.0,0.9116666666666666,36.87986779212952
"#include <hpx/hpx_main.hpp>\n\n/* Return the logical XOR reduction of the vector of bools x.\n   Use HPX to reduce in parallel.  Assume HPX has already been initialized.\n   Example:\n\n   input: [false, false, false, true]\n   output: true\n*/\nbool reduceLogicalXOR(std::vector<bool> const& x) {",25_reduce_xor,reduce,cpp,hpx,0.2,0.95,True,2048,False,bool reduceLogicalXOR(std::vector<bool> const& x) {\n    // TODO: implement this function\n    return false;\n},False,False,,13,432263168,31423.0,0.97,31423.0,0.9341379310344827,59.20674800872803
"#include <hpx/hpx_main.hpp>\n\n/* Return the logical XOR reduction of the vector of bools x.\n   Use HPX to reduce in parallel.  Assume HPX has already been initialized.\n   Example:\n\n   input: [false, false, false, true]\n   output: true\n*/\nbool reduceLogicalXOR(std::vector<bool> const& x) {",25_reduce_xor,reduce,cpp,hpx,0.2,0.95,True,2048,False,bool reduceLogicalXOR(std::vector<bool> const& x) {\n  // TODO: implement this function\n  return false;\n},False,False,,14,-10756096,31423.0,0.97,31423.0,0.9204761904761904,42.872103691101074
"#include <hpx/hpx_main.hpp>\n\n/* Return the logical XOR reduction of the vector of bools x.\n   Use HPX to reduce in parallel.  Assume HPX has already been initialized.\n   Example:\n\n   input: [false, false, false, true]\n   output: true\n*/\nbool reduceLogicalXOR(std::vector<bool> const& x) {",25_reduce_xor,reduce,cpp,hpx,0.2,0.95,True,2048,False,bool reduceLogicalXOR(std::vector<bool> const& x) {\n  // TODO: implement this function\n  return false;\n},False,False,,15,123633664,31423.0,0.97,31423.0,0.933448275862069,59.17581796646118
"#include <hpx/hpx_main.hpp>\n\n/* Return the logical XOR reduction of the vector of bools x.\n   Use HPX to reduce in parallel.  Assume HPX has already been initialized.\n   Example:\n\n   input: [false, false, false, true]\n   output: true\n*/\nbool reduceLogicalXOR(std::vector<bool> const& x) {",25_reduce_xor,reduce,cpp,hpx,0.2,0.95,True,2048,False,bool reduceLogicalXOR(std::vector<bool> const& x) {\n  // TODO: implement this function\n  return false;\n},False,False,,16,-2621440,31423.0,0.97,31423.0,0.9341379310344827,59.169809341430664
"#include <hpx/hpx_main.hpp>\n\n/* Return the logical XOR reduction of the vector of bools x.\n   Use HPX to reduce in parallel.  Assume HPX has already been initialized.\n   Example:\n\n   input: [false, false, false, true]\n   output: true\n*/\nbool reduceLogicalXOR(std::vector<bool> const& x) {",25_reduce_xor,reduce,cpp,hpx,0.2,0.95,True,2048,False,bool reduceLogicalXOR(std::vector<bool> const& x) {\n  // TODO: implement this function\n  return false;\n},False,False,,17,-23920640,31423.0,0.97,31423.0,0.9341379310344827,59.16310715675354
"#include <hpx/hpx_main.hpp>\n\n/* Return the logical XOR reduction of the vector of bools x.\n   Use HPX to reduce in parallel.  Assume HPX has already been initialized.\n   Example:\n\n   input: [false, false, false, true]\n   output: true\n*/\nbool reduceLogicalXOR(std::vector<bool> const& x) {",25_reduce_xor,reduce,cpp,hpx,0.2,0.95,True,2048,False,bool reduceLogicalXOR(std::vector<bool> const& x) {\n  // TODO: implement this function\n  return false;\n},False,False,,18,26128384,31423.0,0.97,31423.0,0.9337931034482758,59.17395043373108
"#include <hpx/hpx_main.hpp>\n\n/* Return the logical XOR reduction of the vector of bools x.\n   Use HPX to reduce in parallel.  Assume HPX has already been initialized.\n   Example:\n\n   input: [false, false, false, true]\n   output: true\n*/\nbool reduceLogicalXOR(std::vector<bool> const& x) {",25_reduce_xor,reduce,cpp,hpx,0.2,0.95,True,2048,False,bool reduceLogicalXOR(std::vector<bool> const& x) {\n  // TODO: implement this function\n  return false;\n},False,False,,19,58564608,31423.0,0.97,31423.0,0.9348275862068965,59.17885065078735
"#include <hpx/hpx_main.hpp>\n\n/* Return the logical XOR reduction of the vector of bools x.\n   Use HPX to reduce in parallel.  Assume HPX has already been initialized.\n   Example:\n\n   input: [false, false, false, true]\n   output: true\n*/\nbool reduceLogicalXOR(std::vector<bool> const& x) {",25_reduce_xor,reduce,cpp,hpx,0.2,0.95,True,2048,False,bool reduceLogicalXOR(std::vector<bool> const& x) {\n  // TODO: implement this function\n  return false;\n},False,False,,20,-74678272,31423.0,0.97,31423.0,0.9348275862068965,59.19490098953247
"#include <hpx/hpx_main.hpp>\n\n/* Return the logical XOR reduction of the vector of bools x.\n   Use HPX to reduce in parallel.  Assume HPX has already been initialized.\n   Example:\n\n   input: [false, false, false, true]\n   output: true\n*/\nbool reduceLogicalXOR(std::vector<bool> const& x) {",25_reduce_xor,reduce,cpp,hpx,0.2,0.95,True,2048,False,bool reduceLogicalXOR(std::vector<bool> const& x) {\n  // TODO: implement this function\n  return false;\n},False,False,,21,-10940416,31423.0,0.97,31423.0,0.8993333333333333,30.60773205757141
"#include <hpx/hpx_main.hpp>\n\n/* Return the logical XOR reduction of the vector of bools x.\n   Use HPX to reduce in parallel.  Assume HPX has already been initialized.\n   Example:\n\n   input: [false, false, false, true]\n   output: true\n*/\nbool reduceLogicalXOR(std::vector<bool> const& x) {",25_reduce_xor,reduce,cpp,hpx,0.2,0.95,True,2048,False,bool reduceLogicalXOR(std::vector<bool> const& x) {\n    return false;\n},False,False,,22,14983168,31423.0,0.97,31423.0,0.9243478260869564,46.932005405426025
"#include <hpx/hpx_main.hpp>\n\n/* Return the logical XOR reduction of the vector of bools x.\n   Use HPX to reduce in parallel.  Assume HPX has already been initialized.\n   Example:\n\n   input: [false, false, false, true]\n   output: true\n*/\nbool reduceLogicalXOR(std::vector<bool> const& x) {",25_reduce_xor,reduce,cpp,hpx,0.2,0.95,True,2048,False,bool reduceLogicalXOR(std::vector<bool> const& x) {\n  // TODO: implement this function\n  return false;\n},False,False,,23,386404352,31423.0,0.97,31423.0,0.9337931034482758,59.201743602752686
"#include <hpx/hpx_main.hpp>\n\n/* Return the logical XOR reduction of the vector of bools x.\n   Use HPX to reduce in parallel.  Assume HPX has already been initialized.\n   Example:\n\n   input: [false, false, false, true]\n   output: true\n*/\nbool reduceLogicalXOR(std::vector<bool> const& x) {",25_reduce_xor,reduce,cpp,hpx,0.2,0.95,True,2048,False,bool reduceLogicalXOR(std::vector<bool> const& x) {\n    // TODO: implement this function\n    return false;\n},False,False,,24,-445755392,31423.0,0.97,31423.0,0.933448275862069,59.20495104789734
"#include <hpx/hpx_main.hpp>\n\n/* Return the logical XOR reduction of the vector of bools x.\n   Use HPX to reduce in parallel.  Assume HPX has already been initialized.\n   Example:\n\n   input: [false, false, false, true]\n   output: true\n*/\nbool reduceLogicalXOR(std::vector<bool> const& x) {",25_reduce_xor,reduce,cpp,hpx,0.2,0.95,True,2048,False,bool reduceLogicalXOR(std::vector<bool> const& x) {\n  // TODO: implement this function\n  return false;\n},False,False,,25,4456448,31423.0,0.97,31423.0,0.9332142857142857,57.13900399208069
"#include <hpx/hpx_main.hpp>\n\n/* Return the logical XOR reduction of the vector of bools x.\n   Use HPX to reduce in parallel.  Assume HPX has already been initialized.\n   Example:\n\n   input: [false, false, false, true]\n   output: true\n*/\nbool reduceLogicalXOR(std::vector<bool> const& x) {",25_reduce_xor,reduce,cpp,hpx,0.2,0.95,True,2048,False,bool reduceLogicalXOR(std::vector<bool> const& x) {\n  // TODO: implement this function\n  return false;\n},False,False,,26,-114638848,31423.0,0.97,31423.0,0.9541379310344827,59.178051471710205
"#include <hpx/hpx_main.hpp>\n\n/* Return the logical XOR reduction of the vector of bools x.\n   Use HPX to reduce in parallel.  Assume HPX has already been initialized.\n   Example:\n\n   input: [false, false, false, true]\n   output: true\n*/\nbool reduceLogicalXOR(std::vector<bool> const& x) {",25_reduce_xor,reduce,cpp,hpx,0.2,0.95,True,2048,False,bool reduceLogicalXOR(std::vector<bool> const& x) {\n    // TODO: implement this function\n    return false;\n},False,False,,27,223834112,31423.0,0.97,31423.0,0.897142857142857,28.555513381958008
"#include <hpx/hpx_main.hpp>\n\n/* Return the logical XOR reduction of the vector of bools x.\n   Use HPX to reduce in parallel.  Assume HPX has already been initialized.\n   Example:\n\n   input: [false, false, false, true]\n   output: true\n*/\nbool reduceLogicalXOR(std::vector<bool> const& x) {",25_reduce_xor,reduce,cpp,hpx,0.2,0.95,True,2048,False,bool reduceLogicalXOR(std::vector<bool> const& x) {\n  // TODO: implement this function\n  return false;\n},False,False,,28,-184102912,31423.0,0.97,31423.0,0.9243478260869564,46.96015214920044
"#include <hpx/hpx_main.hpp>\n\n/* Return the logical XOR reduction of the vector of bools x.\n   Use HPX to reduce in parallel.  Assume HPX has already been initialized.\n   Example:\n\n   input: [false, false, false, true]\n   output: true\n*/\nbool reduceLogicalXOR(std::vector<bool> const& x) {",25_reduce_xor,reduce,cpp,hpx,0.2,0.95,True,2048,False,bool reduceLogicalXOR(std::vector<bool> const& x) {\n  // TODO: implement this function\n  return false;\n},False,False,,29,10240000,31423.0,0.97,31423.0,0.9344827586206896,59.18373394012451
"#include <hpx/hpx_main.hpp>\n\n/* Return the logical XOR reduction of the vector of bools x.\n   Use HPX to reduce in parallel.  Assume HPX has already been initialized.\n   Example:\n\n   input: [false, false, false, true]\n   output: true\n*/\nbool reduceLogicalXOR(std::vector<bool> const& x) {",25_reduce_xor,reduce,cpp,hpx,0.2,0.95,True,2048,False,bool reduceLogicalXOR(std::vector<bool> const& x) {\n  return false;\n},False,False,,30,11251712,31423.0,0.97,31423.0,0.8577777777777778,18.350597143173218
"#include <hpx/hpx_main.hpp>\n\n/* Return the logical XOR reduction of the vector of bools x.\n   Use HPX to reduce in parallel.  Assume HPX has already been initialized.\n   Example:\n\n   input: [false, false, false, true]\n   output: true\n*/\nbool reduceLogicalXOR(std::vector<bool> const& x) {",25_reduce_xor,reduce,cpp,hpx,0.2,0.95,True,2048,False,bool reduceLogicalXOR(std::vector<bool> const& x) {\n    // TODO: implement this function\n    return false;\n},False,False,,31,40931328,31423.0,0.97,31423.0,0.9682758620689654,59.15921664237976
"#include <hpx/hpx_main.hpp>\n\n/* Return the logical XOR reduction of the vector of bools x.\n   Use HPX to reduce in parallel.  Assume HPX has already been initialized.\n   Example:\n\n   input: [false, false, false, true]\n   output: true\n*/\nbool reduceLogicalXOR(std::vector<bool> const& x) {",25_reduce_xor,reduce,cpp,hpx,0.2,0.95,True,2048,False,bool reduceLogicalXOR(std::vector<bool> const& x) {\n  // TODO: implement this function\n  return false;\n},False,False,,32,133865472,31423.0,0.97,31423.0,0.9337931034482758,59.15225148200989
"#include <hpx/hpx_main.hpp>\n\n/* Return the logical XOR reduction of the vector of bools x.\n   Use HPX to reduce in parallel.  Assume HPX has already been initialized.\n   Example:\n\n   input: [false, false, false, true]\n   output: true\n*/\nbool reduceLogicalXOR(std::vector<bool> const& x) {",25_reduce_xor,reduce,cpp,hpx,0.2,0.95,True,2048,False,bool reduceLogicalXOR(std::vector<bool> const& x) {\n  // TODO: implement this function\n  return false;\n},False,False,,33,-8769536,31423.0,0.97,31423.0,0.9247826086956522,46.941160440444946
"#include <hpx/hpx_main.hpp>\n\n/* Return the logical XOR reduction of the vector of bools x.\n   Use HPX to reduce in parallel.  Assume HPX has already been initialized.\n   Example:\n\n   input: [false, false, false, true]\n   output: true\n*/\nbool reduceLogicalXOR(std::vector<bool> const& x) {",25_reduce_xor,reduce,cpp,hpx,0.2,0.95,True,2048,False,bool reduceLogicalXOR(std::vector<bool> const& x) {\n  return false;\n},False,False,,34,6189056,31423.0,0.97,31423.0,0.9179999999999999,40.776814699172974
"#include <hpx/hpx_main.hpp>\n\n/* Return the logical XOR reduction of the vector of bools x.\n   Use HPX to reduce in parallel.  Assume HPX has already been initialized.\n   Example:\n\n   input: [false, false, false, true]\n   output: true\n*/\nbool reduceLogicalXOR(std::vector<bool> const& x) {",25_reduce_xor,reduce,cpp,hpx,0.2,0.95,True,2048,False,bool reduceLogicalXOR(std::vector<bool> const& x) {\n    // TODO: implement this function\n    return false;\n},False,False,,35,6238208,31423.0,0.97,31423.0,0.8825,24.483768463134766
"#include <hpx/hpx_main.hpp>\n\n/* Return the logical XOR reduction of the vector of bools x.\n   Use HPX to reduce in parallel.  Assume HPX has already been initialized.\n   Example:\n\n   input: [false, false, false, true]\n   output: true\n*/\nbool reduceLogicalXOR(std::vector<bool> const& x) {",25_reduce_xor,reduce,cpp,hpx,0.2,0.95,True,2048,False,bool reduceLogicalXOR(std::vector<bool> const& x) {\n  // TODO: implement this function\n  return false;\n},False,False,,36,5677056,31423.0,0.97,31423.0,0.9348275862068965,59.218165159225464
"#include <hpx/hpx_main.hpp>\n\n/* Return the logical XOR reduction of the vector of bools x.\n   Use HPX to reduce in parallel.  Assume HPX has already been initialized.\n   Example:\n\n   input: [false, false, false, true]\n   output: true\n*/\nbool reduceLogicalXOR(std::vector<bool> const& x) {",25_reduce_xor,reduce,cpp,hpx,0.2,0.95,True,2048,False,bool reduceLogicalXOR(std::vector<bool> const& x) {\n  return false;\n},False,False,,37,6602752,31423.0,0.97,31423.0,0.8858333333333333,24.469502925872803
"#include <hpx/hpx_main.hpp>\n\n/* Return the logical XOR reduction of the vector of bools x.\n   Use HPX to reduce in parallel.  Assume HPX has already been initialized.\n   Example:\n\n   input: [false, false, false, true]\n   output: true\n*/\nbool reduceLogicalXOR(std::vector<bool> const& x) {",25_reduce_xor,reduce,cpp,hpx,0.2,0.95,True,2048,False,bool reduceLogicalXOR(std::vector<bool> const& x) {\n  // TODO: implement this function\n  return false;\n},False,False,,38,8613888,31423.0,0.97,31423.0,0.8849999999999999,24.50784182548523
"#include <hpx/hpx_main.hpp>\n\n/* Return the logical XOR reduction of the vector of bools x.\n   Use HPX to reduce in parallel.  Assume HPX has already been initialized.\n   Example:\n\n   input: [false, false, false, true]\n   output: true\n*/\nbool reduceLogicalXOR(std::vector<bool> const& x) {",25_reduce_xor,reduce,cpp,hpx,0.2,0.95,True,2048,False,bool reduceLogicalXOR(std::vector<bool> const& x) {\n  // TODO: implement this function\n  return false;\n},False,False,,39,-5406720,31423.0,0.97,31423.0,0.924090909090909,44.87802314758301
"#include <hpx/hpx_main.hpp>\n\n/* Return the logical XOR reduction of the vector of bools x.\n   Use HPX to reduce in parallel.  Assume HPX has already been initialized.\n   Example:\n\n   input: [false, false, false, true]\n   output: true\n*/\nbool reduceLogicalXOR(std::vector<bool> const& x) {",25_reduce_xor,reduce,cpp,hpx,0.2,0.95,True,2048,False,bool reduceLogicalXOR(std::vector<bool> const& x) {\n  // TODO: implement this function\n  return false;\n},False,False,,40,16146432,31423.0,0.97,31423.0,0.9275999999999999,51.019715547561646
"#include <hpx/hpx_main.hpp>\n\n/* Return the logical XOR reduction of the vector of bools x.\n   Use HPX to reduce in parallel.  Assume HPX has already been initialized.\n   Example:\n\n   input: [false, false, false, true]\n   output: true\n*/\nbool reduceLogicalXOR(std::vector<bool> const& x) {",25_reduce_xor,reduce,cpp,hpx,0.2,0.95,True,2048,False,bool reduceLogicalXOR(std::vector<bool> const& x) {\n    // TODO: implement this function\n    return false;\n},False,False,,41,-1060864,31423.0,0.97,31423.0,0.9351724137931033,59.158156394958496
"#include <hpx/hpx_main.hpp>\n\n/* Return the logical XOR reduction of the vector of bools x.\n   Use HPX to reduce in parallel.  Assume HPX has already been initialized.\n   Example:\n\n   input: [false, false, false, true]\n   output: true\n*/\nbool reduceLogicalXOR(std::vector<bool> const& x) {",25_reduce_xor,reduce,cpp,hpx,0.2,0.95,True,2048,False,bool reduceLogicalXOR(std::vector<bool> const& x) {\n  return false;\n},False,False,,42,19677184,31423.0,0.97,31423.0,0.9344827586206896,59.137736558914185
"#include <hpx/hpx_main.hpp>\n\n/* Return the logical XOR reduction of the vector of bools x.\n   Use HPX to reduce in parallel.  Assume HPX has already been initialized.\n   Example:\n\n   input: [false, false, false, true]\n   output: true\n*/\nbool reduceLogicalXOR(std::vector<bool> const& x) {",25_reduce_xor,reduce,cpp,hpx,0.2,0.95,True,2048,False,bool reduceLogicalXOR(std::vector<bool> const& x) {\n    // TODO: implement this function\n    return false;\n},False,False,,43,304664576,31423.0,0.97,31423.0,0.9133333333333332,36.76781916618347
"#include <hpx/hpx_main.hpp>\n\n/* Return the logical XOR reduction of the vector of bools x.\n   Use HPX to reduce in parallel.  Assume HPX has already been initialized.\n   Example:\n\n   input: [false, false, false, true]\n   output: true\n*/\nbool reduceLogicalXOR(std::vector<bool> const& x) {",25_reduce_xor,reduce,cpp,hpx,0.2,0.95,True,2048,False,bool reduceLogicalXOR(std::vector<bool> const& x) {\n  // TODO: implement this function\n  return false;\n},False,False,,44,-380755968,31423.0,0.97,31423.0,0.9307407407407408,55.10240054130554
"#include <hpx/hpx_main.hpp>\n\n/* Return the logical XOR reduction of the vector of bools x.\n   Use HPX to reduce in parallel.  Assume HPX has already been initialized.\n   Example:\n\n   input: [false, false, false, true]\n   output: true\n*/\nbool reduceLogicalXOR(std::vector<bool> const& x) {",25_reduce_xor,reduce,cpp,hpx,0.2,0.95,True,2048,False,bool reduceLogicalXOR(std::vector<bool> const& x) {\n  // TODO: implement this function\n  return false;\n},False,False,,45,-274563072,31423.0,0.97,31423.0,0.9265217391304347,46.928548097610474
"#include <hpx/hpx_main.hpp>\n\n/* Return the logical XOR reduction of the vector of bools x.\n   Use HPX to reduce in parallel.  Assume HPX has already been initialized.\n   Example:\n\n   input: [false, false, false, true]\n   output: true\n*/\nbool reduceLogicalXOR(std::vector<bool> const& x) {",25_reduce_xor,reduce,cpp,hpx,0.2,0.95,True,2048,False,bool reduceLogicalXOR(std::vector<bool> const& x) {\n  // TODO: implement this function\n  return false;\n},False,False,,46,224223232,31423.0,0.97,31423.0,0.9218181818181819,44.925111293792725
"#include <hpx/hpx_main.hpp>\n\n/* Return the logical XOR reduction of the vector of bools x.\n   Use HPX to reduce in parallel.  Assume HPX has already been initialized.\n   Example:\n\n   input: [false, false, false, true]\n   output: true\n*/\nbool reduceLogicalXOR(std::vector<bool> const& x) {",25_reduce_xor,reduce,cpp,hpx,0.2,0.95,True,2048,False,bool reduceLogicalXOR(std::vector<bool> const& x) {\n  // TODO: implement this function\n  return false;\n},False,False,,47,17670144,31423.0,0.97,31423.0,0.9279999999999999,51.001752853393555
"#include <hpx/hpx_main.hpp>\n\n/* Return the logical XOR reduction of the vector of bools x.\n   Use HPX to reduce in parallel.  Assume HPX has already been initialized.\n   Example:\n\n   input: [false, false, false, true]\n   output: true\n*/\nbool reduceLogicalXOR(std::vector<bool> const& x) {",25_reduce_xor,reduce,cpp,hpx,0.2,0.95,True,2048,False,bool reduceLogicalXOR(std::vector<bool> const& x) {\n  // TODO: implement this function\n  return false;\n},False,False,,48,9584640,31423.0,0.97,31423.0,0.9099999999999999,34.68057370185852
"#include <hpx/hpx_main.hpp>\n\n/* Return the logical XOR reduction of the vector of bools x.\n   Use HPX to reduce in parallel.  Assume HPX has already been initialized.\n   Example:\n\n   input: [false, false, false, true]\n   output: true\n*/\nbool reduceLogicalXOR(std::vector<bool> const& x) {",25_reduce_xor,reduce,cpp,hpx,0.2,0.95,True,2048,False,bool reduceLogicalXOR(std::vector<bool> const& x) {\n    return false;\n},False,False,,49,11083776,31423.0,0.97,31423.0,0.9688235294117646,34.71928954124451
"#include <hpx/hpx_main.hpp>\n\n/* Return the logical XOR reduction of the vector of bools x.\n   Use HPX to reduce in parallel.  Assume HPX has already been initialized.\n   Example:\n\n   input: [false, false, false, true]\n   output: true\n*/\nbool reduceLogicalXOR(std::vector<bool> const& x) {",25_reduce_xor,reduce,cpp,hpx,0.2,0.95,True,2048,False,bool reduceLogicalXOR(std::vector<bool> const& x) {\n  // TODO: implement this function\n  return false;\n},False,False,,50,12566528,31423.0,0.97,31423.0,0.9337931034482758,59.162007331848145
"#include <hpx/hpx_main.hpp>\n\n/* Return the logical XOR reduction of the vector of bools x.\n   Use HPX to reduce in parallel.  Assume HPX has already been initialized.\n   Example:\n\n   input: [false, false, false, true]\n   output: true\n*/\nbool reduceLogicalXOR(std::vector<bool> const& x) {",25_reduce_xor,reduce,cpp,hpx,0.2,0.95,True,2048,False,bool reduceLogicalXOR(std::vector<bool> const& x) {\n  // TODO: implement this function\n  return false;\n},False,False,,51,120971264,31423.0,0.97,31423.0,0.9322222222222222,55.108012676239014
"#include <hpx/hpx_main.hpp>\n\n/* Return the logical XOR reduction of the vector of bools x.\n   Use HPX to reduce in parallel.  Assume HPX has already been initialized.\n   Example:\n\n   input: [false, false, false, true]\n   output: true\n*/\nbool reduceLogicalXOR(std::vector<bool> const& x) {",25_reduce_xor,reduce,cpp,hpx,0.2,0.95,True,2048,False,bool reduceLogicalXOR(std::vector<bool> const& x) {\n    // TODO: implement this function\n    return false;\n},False,False,,52,14041088,31423.0,0.97,31423.0,0.9344827586206896,59.19616985321045
"#include <hpx/hpx_main.hpp>\n\n/* Return the logical XOR reduction of the vector of bools x.\n   Use HPX to reduce in parallel.  Assume HPX has already been initialized.\n   Example:\n\n   input: [false, false, false, true]\n   output: true\n*/\nbool reduceLogicalXOR(std::vector<bool> const& x) {",25_reduce_xor,reduce,cpp,hpx,0.2,0.95,True,2048,False,bool reduceLogicalXOR(std::vector<bool> const& x) {\n  // TODO: implement this function\n  return false;\n},False,False,,53,-212992,31423.0,0.97,31423.0,0.917,40.81174397468567
"#include <hpx/hpx_main.hpp>\n\n/* Return the logical XOR reduction of the vector of bools x.\n   Use HPX to reduce in parallel.  Assume HPX has already been initialized.\n   Example:\n\n   input: [false, false, false, true]\n   output: true\n*/\nbool reduceLogicalXOR(std::vector<bool> const& x) {",25_reduce_xor,reduce,cpp,hpx,0.2,0.95,True,2048,False,bool reduceLogicalXOR(std::vector<bool> const& x) {\n  // TODO: implement this function\n  return false;\n},False,False,,54,466944,31423.0,0.97,31423.0,0.9348275862068965,59.14707398414612
"#include <hpx/hpx_main.hpp>\n\n/* Return the logical XOR reduction of the vector of bools x.\n   Use HPX to reduce in parallel.  Assume HPX has already been initialized.\n   Example:\n\n   input: [false, false, false, true]\n   output: true\n*/\nbool reduceLogicalXOR(std::vector<bool> const& x) {",25_reduce_xor,reduce,cpp,hpx,0.2,0.95,True,2048,False,bool reduceLogicalXOR(std::vector<bool> const& x) {\n    // TODO: implement this function\n    return false;\n},False,False,,55,3448832,31423.0,0.97,31423.0,0.9279999999999999,51.0124397277832
"#include <hpx/hpx_main.hpp>\n\n/* Return the logical XOR reduction of the vector of bools x.\n   Use HPX to reduce in parallel.  Assume HPX has already been initialized.\n   Example:\n\n   input: [false, false, false, true]\n   output: true\n*/\nbool reduceLogicalXOR(std::vector<bool> const& x) {",25_reduce_xor,reduce,cpp,hpx,0.2,0.95,True,2048,False,bool reduceLogicalXOR(std::vector<bool> const& x) {\n  // TODO: implement this function\n  return false;\n},False,False,,56,9449472,31423.0,0.97,31423.0,0.9670833333333334,48.95500564575195
"#include <hpx/hpx_main.hpp>\n\n/* Return the logical XOR reduction of the vector of bools x.\n   Use HPX to reduce in parallel.  Assume HPX has already been initialized.\n   Example:\n\n   input: [false, false, false, true]\n   output: true\n*/\nbool reduceLogicalXOR(std::vector<bool> const& x) {",25_reduce_xor,reduce,cpp,hpx,0.2,0.95,True,2048,False,bool reduceLogicalXOR(std::vector<bool> const& x) {\n  // TODO: implement this function\n  return false;\n},False,False,,57,-4812800,31423.0,0.97,31423.0,0.9344827586206896,59.17306137084961
"#include <hpx/hpx_main.hpp>\n\n/* Return the logical XOR reduction of the vector of bools x.\n   Use HPX to reduce in parallel.  Assume HPX has already been initialized.\n   Example:\n\n   input: [false, false, false, true]\n   output: true\n*/\nbool reduceLogicalXOR(std::vector<bool> const& x) {",25_reduce_xor,reduce,cpp,hpx,0.2,0.95,True,2048,False,bool reduceLogicalXOR(std::vector<bool> const& x) {\n  // TODO: implement this function\n  return false;\n},False,False,,58,5062656,31423.0,0.97,31423.0,0.9337931034482758,59.15249180793762
"#include <hpx/hpx_main.hpp>\n\n/* Return the logical XOR reduction of the vector of bools x.\n   Use HPX to reduce in parallel.  Assume HPX has already been initialized.\n   Example:\n\n   input: [false, false, false, true]\n   output: true\n*/\nbool reduceLogicalXOR(std::vector<bool> const& x) {",25_reduce_xor,reduce,cpp,hpx,0.2,0.95,True,2048,False,bool reduceLogicalXOR(std::vector<bool> const& x) {\n  return false;\n},False,False,,59,13189120,31423.0,0.97,31423.0,0.8781818181818182,22.431875705718994
"#include <hpx/hpx_main.hpp>\n\n/* Return the logical XOR reduction of the vector of bools x.\n   Use HPX to reduce in parallel.  Assume HPX has already been initialized.\n   Example:\n\n   input: [false, false, false, true]\n   output: true\n*/\nbool reduceLogicalXOR(std::vector<bool> const& x) {",25_reduce_xor,reduce,cpp,hpx,0.2,0.95,True,2048,False,bool reduceLogicalXOR(std::vector<bool> const& x) {\n  // TODO: implement this function\n  return false;\n},False,False,,60,4734976,31423.0,0.97,31423.0,0.9668965517241379,59.18024206161499
"#include <hpx/hpx_main.hpp>\n\n/* Return the logical XOR reduction of the vector of bools x.\n   Use HPX to reduce in parallel.  Assume HPX has already been initialized.\n   Example:\n\n   input: [false, false, false, true]\n   output: true\n*/\nbool reduceLogicalXOR(std::vector<bool> const& x) {",25_reduce_xor,reduce,cpp,hpx,0.2,0.95,True,2048,False,bool reduceLogicalXOR(std::vector<bool> const& x) {\n  // TODO: implement this function\n  return false;\n},False,False,,61,-108298240,31423.0,0.97,31423.0,0.9266666666666666,48.99289011955261
"#include <hpx/hpx_main.hpp>\n\n/* Return the logical XOR reduction of the vector of bools x.\n   Use HPX to reduce in parallel.  Assume HPX has already been initialized.\n   Example:\n\n   input: [false, false, false, true]\n   output: true\n*/\nbool reduceLogicalXOR(std::vector<bool> const& x) {",25_reduce_xor,reduce,cpp,hpx,0.2,0.95,True,2048,False,bool reduceLogicalXOR(std::vector<bool> const& x) {\n  // TODO: implement this function\n  return false;\n},False,False,,62,354537472,31423.0,0.97,31423.0,0.9351724137931033,59.221877574920654
"#include <hpx/hpx_main.hpp>\n\n/* Return the logical XOR reduction of the vector of bools x.\n   Use HPX to reduce in parallel.  Assume HPX has already been initialized.\n   Example:\n\n   input: [false, false, false, true]\n   output: true\n*/\nbool reduceLogicalXOR(std::vector<bool> const& x) {",25_reduce_xor,reduce,cpp,hpx,0.2,0.95,True,2048,False,bool reduceLogicalXOR(std::vector<bool> const& x) {\n  return false;\n},False,False,,63,-435662848,31423.0,0.97,31423.0,0.9351724137931033,59.1318416595459
"#include <hpx/hpx_main.hpp>\n\n/* Return the logical XOR reduction of the vector of bools x.\n   Use HPX to reduce in parallel.  Assume HPX has already been initialized.\n   Example:\n\n   input: [false, false, false, true]\n   output: true\n*/\nbool reduceLogicalXOR(std::vector<bool> const& x) {",25_reduce_xor,reduce,cpp,hpx,0.2,0.95,True,2048,False,bool reduceLogicalXOR(std::vector<bool> const& x) {\n  // TODO: implement this function\n  return false;\n},False,False,,64,29667328,31423.0,0.97,31423.0,0.933103448275862,59.17972540855408
"#include <hpx/hpx_main.hpp>\n\n/* Return the logical XOR reduction of the vector of bools x.\n   Use HPX to reduce in parallel.  Assume HPX has already been initialized.\n   Example:\n\n   input: [false, false, false, true]\n   output: true\n*/\nbool reduceLogicalXOR(std::vector<bool> const& x) {",25_reduce_xor,reduce,cpp,hpx,0.2,0.95,True,2048,False,bool reduceLogicalXOR(std::vector<bool> const& x) {\n  // TODO: implement this function\n  return false;\n},False,False,,65,71540736,31423.0,0.97,31423.0,0.9344827586206896,59.19118022918701
"#include <hpx/hpx_main.hpp>\n\n/* Return the logical XOR reduction of the vector of bools x.\n   Use HPX to reduce in parallel.  Assume HPX has already been initialized.\n   Example:\n\n   input: [false, false, false, true]\n   output: true\n*/\nbool reduceLogicalXOR(std::vector<bool> const& x) {",25_reduce_xor,reduce,cpp,hpx,0.2,0.95,True,2048,False,bool reduceLogicalXOR(std::vector<bool> const& x) {\n  // TODO: implement this function\n  return false;\n},False,False,,66,-4816896,31423.0,0.97,31423.0,0.9168421052631578,38.79086494445801
"#include <hpx/hpx_main.hpp>\n\n/* Return the logical XOR reduction of the vector of bools x.\n   Use HPX to reduce in parallel.  Assume HPX has already been initialized.\n   Example:\n\n   input: [false, false, false, true]\n   output: true\n*/\nbool reduceLogicalXOR(std::vector<bool> const& x) {",25_reduce_xor,reduce,cpp,hpx,0.2,0.95,True,2048,False,bool reduceLogicalXOR(std::vector<bool> const& x) {\n  // TODO: implement this function\n  return false;\n},False,False,,67,5091328,31423.0,0.97,31423.0,0.9152631578947369,38.75195026397705
"#include <hpx/hpx_main.hpp>\n\n/* Return the logical XOR reduction of the vector of bools x.\n   Use HPX to reduce in parallel.  Assume HPX has already been initialized.\n   Example:\n\n   input: [false, false, false, true]\n   output: true\n*/\nbool reduceLogicalXOR(std::vector<bool> const& x) {",25_reduce_xor,reduce,cpp,hpx,0.2,0.95,True,2048,False,bool reduceLogicalXOR(std::vector<bool> const& x) {\n    // TODO: implement this function\n    return false;\n},False,False,,68,99074048,31423.0,0.97,31423.0,0.9337931034482758,59.140671491622925
"#include <hpx/hpx_main.hpp>\n\n/* Return the logical XOR reduction of the vector of bools x.\n   Use HPX to reduce in parallel.  Assume HPX has already been initialized.\n   Example:\n\n   input: [false, false, false, true]\n   output: true\n*/\nbool reduceLogicalXOR(std::vector<bool> const& x) {",25_reduce_xor,reduce,cpp,hpx,0.2,0.95,True,2048,False,bool reduceLogicalXOR(std::vector<bool> const& x) {\n  // TODO: implement this function\n  return false;\n},False,False,,69,29167616,31423.0,0.97,31423.0,0.9307692307692308,53.05068922042847
"#include <hpx/hpx_main.hpp>\n\n/* Return the logical XOR reduction of the vector of bools x.\n   Use HPX to reduce in parallel.  Assume HPX has already been initialized.\n   Example:\n\n   input: [false, false, false, true]\n   output: true\n*/\nbool reduceLogicalXOR(std::vector<bool> const& x) {",25_reduce_xor,reduce,cpp,hpx,0.2,0.95,True,2048,False,bool reduceLogicalXOR(std::vector<bool> const& x) {\n    // TODO: implement this function\n    return false;\n},False,False,,70,63934464,31423.0,0.97,31423.0,0.9682758620689654,59.198434352874756
"#include <hpx/hpx_main.hpp>\n\n/* Return the logical XOR reduction of the vector of bools x.\n   Use HPX to reduce in parallel.  Assume HPX has already been initialized.\n   Example:\n\n   input: [false, false, false, true]\n   output: true\n*/\nbool reduceLogicalXOR(std::vector<bool> const& x) {",25_reduce_xor,reduce,cpp,hpx,0.2,0.95,True,2048,False,bool reduceLogicalXOR(std::vector<bool> const& x) {\n    // TODO: implement this function\n    return false;\n},False,False,,71,-51941376,31423.0,0.97,31423.0,0.9344827586206896,59.16254758834839
"#include <hpx/hpx_main.hpp>\n\n/* Return the logical XOR reduction of the vector of bools x.\n   Use HPX to reduce in parallel.  Assume HPX has already been initialized.\n   Example:\n\n   input: [false, false, false, true]\n   output: true\n*/\nbool reduceLogicalXOR(std::vector<bool> const& x) {",25_reduce_xor,reduce,cpp,hpx,0.2,0.95,True,2048,False,bool reduceLogicalXOR(std::vector<bool> const& x) {\n  // TODO: implement this function\n  return false;\n},False,False,,72,40251392,31423.0,0.97,31423.0,0.9247826086956522,46.959144115448
"#include <hpx/hpx_main.hpp>\n\n/* Return the logical XOR reduction of the vector of bools x.\n   Use HPX to reduce in parallel.  Assume HPX has already been initialized.\n   Example:\n\n   input: [false, false, false, true]\n   output: true\n*/\nbool reduceLogicalXOR(std::vector<bool> const& x) {",25_reduce_xor,reduce,cpp,hpx,0.2,0.95,True,2048,False,bool reduceLogicalXOR(std::vector<bool> const& x) {\n  // TODO: implement this function\n  return false;\n},False,False,,73,-6524928,31423.0,0.97,31423.0,0.9088235294117647,34.676856994628906
"#include <hpx/hpx_main.hpp>\n\n/* Return the logical XOR reduction of the vector of bools x.\n   Use HPX to reduce in parallel.  Assume HPX has already been initialized.\n   Example:\n\n   input: [false, false, false, true]\n   output: true\n*/\nbool reduceLogicalXOR(std::vector<bool> const& x) {",25_reduce_xor,reduce,cpp,hpx,0.2,0.95,True,2048,False,bool reduceLogicalXOR(std::vector<bool> const& x) {\n  return false;\n},False,False,,74,1978368,31423.0,0.97,31423.0,0.9348275862068965,59.16189670562744
"#include <hpx/hpx_main.hpp>\n\n/* Return the logical XOR reduction of the vector of bools x.\n   Use HPX to reduce in parallel.  Assume HPX has already been initialized.\n   Example:\n\n   input: [false, false, false, true]\n   output: true\n*/\nbool reduceLogicalXOR(std::vector<bool> const& x) {",25_reduce_xor,reduce,cpp,hpx,0.2,0.95,True,2048,False,bool reduceLogicalXOR(std::vector<bool> const& x) {\n    return false;\n},False,False,,75,-30953472,31423.0,0.97,31423.0,0.9324137931034483,59.425973653793335
"#include <hpx/hpx_main.hpp>\n\n/* Return the logical XOR reduction of the vector of bools x.\n   Use HPX to reduce in parallel.  Assume HPX has already been initialized.\n   Example:\n\n   input: [false, false, false, true]\n   output: true\n*/\nbool reduceLogicalXOR(std::vector<bool> const& x) {",25_reduce_xor,reduce,cpp,hpx,0.2,0.95,True,2048,False,bool reduceLogicalXOR(std::vector<bool> const& x) {\n  // TODO: implement this function\n  return false;\n},False,False,,76,-84488192,31423.0,0.97,31423.0,0.9174999999999999,40.81788873672485
"#include <hpx/hpx_main.hpp>\n\n/* Return the logical XOR reduction of the vector of bools x.\n   Use HPX to reduce in parallel.  Assume HPX has already been initialized.\n   Example:\n\n   input: [false, false, false, true]\n   output: true\n*/\nbool reduceLogicalXOR(std::vector<bool> const& x) {",25_reduce_xor,reduce,cpp,hpx,0.2,0.95,True,2048,False,bool reduceLogicalXOR(std::vector<bool> const& x) {\n  // TODO: implement this function\n  return false;\n},False,False,,77,1872560128,31423.0,0.97,31423.0,0.9344827586206896,59.14904236793518
"#include <hpx/hpx_main.hpp>\n\n/* Return the logical XOR reduction of the vector of bools x.\n   Use HPX to reduce in parallel.  Assume HPX has already been initialized.\n   Example:\n\n   input: [false, false, false, true]\n   output: true\n*/\nbool reduceLogicalXOR(std::vector<bool> const& x) {",25_reduce_xor,reduce,cpp,hpx,0.2,0.95,True,2048,False,bool reduceLogicalXOR(std::vector<bool> const& x) {\n  // TODO: implement this function\n  return false;\n},False,False,,78,-1985146880,31423.0,0.97,31423.0,0.9195238095238094,42.934099435806274
"#include <hpx/hpx_main.hpp>\n\n/* Return the logical XOR reduction of the vector of bools x.\n   Use HPX to reduce in parallel.  Assume HPX has already been initialized.\n   Example:\n\n   input: [false, false, false, true]\n   output: true\n*/\nbool reduceLogicalXOR(std::vector<bool> const& x) {",25_reduce_xor,reduce,cpp,hpx,0.2,0.95,True,2048,False,bool reduceLogicalXOR(std::vector<bool> const& x) {\n    // TODO: implement this function\n    return false;\n},False,False,,79,173686784,31423.0,0.97,31423.0,0.9292307692307692,53.06541633605957
"#include <hpx/hpx_main.hpp>\n\n/* Return the logical XOR reduction of the vector of bools x.\n   Use HPX to reduce in parallel.  Assume HPX has already been initialized.\n   Example:\n\n   input: [false, false, false, true]\n   output: true\n*/\nbool reduceLogicalXOR(std::vector<bool> const& x) {",25_reduce_xor,reduce,cpp,hpx,0.2,0.95,True,2048,False,bool reduceLogicalXOR(std::vector<bool> const& x) {\n    return false;\n},False,False,,80,11706368,31423.0,0.97,31423.0,0.9679310344827586,59.137603759765625
"#include <hpx/hpx_main.hpp>\n\n/* Return the logical XOR reduction of the vector of bools x.\n   Use HPX to reduce in parallel.  Assume HPX has already been initialized.\n   Example:\n\n   input: [false, false, false, true]\n   output: true\n*/\nbool reduceLogicalXOR(std::vector<bool> const& x) {",25_reduce_xor,reduce,cpp,hpx,0.2,0.95,True,2048,False,bool reduceLogicalXOR(std::vector<bool> const& x) {\n    // TODO: implement this function\n    return false;\n},False,False,,81,22183936,31423.0,0.97,31423.0,0.9351724137931033,59.16095471382141
"#include <hpx/hpx_main.hpp>\n\n/* Return the logical XOR reduction of the vector of bools x.\n   Use HPX to reduce in parallel.  Assume HPX has already been initialized.\n   Example:\n\n   input: [false, false, false, true]\n   output: true\n*/\nbool reduceLogicalXOR(std::vector<bool> const& x) {",25_reduce_xor,reduce,cpp,hpx,0.2,0.95,True,2048,False,bool reduceLogicalXOR(std::vector<bool> const& x) {\n  // TODO: implement this function\n  return false;\n},False,False,,82,-8429568,31423.0,0.97,31423.0,0.9303846153846153,53.04484748840332
"#include <hpx/hpx_main.hpp>\n\n/* Return the logical XOR reduction of the vector of bools x.\n   Use HPX to reduce in parallel.  Assume HPX has already been initialized.\n   Example:\n\n   input: [false, false, false, true]\n   output: true\n*/\nbool reduceLogicalXOR(std::vector<bool> const& x) {",25_reduce_xor,reduce,cpp,hpx,0.2,0.95,True,2048,False,bool reduceLogicalXOR(std::vector<bool> const& x) {\n  // TODO: implement this function\n  return false;\n},False,False,,83,-8568832,31423.0,0.97,31423.0,0.9337931034482758,59.16633319854736
"#include <hpx/hpx_main.hpp>\n\n/* Return the logical XOR reduction of the vector of bools x.\n   Use HPX to reduce in parallel.  Assume HPX has already been initialized.\n   Example:\n\n   input: [false, false, false, true]\n   output: true\n*/\nbool reduceLogicalXOR(std::vector<bool> const& x) {",25_reduce_xor,reduce,cpp,hpx,0.2,0.95,True,2048,False,bool reduceLogicalXOR(std::vector<bool> const& x) {\n  // TODO: implement this function\n  return false;\n},False,False,,84,1359872,31423.0,0.97,31423.0,0.9348275862068965,59.188254833221436
"#include <hpx/hpx_main.hpp>\n\n/* Return the logical XOR reduction of the vector of bools x.\n   Use HPX to reduce in parallel.  Assume HPX has already been initialized.\n   Example:\n\n   input: [false, false, false, true]\n   output: true\n*/\nbool reduceLogicalXOR(std::vector<bool> const& x) {",25_reduce_xor,reduce,cpp,hpx,0.2,0.95,True,2048,False,bool reduceLogicalXOR(std::vector<bool> const& x) {\n  // TODO: implement this function\n  return false;\n},False,False,,85,10477568,31423.0,0.97,31423.0,0.9344827586206896,59.17113947868347
"#include <hpx/hpx_main.hpp>\n\n/* Return the logical XOR reduction of the vector of bools x.\n   Use HPX to reduce in parallel.  Assume HPX has already been initialized.\n   Example:\n\n   input: [false, false, false, true]\n   output: true\n*/\nbool reduceLogicalXOR(std::vector<bool> const& x) {",25_reduce_xor,reduce,cpp,hpx,0.2,0.95,True,2048,False,bool reduceLogicalXOR(std::vector<bool> const& x) {\n  // TODO: implement this function\n  return false;\n},False,False,,86,15757312,31423.0,0.97,31423.0,0.9164999999999999,40.802595376968384
"#include <hpx/hpx_main.hpp>\n\n/* Return the logical XOR reduction of the vector of bools x.\n   Use HPX to reduce in parallel.  Assume HPX has already been initialized.\n   Example:\n\n   input: [false, false, false, true]\n   output: true\n*/\nbool reduceLogicalXOR(std::vector<bool> const& x) {",25_reduce_xor,reduce,cpp,hpx,0.2,0.95,True,2048,False,bool reduceLogicalXOR(std::vector<bool> const& x) {\n  // TODO: implement this function\n  return false;\n},False,False,,87,11100160,31423.0,0.97,31423.0,0.9566666666666667,42.83709192276001
"#include <hpx/hpx_main.hpp>\n\n/* Return the logical XOR reduction of the vector of bools x.\n   Use HPX to reduce in parallel.  Assume HPX has already been initialized.\n   Example:\n\n   input: [false, false, false, true]\n   output: true\n*/\nbool reduceLogicalXOR(std::vector<bool> const& x) {",25_reduce_xor,reduce,cpp,hpx,0.2,0.95,True,2048,False,bool reduceLogicalXOR(std::vector<bool> const& x) {\n  // TODO: implement this function\n  return false;\n},False,False,,88,-5902336,31423.0,0.97,31423.0,0.8978571428571429,28.546791791915894
"#include <hpx/hpx_main.hpp>\n\n/* Return the logical XOR reduction of the vector of bools x.\n   Use HPX to reduce in parallel.  Assume HPX has already been initialized.\n   Example:\n\n   input: [false, false, false, true]\n   output: true\n*/\nbool reduceLogicalXOR(std::vector<bool> const& x) {",25_reduce_xor,reduce,cpp,hpx,0.2,0.95,True,2048,False,bool reduceLogicalXOR(std::vector<bool> const& x) {\n  // TODO: implement this function\n  return false;\n},False,False,,89,8622080,31423.0,0.97,31423.0,0.9351724137931033,59.19802641868591
"#include <hpx/hpx_main.hpp>\n\n/* Return the logical XOR reduction of the vector of bools x.\n   Use HPX to reduce in parallel.  Assume HPX has already been initialized.\n   Example:\n\n   input: [false, false, false, true]\n   output: true\n*/\nbool reduceLogicalXOR(std::vector<bool> const& x) {",25_reduce_xor,reduce,cpp,hpx,0.2,0.95,True,2048,False,bool reduceLogicalXOR(std::vector<bool> const& x) {\n    // TODO: implement this function\n    return false;\n},False,False,,90,42557440,31423.0,0.97,31423.0,0.933448275862069,59.139214754104614
"#include <hpx/hpx_main.hpp>\n\n/* Return the logical XOR reduction of the vector of bools x.\n   Use HPX to reduce in parallel.  Assume HPX has already been initialized.\n   Example:\n\n   input: [false, false, false, true]\n   output: true\n*/\nbool reduceLogicalXOR(std::vector<bool> const& x) {",25_reduce_xor,reduce,cpp,hpx,0.2,0.95,True,2048,False,bool reduceLogicalXOR(std::vector<bool> const& x) {\n  return false;\n},False,False,,91,-3584000,31423.0,0.97,31423.0,0.8841666666666667,24.466198444366455
"#include <hpx/hpx_main.hpp>\n\n/* Return the logical XOR reduction of the vector of bools x.\n   Use HPX to reduce in parallel.  Assume HPX has already been initialized.\n   Example:\n\n   input: [false, false, false, true]\n   output: true\n*/\nbool reduceLogicalXOR(std::vector<bool> const& x) {",25_reduce_xor,reduce,cpp,hpx,0.2,0.95,True,2048,False,bool reduceLogicalXOR(std::vector<bool> const& x) {\n    // TODO: implement this function\n    return false;\n},False,False,,92,-97701888,31423.0,0.97,31423.0,0.933103448275862,59.15611410140991
"#include <hpx/hpx_main.hpp>\n\n/* Return the logical XOR reduction of the vector of bools x.\n   Use HPX to reduce in parallel.  Assume HPX has already been initialized.\n   Example:\n\n   input: [false, false, false, true]\n   output: true\n*/\nbool reduceLogicalXOR(std::vector<bool> const& x) {",25_reduce_xor,reduce,cpp,hpx,0.2,0.95,True,2048,False,bool reduceLogicalXOR(std::vector<bool> const& x) {\n  // TODO: implement this function\n  return false;\n},False,False,,93,-217366528,31423.0,0.97,31423.0,0.9344827586206896,59.241077184677124
"#include <hpx/hpx_main.hpp>\n\n/* Return the logical XOR reduction of the vector of bools x.\n   Use HPX to reduce in parallel.  Assume HPX has already been initialized.\n   Example:\n\n   input: [false, false, false, true]\n   output: true\n*/\nbool reduceLogicalXOR(std::vector<bool> const& x) {",25_reduce_xor,reduce,cpp,hpx,0.2,0.95,True,2048,False,bool reduceLogicalXOR(std::vector<bool> const& x) {\n  // TODO: implement this function\n  return false;\n},False,False,,94,23949312,31423.0,0.97,31423.0,0.9168421052631578,38.77248740196228
"#include <hpx/hpx_main.hpp>\n\n/* Return the logical XOR reduction of the vector of bools x.\n   Use HPX to reduce in parallel.  Assume HPX has already been initialized.\n   Example:\n\n   input: [false, false, false, true]\n   output: true\n*/\nbool reduceLogicalXOR(std::vector<bool> const& x) {",25_reduce_xor,reduce,cpp,hpx,0.2,0.95,True,2048,False,bool reduceLogicalXOR(std::vector<bool> const& x) {\n  // TODO: implement this function\n  return false;\n},False,False,,95,1121751040,31423.0,0.97,31423.0,0.9348275862068965,59.165982723236084
"#include <hpx/hpx_main.hpp>\n\n/* Return the logical XOR reduction of the vector of bools x.\n   Use HPX to reduce in parallel.  Assume HPX has already been initialized.\n   Example:\n\n   input: [false, false, false, true]\n   output: true\n*/\nbool reduceLogicalXOR(std::vector<bool> const& x) {",25_reduce_xor,reduce,cpp,hpx,0.2,0.95,True,2048,False,bool reduceLogicalXOR(std::vector<bool> const& x) {\n  // TODO: implement this function\n  return false;\n},False,False,,96,-1098788864,31423.0,0.97,31423.0,0.8978571428571429,28.581190586090088
"#include <hpx/hpx_main.hpp>\n\n/* Return the logical XOR reduction of the vector of bools x.\n   Use HPX to reduce in parallel.  Assume HPX has already been initialized.\n   Example:\n\n   input: [false, false, false, true]\n   output: true\n*/\nbool reduceLogicalXOR(std::vector<bool> const& x) {",25_reduce_xor,reduce,cpp,hpx,0.2,0.95,True,2048,False,bool reduceLogicalXOR(std::vector<bool> const& x) {\n  // TODO: implement this function\n  return false;\n},False,False,,97,90124288,31423.0,0.97,31423.0,0.9168421052631578,38.76762294769287
"#include <hpx/hpx_main.hpp>\n\n/* Return the logical XOR reduction of the vector of bools x.\n   Use HPX to reduce in parallel.  Assume HPX has already been initialized.\n   Example:\n\n   input: [false, false, false, true]\n   output: true\n*/\nbool reduceLogicalXOR(std::vector<bool> const& x) {",25_reduce_xor,reduce,cpp,hpx,0.2,0.95,True,2048,False,bool reduceLogicalXOR(std::vector<bool> const& x) {\n  return false;\n},False,False,,98,27652096,31423.0,0.97,31423.0,0.9327586206896552,59.15697908401489
"#include <hpx/hpx_main.hpp>\n\n/* Return the logical XOR reduction of the vector of bools x.\n   Use HPX to reduce in parallel.  Assume HPX has already been initialized.\n   Example:\n\n   input: [false, false, false, true]\n   output: true\n*/\nbool reduceLogicalXOR(std::vector<bool> const& x) {",25_reduce_xor,reduce,cpp,hpx,0.2,0.95,True,2048,False,bool reduceLogicalXOR(std::vector<bool> const& x) {\n  // TODO: implement this function\n  return false;\n},False,False,,99,12238848,31423.0,0.97,31423.0,0.9099999999999999,34.68370747566223
"#include <hpx/hpx_main.hpp>\n\n/* Return the product of the vector x with every odd indexed element inverted.\n   i.e. x_0 * 1/x_1 * x_2 * 1/x_3 * x_4 ...\n   Use HPX to compute product in parallel.  Assume HPX has already been initialized.\n   Example:\n\n   input: [4, 2, 10, 4, 5]\n   output: 25\n*/\ndouble productWithInverses(std::vector<double> const& x) {",26_reduce_product_of_inverses,reduce,cpp,hpx,0.2,0.95,True,2048,False,double productWithInverses(std::vector<double> const& x) {\n    return 0.0;\n},False,False,,0,3858432,31425.0,0.97,31423.85714285714,0.9276190476190477,42.863112449645996
"#include <hpx/hpx_main.hpp>\n\n/* Return the product of the vector x with every odd indexed element inverted.\n   i.e. x_0 * 1/x_1 * x_2 * 1/x_3 * x_4 ...\n   Use HPX to compute product in parallel.  Assume HPX has already been initialized.\n   Example:\n\n   input: [4, 2, 10, 4, 5]\n   output: 25\n*/\ndouble productWithInverses(std::vector<double> const& x) {",26_reduce_product_of_inverses,reduce,cpp,hpx,0.2,0.95,True,2048,False,double productWithInverses(std::vector<double> const& x) {\n  return 0;\n},False,False,,1,29147136,31425.0,0.97,31425.0,0.8841666666666667,24.48584747314453
"#include <hpx/hpx_main.hpp>\n\n/* Return the product of the vector x with every odd indexed element inverted.\n   i.e. x_0 * 1/x_1 * x_2 * 1/x_3 * x_4 ...\n   Use HPX to compute product in parallel.  Assume HPX has already been initialized.\n   Example:\n\n   input: [4, 2, 10, 4, 5]\n   output: 25\n*/\ndouble productWithInverses(std::vector<double> const& x) {",26_reduce_product_of_inverses,reduce,cpp,hpx,0.2,0.95,True,2048,False,double productWithInverses(std::vector<double> const& x) {\n  // TODO: implement this function\n  return 0;\n},False,False,,2,-21864448,31425.0,0.97,31425.0,0.8588888888888888,18.357025384902954
"#include <hpx/hpx_main.hpp>\n\n/* Return the product of the vector x with every odd indexed element inverted.\n   i.e. x_0 * 1/x_1 * x_2 * 1/x_3 * x_4 ...\n   Use HPX to compute product in parallel.  Assume HPX has already been initialized.\n   Example:\n\n   input: [4, 2, 10, 4, 5]\n   output: 25\n*/\ndouble productWithInverses(std::vector<double> const& x) {",26_reduce_product_of_inverses,reduce,cpp,hpx,0.2,0.95,True,2048,False,double productWithInverses(std::vector<double> const& x) {\n  return 0.0;\n},False,False,,3,-12607488,31425.0,0.97,31425.0,0.9219047619047619,42.83972978591919
"#include <hpx/hpx_main.hpp>\n\n/* Return the product of the vector x with every odd indexed element inverted.\n   i.e. x_0 * 1/x_1 * x_2 * 1/x_3 * x_4 ...\n   Use HPX to compute product in parallel.  Assume HPX has already been initialized.\n   Example:\n\n   input: [4, 2, 10, 4, 5]\n   output: 25\n*/\ndouble productWithInverses(std::vector<double> const& x) {",26_reduce_product_of_inverses,reduce,cpp,hpx,0.2,0.95,True,2048,False,double productWithInverses(std::vector<double> const& x) {\n  return 0.0;\n},False,False,,4,25075712,31425.0,0.97,31425.0,0.9348275862068965,59.1691107749939
"#include <hpx/hpx_main.hpp>\n\n/* Return the product of the vector x with every odd indexed element inverted.\n   i.e. x_0 * 1/x_1 * x_2 * 1/x_3 * x_4 ...\n   Use HPX to compute product in parallel.  Assume HPX has already been initialized.\n   Example:\n\n   input: [4, 2, 10, 4, 5]\n   output: 25\n*/\ndouble productWithInverses(std::vector<double> const& x) {",26_reduce_product_of_inverses,reduce,cpp,hpx,0.2,0.95,True,2048,False,double productWithInverses(std::vector<double> const& x) {\n  // TODO: Implement this function\n  return 0.0;\n},False,False,,5,5668864,31425.0,0.97,31425.0,0.9344827586206896,59.20281147956848
"#include <hpx/hpx_main.hpp>\n\n/* Return the product of the vector x with every odd indexed element inverted.\n   i.e. x_0 * 1/x_1 * x_2 * 1/x_3 * x_4 ...\n   Use HPX to compute product in parallel.  Assume HPX has already been initialized.\n   Example:\n\n   input: [4, 2, 10, 4, 5]\n   output: 25\n*/\ndouble productWithInverses(std::vector<double> const& x) {",26_reduce_product_of_inverses,reduce,cpp,hpx,0.2,0.95,True,2048,False,double productWithInverses(std::vector<double> const& x) {\n  return 0.0;\n},False,False,,6,8257536,31425.0,0.97,31425.0,0.8985714285714286,28.543928623199463
"#include <hpx/hpx_main.hpp>\n\n/* Return the product of the vector x with every odd indexed element inverted.\n   i.e. x_0 * 1/x_1 * x_2 * 1/x_3 * x_4 ...\n   Use HPX to compute product in parallel.  Assume HPX has already been initialized.\n   Example:\n\n   input: [4, 2, 10, 4, 5]\n   output: 25\n*/\ndouble productWithInverses(std::vector<double> const& x) {",26_reduce_product_of_inverses,reduce,cpp,hpx,0.2,0.95,True,2048,False,double productWithInverses(std::vector<double> const& x) {\n  return 0.0;\n},False,False,,7,-9797632,31425.0,0.97,31425.0,0.9358620689655173,59.16298770904541
"#include <hpx/hpx_main.hpp>\n\n/* Return the product of the vector x with every odd indexed element inverted.\n   i.e. x_0 * 1/x_1 * x_2 * 1/x_3 * x_4 ...\n   Use HPX to compute product in parallel.  Assume HPX has already been initialized.\n   Example:\n\n   input: [4, 2, 10, 4, 5]\n   output: 25\n*/\ndouble productWithInverses(std::vector<double> const& x) {",26_reduce_product_of_inverses,reduce,cpp,hpx,0.2,0.95,True,2048,False,double productWithInverses(std::vector<double> const& x) {\n  // TODO: implement this function\n  return 0.0;\n},False,False,,8,6971392,31425.0,0.97,31425.0,0.9266666666666666,49.00084400177002
"#include <hpx/hpx_main.hpp>\n\n/* Return the product of the vector x with every odd indexed element inverted.\n   i.e. x_0 * 1/x_1 * x_2 * 1/x_3 * x_4 ...\n   Use HPX to compute product in parallel.  Assume HPX has already been initialized.\n   Example:\n\n   input: [4, 2, 10, 4, 5]\n   output: 25\n*/\ndouble productWithInverses(std::vector<double> const& x) {",26_reduce_product_of_inverses,reduce,cpp,hpx,0.2,0.95,True,2048,False,double productWithInverses(std::vector<double> const& x) {\n    // TODO: Implement this function.\n    return 0.0;\n},False,False,,9,-91054080,31425.0,0.97,31425.0,0.9682758620689654,59.15690279006958
"#include <hpx/hpx_main.hpp>\n\n/* Return the product of the vector x with every odd indexed element inverted.\n   i.e. x_0 * 1/x_1 * x_2 * 1/x_3 * x_4 ...\n   Use HPX to compute product in parallel.  Assume HPX has already been initialized.\n   Example:\n\n   input: [4, 2, 10, 4, 5]\n   output: 25\n*/\ndouble productWithInverses(std::vector<double> const& x) {",26_reduce_product_of_inverses,reduce,cpp,hpx,0.2,0.95,True,2048,False,double productWithInverses(std::vector<double> const& x) {\n  // TODO: implement this function\n  return 0.0;\n},False,False,,10,326291456,31425.0,0.97,31425.0,0.9337931034482758,59.20523476600647
"#include <hpx/hpx_main.hpp>\n\n/* Return the product of the vector x with every odd indexed element inverted.\n   i.e. x_0 * 1/x_1 * x_2 * 1/x_3 * x_4 ...\n   Use HPX to compute product in parallel.  Assume HPX has already been initialized.\n   Example:\n\n   input: [4, 2, 10, 4, 5]\n   output: 25\n*/\ndouble productWithInverses(std::vector<double> const& x) {",26_reduce_product_of_inverses,reduce,cpp,hpx,0.2,0.95,True,2048,False,double productWithInverses(std::vector<double> const& x) {\n  double result = 1.0;\n  for (size_t i = 0; i < x.size(); i++) {\n    if (i % 2 == 0) {\n      result *= x[i];\n    } else {\n      result *= 1.0 / x[i];\n    }\n  }\n  return result;\n},False,False,,11,-465678336,31425.0,0.97,31425.0,0.9344827586206896,59.22262477874756
"#include <hpx/hpx_main.hpp>\n\n/* Return the product of the vector x with every odd indexed element inverted.\n   i.e. x_0 * 1/x_1 * x_2 * 1/x_3 * x_4 ...\n   Use HPX to compute product in parallel.  Assume HPX has already been initialized.\n   Example:\n\n   input: [4, 2, 10, 4, 5]\n   output: 25\n*/\ndouble productWithInverses(std::vector<double> const& x) {",26_reduce_product_of_inverses,reduce,cpp,hpx,0.2,0.95,True,2048,False,double productWithInverses(std::vector<double> const& x) {\n  // TODO: Implement this function\n  return 0;\n},False,False,,12,43294720,31425.0,0.97,31425.0,0.9337931034482758,59.17205739021301
"#include <hpx/hpx_main.hpp>\n\n/* Return the product of the vector x with every odd indexed element inverted.\n   i.e. x_0 * 1/x_1 * x_2 * 1/x_3 * x_4 ...\n   Use HPX to compute product in parallel.  Assume HPX has already been initialized.\n   Example:\n\n   input: [4, 2, 10, 4, 5]\n   output: 25\n*/\ndouble productWithInverses(std::vector<double> const& x) {",26_reduce_product_of_inverses,reduce,cpp,hpx,0.2,0.95,True,2048,False,double productWithInverses(std::vector<double> const& x) {\n  // TODO: implement this function\n  return 0.0;\n},False,False,,13,40800256,31425.0,0.97,31425.0,0.9341379310344827,59.20701813697815
"#include <hpx/hpx_main.hpp>\n\n/* Return the product of the vector x with every odd indexed element inverted.\n   i.e. x_0 * 1/x_1 * x_2 * 1/x_3 * x_4 ...\n   Use HPX to compute product in parallel.  Assume HPX has already been initialized.\n   Example:\n\n   input: [4, 2, 10, 4, 5]\n   output: 25\n*/\ndouble productWithInverses(std::vector<double> const& x) {",26_reduce_product_of_inverses,reduce,cpp,hpx,0.2,0.95,True,2048,False,double productWithInverses(std::vector<double> const& x) {\n  return 0;\n},False,False,,14,1585860608,31425.0,0.97,31425.0,0.9314814814814815,55.08513164520264
"#include <hpx/hpx_main.hpp>\n\n/* Return the product of the vector x with every odd indexed element inverted.\n   i.e. x_0 * 1/x_1 * x_2 * 1/x_3 * x_4 ...\n   Use HPX to compute product in parallel.  Assume HPX has already been initialized.\n   Example:\n\n   input: [4, 2, 10, 4, 5]\n   output: 25\n*/\ndouble productWithInverses(std::vector<double> const& x) {",26_reduce_product_of_inverses,reduce,cpp,hpx,0.2,0.95,True,2048,False,double productWithInverses(std::vector<double> const& x) {\n  return 0.0;\n},False,False,,15,-1422077952,31425.0,0.97,31425.0,0.9351724137931033,59.1935830116272
"#include <hpx/hpx_main.hpp>\n\n/* Return the product of the vector x with every odd indexed element inverted.\n   i.e. x_0 * 1/x_1 * x_2 * 1/x_3 * x_4 ...\n   Use HPX to compute product in parallel.  Assume HPX has already been initialized.\n   Example:\n\n   input: [4, 2, 10, 4, 5]\n   output: 25\n*/\ndouble productWithInverses(std::vector<double> const& x) {",26_reduce_product_of_inverses,reduce,cpp,hpx,0.2,0.95,True,2048,False,double productWithInverses(std::vector<double> const& x) {\n    return 0;\n},False,False,,16,-11792384,31425.0,0.97,31425.0,0.9344827586206896,59.17785453796387
"#include <hpx/hpx_main.hpp>\n\n/* Return the product of the vector x with every odd indexed element inverted.\n   i.e. x_0 * 1/x_1 * x_2 * 1/x_3 * x_4 ...\n   Use HPX to compute product in parallel.  Assume HPX has already been initialized.\n   Example:\n\n   input: [4, 2, 10, 4, 5]\n   output: 25\n*/\ndouble productWithInverses(std::vector<double> const& x) {",26_reduce_product_of_inverses,reduce,cpp,hpx,0.2,0.95,True,2048,False,double productWithInverses(std::vector<double> const& x) {\n  return 0.0;\n},False,False,,17,10473472,31425.0,0.97,31425.0,0.9222727272727272,44.87333822250366
"#include <hpx/hpx_main.hpp>\n\n/* Return the product of the vector x with every odd indexed element inverted.\n   i.e. x_0 * 1/x_1 * x_2 * 1/x_3 * x_4 ...\n   Use HPX to compute product in parallel.  Assume HPX has already been initialized.\n   Example:\n\n   input: [4, 2, 10, 4, 5]\n   output: 25\n*/\ndouble productWithInverses(std::vector<double> const& x) {",26_reduce_product_of_inverses,reduce,cpp,hpx,0.2,0.95,True,2048,False,double productWithInverses(std::vector<double> const& x) {\n    // TODO: implement\n    return 0.0;\n},False,False,,18,2097152,31425.0,0.97,31425.0,0.9344827586206896,59.19160532951355
"#include <hpx/hpx_main.hpp>\n\n/* Return the product of the vector x with every odd indexed element inverted.\n   i.e. x_0 * 1/x_1 * x_2 * 1/x_3 * x_4 ...\n   Use HPX to compute product in parallel.  Assume HPX has already been initialized.\n   Example:\n\n   input: [4, 2, 10, 4, 5]\n   output: 25\n*/\ndouble productWithInverses(std::vector<double> const& x) {",26_reduce_product_of_inverses,reduce,cpp,hpx,0.2,0.95,True,2048,False,double productWithInverses(std::vector<double> const& x) {\n  // TODO: implement this function\n  return 0.0;\n},False,False,,19,37593088,31425.0,0.97,31425.0,0.9314814814814815,55.100810527801514
"#include <hpx/hpx_main.hpp>\n\n/* Return the product of the vector x with every odd indexed element inverted.\n   i.e. x_0 * 1/x_1 * x_2 * 1/x_3 * x_4 ...\n   Use HPX to compute product in parallel.  Assume HPX has already been initialized.\n   Example:\n\n   input: [4, 2, 10, 4, 5]\n   output: 25\n*/\ndouble productWithInverses(std::vector<double> const& x) {",26_reduce_product_of_inverses,reduce,cpp,hpx,0.2,0.95,True,2048,False,double productWithInverses(std::vector<double> const& x) {\n  return 0;\n},False,False,,20,8921088,31425.0,0.97,31425.0,0.9355172413793104,59.15299367904663
"#include <hpx/hpx_main.hpp>\n\n/* Return the product of the vector x with every odd indexed element inverted.\n   i.e. x_0 * 1/x_1 * x_2 * 1/x_3 * x_4 ...\n   Use HPX to compute product in parallel.  Assume HPX has already been initialized.\n   Example:\n\n   input: [4, 2, 10, 4, 5]\n   output: 25\n*/\ndouble productWithInverses(std::vector<double> const& x) {",26_reduce_product_of_inverses,reduce,cpp,hpx,0.2,0.95,True,2048,False,double productWithInverses(std::vector<double> const& x) {\n  return 0.0;\n},False,False,,21,-1581056,31425.0,0.97,31425.0,0.88,22.463276863098145
"#include <hpx/hpx_main.hpp>\n\n/* Return the product of the vector x with every odd indexed element inverted.\n   i.e. x_0 * 1/x_1 * x_2 * 1/x_3 * x_4 ...\n   Use HPX to compute product in parallel.  Assume HPX has already been initialized.\n   Example:\n\n   input: [4, 2, 10, 4, 5]\n   output: 25\n*/\ndouble productWithInverses(std::vector<double> const& x) {",26_reduce_product_of_inverses,reduce,cpp,hpx,0.2,0.95,True,2048,False,double productWithInverses(std::vector<double> const& x) {\n  return 0.0;\n},False,False,,22,-3268608,31425.0,0.97,31425.0,0.9587499999999999,48.96155333518982
"#include <hpx/hpx_main.hpp>\n\n/* Return the product of the vector x with every odd indexed element inverted.\n   i.e. x_0 * 1/x_1 * x_2 * 1/x_3 * x_4 ...\n   Use HPX to compute product in parallel.  Assume HPX has already been initialized.\n   Example:\n\n   input: [4, 2, 10, 4, 5]\n   output: 25\n*/\ndouble productWithInverses(std::vector<double> const& x) {",26_reduce_product_of_inverses,reduce,cpp,hpx,0.2,0.95,True,2048,False,double productWithInverses(std::vector<double> const& x) {\n  return 0.0;\n},False,False,,23,6184960,31425.0,0.97,31425.0,0.9252173913043479,46.928921937942505
"#include <hpx/hpx_main.hpp>\n\n/* Return the product of the vector x with every odd indexed element inverted.\n   i.e. x_0 * 1/x_1 * x_2 * 1/x_3 * x_4 ...\n   Use HPX to compute product in parallel.  Assume HPX has already been initialized.\n   Example:\n\n   input: [4, 2, 10, 4, 5]\n   output: 25\n*/\ndouble productWithInverses(std::vector<double> const& x) {",26_reduce_product_of_inverses,reduce,cpp,hpx,0.2,0.95,True,2048,False,double productWithInverses(std::vector<double> const& x) {\n  // TODO: implement\n  return 0.0;\n},False,False,,24,15171584,31425.0,0.97,31425.0,0.8876923076923077,26.516749620437622
"#include <hpx/hpx_main.hpp>\n\n/* Return the product of the vector x with every odd indexed element inverted.\n   i.e. x_0 * 1/x_1 * x_2 * 1/x_3 * x_4 ...\n   Use HPX to compute product in parallel.  Assume HPX has already been initialized.\n   Example:\n\n   input: [4, 2, 10, 4, 5]\n   output: 25\n*/\ndouble productWithInverses(std::vector<double> const& x) {",26_reduce_product_of_inverses,reduce,cpp,hpx,0.2,0.95,True,2048,False,double productWithInverses(std::vector<double> const& x) {\n  return 0;\n},False,False,,25,-4399104,31425.0,0.97,31425.0,0.867,20.40844202041626
"#include <hpx/hpx_main.hpp>\n\n/* Return the product of the vector x with every odd indexed element inverted.\n   i.e. x_0 * 1/x_1 * x_2 * 1/x_3 * x_4 ...\n   Use HPX to compute product in parallel.  Assume HPX has already been initialized.\n   Example:\n\n   input: [4, 2, 10, 4, 5]\n   output: 25\n*/\ndouble productWithInverses(std::vector<double> const& x) {",26_reduce_product_of_inverses,reduce,cpp,hpx,0.2,0.95,True,2048,False,double productWithInverses(std::vector<double> const& x) {\n  double result = 1.0;\n  for (size_t i = 0; i < x.size(); ++i) {\n    if (i % 2 == 0) {\n      result *= x[i];\n    } else {\n      result *= 1.0 / x[i];\n    }\n  }\n  return result;\n},False,False,,26,-126775296,31425.0,0.97,31425.0,0.9668965517241379,59.18748235702515
"#include <hpx/hpx_main.hpp>\n\n/* Return the product of the vector x with every odd indexed element inverted.\n   i.e. x_0 * 1/x_1 * x_2 * 1/x_3 * x_4 ...\n   Use HPX to compute product in parallel.  Assume HPX has already been initialized.\n   Example:\n\n   input: [4, 2, 10, 4, 5]\n   output: 25\n*/\ndouble productWithInverses(std::vector<double> const& x) {",26_reduce_product_of_inverses,reduce,cpp,hpx,0.2,0.95,True,2048,False,double productWithInverses(std::vector<double> const& x) {\n  return 0.0;\n},False,False,,27,-80470016,31425.0,0.97,31425.0,0.9314814814814815,55.114601850509644
"#include <hpx/hpx_main.hpp>\n\n/* Return the product of the vector x with every odd indexed element inverted.\n   i.e. x_0 * 1/x_1 * x_2 * 1/x_3 * x_4 ...\n   Use HPX to compute product in parallel.  Assume HPX has already been initialized.\n   Example:\n\n   input: [4, 2, 10, 4, 5]\n   output: 25\n*/\ndouble productWithInverses(std::vector<double> const& x) {",26_reduce_product_of_inverses,reduce,cpp,hpx,0.2,0.95,True,2048,False,double productWithInverses(std::vector<double> const& x) {\n  // TODO: implement\n  return 0;\n},False,False,,28,209637376,31425.0,0.97,31425.0,0.9682758620689654,59.16420030593872
"#include <hpx/hpx_main.hpp>\n\n/* Return the product of the vector x with every odd indexed element inverted.\n   i.e. x_0 * 1/x_1 * x_2 * 1/x_3 * x_4 ...\n   Use HPX to compute product in parallel.  Assume HPX has already been initialized.\n   Example:\n\n   input: [4, 2, 10, 4, 5]\n   output: 25\n*/\ndouble productWithInverses(std::vector<double> const& x) {",26_reduce_product_of_inverses,reduce,cpp,hpx,0.2,0.95,True,2048,False,double productWithInverses(std::vector<double> const& x) {\n  // TODO: implement this function\n  return 0.0;\n},False,False,,29,10760192,31425.0,0.97,31425.0,0.9341379310344827,59.17899775505066
"#include <hpx/hpx_main.hpp>\n\n/* Return the product of the vector x with every odd indexed element inverted.\n   i.e. x_0 * 1/x_1 * x_2 * 1/x_3 * x_4 ...\n   Use HPX to compute product in parallel.  Assume HPX has already been initialized.\n   Example:\n\n   input: [4, 2, 10, 4, 5]\n   output: 25\n*/\ndouble productWithInverses(std::vector<double> const& x) {",26_reduce_product_of_inverses,reduce,cpp,hpx,0.2,0.95,True,2048,False,double productWithInverses(std::vector<double> const& x) {\n  return 0.0;\n},False,False,,30,15106048,31425.0,0.97,31425.0,0.9341379310344827,59.17001533508301
"#include <hpx/hpx_main.hpp>\n\n/* Return the product of the vector x with every odd indexed element inverted.\n   i.e. x_0 * 1/x_1 * x_2 * 1/x_3 * x_4 ...\n   Use HPX to compute product in parallel.  Assume HPX has already been initialized.\n   Example:\n\n   input: [4, 2, 10, 4, 5]\n   output: 25\n*/\ndouble productWithInverses(std::vector<double> const& x) {",26_reduce_product_of_inverses,reduce,cpp,hpx,0.2,0.95,True,2048,False,double productWithInverses(std::vector<double> const& x) {\n  return 0.0;\n},False,False,,31,83853312,31425.0,0.97,31425.0,0.8949999999999999,28.548770666122437
"#include <hpx/hpx_main.hpp>\n\n/* Return the product of the vector x with every odd indexed element inverted.\n   i.e. x_0 * 1/x_1 * x_2 * 1/x_3 * x_4 ...\n   Use HPX to compute product in parallel.  Assume HPX has already been initialized.\n   Example:\n\n   input: [4, 2, 10, 4, 5]\n   output: 25\n*/\ndouble productWithInverses(std::vector<double> const& x) {",26_reduce_product_of_inverses,reduce,cpp,hpx,0.2,0.95,True,2048,False,double productWithInverses(std::vector<double> const& x) {\n  // TODO: implement this function\n  return 0.0;\n},False,False,,32,-5931188224,31425.0,0.97,31425.0,0.908235294117647,34.712082862854004
"#include <hpx/hpx_main.hpp>\n\n/* Return the product of the vector x with every odd indexed element inverted.\n   i.e. x_0 * 1/x_1 * x_2 * 1/x_3 * x_4 ...\n   Use HPX to compute product in parallel.  Assume HPX has already been initialized.\n   Example:\n\n   input: [4, 2, 10, 4, 5]\n   output: 25\n*/\ndouble productWithInverses(std::vector<double> const& x) {",26_reduce_product_of_inverses,reduce,cpp,hpx,0.2,0.95,True,2048,False,double productWithInverses(std::vector<double> const& x) {\n  // TODO: Implement this function.\n  return 0.0;\n},False,False,,33,-75329536,31425.0,0.97,31425.0,0.9672413793103448,59.165061712265015
"#include <hpx/hpx_main.hpp>\n\n/* Return the product of the vector x with every odd indexed element inverted.\n   i.e. x_0 * 1/x_1 * x_2 * 1/x_3 * x_4 ...\n   Use HPX to compute product in parallel.  Assume HPX has already been initialized.\n   Example:\n\n   input: [4, 2, 10, 4, 5]\n   output: 25\n*/\ndouble productWithInverses(std::vector<double> const& x) {",26_reduce_product_of_inverses,reduce,cpp,hpx,0.2,0.95,True,2048,False,double productWithInverses(std::vector<double> const& x) {\n    return 0.0;\n},False,False,,34,-23732224,31425.0,0.97,31425.0,0.9218181818181819,44.83677124977112
"#include <hpx/hpx_main.hpp>\n\n/* Return the product of the vector x with every odd indexed element inverted.\n   i.e. x_0 * 1/x_1 * x_2 * 1/x_3 * x_4 ...\n   Use HPX to compute product in parallel.  Assume HPX has already been initialized.\n   Example:\n\n   input: [4, 2, 10, 4, 5]\n   output: 25\n*/\ndouble productWithInverses(std::vector<double> const& x) {",26_reduce_product_of_inverses,reduce,cpp,hpx,0.2,0.95,True,2048,False,double productWithInverses(std::vector<double> const& x) {\n  return 0.0;\n},False,False,,35,18489344,31425.0,0.97,31425.0,0.9288,50.99995040893555
"#include <hpx/hpx_main.hpp>\n\n/* Return the product of the vector x with every odd indexed element inverted.\n   i.e. x_0 * 1/x_1 * x_2 * 1/x_3 * x_4 ...\n   Use HPX to compute product in parallel.  Assume HPX has already been initialized.\n   Example:\n\n   input: [4, 2, 10, 4, 5]\n   output: 25\n*/\ndouble productWithInverses(std::vector<double> const& x) {",26_reduce_product_of_inverses,reduce,cpp,hpx,0.2,0.95,True,2048,False,double productWithInverses(std::vector<double> const& x) {\n    return 0;\n},False,False,,36,630784,31425.0,0.97,31425.0,0.9344827586206896,59.21925401687622
"#include <hpx/hpx_main.hpp>\n\n/* Return the product of the vector x with every odd indexed element inverted.\n   i.e. x_0 * 1/x_1 * x_2 * 1/x_3 * x_4 ...\n   Use HPX to compute product in parallel.  Assume HPX has already been initialized.\n   Example:\n\n   input: [4, 2, 10, 4, 5]\n   output: 25\n*/\ndouble productWithInverses(std::vector<double> const& x) {",26_reduce_product_of_inverses,reduce,cpp,hpx,0.2,0.95,True,2048,False,double productWithInverses(std::vector<double> const& x) {\n  // TODO: implement this function\n  return 0;\n},False,False,,37,5021696,31425.0,0.97,31425.0,0.9351724137931033,59.15591788291931
"#include <hpx/hpx_main.hpp>\n\n/* Return the product of the vector x with every odd indexed element inverted.\n   i.e. x_0 * 1/x_1 * x_2 * 1/x_3 * x_4 ...\n   Use HPX to compute product in parallel.  Assume HPX has already been initialized.\n   Example:\n\n   input: [4, 2, 10, 4, 5]\n   output: 25\n*/\ndouble productWithInverses(std::vector<double> const& x) {",26_reduce_product_of_inverses,reduce,cpp,hpx,0.2,0.95,True,2048,False,double productWithInverses(std::vector<double> const& x) {\n  // TODO: Implement this function.\n  return 0;\n},False,False,,38,44429312,31425.0,0.97,31425.0,0.9344827586206896,59.17781949043274
"#include <hpx/hpx_main.hpp>\n\n/* Return the product of the vector x with every odd indexed element inverted.\n   i.e. x_0 * 1/x_1 * x_2 * 1/x_3 * x_4 ...\n   Use HPX to compute product in parallel.  Assume HPX has already been initialized.\n   Example:\n\n   input: [4, 2, 10, 4, 5]\n   output: 25\n*/\ndouble productWithInverses(std::vector<double> const& x) {",26_reduce_product_of_inverses,reduce,cpp,hpx,0.2,0.95,True,2048,False,double productWithInverses(std::vector<double> const& x) {\n  // TODO: Implement this function\n  return 0.0;\n},False,False,,39,-13172736,31425.0,0.97,31425.0,0.9341379310344827,59.13861131668091
"#include <hpx/hpx_main.hpp>\n\n/* Return the product of the vector x with every odd indexed element inverted.\n   i.e. x_0 * 1/x_1 * x_2 * 1/x_3 * x_4 ...\n   Use HPX to compute product in parallel.  Assume HPX has already been initialized.\n   Example:\n\n   input: [4, 2, 10, 4, 5]\n   output: 25\n*/\ndouble productWithInverses(std::vector<double> const& x) {",26_reduce_product_of_inverses,reduce,cpp,hpx,0.2,0.95,True,2048,False,double productWithInverses(std::vector<double> const& x) {\n  // TODO: implement this function\n  return 0.0;\n},False,False,,40,-11288576,31425.0,0.97,31425.0,0.9351724137931033,59.16609072685242
"#include <hpx/hpx_main.hpp>\n\n/* Return the product of the vector x with every odd indexed element inverted.\n   i.e. x_0 * 1/x_1 * x_2 * 1/x_3 * x_4 ...\n   Use HPX to compute product in parallel.  Assume HPX has already been initialized.\n   Example:\n\n   input: [4, 2, 10, 4, 5]\n   output: 25\n*/\ndouble productWithInverses(std::vector<double> const& x) {",26_reduce_product_of_inverses,reduce,cpp,hpx,0.2,0.95,True,2048,False,double productWithInverses(std::vector<double> const& x) {\n  return 0;\n},False,False,,41,-43536384,31425.0,0.97,31425.0,0.9348275862068965,59.14996075630188
"#include <hpx/hpx_main.hpp>\n\n/* Return the product of the vector x with every odd indexed element inverted.\n   i.e. x_0 * 1/x_1 * x_2 * 1/x_3 * x_4 ...\n   Use HPX to compute product in parallel.  Assume HPX has already been initialized.\n   Example:\n\n   input: [4, 2, 10, 4, 5]\n   output: 25\n*/\ndouble productWithInverses(std::vector<double> const& x) {",26_reduce_product_of_inverses,reduce,cpp,hpx,0.2,0.95,True,2048,False,double productWithInverses(std::vector<double> const& x) {\n  // TODO: implement this function\n  return 0;\n},False,False,,42,-291405824,31425.0,0.97,31425.0,0.9168421052631578,38.79074430465698
"#include <hpx/hpx_main.hpp>\n\n/* Return the product of the vector x with every odd indexed element inverted.\n   i.e. x_0 * 1/x_1 * x_2 * 1/x_3 * x_4 ...\n   Use HPX to compute product in parallel.  Assume HPX has already been initialized.\n   Example:\n\n   input: [4, 2, 10, 4, 5]\n   output: 25\n*/\ndouble productWithInverses(std::vector<double> const& x) {",26_reduce_product_of_inverses,reduce,cpp,hpx,0.2,0.95,True,2048,False,double productWithInverses(std::vector<double> const& x) {\n  // TODO: Implement this function.\n  return 0.0;\n},False,False,,43,56029184,31425.0,0.97,31425.0,0.9337931034482758,59.1409113407135
"#include <hpx/hpx_main.hpp>\n\n/* Return the product of the vector x with every odd indexed element inverted.\n   i.e. x_0 * 1/x_1 * x_2 * 1/x_3 * x_4 ...\n   Use HPX to compute product in parallel.  Assume HPX has already been initialized.\n   Example:\n\n   input: [4, 2, 10, 4, 5]\n   output: 25\n*/\ndouble productWithInverses(std::vector<double> const& x) {",26_reduce_product_of_inverses,reduce,cpp,hpx,0.2,0.95,True,2048,False,double productWithInverses(std::vector<double> const& x) {\n  // TODO: implement this function\n  return 0.0;\n},False,False,,44,-16261120,31425.0,0.97,31425.0,0.9351724137931033,59.13800024986267
"#include <hpx/hpx_main.hpp>\n\n/* Return the product of the vector x with every odd indexed element inverted.\n   i.e. x_0 * 1/x_1 * x_2 * 1/x_3 * x_4 ...\n   Use HPX to compute product in parallel.  Assume HPX has already been initialized.\n   Example:\n\n   input: [4, 2, 10, 4, 5]\n   output: 25\n*/\ndouble productWithInverses(std::vector<double> const& x) {",26_reduce_product_of_inverses,reduce,cpp,hpx,0.2,0.95,True,2048,False,double productWithInverses(std::vector<double> const& x) {\n  // TODO: implement\n  return 0;\n},False,False,,45,181743616,31425.0,0.97,31425.0,0.933448275862069,59.19034457206726
"#include <hpx/hpx_main.hpp>\n\n/* Return the product of the vector x with every odd indexed element inverted.\n   i.e. x_0 * 1/x_1 * x_2 * 1/x_3 * x_4 ...\n   Use HPX to compute product in parallel.  Assume HPX has already been initialized.\n   Example:\n\n   input: [4, 2, 10, 4, 5]\n   output: 25\n*/\ndouble productWithInverses(std::vector<double> const& x) {",26_reduce_product_of_inverses,reduce,cpp,hpx,0.2,0.95,True,2048,False,double productWithInverses(std::vector<double> const& x) {\n  // TODO: Implement this function\n  return 0.0;\n},False,False,,46,5185536,31425.0,0.97,31425.0,0.9337931034482758,59.159600496292114
"#include <hpx/hpx_main.hpp>\n\n/* Return the product of the vector x with every odd indexed element inverted.\n   i.e. x_0 * 1/x_1 * x_2 * 1/x_3 * x_4 ...\n   Use HPX to compute product in parallel.  Assume HPX has already been initialized.\n   Example:\n\n   input: [4, 2, 10, 4, 5]\n   output: 25\n*/\ndouble productWithInverses(std::vector<double> const& x) {",26_reduce_product_of_inverses,reduce,cpp,hpx,0.2,0.95,True,2048,False,double productWithInverses(std::vector<double> const& x) {\n  // TODO: implement this function\n  return 0;\n},False,False,,47,-5124096,31425.0,0.97,31425.0,0.9341379310344827,59.165687084198
"#include <hpx/hpx_main.hpp>\n\n/* Return the product of the vector x with every odd indexed element inverted.\n   i.e. x_0 * 1/x_1 * x_2 * 1/x_3 * x_4 ...\n   Use HPX to compute product in parallel.  Assume HPX has already been initialized.\n   Example:\n\n   input: [4, 2, 10, 4, 5]\n   output: 25\n*/\ndouble productWithInverses(std::vector<double> const& x) {",26_reduce_product_of_inverses,reduce,cpp,hpx,0.2,0.95,True,2048,False,double productWithInverses(std::vector<double> const& x) {\n  // TODO: implement this function\n  return 0.0;\n},False,False,,48,69660672,31425.0,0.97,31425.0,0.920952380952381,42.83824920654297
"#include <hpx/hpx_main.hpp>\n\n/* Return the product of the vector x with every odd indexed element inverted.\n   i.e. x_0 * 1/x_1 * x_2 * 1/x_3 * x_4 ...\n   Use HPX to compute product in parallel.  Assume HPX has already been initialized.\n   Example:\n\n   input: [4, 2, 10, 4, 5]\n   output: 25\n*/\ndouble productWithInverses(std::vector<double> const& x) {",26_reduce_product_of_inverses,reduce,cpp,hpx,0.2,0.95,True,2048,False,double productWithInverses(std::vector<double> const& x) {\n  // TODO: implement this function\n  return 0.0;\n},False,False,,49,-12488704,31425.0,0.97,31425.0,0.9355172413793104,59.14977216720581
"#include <hpx/hpx_main.hpp>\n\n/* Return the product of the vector x with every odd indexed element inverted.\n   i.e. x_0 * 1/x_1 * x_2 * 1/x_3 * x_4 ...\n   Use HPX to compute product in parallel.  Assume HPX has already been initialized.\n   Example:\n\n   input: [4, 2, 10, 4, 5]\n   output: 25\n*/\ndouble productWithInverses(std::vector<double> const& x) {",26_reduce_product_of_inverses,reduce,cpp,hpx,0.2,0.95,True,2048,False,double productWithInverses(std::vector<double> const& x) {\n  // TODO: Implement this function.\n  return 0.0;\n},False,False,,50,8937472,31425.0,0.97,31425.0,0.9239130434782609,46.90985417366028
"#include <hpx/hpx_main.hpp>\n\n/* Return the product of the vector x with every odd indexed element inverted.\n   i.e. x_0 * 1/x_1 * x_2 * 1/x_3 * x_4 ...\n   Use HPX to compute product in parallel.  Assume HPX has already been initialized.\n   Example:\n\n   input: [4, 2, 10, 4, 5]\n   output: 25\n*/\ndouble productWithInverses(std::vector<double> const& x) {",26_reduce_product_of_inverses,reduce,cpp,hpx,0.2,0.95,True,2048,False,double productWithInverses(std::vector<double> const& x) {\n  // TODO: implement this function\n  return 0.0;\n},False,False,,51,-4419584,31425.0,0.97,31425.0,0.9318518518518518,55.09697675704956
"#include <hpx/hpx_main.hpp>\n\n/* Return the product of the vector x with every odd indexed element inverted.\n   i.e. x_0 * 1/x_1 * x_2 * 1/x_3 * x_4 ...\n   Use HPX to compute product in parallel.  Assume HPX has already been initialized.\n   Example:\n\n   input: [4, 2, 10, 4, 5]\n   output: 25\n*/\ndouble productWithInverses(std::vector<double> const& x) {",26_reduce_product_of_inverses,reduce,cpp,hpx,0.2,0.95,True,2048,False,double productWithInverses(std::vector<double> const& x) {\n    return 0;\n},False,False,,52,-21618688,31425.0,0.97,31425.0,0.9342857142857143,57.106109380722046
"#include <hpx/hpx_main.hpp>\n\n/* Return the product of the vector x with every odd indexed element inverted.\n   i.e. x_0 * 1/x_1 * x_2 * 1/x_3 * x_4 ...\n   Use HPX to compute product in parallel.  Assume HPX has already been initialized.\n   Example:\n\n   input: [4, 2, 10, 4, 5]\n   output: 25\n*/\ndouble productWithInverses(std::vector<double> const& x) {",26_reduce_product_of_inverses,reduce,cpp,hpx,0.2,0.95,True,2048,False,double productWithInverses(std::vector<double> const& x) {\n  // TODO: Implement this function.\n  return 0;\n},False,False,,53,2482176,31425.0,0.97,31425.0,0.8772727272727273,22.419585466384888
"#include <hpx/hpx_main.hpp>\n\n/* Return the product of the vector x with every odd indexed element inverted.\n   i.e. x_0 * 1/x_1 * x_2 * 1/x_3 * x_4 ...\n   Use HPX to compute product in parallel.  Assume HPX has already been initialized.\n   Example:\n\n   input: [4, 2, 10, 4, 5]\n   output: 25\n*/\ndouble productWithInverses(std::vector<double> const& x) {",26_reduce_product_of_inverses,reduce,cpp,hpx,0.2,0.95,True,2048,False,double productWithInverses(std::vector<double> const& x) {\n  // TODO: Implement this function\n  return 0.0;\n},False,False,,54,2060288,31425.0,0.97,31425.0,0.9348275862068965,59.195926904678345
"#include <hpx/hpx_main.hpp>\n\n/* Return the product of the vector x with every odd indexed element inverted.\n   i.e. x_0 * 1/x_1 * x_2 * 1/x_3 * x_4 ...\n   Use HPX to compute product in parallel.  Assume HPX has already been initialized.\n   Example:\n\n   input: [4, 2, 10, 4, 5]\n   output: 25\n*/\ndouble productWithInverses(std::vector<double> const& x) {",26_reduce_product_of_inverses,reduce,cpp,hpx,0.2,0.95,True,2048,False,double productWithInverses(std::vector<double> const& x) {\n  double result = 1;\n  for (size_t i = 0; i < x.size(); i++) {\n    if (i % 2 == 0) {\n      result *= x[i];\n    } else {\n      result *= 1 / x[i];\n    }\n  }\n  return result;\n},False,False,,55,40951808,31425.0,0.97,31425.0,0.9348275862068965,59.168962717056274
"#include <hpx/hpx_main.hpp>\n\n/* Return the product of the vector x with every odd indexed element inverted.\n   i.e. x_0 * 1/x_1 * x_2 * 1/x_3 * x_4 ...\n   Use HPX to compute product in parallel.  Assume HPX has already been initialized.\n   Example:\n\n   input: [4, 2, 10, 4, 5]\n   output: 25\n*/\ndouble productWithInverses(std::vector<double> const& x) {",26_reduce_product_of_inverses,reduce,cpp,hpx,0.2,0.95,True,2048,False,double productWithInverses(std::vector<double> const& x) {\n  // TODO: implement this function\n  return 0;\n},False,False,,56,-25649152,31425.0,0.97,31425.0,0.9325925925925925,55.143948554992676
"#include <hpx/hpx_main.hpp>\n\n/* Return the product of the vector x with every odd indexed element inverted.\n   i.e. x_0 * 1/x_1 * x_2 * 1/x_3 * x_4 ...\n   Use HPX to compute product in parallel.  Assume HPX has already been initialized.\n   Example:\n\n   input: [4, 2, 10, 4, 5]\n   output: 25\n*/\ndouble productWithInverses(std::vector<double> const& x) {",26_reduce_product_of_inverses,reduce,cpp,hpx,0.2,0.95,True,2048,False,double productWithInverses(std::vector<double> const& x) {\n  // TODO: implement this function\n  return 0;\n},False,False,,57,-298340352,31425.0,0.97,31425.0,0.9299999999999999,53.04126977920532
"#include <hpx/hpx_main.hpp>\n\n/* Return the product of the vector x with every odd indexed element inverted.\n   i.e. x_0 * 1/x_1 * x_2 * 1/x_3 * x_4 ...\n   Use HPX to compute product in parallel.  Assume HPX has already been initialized.\n   Example:\n\n   input: [4, 2, 10, 4, 5]\n   output: 25\n*/\ndouble productWithInverses(std::vector<double> const& x) {",26_reduce_product_of_inverses,reduce,cpp,hpx,0.2,0.95,True,2048,False,double productWithInverses(std::vector<double> const& x) {\n  // TODO: Implement this function.\n  return 0.0;\n},False,False,,58,71094272,31425.0,0.97,31425.0,0.9337931034482758,59.17063307762146
"#include <hpx/hpx_main.hpp>\n\n/* Return the product of the vector x with every odd indexed element inverted.\n   i.e. x_0 * 1/x_1 * x_2 * 1/x_3 * x_4 ...\n   Use HPX to compute product in parallel.  Assume HPX has already been initialized.\n   Example:\n\n   input: [4, 2, 10, 4, 5]\n   output: 25\n*/\ndouble productWithInverses(std::vector<double> const& x) {",26_reduce_product_of_inverses,reduce,cpp,hpx,0.2,0.95,True,2048,False,double productWithInverses(std::vector<double> const& x) {\n  double product = 1.0;\n  for (size_t i = 0; i < x.size(); i++) {\n    if (i % 2 == 0) {\n      product *= x[i];\n    } else {\n      product *= 1.0 / x[i];\n    }\n  }\n  return product;\n},False,False,,59,3571712,31425.0,0.97,31425.0,0.8915384615384615,26.509127616882324
"#include <hpx/hpx_main.hpp>\n\n/* Return the product of the vector x with every odd indexed element inverted.\n   i.e. x_0 * 1/x_1 * x_2 * 1/x_3 * x_4 ...\n   Use HPX to compute product in parallel.  Assume HPX has already been initialized.\n   Example:\n\n   input: [4, 2, 10, 4, 5]\n   output: 25\n*/\ndouble productWithInverses(std::vector<double> const& x) {",26_reduce_product_of_inverses,reduce,cpp,hpx,0.2,0.95,True,2048,False,double productWithInverses(std::vector<double> const& x) {\n  // TODO: implement this function\n  return 0.0;\n},False,False,,60,4653056,31425.0,0.97,31425.0,0.9335714285714286,57.14322853088379
"#include <hpx/hpx_main.hpp>\n\n/* Return the product of the vector x with every odd indexed element inverted.\n   i.e. x_0 * 1/x_1 * x_2 * 1/x_3 * x_4 ...\n   Use HPX to compute product in parallel.  Assume HPX has already been initialized.\n   Example:\n\n   input: [4, 2, 10, 4, 5]\n   output: 25\n*/\ndouble productWithInverses(std::vector<double> const& x) {",26_reduce_product_of_inverses,reduce,cpp,hpx,0.2,0.95,True,2048,False,double productWithInverses(std::vector<double> const& x) {\n  // TODO: implement this function\n  return 0.0;\n},False,False,,61,7913472,31425.0,0.97,31425.0,0.9582758620689655,59.1362202167511
"#include <hpx/hpx_main.hpp>\n\n/* Return the product of the vector x with every odd indexed element inverted.\n   i.e. x_0 * 1/x_1 * x_2 * 1/x_3 * x_4 ...\n   Use HPX to compute product in parallel.  Assume HPX has already been initialized.\n   Example:\n\n   input: [4, 2, 10, 4, 5]\n   output: 25\n*/\ndouble productWithInverses(std::vector<double> const& x) {",26_reduce_product_of_inverses,reduce,cpp,hpx,0.2,0.95,True,2048,False,double productWithInverses(std::vector<double> const& x) {\n  return 0.0;\n},False,False,,62,156229632,31425.0,0.97,31425.0,0.9344827586206896,59.15417265892029
"#include <hpx/hpx_main.hpp>\n\n/* Return the product of the vector x with every odd indexed element inverted.\n   i.e. x_0 * 1/x_1 * x_2 * 1/x_3 * x_4 ...\n   Use HPX to compute product in parallel.  Assume HPX has already been initialized.\n   Example:\n\n   input: [4, 2, 10, 4, 5]\n   output: 25\n*/\ndouble productWithInverses(std::vector<double> const& x) {",26_reduce_product_of_inverses,reduce,cpp,hpx,0.2,0.95,True,2048,False,double productWithInverses(std::vector<double> const& x) {\n  return 0.0;\n},False,False,,63,-548864,31425.0,0.97,31425.0,0.9195,40.80668640136719
"#include <hpx/hpx_main.hpp>\n\n/* Return the product of the vector x with every odd indexed element inverted.\n   i.e. x_0 * 1/x_1 * x_2 * 1/x_3 * x_4 ...\n   Use HPX to compute product in parallel.  Assume HPX has already been initialized.\n   Example:\n\n   input: [4, 2, 10, 4, 5]\n   output: 25\n*/\ndouble productWithInverses(std::vector<double> const& x) {",26_reduce_product_of_inverses,reduce,cpp,hpx,0.2,0.95,True,2048,False,double productWithInverses(std::vector<double> const& x) {\n  return 0.0;\n},False,False,,64,26718208,31425.0,0.97,31425.0,0.933448275862069,59.1559681892395
"#include <hpx/hpx_main.hpp>\n\n/* Return the product of the vector x with every odd indexed element inverted.\n   i.e. x_0 * 1/x_1 * x_2 * 1/x_3 * x_4 ...\n   Use HPX to compute product in parallel.  Assume HPX has already been initialized.\n   Example:\n\n   input: [4, 2, 10, 4, 5]\n   output: 25\n*/\ndouble productWithInverses(std::vector<double> const& x) {",26_reduce_product_of_inverses,reduce,cpp,hpx,0.2,0.95,True,2048,False,double productWithInverses(std::vector<double> const& x) {\n  // TODO: Implement this function\n  return 0;\n},False,False,,65,64204800,31425.0,0.97,31425.0,0.9337931034482758,59.15015006065369
"#include <hpx/hpx_main.hpp>\n\n/* Return the product of the vector x with every odd indexed element inverted.\n   i.e. x_0 * 1/x_1 * x_2 * 1/x_3 * x_4 ...\n   Use HPX to compute product in parallel.  Assume HPX has already been initialized.\n   Example:\n\n   input: [4, 2, 10, 4, 5]\n   output: 25\n*/\ndouble productWithInverses(std::vector<double> const& x) {",26_reduce_product_of_inverses,reduce,cpp,hpx,0.2,0.95,True,2048,False,double productWithInverses(std::vector<double> const& x) {\n  // TODO: implement this function\n  return 0.0;\n},False,False,,66,-33271808,31425.0,0.97,31425.0,0.9348275862068965,59.14891338348389
"#include <hpx/hpx_main.hpp>\n\n/* Return the product of the vector x with every odd indexed element inverted.\n   i.e. x_0 * 1/x_1 * x_2 * 1/x_3 * x_4 ...\n   Use HPX to compute product in parallel.  Assume HPX has already been initialized.\n   Example:\n\n   input: [4, 2, 10, 4, 5]\n   output: 25\n*/\ndouble productWithInverses(std::vector<double> const& x) {",26_reduce_product_of_inverses,reduce,cpp,hpx,0.2,0.95,True,2048,False,double productWithInverses(std::vector<double> const& x) {\n  // TODO: implement this function\n  return 0.0;\n},False,False,,67,10514432,31425.0,0.97,31425.0,0.9337931034482758,59.14714860916138
"#include <hpx/hpx_main.hpp>\n\n/* Return the product of the vector x with every odd indexed element inverted.\n   i.e. x_0 * 1/x_1 * x_2 * 1/x_3 * x_4 ...\n   Use HPX to compute product in parallel.  Assume HPX has already been initialized.\n   Example:\n\n   input: [4, 2, 10, 4, 5]\n   output: 25\n*/\ndouble productWithInverses(std::vector<double> const& x) {",26_reduce_product_of_inverses,reduce,cpp,hpx,0.2,0.95,True,2048,False,double productWithInverses(std::vector<double> const& x) {\n  return 0.0;\n},False,False,,68,-7434240,31425.0,0.97,31425.0,0.8949999999999999,28.556410789489746
"#include <hpx/hpx_main.hpp>\n\n/* Return the product of the vector x with every odd indexed element inverted.\n   i.e. x_0 * 1/x_1 * x_2 * 1/x_3 * x_4 ...\n   Use HPX to compute product in parallel.  Assume HPX has already been initialized.\n   Example:\n\n   input: [4, 2, 10, 4, 5]\n   output: 25\n*/\ndouble productWithInverses(std::vector<double> const& x) {",26_reduce_product_of_inverses,reduce,cpp,hpx,0.2,0.95,True,2048,False,double productWithInverses(std::vector<double> const& x) {\n  // TODO: implement this function\n  return 0;\n},False,False,,69,77996032,31425.0,0.97,31425.0,0.9344827586206896,59.1260449886322
"#include <hpx/hpx_main.hpp>\n\n/* Return the product of the vector x with every odd indexed element inverted.\n   i.e. x_0 * 1/x_1 * x_2 * 1/x_3 * x_4 ...\n   Use HPX to compute product in parallel.  Assume HPX has already been initialized.\n   Example:\n\n   input: [4, 2, 10, 4, 5]\n   output: 25\n*/\ndouble productWithInverses(std::vector<double> const& x) {",26_reduce_product_of_inverses,reduce,cpp,hpx,0.2,0.95,True,2048,False,double productWithInverses(std::vector<double> const& x) {\n  // TODO: Implement this function.\n  return 0.0;\n},False,False,,70,-114343936,31425.0,0.97,31425.0,0.933103448275862,59.14698362350464
"#include <hpx/hpx_main.hpp>\n\n/* Return the product of the vector x with every odd indexed element inverted.\n   i.e. x_0 * 1/x_1 * x_2 * 1/x_3 * x_4 ...\n   Use HPX to compute product in parallel.  Assume HPX has already been initialized.\n   Example:\n\n   input: [4, 2, 10, 4, 5]\n   output: 25\n*/\ndouble productWithInverses(std::vector<double> const& x) {",26_reduce_product_of_inverses,reduce,cpp,hpx,0.2,0.95,True,2048,False,double productWithInverses(std::vector<double> const& x) {\n  // TODO: implement\n  return 0.0;\n},False,False,,71,140283904,31425.0,0.97,31425.0,0.9348275862068965,59.152843713760376
"#include <hpx/hpx_main.hpp>\n\n/* Return the product of the vector x with every odd indexed element inverted.\n   i.e. x_0 * 1/x_1 * x_2 * 1/x_3 * x_4 ...\n   Use HPX to compute product in parallel.  Assume HPX has already been initialized.\n   Example:\n\n   input: [4, 2, 10, 4, 5]\n   output: 25\n*/\ndouble productWithInverses(std::vector<double> const& x) {",26_reduce_product_of_inverses,reduce,cpp,hpx,0.2,0.95,True,2048,False,double productWithInverses(std::vector<double> const& x) {\n  return 0.0;\n},False,False,,72,-393834496,31425.0,0.97,31425.0,0.9231818181818181,44.92082595825195
"#include <hpx/hpx_main.hpp>\n\n/* Return the product of the vector x with every odd indexed element inverted.\n   i.e. x_0 * 1/x_1 * x_2 * 1/x_3 * x_4 ...\n   Use HPX to compute product in parallel.  Assume HPX has already been initialized.\n   Example:\n\n   input: [4, 2, 10, 4, 5]\n   output: 25\n*/\ndouble productWithInverses(std::vector<double> const& x) {",26_reduce_product_of_inverses,reduce,cpp,hpx,0.2,0.95,True,2048,False,double productWithInverses(std::vector<double> const& x) {\n  // TODO: implement\n  return 0.0;\n},False,False,,73,199450624,31425.0,0.97,31425.0,0.9328571428571427,57.14498972892761
"#include <hpx/hpx_main.hpp>\n\n/* Return the product of the vector x with every odd indexed element inverted.\n   i.e. x_0 * 1/x_1 * x_2 * 1/x_3 * x_4 ...\n   Use HPX to compute product in parallel.  Assume HPX has already been initialized.\n   Example:\n\n   input: [4, 2, 10, 4, 5]\n   output: 25\n*/\ndouble productWithInverses(std::vector<double> const& x) {",26_reduce_product_of_inverses,reduce,cpp,hpx,0.2,0.95,True,2048,False,double productWithInverses(std::vector<double> const& x) {\n  // TODO: implement this function\n  return 0;\n},False,False,,74,-9535488,31425.0,0.97,31425.0,0.9341379310344827,59.158135175704956
"#include <hpx/hpx_main.hpp>\n\n/* Return the product of the vector x with every odd indexed element inverted.\n   i.e. x_0 * 1/x_1 * x_2 * 1/x_3 * x_4 ...\n   Use HPX to compute product in parallel.  Assume HPX has already been initialized.\n   Example:\n\n   input: [4, 2, 10, 4, 5]\n   output: 25\n*/\ndouble productWithInverses(std::vector<double> const& x) {",26_reduce_product_of_inverses,reduce,cpp,hpx,0.2,0.95,True,2048,False,double productWithInverses(std::vector<double> const& x) {\n  // TODO: implement this function\n  return 0.0;\n},False,False,,75,18558976,31425.0,0.97,31425.0,0.9189999999999999,40.76644539833069
"#include <hpx/hpx_main.hpp>\n\n/* Return the product of the vector x with every odd indexed element inverted.\n   i.e. x_0 * 1/x_1 * x_2 * 1/x_3 * x_4 ...\n   Use HPX to compute product in parallel.  Assume HPX has already been initialized.\n   Example:\n\n   input: [4, 2, 10, 4, 5]\n   output: 25\n*/\ndouble productWithInverses(std::vector<double> const& x) {",26_reduce_product_of_inverses,reduce,cpp,hpx,0.2,0.95,True,2048,False,double productWithInverses(std::vector<double> const& x) {\n  // TODO: Implement this function.\n  return 0.0;\n},False,False,,76,-3420160,31425.0,0.97,31425.0,0.966923076923077,26.547276973724365
"#include <hpx/hpx_main.hpp>\n\n/* Return the product of the vector x with every odd indexed element inverted.\n   i.e. x_0 * 1/x_1 * x_2 * 1/x_3 * x_4 ...\n   Use HPX to compute product in parallel.  Assume HPX has already been initialized.\n   Example:\n\n   input: [4, 2, 10, 4, 5]\n   output: 25\n*/\ndouble productWithInverses(std::vector<double> const& x) {",26_reduce_product_of_inverses,reduce,cpp,hpx,0.2,0.95,True,2048,False,double productWithInverses(std::vector<double> const& x) {\n  // TODO: implement this function\n  return 0;\n},False,False,,77,5652480,31425.0,0.97,31425.0,0.9337931034482758,59.1366662979126
"#include <hpx/hpx_main.hpp>\n\n/* Return the product of the vector x with every odd indexed element inverted.\n   i.e. x_0 * 1/x_1 * x_2 * 1/x_3 * x_4 ...\n   Use HPX to compute product in parallel.  Assume HPX has already been initialized.\n   Example:\n\n   input: [4, 2, 10, 4, 5]\n   output: 25\n*/\ndouble productWithInverses(std::vector<double> const& x) {",26_reduce_product_of_inverses,reduce,cpp,hpx,0.2,0.95,True,2048,False,double productWithInverses(std::vector<double> const& x) {\n  return 0.0;\n},False,False,,78,-3506176,31425.0,0.97,31425.0,0.9296153846153845,53.00536823272705
"#include <hpx/hpx_main.hpp>\n\n/* Return the product of the vector x with every odd indexed element inverted.\n   i.e. x_0 * 1/x_1 * x_2 * 1/x_3 * x_4 ...\n   Use HPX to compute product in parallel.  Assume HPX has already been initialized.\n   Example:\n\n   input: [4, 2, 10, 4, 5]\n   output: 25\n*/\ndouble productWithInverses(std::vector<double> const& x) {",26_reduce_product_of_inverses,reduce,cpp,hpx,0.2,0.95,True,2048,False,double productWithInverses(std::vector<double> const& x) {\n  // TODO: implement this function\n  return 0.0;\n},False,False,,79,5165056,31425.0,0.97,31425.0,0.9344827586206896,59.15289306640625
"#include <hpx/hpx_main.hpp>\n\n/* Return the product of the vector x with every odd indexed element inverted.\n   i.e. x_0 * 1/x_1 * x_2 * 1/x_3 * x_4 ...\n   Use HPX to compute product in parallel.  Assume HPX has already been initialized.\n   Example:\n\n   input: [4, 2, 10, 4, 5]\n   output: 25\n*/\ndouble productWithInverses(std::vector<double> const& x) {",26_reduce_product_of_inverses,reduce,cpp,hpx,0.2,0.95,True,2048,False,double productWithInverses(std::vector<double> const& x) {\n  // TODO: implement this function\n  return 0;\n},False,False,,80,13127680,31425.0,0.97,31425.0,0.9260869565217391,46.89912152290344
"#include <hpx/hpx_main.hpp>\n\n/* Return the product of the vector x with every odd indexed element inverted.\n   i.e. x_0 * 1/x_1 * x_2 * 1/x_3 * x_4 ...\n   Use HPX to compute product in parallel.  Assume HPX has already been initialized.\n   Example:\n\n   input: [4, 2, 10, 4, 5]\n   output: 25\n*/\ndouble productWithInverses(std::vector<double> const& x) {",26_reduce_product_of_inverses,reduce,cpp,hpx,0.2,0.95,True,2048,False,double productWithInverses(std::vector<double> const& x) {\n  // TODO: Implement this function\n  return 0.0;\n},False,False,,81,-1404928,31425.0,0.97,31425.0,0.9692592592592592,55.068559646606445
"#include <hpx/hpx_main.hpp>\n\n/* Return the product of the vector x with every odd indexed element inverted.\n   i.e. x_0 * 1/x_1 * x_2 * 1/x_3 * x_4 ...\n   Use HPX to compute product in parallel.  Assume HPX has already been initialized.\n   Example:\n\n   input: [4, 2, 10, 4, 5]\n   output: 25\n*/\ndouble productWithInverses(std::vector<double> const& x) {",26_reduce_product_of_inverses,reduce,cpp,hpx,0.2,0.95,True,2048,False,double productWithInverses(std::vector<double> const& x) {\n  return 0.0;\n},False,False,,82,10579968,31425.0,0.97,31425.0,0.933448275862069,59.104952335357666
"#include <hpx/hpx_main.hpp>\n\n/* Return the product of the vector x with every odd indexed element inverted.\n   i.e. x_0 * 1/x_1 * x_2 * 1/x_3 * x_4 ...\n   Use HPX to compute product in parallel.  Assume HPX has already been initialized.\n   Example:\n\n   input: [4, 2, 10, 4, 5]\n   output: 25\n*/\ndouble productWithInverses(std::vector<double> const& x) {",26_reduce_product_of_inverses,reduce,cpp,hpx,0.2,0.95,True,2048,False,double productWithInverses(std::vector<double> const& x) {\n  // TODO: implement this function\n  return 0.0;\n},False,False,,83,7938048,31425.0,0.97,31425.0,0.9099999999999999,36.73591470718384
"#include <hpx/hpx_main.hpp>\n\n/* Return the product of the vector x with every odd indexed element inverted.\n   i.e. x_0 * 1/x_1 * x_2 * 1/x_3 * x_4 ...\n   Use HPX to compute product in parallel.  Assume HPX has already been initialized.\n   Example:\n\n   input: [4, 2, 10, 4, 5]\n   output: 25\n*/\ndouble productWithInverses(std::vector<double> const& x) {",26_reduce_product_of_inverses,reduce,cpp,hpx,0.2,0.95,True,2048,False,double productWithInverses(std::vector<double> const& x) {\n  return 0.0;\n},False,False,,84,42356736,31425.0,0.97,31425.0,0.932142857142857,57.13693404197693
"#include <hpx/hpx_main.hpp>\n\n/* Return the product of the vector x with every odd indexed element inverted.\n   i.e. x_0 * 1/x_1 * x_2 * 1/x_3 * x_4 ...\n   Use HPX to compute product in parallel.  Assume HPX has already been initialized.\n   Example:\n\n   input: [4, 2, 10, 4, 5]\n   output: 25\n*/\ndouble productWithInverses(std::vector<double> const& x) {",26_reduce_product_of_inverses,reduce,cpp,hpx,0.2,0.95,True,2048,False,double productWithInverses(std::vector<double> const& x) {\n  // TODO: Implement this function\n  return 0;\n},False,False,,85,-35065856,31425.0,0.97,31425.0,0.9341379310344827,59.1569709777832
"#include <hpx/hpx_main.hpp>\n\n/* Return the product of the vector x with every odd indexed element inverted.\n   i.e. x_0 * 1/x_1 * x_2 * 1/x_3 * x_4 ...\n   Use HPX to compute product in parallel.  Assume HPX has already been initialized.\n   Example:\n\n   input: [4, 2, 10, 4, 5]\n   output: 25\n*/\ndouble productWithInverses(std::vector<double> const& x) {",26_reduce_product_of_inverses,reduce,cpp,hpx,0.2,0.95,True,2048,False,double productWithInverses(std::vector<double> const& x) {\n  double result = 1.0;\n  for (size_t i = 0; i < x.size(); ++i) {\n    if (i % 2 == 0) {\n      result *= x[i];\n    } else {\n      result *= 1.0 / x[i];\n    }\n  }\n  return result;\n},False,False,,86,-87523328,31425.0,0.97,31425.0,0.8412499999999999,16.318176984786987
"#include <hpx/hpx_main.hpp>\n\n/* Return the product of the vector x with every odd indexed element inverted.\n   i.e. x_0 * 1/x_1 * x_2 * 1/x_3 * x_4 ...\n   Use HPX to compute product in parallel.  Assume HPX has already been initialized.\n   Example:\n\n   input: [4, 2, 10, 4, 5]\n   output: 25\n*/\ndouble productWithInverses(std::vector<double> const& x) {",26_reduce_product_of_inverses,reduce,cpp,hpx,0.2,0.95,True,2048,False,double productWithInverses(std::vector<double> const& x) {\n  return 0.0;\n},False,False,,87,-12749389824,31425.0,0.97,31425.0,0.9006666666666666,30.590723037719727
"#include <hpx/hpx_main.hpp>\n\n/* Return the product of the vector x with every odd indexed element inverted.\n   i.e. x_0 * 1/x_1 * x_2 * 1/x_3 * x_4 ...\n   Use HPX to compute product in parallel.  Assume HPX has already been initialized.\n   Example:\n\n   input: [4, 2, 10, 4, 5]\n   output: 25\n*/\ndouble productWithInverses(std::vector<double> const& x) {",26_reduce_product_of_inverses,reduce,cpp,hpx,0.2,0.95,True,2048,False,double productWithInverses(std::vector<double> const& x) {\n  // TODO: implement this function\n  return 0.0;\n},False,False,,88,4612202496,31425.0,0.97,31425.0,0.933103448275862,59.245985984802246
"#include <hpx/hpx_main.hpp>\n\n/* Return the product of the vector x with every odd indexed element inverted.\n   i.e. x_0 * 1/x_1 * x_2 * 1/x_3 * x_4 ...\n   Use HPX to compute product in parallel.  Assume HPX has already been initialized.\n   Example:\n\n   input: [4, 2, 10, 4, 5]\n   output: 25\n*/\ndouble productWithInverses(std::vector<double> const& x) {",26_reduce_product_of_inverses,reduce,cpp,hpx,0.2,0.95,True,2048,False,double productWithInverses(std::vector<double> const& x) {\n  // TODO: implement this function\n  return 0.0;\n},False,False,,89,60116992,31425.0,0.97,31425.0,0.9344827586206896,59.14793586730957
"#include <hpx/hpx_main.hpp>\n\n/* Return the product of the vector x with every odd indexed element inverted.\n   i.e. x_0 * 1/x_1 * x_2 * 1/x_3 * x_4 ...\n   Use HPX to compute product in parallel.  Assume HPX has already been initialized.\n   Example:\n\n   input: [4, 2, 10, 4, 5]\n   output: 25\n*/\ndouble productWithInverses(std::vector<double> const& x) {",26_reduce_product_of_inverses,reduce,cpp,hpx,0.2,0.95,True,2048,False,double productWithInverses(std::vector<double> const& x) {\n  // TODO: implement this function\n  return 0;\n},False,False,,90,183803904,31425.0,0.97,31425.0,0.9348275862068965,59.230737924575806
"#include <hpx/hpx_main.hpp>\n\n/* Return the product of the vector x with every odd indexed element inverted.\n   i.e. x_0 * 1/x_1 * x_2 * 1/x_3 * x_4 ...\n   Use HPX to compute product in parallel.  Assume HPX has already been initialized.\n   Example:\n\n   input: [4, 2, 10, 4, 5]\n   output: 25\n*/\ndouble productWithInverses(std::vector<double> const& x) {",26_reduce_product_of_inverses,reduce,cpp,hpx,0.2,0.95,True,2048,False,double productWithInverses(std::vector<double> const& x) {\n  return 0.0;\n},False,False,,91,-13737984,31425.0,0.97,31425.0,0.9185000000000001,40.84428381919861
"#include <hpx/hpx_main.hpp>\n\n/* Return the product of the vector x with every odd indexed element inverted.\n   i.e. x_0 * 1/x_1 * x_2 * 1/x_3 * x_4 ...\n   Use HPX to compute product in parallel.  Assume HPX has already been initialized.\n   Example:\n\n   input: [4, 2, 10, 4, 5]\n   output: 25\n*/\ndouble productWithInverses(std::vector<double> const& x) {",26_reduce_product_of_inverses,reduce,cpp,hpx,0.2,0.95,True,2048,False,double productWithInverses(std::vector<double> const& x) {\n    return 0;\n},False,False,,92,4579328,31425.0,0.97,31425.0,0.9344827586206896,59.14381432533264
"#include <hpx/hpx_main.hpp>\n\n/* Return the product of the vector x with every odd indexed element inverted.\n   i.e. x_0 * 1/x_1 * x_2 * 1/x_3 * x_4 ...\n   Use HPX to compute product in parallel.  Assume HPX has already been initialized.\n   Example:\n\n   input: [4, 2, 10, 4, 5]\n   output: 25\n*/\ndouble productWithInverses(std::vector<double> const& x) {",26_reduce_product_of_inverses,reduce,cpp,hpx,0.2,0.95,True,2048,False,double productWithInverses(std::vector<double> const& x) {\n  // TODO: implement this function\n  return 0;\n},False,False,,93,119394304,31425.0,0.97,31425.0,0.9152631578947369,38.765254974365234
"#include <hpx/hpx_main.hpp>\n\n/* Return the product of the vector x with every odd indexed element inverted.\n   i.e. x_0 * 1/x_1 * x_2 * 1/x_3 * x_4 ...\n   Use HPX to compute product in parallel.  Assume HPX has already been initialized.\n   Example:\n\n   input: [4, 2, 10, 4, 5]\n   output: 25\n*/\ndouble productWithInverses(std::vector<double> const& x) {",26_reduce_product_of_inverses,reduce,cpp,hpx,0.2,0.95,True,2048,False,double productWithInverses(std::vector<double> const& x) {\n  // TODO: implement this function\n  return 0.0;\n},False,False,,94,-100319232,31425.0,0.97,31425.0,0.9218181818181819,44.88885164260864
"#include <hpx/hpx_main.hpp>\n\n/* Return the product of the vector x with every odd indexed element inverted.\n   i.e. x_0 * 1/x_1 * x_2 * 1/x_3 * x_4 ...\n   Use HPX to compute product in parallel.  Assume HPX has already been initialized.\n   Example:\n\n   input: [4, 2, 10, 4, 5]\n   output: 25\n*/\ndouble productWithInverses(std::vector<double> const& x) {",26_reduce_product_of_inverses,reduce,cpp,hpx,0.2,0.95,True,2048,False,double productWithInverses(std::vector<double> const& x) {\n  // TODO: Implement this function\n  return 0.0;\n},False,False,,95,3452928,31425.0,0.97,31425.0,0.9344827586206896,59.161670446395874
"#include <hpx/hpx_main.hpp>\n\n/* Return the product of the vector x with every odd indexed element inverted.\n   i.e. x_0 * 1/x_1 * x_2 * 1/x_3 * x_4 ...\n   Use HPX to compute product in parallel.  Assume HPX has already been initialized.\n   Example:\n\n   input: [4, 2, 10, 4, 5]\n   output: 25\n*/\ndouble productWithInverses(std::vector<double> const& x) {",26_reduce_product_of_inverses,reduce,cpp,hpx,0.2,0.95,True,2048,False,double productWithInverses(std::vector<double> const& x) {\n  // TODO: implement this function\n  return 0.0;\n},False,False,,96,-5984256,31425.0,0.97,31425.0,0.9344827586206896,59.127867698669434
"#include <hpx/hpx_main.hpp>\n\n/* Return the product of the vector x with every odd indexed element inverted.\n   i.e. x_0 * 1/x_1 * x_2 * 1/x_3 * x_4 ...\n   Use HPX to compute product in parallel.  Assume HPX has already been initialized.\n   Example:\n\n   input: [4, 2, 10, 4, 5]\n   output: 25\n*/\ndouble productWithInverses(std::vector<double> const& x) {",26_reduce_product_of_inverses,reduce,cpp,hpx,0.2,0.95,True,2048,False,double productWithInverses(std::vector<double> const& x) {\n  // TODO: implement this function\n  return 0;\n},False,False,,97,25825280,31425.0,0.97,31425.0,0.9348275862068965,59.15193486213684
"#include <hpx/hpx_main.hpp>\n\n/* Return the product of the vector x with every odd indexed element inverted.\n   i.e. x_0 * 1/x_1 * x_2 * 1/x_3 * x_4 ...\n   Use HPX to compute product in parallel.  Assume HPX has already been initialized.\n   Example:\n\n   input: [4, 2, 10, 4, 5]\n   output: 25\n*/\ndouble productWithInverses(std::vector<double> const& x) {",26_reduce_product_of_inverses,reduce,cpp,hpx,0.2,0.95,True,2048,False,double productWithInverses(std::vector<double> const& x) {\n  // TODO: Implement this function.\n  return 0;\n},False,False,,98,-8007680,31425.0,0.97,31425.0,0.9344827586206896,59.16733121871948
"#include <hpx/hpx_main.hpp>\n\n/* Return the product of the vector x with every odd indexed element inverted.\n   i.e. x_0 * 1/x_1 * x_2 * 1/x_3 * x_4 ...\n   Use HPX to compute product in parallel.  Assume HPX has already been initialized.\n   Example:\n\n   input: [4, 2, 10, 4, 5]\n   output: 25\n*/\ndouble productWithInverses(std::vector<double> const& x) {",26_reduce_product_of_inverses,reduce,cpp,hpx,0.2,0.95,True,2048,False,double productWithInverses(std::vector<double> const& x) {\n  // TODO: implement this function\n  return 0.0;\n},False,False,,99,3530752,31425.0,0.97,31425.0,0.9337931034482758,59.156869888305664
"#include <hpx/hpx_main.hpp>\n\n/* Return the average of the vector x.\n   Use HPX to compute in parallel.  Assume HPX has already been initialized.\n   Examples:\n		\n	 input: [1, 8, 4, 5, 1]\n   output: 3.8\n\n   input: [2, 2, 2, 3]\n   output: 2.25\n*/\ndouble average(std::vector<double> const& x) {",27_reduce_average,reduce,cpp,hpx,0.2,0.95,True,2048,False,double average(std::vector<double> const& x) {\n	double sum = 0;\n	for (auto i : x) {\n		sum += i;\n	}\n	return sum / x.size();\n},False,False,,0,5603328,31425.0,0.96,31425.0,0.72,8.197279930114746
"#include <hpx/hpx_main.hpp>\n\n/* Return the average of the vector x.\n   Use HPX to compute in parallel.  Assume HPX has already been initialized.\n   Examples:\n		\n	 input: [1, 8, 4, 5, 1]\n   output: 3.8\n\n   input: [2, 2, 2, 3]\n   output: 2.25\n*/\ndouble average(std::vector<double> const& x) {",27_reduce_average,reduce,cpp,hpx,0.2,0.95,True,2048,False,double average(std::vector<double> const& x) {\n	// TODO: implement this function\n	return 0.0;\n},False,False,,1,13312000,31425.0,0.97,31425.0,0.9341379310344827,59.17810106277466
"#include <hpx/hpx_main.hpp>\n\n/* Return the average of the vector x.\n   Use HPX to compute in parallel.  Assume HPX has already been initialized.\n   Examples:\n		\n	 input: [1, 8, 4, 5, 1]\n   output: 3.8\n\n   input: [2, 2, 2, 3]\n   output: 2.25\n*/\ndouble average(std::vector<double> const& x) {",27_reduce_average,reduce,cpp,hpx,0.2,0.95,True,2048,False,double average(std::vector<double> const& x) {\n	double sum = 0;\n	for (auto i = x.begin(); i!= x.end(); ++i) {\n		sum += *i;\n	}\n	return sum / x.size();\n},False,False,,2,-115798016,31425.0,0.97,31425.0,0.9337931034482758,59.16374850273132
"#include <hpx/hpx_main.hpp>\n\n/* Return the average of the vector x.\n   Use HPX to compute in parallel.  Assume HPX has already been initialized.\n   Examples:\n		\n	 input: [1, 8, 4, 5, 1]\n   output: 3.8\n\n   input: [2, 2, 2, 3]\n   output: 2.25\n*/\ndouble average(std::vector<double> const& x) {",27_reduce_average,reduce,cpp,hpx,0.2,0.95,True,2048,False,double average(std::vector<double> const& x) {\n	double sum = 0;\n	for (auto i = x.begin(); i!= x.end(); i++) {\n		sum += *i;\n	}\n	return sum / x.size();\n},False,False,,3,-173629440,31425.0,0.97,31425.0,0.9341379310344827,59.195921897888184
"#include <hpx/hpx_main.hpp>\n\n/* Return the average of the vector x.\n   Use HPX to compute in parallel.  Assume HPX has already been initialized.\n   Examples:\n		\n	 input: [1, 8, 4, 5, 1]\n   output: 3.8\n\n   input: [2, 2, 2, 3]\n   output: 2.25\n*/\ndouble average(std::vector<double> const& x) {",27_reduce_average,reduce,cpp,hpx,0.2,0.95,True,2048,False,double average(std::vector<double> const& x) {\n	double sum = 0;\n	for (auto i : x) {\n		sum += i;\n	}\n	return sum / x.size();\n},False,False,,4,15310848,31425.0,0.97,31425.0,0.8763636363636365,22.43995213508606
"#include <hpx/hpx_main.hpp>\n\n/* Return the average of the vector x.\n   Use HPX to compute in parallel.  Assume HPX has already been initialized.\n   Examples:\n		\n	 input: [1, 8, 4, 5, 1]\n   output: 3.8\n\n   input: [2, 2, 2, 3]\n   output: 2.25\n*/\ndouble average(std::vector<double> const& x) {",27_reduce_average,reduce,cpp,hpx,0.2,0.95,True,2048,False,double average(std::vector<double> const& x) {\n	return 0;\n},False,False,,5,143466496,31425.0,0.97,31425.0,0.9337931034482758,59.142966985702515
"#include <hpx/hpx_main.hpp>\n\n/* Return the average of the vector x.\n   Use HPX to compute in parallel.  Assume HPX has already been initialized.\n   Examples:\n		\n	 input: [1, 8, 4, 5, 1]\n   output: 3.8\n\n   input: [2, 2, 2, 3]\n   output: 2.25\n*/\ndouble average(std::vector<double> const& x) {",27_reduce_average,reduce,cpp,hpx,0.2,0.95,True,2048,False,double average(std::vector<double> const& x) {\n	double sum = 0;\n	for (auto i : x) {\n		sum += i;\n	}\n	return sum / x.size();\n},False,False,,6,-31227904,31425.0,0.97,31425.0,0.9337931034482758,59.22913908958435
"#include <hpx/hpx_main.hpp>\n\n/* Return the average of the vector x.\n   Use HPX to compute in parallel.  Assume HPX has already been initialized.\n   Examples:\n		\n	 input: [1, 8, 4, 5, 1]\n   output: 3.8\n\n   input: [2, 2, 2, 3]\n   output: 2.25\n*/\ndouble average(std::vector<double> const& x) {",27_reduce_average,reduce,cpp,hpx,0.2,0.95,True,2048,False,double average(std::vector<double> const& x) {\n	double sum = 0;\n	for (auto i : x) {\n		sum += i;\n	}\n	return sum / x.size();\n},False,False,,7,40960,31425.0,0.97,31425.0,0.865,20.42169737815857
"#include <hpx/hpx_main.hpp>\n\n/* Return the average of the vector x.\n   Use HPX to compute in parallel.  Assume HPX has already been initialized.\n   Examples:\n		\n	 input: [1, 8, 4, 5, 1]\n   output: 3.8\n\n   input: [2, 2, 2, 3]\n   output: 2.25\n*/\ndouble average(std::vector<double> const& x) {",27_reduce_average,reduce,cpp,hpx,0.2,0.95,True,2048,False,double average(std::vector<double> const& x) {\n	double sum = 0;\n	for (auto i : x) {\n		sum += i;\n	}\n	return sum / x.size();\n},False,False,,8,190013440,31425.0,0.97,31425.0,0.9351724137931033,59.186269760131836
"#include <hpx/hpx_main.hpp>\n\n/* Return the average of the vector x.\n   Use HPX to compute in parallel.  Assume HPX has already been initialized.\n   Examples:\n		\n	 input: [1, 8, 4, 5, 1]\n   output: 3.8\n\n   input: [2, 2, 2, 3]\n   output: 2.25\n*/\ndouble average(std::vector<double> const& x) {",27_reduce_average,reduce,cpp,hpx,0.2,0.95,True,2048,False,double average(std::vector<double> const& x) {\n	double sum = 0;\n	for (auto i = 0; i < x.size(); i++) {\n		sum += x[i];\n	}\n	return sum / x.size();\n},False,False,,9,-20312064,31425.0,0.97,31425.0,0.9337931034482758,59.17612814903259
"#include <hpx/hpx_main.hpp>\n\n/* Return the average of the vector x.\n   Use HPX to compute in parallel.  Assume HPX has already been initialized.\n   Examples:\n		\n	 input: [1, 8, 4, 5, 1]\n   output: 3.8\n\n   input: [2, 2, 2, 3]\n   output: 2.25\n*/\ndouble average(std::vector<double> const& x) {",27_reduce_average,reduce,cpp,hpx,0.2,0.95,True,2048,False,double average(std::vector<double> const& x) {\n	return 0.0;\n},False,False,,10,-3911680,31425.0,0.97,31425.0,0.9351724137931033,59.163655519485474
"#include <hpx/hpx_main.hpp>\n\n/* Return the average of the vector x.\n   Use HPX to compute in parallel.  Assume HPX has already been initialized.\n   Examples:\n		\n	 input: [1, 8, 4, 5, 1]\n   output: 3.8\n\n   input: [2, 2, 2, 3]\n   output: 2.25\n*/\ndouble average(std::vector<double> const& x) {",27_reduce_average,reduce,cpp,hpx,0.2,0.95,True,2048,False,double average(std::vector<double> const& x) {\n	double sum = 0;\n	for (double i : x) {\n		sum += i;\n	}\n	return sum / x.size();\n},False,False,,11,6266880,31425.0,0.97,31425.0,0.9344827586206896,59.19487762451172
"#include <hpx/hpx_main.hpp>\n\n/* Return the average of the vector x.\n   Use HPX to compute in parallel.  Assume HPX has already been initialized.\n   Examples:\n		\n	 input: [1, 8, 4, 5, 1]\n   output: 3.8\n\n   input: [2, 2, 2, 3]\n   output: 2.25\n*/\ndouble average(std::vector<double> const& x) {",27_reduce_average,reduce,cpp,hpx,0.2,0.95,True,2048,False,double average(std::vector<double> const& x) {\n	// TODO: implement this function\n	return 0.0;\n},False,False,,12,-4042752,31425.0,0.97,31425.0,0.9348275862068965,59.20662546157837
"#include <hpx/hpx_main.hpp>\n\n/* Return the average of the vector x.\n   Use HPX to compute in parallel.  Assume HPX has already been initialized.\n   Examples:\n		\n	 input: [1, 8, 4, 5, 1]\n   output: 3.8\n\n   input: [2, 2, 2, 3]\n   output: 2.25\n*/\ndouble average(std::vector<double> const& x) {",27_reduce_average,reduce,cpp,hpx,0.2,0.95,True,2048,False,double average(std::vector<double> const& x) {\n	double sum = 0;\n	for (int i = 0; i < x.size(); i++) {\n		sum += x[i];\n	}\n	return sum / x.size();\n},False,False,,13,11530240,31425.0,0.97,31425.0,0.9344827586206896,59.19006943702698
"#include <hpx/hpx_main.hpp>\n\n/* Return the average of the vector x.\n   Use HPX to compute in parallel.  Assume HPX has already been initialized.\n   Examples:\n		\n	 input: [1, 8, 4, 5, 1]\n   output: 3.8\n\n   input: [2, 2, 2, 3]\n   output: 2.25\n*/\ndouble average(std::vector<double> const& x) {",27_reduce_average,reduce,cpp,hpx,0.2,0.95,True,2048,False,double average(std::vector<double> const& x) {\n	// TODO: implement this function\n	return 0.0;\n},False,False,,14,3379200,31425.0,0.97,31425.0,0.9348275862068965,59.14794850349426
"#include <hpx/hpx_main.hpp>\n\n/* Return the average of the vector x.\n   Use HPX to compute in parallel.  Assume HPX has already been initialized.\n   Examples:\n		\n	 input: [1, 8, 4, 5, 1]\n   output: 3.8\n\n   input: [2, 2, 2, 3]\n   output: 2.25\n*/\ndouble average(std::vector<double> const& x) {",27_reduce_average,reduce,cpp,hpx,0.2,0.95,True,2048,False,double average(std::vector<double> const& x) {\n	double sum = 0;\n	for (auto i : x) {\n		sum += i;\n	}\n	return sum / x.size();\n},False,False,,15,7405568,31425.0,0.97,31425.0,0.868,20.409878730773926
"#include <hpx/hpx_main.hpp>\n\n/* Return the average of the vector x.\n   Use HPX to compute in parallel.  Assume HPX has already been initialized.\n   Examples:\n		\n	 input: [1, 8, 4, 5, 1]\n   output: 3.8\n\n   input: [2, 2, 2, 3]\n   output: 2.25\n*/\ndouble average(std::vector<double> const& x) {",27_reduce_average,reduce,cpp,hpx,0.2,0.95,True,2048,False,double average(std::vector<double> const& x) {\n	// TODO: implement this function\n	return 0.0;\n},False,False,,16,-2469888,31425.0,0.97,31425.0,0.8849999999999999,24.48899483680725
"#include <hpx/hpx_main.hpp>\n\n/* Return the average of the vector x.\n   Use HPX to compute in parallel.  Assume HPX has already been initialized.\n   Examples:\n		\n	 input: [1, 8, 4, 5, 1]\n   output: 3.8\n\n   input: [2, 2, 2, 3]\n   output: 2.25\n*/\ndouble average(std::vector<double> const& x) {",27_reduce_average,reduce,cpp,hpx,0.2,0.95,True,2048,False,double average(std::vector<double> const& x) {\n	double sum = 0;\n	for (auto i : x) {\n		sum += i;\n	}\n	return sum / x.size();\n},False,False,,17,-4272128,31425.0,0.97,31425.0,0.9344827586206896,59.38026142120361
"#include <hpx/hpx_main.hpp>\n\n/* Return the average of the vector x.\n   Use HPX to compute in parallel.  Assume HPX has already been initialized.\n   Examples:\n		\n	 input: [1, 8, 4, 5, 1]\n   output: 3.8\n\n   input: [2, 2, 2, 3]\n   output: 2.25\n*/\ndouble average(std::vector<double> const& x) {",27_reduce_average,reduce,cpp,hpx,0.2,0.95,True,2048,False,double average(std::vector<double> const& x) {\n	double sum = 0;\n	for (auto i : x) {\n		sum += i;\n	}\n	return sum / x.size();\n},False,False,,18,3252224,31425.0,0.96,31425.0,0.7999999999999999,12.25088381767273
"#include <hpx/hpx_main.hpp>\n\n/* Return the average of the vector x.\n   Use HPX to compute in parallel.  Assume HPX has already been initialized.\n   Examples:\n		\n	 input: [1, 8, 4, 5, 1]\n   output: 3.8\n\n   input: [2, 2, 2, 3]\n   output: 2.25\n*/\ndouble average(std::vector<double> const& x) {",27_reduce_average,reduce,cpp,hpx,0.2,0.95,True,2048,False,double average(std::vector<double> const& x) {\n	// TODO: implement this function\n	return 0.0;\n},False,False,,19,43180032,31425.0,0.97,31425.0,0.9337931034482758,59.197980642318726
"#include <hpx/hpx_main.hpp>\n\n/* Return the average of the vector x.\n   Use HPX to compute in parallel.  Assume HPX has already been initialized.\n   Examples:\n		\n	 input: [1, 8, 4, 5, 1]\n   output: 3.8\n\n   input: [2, 2, 2, 3]\n   output: 2.25\n*/\ndouble average(std::vector<double> const& x) {",27_reduce_average,reduce,cpp,hpx,0.2,0.95,True,2048,False,double average(std::vector<double> const& x) {\n	double sum = 0;\n	for (auto i = 0; i < x.size(); i++) {\n		sum += x[i];\n	}\n	return sum / x.size();\n},False,False,,20,-187166720,31425.0,0.97,31425.0,0.9348275862068965,59.204702854156494
"#include <hpx/hpx_main.hpp>\n\n/* Return the average of the vector x.\n   Use HPX to compute in parallel.  Assume HPX has already been initialized.\n   Examples:\n		\n	 input: [1, 8, 4, 5, 1]\n   output: 3.8\n\n   input: [2, 2, 2, 3]\n   output: 2.25\n*/\ndouble average(std::vector<double> const& x) {",27_reduce_average,reduce,cpp,hpx,0.2,0.95,True,2048,False,double average(std::vector<double> const& x) {\n	double sum = 0;\n	for (auto i : x) {\n		sum += i;\n	}\n	return sum / x.size();\n},False,False,,21,-11448320,31425.0,0.97,31425.0,0.84375,16.326915740966797
"#include <hpx/hpx_main.hpp>\n\n/* Return the average of the vector x.\n   Use HPX to compute in parallel.  Assume HPX has already been initialized.\n   Examples:\n		\n	 input: [1, 8, 4, 5, 1]\n   output: 3.8\n\n   input: [2, 2, 2, 3]\n   output: 2.25\n*/\ndouble average(std::vector<double> const& x) {",27_reduce_average,reduce,cpp,hpx,0.2,0.95,True,2048,False,double average(std::vector<double> const& x) {\n	return 0;\n},False,False,,22,49229824,31425.0,0.97,31425.0,0.9344827586206896,59.18467998504639
"#include <hpx/hpx_main.hpp>\n\n/* Return the average of the vector x.\n   Use HPX to compute in parallel.  Assume HPX has already been initialized.\n   Examples:\n		\n	 input: [1, 8, 4, 5, 1]\n   output: 3.8\n\n   input: [2, 2, 2, 3]\n   output: 2.25\n*/\ndouble average(std::vector<double> const& x) {",27_reduce_average,reduce,cpp,hpx,0.2,0.95,True,2048,False,double average(std::vector<double> const& x) {\n	double sum = 0;\n	for (auto i : x) {\n		sum += i;\n	}\n	return sum / x.size();\n},False,False,,23,5926912,31425.0,0.97,31425.0,0.933448275862069,59.14910817146301
"#include <hpx/hpx_main.hpp>\n\n/* Return the average of the vector x.\n   Use HPX to compute in parallel.  Assume HPX has already been initialized.\n   Examples:\n		\n	 input: [1, 8, 4, 5, 1]\n   output: 3.8\n\n   input: [2, 2, 2, 3]\n   output: 2.25\n*/\ndouble average(std::vector<double> const& x) {",27_reduce_average,reduce,cpp,hpx,0.2,0.95,True,2048,False,double average(std::vector<double> const& x) {\n	// TODO: implement this function\n	return 0.0;\n},False,False,,24,75968512,31425.0,0.97,31425.0,0.9341379310344827,59.19569277763367
"#include <hpx/hpx_main.hpp>\n\n/* Return the average of the vector x.\n   Use HPX to compute in parallel.  Assume HPX has already been initialized.\n   Examples:\n		\n	 input: [1, 8, 4, 5, 1]\n   output: 3.8\n\n   input: [2, 2, 2, 3]\n   output: 2.25\n*/\ndouble average(std::vector<double> const& x) {",27_reduce_average,reduce,cpp,hpx,0.2,0.95,True,2048,False,double average(std::vector<double> const& x) {\n	// TODO: implement this function\n	return 0.0;\n},False,False,,25,-3575808,31425.0,0.97,31425.0,0.9332142857142857,57.13517999649048
"#include <hpx/hpx_main.hpp>\n\n/* Return the average of the vector x.\n   Use HPX to compute in parallel.  Assume HPX has already been initialized.\n   Examples:\n		\n	 input: [1, 8, 4, 5, 1]\n   output: 3.8\n\n   input: [2, 2, 2, 3]\n   output: 2.25\n*/\ndouble average(std::vector<double> const& x) {",27_reduce_average,reduce,cpp,hpx,0.2,0.95,True,2048,False,double average(std::vector<double> const& x) {\n	double sum = 0;\n	for (auto i : x) {\n		sum += i;\n	}\n	return sum / x.size();\n},False,False,,26,-6389760,31425.0,0.97,31425.0,0.9351724137931033,59.19787859916687
"#include <hpx/hpx_main.hpp>\n\n/* Return the average of the vector x.\n   Use HPX to compute in parallel.  Assume HPX has already been initialized.\n   Examples:\n		\n	 input: [1, 8, 4, 5, 1]\n   output: 3.8\n\n   input: [2, 2, 2, 3]\n   output: 2.25\n*/\ndouble average(std::vector<double> const& x) {",27_reduce_average,reduce,cpp,hpx,0.2,0.95,True,2048,False,double average(std::vector<double> const& x) {\n	double sum = 0;\n	for (auto i : x) {\n		sum += i;\n	}\n	return sum / x.size();\n},False,False,,27,80072704,31425.0,0.97,31425.0,0.9344827586206896,59.14476799964905
"#include <hpx/hpx_main.hpp>\n\n/* Return the average of the vector x.\n   Use HPX to compute in parallel.  Assume HPX has already been initialized.\n   Examples:\n		\n	 input: [1, 8, 4, 5, 1]\n   output: 3.8\n\n   input: [2, 2, 2, 3]\n   output: 2.25\n*/\ndouble average(std::vector<double> const& x) {",27_reduce_average,reduce,cpp,hpx,0.2,0.95,True,2048,False,double average(std::vector<double> const& x) {\n	double sum = 0;\n	for (auto i = 0; i < x.size(); i++) {\n		sum += x[i];\n	}\n	return sum / x.size();\n},False,False,,28,-27144192,31425.0,0.97,31425.0,0.9351724137931033,59.1611762046814
"#include <hpx/hpx_main.hpp>\n\n/* Return the average of the vector x.\n   Use HPX to compute in parallel.  Assume HPX has already been initialized.\n   Examples:\n		\n	 input: [1, 8, 4, 5, 1]\n   output: 3.8\n\n   input: [2, 2, 2, 3]\n   output: 2.25\n*/\ndouble average(std::vector<double> const& x) {",27_reduce_average,reduce,cpp,hpx,0.2,0.95,True,2048,False,double average(std::vector<double> const& x) {\n	double sum = 0;\n	for (auto i : x) {\n		sum += i;\n	}\n	return sum / x.size();\n},False,False,,29,-6688768,31425.0,0.97,31425.0,0.9351724137931033,59.1516432762146
"#include <hpx/hpx_main.hpp>\n\n/* Return the average of the vector x.\n   Use HPX to compute in parallel.  Assume HPX has already been initialized.\n   Examples:\n		\n	 input: [1, 8, 4, 5, 1]\n   output: 3.8\n\n   input: [2, 2, 2, 3]\n   output: 2.25\n*/\ndouble average(std::vector<double> const& x) {",27_reduce_average,reduce,cpp,hpx,0.2,0.95,True,2048,False,double average(std::vector<double> const& x) {\n	// TODO: implement this function\n	return 0.0;\n},False,False,,30,40706048,31425.0,0.97,31425.0,0.9341379310344827,59.1719651222229
"#include <hpx/hpx_main.hpp>\n\n/* Return the average of the vector x.\n   Use HPX to compute in parallel.  Assume HPX has already been initialized.\n   Examples:\n		\n	 input: [1, 8, 4, 5, 1]\n   output: 3.8\n\n   input: [2, 2, 2, 3]\n   output: 2.25\n*/\ndouble average(std::vector<double> const& x) {",27_reduce_average,reduce,cpp,hpx,0.2,0.95,True,2048,False,double average(std::vector<double> const& x) {\n	double sum = 0;\n	for (double i : x) {\n		sum += i;\n	}\n	return sum / x.size();\n},False,False,,31,1064960,31425.0,0.97,31425.0,0.9174999999999999,40.80595898628235
"#include <hpx/hpx_main.hpp>\n\n/* Return the average of the vector x.\n   Use HPX to compute in parallel.  Assume HPX has already been initialized.\n   Examples:\n		\n	 input: [1, 8, 4, 5, 1]\n   output: 3.8\n\n   input: [2, 2, 2, 3]\n   output: 2.25\n*/\ndouble average(std::vector<double> const& x) {",27_reduce_average,reduce,cpp,hpx,0.2,0.95,True,2048,False,double average(std::vector<double> const& x) {\n	double sum = 0;\n	for (auto i : x) {\n		sum += i;\n	}\n	return sum / x.size();\n},False,False,,32,-5857280,31425.0,0.97,31425.0,0.9332142857142857,57.11087107658386
"#include <hpx/hpx_main.hpp>\n\n/* Return the average of the vector x.\n   Use HPX to compute in parallel.  Assume HPX has already been initialized.\n   Examples:\n		\n	 input: [1, 8, 4, 5, 1]\n   output: 3.8\n\n   input: [2, 2, 2, 3]\n   output: 2.25\n*/\ndouble average(std::vector<double> const& x) {",27_reduce_average,reduce,cpp,hpx,0.2,0.95,True,2048,False,double average(std::vector<double> const& x) {\n	double sum = 0;\n	for (auto i = 0; i < x.size(); i++) {\n		sum += x[i];\n	}\n	return sum / x.size();\n},False,False,,33,-131076096,31425.0,0.97,31425.0,0.9680769230769231,53.033174991607666
"#include <hpx/hpx_main.hpp>\n\n/* Return the average of the vector x.\n   Use HPX to compute in parallel.  Assume HPX has already been initialized.\n   Examples:\n		\n	 input: [1, 8, 4, 5, 1]\n   output: 3.8\n\n   input: [2, 2, 2, 3]\n   output: 2.25\n*/\ndouble average(std::vector<double> const& x) {",27_reduce_average,reduce,cpp,hpx,0.2,0.95,True,2048,False,double average(std::vector<double> const& x) {\n	return 0.0;\n},False,False,,34,-113414144,31425.0,0.97,31425.0,0.9337931034482758,59.21586298942566
"#include <hpx/hpx_main.hpp>\n\n/* Return the average of the vector x.\n   Use HPX to compute in parallel.  Assume HPX has already been initialized.\n   Examples:\n		\n	 input: [1, 8, 4, 5, 1]\n   output: 3.8\n\n   input: [2, 2, 2, 3]\n   output: 2.25\n*/\ndouble average(std::vector<double> const& x) {",27_reduce_average,reduce,cpp,hpx,0.2,0.95,True,2048,False,double average(std::vector<double> const& x) {\n	// TODO: implement this function\n	return 0.0;\n},False,False,,35,-56057856,31425.0,0.97,31425.0,0.9341379310344827,59.15790343284607
"#include <hpx/hpx_main.hpp>\n\n/* Return the average of the vector x.\n   Use HPX to compute in parallel.  Assume HPX has already been initialized.\n   Examples:\n		\n	 input: [1, 8, 4, 5, 1]\n   output: 3.8\n\n   input: [2, 2, 2, 3]\n   output: 2.25\n*/\ndouble average(std::vector<double> const& x) {",27_reduce_average,reduce,cpp,hpx,0.2,0.95,True,2048,False,double average(std::vector<double> const& x) {\n	double sum = 0;\n	for (int i = 0; i < x.size(); i++) {\n		sum += x[i];\n	}\n	return sum / x.size();\n},False,False,,36,47984640,31425.0,0.97,31425.0,0.9348275862068965,59.205002784729004
"#include <hpx/hpx_main.hpp>\n\n/* Return the average of the vector x.\n   Use HPX to compute in parallel.  Assume HPX has already been initialized.\n   Examples:\n		\n	 input: [1, 8, 4, 5, 1]\n   output: 3.8\n\n   input: [2, 2, 2, 3]\n   output: 2.25\n*/\ndouble average(std::vector<double> const& x) {",27_reduce_average,reduce,cpp,hpx,0.2,0.95,True,2048,False,double average(std::vector<double> const& x) {\n	double sum = 0;\n	for (auto i : x) {\n		sum += i;\n	}\n	return sum / x.size();\n},False,False,,37,103743488,31425.0,0.97,31425.0,0.9070588235294118,34.682443380355835
"#include <hpx/hpx_main.hpp>\n\n/* Return the average of the vector x.\n   Use HPX to compute in parallel.  Assume HPX has already been initialized.\n   Examples:\n		\n	 input: [1, 8, 4, 5, 1]\n   output: 3.8\n\n   input: [2, 2, 2, 3]\n   output: 2.25\n*/\ndouble average(std::vector<double> const& x) {",27_reduce_average,reduce,cpp,hpx,0.2,0.95,True,2048,False,double average(std::vector<double> const& x) {\n	// TODO: implement this function\n	return 0.0;\n},False,False,,38,17981440,31425.0,0.97,31425.0,0.9633333333333334,18.38745403289795
"#include <hpx/hpx_main.hpp>\n\n/* Return the average of the vector x.\n   Use HPX to compute in parallel.  Assume HPX has already been initialized.\n   Examples:\n		\n	 input: [1, 8, 4, 5, 1]\n   output: 3.8\n\n   input: [2, 2, 2, 3]\n   output: 2.25\n*/\ndouble average(std::vector<double> const& x) {",27_reduce_average,reduce,cpp,hpx,0.2,0.95,True,2048,False,double average(std::vector<double> const& x) {\n	// TODO: implement this function\n	return 0.0;\n},False,False,,39,67334144,31425.0,0.97,31425.0,0.9682758620689654,59.174845933914185
"#include <hpx/hpx_main.hpp>\n\n/* Return the average of the vector x.\n   Use HPX to compute in parallel.  Assume HPX has already been initialized.\n   Examples:\n		\n	 input: [1, 8, 4, 5, 1]\n   output: 3.8\n\n   input: [2, 2, 2, 3]\n   output: 2.25\n*/\ndouble average(std::vector<double> const& x) {",27_reduce_average,reduce,cpp,hpx,0.2,0.95,True,2048,False,double average(std::vector<double> const& x) {\n	// TODO: implement this function\n	return 0.0;\n},False,False,,40,36122624,31425.0,0.97,31425.0,0.9351724137931033,59.20281624794006
"#include <hpx/hpx_main.hpp>\n\n/* Return the average of the vector x.\n   Use HPX to compute in parallel.  Assume HPX has already been initialized.\n   Examples:\n		\n	 input: [1, 8, 4, 5, 1]\n   output: 3.8\n\n   input: [2, 2, 2, 3]\n   output: 2.25\n*/\ndouble average(std::vector<double> const& x) {",27_reduce_average,reduce,cpp,hpx,0.2,0.95,True,2048,False,double average(std::vector<double> const& x) {\n	// TODO: implement this function\n	return 0.0;\n},False,False,,41,-54628352,31425.0,0.97,31425.0,0.92,42.84785079956055
"#include <hpx/hpx_main.hpp>\n\n/* Return the average of the vector x.\n   Use HPX to compute in parallel.  Assume HPX has already been initialized.\n   Examples:\n		\n	 input: [1, 8, 4, 5, 1]\n   output: 3.8\n\n   input: [2, 2, 2, 3]\n   output: 2.25\n*/\ndouble average(std::vector<double> const& x) {",27_reduce_average,reduce,cpp,hpx,0.2,0.95,True,2048,False,double average(std::vector<double> const& x) {\n	// TODO: implement this function\n	return 0;\n},False,False,,42,13041664,31425.0,0.97,31425.0,0.9679310344827586,59.18914866447449
"#include <hpx/hpx_main.hpp>\n\n/* Return the average of the vector x.\n   Use HPX to compute in parallel.  Assume HPX has already been initialized.\n   Examples:\n		\n	 input: [1, 8, 4, 5, 1]\n   output: 3.8\n\n   input: [2, 2, 2, 3]\n   output: 2.25\n*/\ndouble average(std::vector<double> const& x) {",27_reduce_average,reduce,cpp,hpx,0.2,0.95,True,2048,False,double average(std::vector<double> const& x) {\n	double sum = 0;\n	for (auto i : x) {\n		sum += i;\n	}\n	return sum / x.size();\n},False,False,,43,2764800,31425.0,0.97,31425.0,0.7699999999999999,10.211915493011475
"#include <hpx/hpx_main.hpp>\n\n/* Return the average of the vector x.\n   Use HPX to compute in parallel.  Assume HPX has already been initialized.\n   Examples:\n		\n	 input: [1, 8, 4, 5, 1]\n   output: 3.8\n\n   input: [2, 2, 2, 3]\n   output: 2.25\n*/\ndouble average(std::vector<double> const& x) {",27_reduce_average,reduce,cpp,hpx,0.2,0.95,True,2048,False,double average(std::vector<double> const& x) {\n	double sum = 0;\n	for (auto i : x) {\n		sum += i;\n	}\n	return sum / x.size();\n},False,False,,44,89518080,31425.0,0.97,31425.0,0.9579310344827585,59.205228090286255
"#include <hpx/hpx_main.hpp>\n\n/* Return the average of the vector x.\n   Use HPX to compute in parallel.  Assume HPX has already been initialized.\n   Examples:\n		\n	 input: [1, 8, 4, 5, 1]\n   output: 3.8\n\n   input: [2, 2, 2, 3]\n   output: 2.25\n*/\ndouble average(std::vector<double> const& x) {",27_reduce_average,reduce,cpp,hpx,0.2,0.95,True,2048,False,double average(std::vector<double> const& x) {\n	return 0.0;\n},False,False,,45,2568192,31425.0,0.97,31425.0,0.9341379310344827,59.19077205657959
"#include <hpx/hpx_main.hpp>\n\n/* Return the average of the vector x.\n   Use HPX to compute in parallel.  Assume HPX has already been initialized.\n   Examples:\n		\n	 input: [1, 8, 4, 5, 1]\n   output: 3.8\n\n   input: [2, 2, 2, 3]\n   output: 2.25\n*/\ndouble average(std::vector<double> const& x) {",27_reduce_average,reduce,cpp,hpx,0.2,0.95,True,2048,False,double average(std::vector<double> const& x) {\n	// TODO: implement this function\n	return 0.0;\n},False,False,,46,15314944,31425.0,0.97,31425.0,0.9348275862068965,59.174038887023926
"#include <hpx/hpx_main.hpp>\n\n/* Return the average of the vector x.\n   Use HPX to compute in parallel.  Assume HPX has already been initialized.\n   Examples:\n		\n	 input: [1, 8, 4, 5, 1]\n   output: 3.8\n\n   input: [2, 2, 2, 3]\n   output: 2.25\n*/\ndouble average(std::vector<double> const& x) {",27_reduce_average,reduce,cpp,hpx,0.2,0.95,True,2048,False,double average(std::vector<double> const& x) {\n	// TODO: implement this function\n	return 0.0;\n},False,False,,47,30072832,31425.0,0.97,31425.0,0.9341379310344827,59.175841093063354
"#include <hpx/hpx_main.hpp>\n\n/* Return the average of the vector x.\n   Use HPX to compute in parallel.  Assume HPX has already been initialized.\n   Examples:\n		\n	 input: [1, 8, 4, 5, 1]\n   output: 3.8\n\n   input: [2, 2, 2, 3]\n   output: 2.25\n*/\ndouble average(std::vector<double> const& x) {",27_reduce_average,reduce,cpp,hpx,0.2,0.95,True,2048,False,double average(std::vector<double> const& x) {\n	double sum = 0;\n	for (auto i : x) {\n		sum += i;\n	}\n	return sum / x.size();\n},False,False,,48,47955968,31425.0,0.97,31425.0,0.7224999999999999,8.17507028579712
"#include <hpx/hpx_main.hpp>\n\n/* Return the average of the vector x.\n   Use HPX to compute in parallel.  Assume HPX has already been initialized.\n   Examples:\n		\n	 input: [1, 8, 4, 5, 1]\n   output: 3.8\n\n   input: [2, 2, 2, 3]\n   output: 2.25\n*/\ndouble average(std::vector<double> const& x) {",27_reduce_average,reduce,cpp,hpx,0.2,0.95,True,2048,False,double average(std::vector<double> const& x) {\n	// TODO: implement this function\n	return 0;\n},False,False,,49,-28418048,31425.0,0.97,31425.0,0.906875,32.66574168205261
"#include <hpx/hpx_main.hpp>\n\n/* Return the average of the vector x.\n   Use HPX to compute in parallel.  Assume HPX has already been initialized.\n   Examples:\n		\n	 input: [1, 8, 4, 5, 1]\n   output: 3.8\n\n   input: [2, 2, 2, 3]\n   output: 2.25\n*/\ndouble average(std::vector<double> const& x) {",27_reduce_average,reduce,cpp,hpx,0.2,0.95,True,2048,False,double average(std::vector<double> const& x) {\n	double sum = 0;\n	for (auto i = x.begin(); i!= x.end(); ++i) {\n		sum += *i;\n	}\n	return sum / x.size();\n},False,False,,50,-15683584,31425.0,0.97,31425.0,0.8841666666666667,24.46793842315674
"#include <hpx/hpx_main.hpp>\n\n/* Return the average of the vector x.\n   Use HPX to compute in parallel.  Assume HPX has already been initialized.\n   Examples:\n		\n	 input: [1, 8, 4, 5, 1]\n   output: 3.8\n\n   input: [2, 2, 2, 3]\n   output: 2.25\n*/\ndouble average(std::vector<double> const& x) {",27_reduce_average,reduce,cpp,hpx,0.2,0.95,True,2048,False,double average(std::vector<double> const& x) {\n	double sum = 0;\n	for (double i : x) {\n		sum += i;\n	}\n	return sum / x.size();\n},False,False,,51,-182284288,31425.0,0.97,31425.0,0.9344827586206896,59.1469030380249
"#include <hpx/hpx_main.hpp>\n\n/* Return the average of the vector x.\n   Use HPX to compute in parallel.  Assume HPX has already been initialized.\n   Examples:\n		\n	 input: [1, 8, 4, 5, 1]\n   output: 3.8\n\n   input: [2, 2, 2, 3]\n   output: 2.25\n*/\ndouble average(std::vector<double> const& x) {",27_reduce_average,reduce,cpp,hpx,0.2,0.95,True,2048,False,double average(std::vector<double> const& x) {\n	double sum = 0;\n	for (double i : x) {\n		sum += i;\n	}\n	return sum / x.size();\n},False,False,,52,-155713536,31425.0,0.97,31425.0,0.9236363636363637,44.890724897384644
"#include <hpx/hpx_main.hpp>\n\n/* Return the average of the vector x.\n   Use HPX to compute in parallel.  Assume HPX has already been initialized.\n   Examples:\n		\n	 input: [1, 8, 4, 5, 1]\n   output: 3.8\n\n   input: [2, 2, 2, 3]\n   output: 2.25\n*/\ndouble average(std::vector<double> const& x) {",27_reduce_average,reduce,cpp,hpx,0.2,0.95,True,2048,False,double average(std::vector<double> const& x) {\n	double sum = 0;\n	for (double i : x) {\n		sum += i;\n	}\n	return sum / x.size();\n},False,False,,53,38862848,31425.0,0.97,31425.0,0.9327586206896552,59.16288685798645
"#include <hpx/hpx_main.hpp>\n\n/* Return the average of the vector x.\n   Use HPX to compute in parallel.  Assume HPX has already been initialized.\n   Examples:\n		\n	 input: [1, 8, 4, 5, 1]\n   output: 3.8\n\n   input: [2, 2, 2, 3]\n   output: 2.25\n*/\ndouble average(std::vector<double> const& x) {",27_reduce_average,reduce,cpp,hpx,0.2,0.95,True,2048,False,double average(std::vector<double> const& x) {\n	double sum = 0;\n	for (double i : x) {\n		sum += i;\n	}\n	return sum / x.size();\n},False,False,,54,11096064,31425.0,0.97,31425.0,0.9344827586206896,59.164936542510986
"#include <hpx/hpx_main.hpp>\n\n/* Return the average of the vector x.\n   Use HPX to compute in parallel.  Assume HPX has already been initialized.\n   Examples:\n		\n	 input: [1, 8, 4, 5, 1]\n   output: 3.8\n\n   input: [2, 2, 2, 3]\n   output: 2.25\n*/\ndouble average(std::vector<double> const& x) {",27_reduce_average,reduce,cpp,hpx,0.2,0.95,True,2048,False,double average(std::vector<double> const& x) {\n	double sum = 0;\n	for (auto i : x) {\n		sum += i;\n	}\n	return sum / x.size();\n},False,False,,55,11821056,31425.0,0.97,31425.0,0.8016666666666666,12.242894411087036
"#include <hpx/hpx_main.hpp>\n\n/* Return the average of the vector x.\n   Use HPX to compute in parallel.  Assume HPX has already been initialized.\n   Examples:\n		\n	 input: [1, 8, 4, 5, 1]\n   output: 3.8\n\n   input: [2, 2, 2, 3]\n   output: 2.25\n*/\ndouble average(std::vector<double> const& x) {",27_reduce_average,reduce,cpp,hpx,0.2,0.95,True,2048,False,double average(std::vector<double> const& x) {\n	// TODO: implement this function\n	return 0.0;\n},False,False,,56,-11255808,31425.0,0.97,31425.0,0.9223529411764706,34.719847679138184
"#include <hpx/hpx_main.hpp>\n\n/* Return the average of the vector x.\n   Use HPX to compute in parallel.  Assume HPX has already been initialized.\n   Examples:\n		\n	 input: [1, 8, 4, 5, 1]\n   output: 3.8\n\n   input: [2, 2, 2, 3]\n   output: 2.25\n*/\ndouble average(std::vector<double> const& x) {",27_reduce_average,reduce,cpp,hpx,0.2,0.95,True,2048,False,double average(std::vector<double> const& x) {\n	double sum = 0;\n	for (auto i : x) {\n		sum += i;\n	}\n	return sum / x.size();\n},False,False,,57,230531072,31425.0,0.97,31425.0,0.9344827586206896,59.19310522079468
"#include <hpx/hpx_main.hpp>\n\n/* Return the average of the vector x.\n   Use HPX to compute in parallel.  Assume HPX has already been initialized.\n   Examples:\n		\n	 input: [1, 8, 4, 5, 1]\n   output: 3.8\n\n   input: [2, 2, 2, 3]\n   output: 2.25\n*/\ndouble average(std::vector<double> const& x) {",27_reduce_average,reduce,cpp,hpx,0.2,0.95,True,2048,False,double average(std::vector<double> const& x) {\n	// TODO: implement this function\n	return 0.0;\n},False,False,,58,-20897792,31425.0,0.97,31425.0,0.9351724137931033,59.17920255661011
"#include <hpx/hpx_main.hpp>\n\n/* Return the average of the vector x.\n   Use HPX to compute in parallel.  Assume HPX has already been initialized.\n   Examples:\n		\n	 input: [1, 8, 4, 5, 1]\n   output: 3.8\n\n   input: [2, 2, 2, 3]\n   output: 2.25\n*/\ndouble average(std::vector<double> const& x) {",27_reduce_average,reduce,cpp,hpx,0.2,0.95,True,2048,False,double average(std::vector<double> const& x) {\n	double sum = 0;\n	for (auto i : x) {\n		sum += i;\n	}\n	return sum / x.size();\n},False,False,,59,19968000,31425.0,0.97,31425.0,0.9344827586206896,59.148953676223755
"#include <hpx/hpx_main.hpp>\n\n/* Return the average of the vector x.\n   Use HPX to compute in parallel.  Assume HPX has already been initialized.\n   Examples:\n		\n	 input: [1, 8, 4, 5, 1]\n   output: 3.8\n\n   input: [2, 2, 2, 3]\n   output: 2.25\n*/\ndouble average(std::vector<double> const& x) {",27_reduce_average,reduce,cpp,hpx,0.2,0.95,True,2048,False,double average(std::vector<double> const& x) {\n	double sum = 0;\n	for (auto i : x) {\n		sum += i;\n	}\n	return sum / x.size();\n},False,False,,60,43552768,31425.0,0.97,31425.0,0.9341379310344827,59.196860790252686
"#include <hpx/hpx_main.hpp>\n\n/* Return the average of the vector x.\n   Use HPX to compute in parallel.  Assume HPX has already been initialized.\n   Examples:\n		\n	 input: [1, 8, 4, 5, 1]\n   output: 3.8\n\n   input: [2, 2, 2, 3]\n   output: 2.25\n*/\ndouble average(std::vector<double> const& x) {",27_reduce_average,reduce,cpp,hpx,0.2,0.95,True,2048,False,double average(std::vector<double> const& x) {\n	double sum = 0;\n	for (auto i = 0; i < x.size(); i++) {\n		sum += x[i];\n	}\n	return sum / x.size();\n},False,False,,61,-37580800,31425.0,0.97,31425.0,0.9341379310344827,59.19688630104065
"#include <hpx/hpx_main.hpp>\n\n/* Return the average of the vector x.\n   Use HPX to compute in parallel.  Assume HPX has already been initialized.\n   Examples:\n		\n	 input: [1, 8, 4, 5, 1]\n   output: 3.8\n\n   input: [2, 2, 2, 3]\n   output: 2.25\n*/\ndouble average(std::vector<double> const& x) {",27_reduce_average,reduce,cpp,hpx,0.2,0.95,True,2048,False,double average(std::vector<double> const& x) {\n	// TODO: implement this function\n	return 0.0;\n},False,False,,62,954368,31425.0,0.97,31425.0,0.9337931034482758,59.17282176017761
"#include <hpx/hpx_main.hpp>\n\n/* Return the average of the vector x.\n   Use HPX to compute in parallel.  Assume HPX has already been initialized.\n   Examples:\n		\n	 input: [1, 8, 4, 5, 1]\n   output: 3.8\n\n   input: [2, 2, 2, 3]\n   output: 2.25\n*/\ndouble average(std::vector<double> const& x) {",27_reduce_average,reduce,cpp,hpx,0.2,0.95,True,2048,False,double average(std::vector<double> const& x) {\n	// TODO: implement this function\n	return 0.0;\n},False,False,,63,75137024,31425.0,0.97,31425.0,0.9341379310344827,59.19675660133362
"#include <hpx/hpx_main.hpp>\n\n/* Return the average of the vector x.\n   Use HPX to compute in parallel.  Assume HPX has already been initialized.\n   Examples:\n		\n	 input: [1, 8, 4, 5, 1]\n   output: 3.8\n\n   input: [2, 2, 2, 3]\n   output: 2.25\n*/\ndouble average(std::vector<double> const& x) {",27_reduce_average,reduce,cpp,hpx,0.2,0.95,True,2048,False,double average(std::vector<double> const& x) {\n	// TODO: implement this function\n	return 0.0;\n},False,False,,64,-26443776,31425.0,0.97,31425.0,0.9133333333333332,36.72790884971619
"#include <hpx/hpx_main.hpp>\n\n/* Return the average of the vector x.\n   Use HPX to compute in parallel.  Assume HPX has already been initialized.\n   Examples:\n		\n	 input: [1, 8, 4, 5, 1]\n   output: 3.8\n\n   input: [2, 2, 2, 3]\n   output: 2.25\n*/\ndouble average(std::vector<double> const& x) {",27_reduce_average,reduce,cpp,hpx,0.2,0.95,True,2048,False,double average(std::vector<double> const& x) {\n	// TODO: implement this function\n	return 0.0;\n},False,False,,65,700416,31425.0,0.97,31425.0,0.9446153846153845,53.049941301345825
"#include <hpx/hpx_main.hpp>\n\n/* Return the average of the vector x.\n   Use HPX to compute in parallel.  Assume HPX has already been initialized.\n   Examples:\n		\n	 input: [1, 8, 4, 5, 1]\n   output: 3.8\n\n   input: [2, 2, 2, 3]\n   output: 2.25\n*/\ndouble average(std::vector<double> const& x) {",27_reduce_average,reduce,cpp,hpx,0.2,0.95,True,2048,False,double average(std::vector<double> const& x) {\n	double sum = 0;\n	for (auto i : x) {\n		sum += i;\n	}\n	return sum / x.size();\n},False,False,,66,-60846080,31425.0,0.97,31425.0,0.9094117647058823,34.64995336532593
"#include <hpx/hpx_main.hpp>\n\n/* Return the average of the vector x.\n   Use HPX to compute in parallel.  Assume HPX has already been initialized.\n   Examples:\n		\n	 input: [1, 8, 4, 5, 1]\n   output: 3.8\n\n   input: [2, 2, 2, 3]\n   output: 2.25\n*/\ndouble average(std::vector<double> const& x) {",27_reduce_average,reduce,cpp,hpx,0.2,0.95,True,2048,False,double average(std::vector<double> const& x) {\n	double sum = 0;\n	for (auto i : x) {\n		sum += i;\n	}\n	return sum / x.size();\n},False,False,,67,-37019648,31425.0,0.97,31425.0,0.7699999999999999,10.222142457962036
"#include <hpx/hpx_main.hpp>\n\n/* Return the average of the vector x.\n   Use HPX to compute in parallel.  Assume HPX has already been initialized.\n   Examples:\n		\n	 input: [1, 8, 4, 5, 1]\n   output: 3.8\n\n   input: [2, 2, 2, 3]\n   output: 2.25\n*/\ndouble average(std::vector<double> const& x) {",27_reduce_average,reduce,cpp,hpx,0.2,0.95,True,2048,False,double average(std::vector<double> const& x) {\n	return 0.0;\n},False,False,,68,-183091200,31425.0,0.97,31425.0,0.9337931034482758,59.254945039749146
"#include <hpx/hpx_main.hpp>\n\n/* Return the average of the vector x.\n   Use HPX to compute in parallel.  Assume HPX has already been initialized.\n   Examples:\n		\n	 input: [1, 8, 4, 5, 1]\n   output: 3.8\n\n   input: [2, 2, 2, 3]\n   output: 2.25\n*/\ndouble average(std::vector<double> const& x) {",27_reduce_average,reduce,cpp,hpx,0.2,0.95,True,2048,False,double average(std::vector<double> const& x) {\n	double sum = 0;\n	for (auto i : x) {\n		sum += i;\n	}\n	return sum / x.size();\n},False,False,,69,-27398144,31425.0,0.97,31425.0,0.8566666666666667,18.365013122558594
"#include <hpx/hpx_main.hpp>\n\n/* Return the average of the vector x.\n   Use HPX to compute in parallel.  Assume HPX has already been initialized.\n   Examples:\n		\n	 input: [1, 8, 4, 5, 1]\n   output: 3.8\n\n   input: [2, 2, 2, 3]\n   output: 2.25\n*/\ndouble average(std::vector<double> const& x) {",27_reduce_average,reduce,cpp,hpx,0.2,0.95,True,2048,False,double average(std::vector<double> const& x) {\n	double sum = 0;\n	for (int i = 0; i < x.size(); i++) {\n		sum += x[i];\n	}\n	return sum / x.size();\n},False,False,,70,144019456,31425.0,0.97,31425.0,0.9344827586206896,59.166717767715454
"#include <hpx/hpx_main.hpp>\n\n/* Return the average of the vector x.\n   Use HPX to compute in parallel.  Assume HPX has already been initialized.\n   Examples:\n		\n	 input: [1, 8, 4, 5, 1]\n   output: 3.8\n\n   input: [2, 2, 2, 3]\n   output: 2.25\n*/\ndouble average(std::vector<double> const& x) {",27_reduce_average,reduce,cpp,hpx,0.2,0.95,True,2048,False,double average(std::vector<double> const& x) {\n	double sum = 0;\n	for (double i : x) {\n		sum += i;\n	}\n	return sum / x.size();\n},False,False,,71,167936,31425.0,0.97,31425.0,0.933103448275862,59.213300943374634
"#include <hpx/hpx_main.hpp>\n\n/* Return the average of the vector x.\n   Use HPX to compute in parallel.  Assume HPX has already been initialized.\n   Examples:\n		\n	 input: [1, 8, 4, 5, 1]\n   output: 3.8\n\n   input: [2, 2, 2, 3]\n   output: 2.25\n*/\ndouble average(std::vector<double> const& x) {",27_reduce_average,reduce,cpp,hpx,0.2,0.95,True,2048,False,double average(std::vector<double> const& x) {\n	// TODO: implement this function\n	return 0.0;\n},False,False,,72,95006720,31425.0,0.97,31425.0,0.9348275862068965,59.16856288909912
"#include <hpx/hpx_main.hpp>\n\n/* Return the average of the vector x.\n   Use HPX to compute in parallel.  Assume HPX has already been initialized.\n   Examples:\n		\n	 input: [1, 8, 4, 5, 1]\n   output: 3.8\n\n   input: [2, 2, 2, 3]\n   output: 2.25\n*/\ndouble average(std::vector<double> const& x) {",27_reduce_average,reduce,cpp,hpx,0.2,0.95,True,2048,False,double average(std::vector<double> const& x) {\n	double sum = 0;\n	for (int i = 0; i < x.size(); i++) {\n		sum += x[i];\n	}\n	return sum / x.size();\n},False,False,,73,-16416768,31425.0,0.97,31425.0,0.9043749999999999,32.63597869873047
"#include <hpx/hpx_main.hpp>\n\n/* Return the average of the vector x.\n   Use HPX to compute in parallel.  Assume HPX has already been initialized.\n   Examples:\n		\n	 input: [1, 8, 4, 5, 1]\n   output: 3.8\n\n   input: [2, 2, 2, 3]\n   output: 2.25\n*/\ndouble average(std::vector<double> const& x) {",27_reduce_average,reduce,cpp,hpx,0.2,0.95,True,2048,False,double average(std::vector<double> const& x) {\n	return 0;\n},False,False,,74,-14524416,31425.0,0.97,31425.0,0.933448275862069,59.159727811813354
"#include <hpx/hpx_main.hpp>\n\n/* Return the average of the vector x.\n   Use HPX to compute in parallel.  Assume HPX has already been initialized.\n   Examples:\n		\n	 input: [1, 8, 4, 5, 1]\n   output: 3.8\n\n   input: [2, 2, 2, 3]\n   output: 2.25\n*/\ndouble average(std::vector<double> const& x) {",27_reduce_average,reduce,cpp,hpx,0.2,0.95,True,2048,False,double average(std::vector<double> const& x) {\n	double sum = 0;\n	for (auto i : x) {\n		sum += i;\n	}\n	return sum / x.size();\n},False,False,,75,8781824,31425.0,0.97,31425.0,0.9344827586206896,59.18187141418457
"#include <hpx/hpx_main.hpp>\n\n/* Return the average of the vector x.\n   Use HPX to compute in parallel.  Assume HPX has already been initialized.\n   Examples:\n		\n	 input: [1, 8, 4, 5, 1]\n   output: 3.8\n\n   input: [2, 2, 2, 3]\n   output: 2.25\n*/\ndouble average(std::vector<double> const& x) {",27_reduce_average,reduce,cpp,hpx,0.2,0.95,True,2048,False,double average(std::vector<double> const& x) {\n	double sum = 0;\n	for (auto i : x) {\n		sum += i;\n	}\n	return sum / x.size();\n},False,False,,76,381501440,31425.0,0.97,31425.0,0.9355172413793104,59.26021862030029
"#include <hpx/hpx_main.hpp>\n\n/* Return the average of the vector x.\n   Use HPX to compute in parallel.  Assume HPX has already been initialized.\n   Examples:\n		\n	 input: [1, 8, 4, 5, 1]\n   output: 3.8\n\n   input: [2, 2, 2, 3]\n   output: 2.25\n*/\ndouble average(std::vector<double> const& x) {",27_reduce_average,reduce,cpp,hpx,0.2,0.95,True,2048,False,double average(std::vector<double> const& x) {\n	// TODO: implement this function\n	return 0.0;\n},False,False,,77,1301897216,31425.0,0.97,31425.0,0.9337931034482758,59.22367858886719
"#include <hpx/hpx_main.hpp>\n\n/* Return the average of the vector x.\n   Use HPX to compute in parallel.  Assume HPX has already been initialized.\n   Examples:\n		\n	 input: [1, 8, 4, 5, 1]\n   output: 3.8\n\n   input: [2, 2, 2, 3]\n   output: 2.25\n*/\ndouble average(std::vector<double> const& x) {",27_reduce_average,reduce,cpp,hpx,0.2,0.95,True,2048,False,double average(std::vector<double> const& x) {\n	double sum = 0;\n	for (double i : x) {\n		sum += i;\n	}\n	return sum / x.size();\n},False,False,,78,-23343104,31425.0,0.97,31425.0,0.9344827586206896,59.20184564590454
"#include <hpx/hpx_main.hpp>\n\n/* Return the average of the vector x.\n   Use HPX to compute in parallel.  Assume HPX has already been initialized.\n   Examples:\n		\n	 input: [1, 8, 4, 5, 1]\n   output: 3.8\n\n   input: [2, 2, 2, 3]\n   output: 2.25\n*/\ndouble average(std::vector<double> const& x) {",27_reduce_average,reduce,cpp,hpx,0.2,0.95,True,2048,False,double average(std::vector<double> const& x) {\n	double sum = 0;\n	for (double i : x) {\n		sum += i;\n	}\n	return sum / x.size();\n},False,False,,79,-15601664,31425.0,0.97,31425.0,0.7699999999999999,10.204985857009888
"#include <hpx/hpx_main.hpp>\n\n/* Return the average of the vector x.\n   Use HPX to compute in parallel.  Assume HPX has already been initialized.\n   Examples:\n		\n	 input: [1, 8, 4, 5, 1]\n   output: 3.8\n\n   input: [2, 2, 2, 3]\n   output: 2.25\n*/\ndouble average(std::vector<double> const& x) {",27_reduce_average,reduce,cpp,hpx,0.2,0.95,True,2048,False,double average(std::vector<double> const& x) {\n	double sum = 0;\n	for (auto i = x.begin(); i!= x.end(); ++i) {\n		sum += *i;\n	}\n	return sum / x.size();\n},False,False,,80,70926336,31425.0,0.97,31425.0,0.9341379310344827,59.20195770263672
"#include <hpx/hpx_main.hpp>\n\n/* Return the average of the vector x.\n   Use HPX to compute in parallel.  Assume HPX has already been initialized.\n   Examples:\n		\n	 input: [1, 8, 4, 5, 1]\n   output: 3.8\n\n   input: [2, 2, 2, 3]\n   output: 2.25\n*/\ndouble average(std::vector<double> const& x) {",27_reduce_average,reduce,cpp,hpx,0.2,0.95,True,2048,False,double average(std::vector<double> const& x) {\n	double sum = 0;\n	for (double i : x) {\n		sum += i;\n	}\n	return sum / x.size();\n},False,False,,81,-6565888,31425.0,0.97,31425.0,0.9344827586206896,59.199161529541016
"#include <hpx/hpx_main.hpp>\n\n/* Return the average of the vector x.\n   Use HPX to compute in parallel.  Assume HPX has already been initialized.\n   Examples:\n		\n	 input: [1, 8, 4, 5, 1]\n   output: 3.8\n\n   input: [2, 2, 2, 3]\n   output: 2.25\n*/\ndouble average(std::vector<double> const& x) {",27_reduce_average,reduce,cpp,hpx,0.2,0.95,True,2048,False,double average(std::vector<double> const& x) {\n	// TODO: Implement this function.\n	return 0.0;\n},False,False,,82,-6549504,31425.0,0.97,31425.0,0.9231818181818181,44.953734159469604
"#include <hpx/hpx_main.hpp>\n\n/* Return the average of the vector x.\n   Use HPX to compute in parallel.  Assume HPX has already been initialized.\n   Examples:\n		\n	 input: [1, 8, 4, 5, 1]\n   output: 3.8\n\n   input: [2, 2, 2, 3]\n   output: 2.25\n*/\ndouble average(std::vector<double> const& x) {",27_reduce_average,reduce,cpp,hpx,0.2,0.95,True,2048,False,double average(std::vector<double> const& x) {\n	// TODO: implement this function\n	return 0.0;\n},False,False,,83,-139591680,31425.0,0.97,31425.0,0.9099999999999999,34.683924198150635
"#include <hpx/hpx_main.hpp>\n\n/* Return the average of the vector x.\n   Use HPX to compute in parallel.  Assume HPX has already been initialized.\n   Examples:\n		\n	 input: [1, 8, 4, 5, 1]\n   output: 3.8\n\n   input: [2, 2, 2, 3]\n   output: 2.25\n*/\ndouble average(std::vector<double> const& x) {",27_reduce_average,reduce,cpp,hpx,0.2,0.95,True,2048,False,double average(std::vector<double> const& x) {\n	// TODO: implement this function\n	return 0.0;\n},False,False,,84,-117317632,31425.0,0.97,31425.0,0.8763636363636365,22.490625619888306
"#include <hpx/hpx_main.hpp>\n\n/* Return the average of the vector x.\n   Use HPX to compute in parallel.  Assume HPX has already been initialized.\n   Examples:\n		\n	 input: [1, 8, 4, 5, 1]\n   output: 3.8\n\n   input: [2, 2, 2, 3]\n   output: 2.25\n*/\ndouble average(std::vector<double> const& x) {",27_reduce_average,reduce,cpp,hpx,0.2,0.95,True,2048,False,double average(std::vector<double> const& x) {\n	// TODO: implement this function\n	return 0.0;\n},False,False,,85,-14876672,31425.0,0.97,31425.0,0.9679310344827586,59.21136450767517
"#include <hpx/hpx_main.hpp>\n\n/* Return the average of the vector x.\n   Use HPX to compute in parallel.  Assume HPX has already been initialized.\n   Examples:\n		\n	 input: [1, 8, 4, 5, 1]\n   output: 3.8\n\n   input: [2, 2, 2, 3]\n   output: 2.25\n*/\ndouble average(std::vector<double> const& x) {",27_reduce_average,reduce,cpp,hpx,0.2,0.95,True,2048,False,double average(std::vector<double> const& x) {\n	double sum = 0;\n	for (auto i = x.begin(); i!= x.end(); ++i) {\n		sum += *i;\n	}\n	return sum / x.size();\n},False,False,,86,21680128,31425.0,0.97,31425.0,0.9348275862068965,59.173035860061646
"#include <hpx/hpx_main.hpp>\n\n/* Return the average of the vector x.\n   Use HPX to compute in parallel.  Assume HPX has already been initialized.\n   Examples:\n		\n	 input: [1, 8, 4, 5, 1]\n   output: 3.8\n\n   input: [2, 2, 2, 3]\n   output: 2.25\n*/\ndouble average(std::vector<double> const& x) {",27_reduce_average,reduce,cpp,hpx,0.2,0.95,True,2048,False,double average(std::vector<double> const& x) {\n	double sum = 0;\n	for (auto i : x) {\n		sum += i;\n	}\n	return sum / x.size();\n},False,False,,87,134172672,31425.0,0.97,31425.0,0.9348275862068965,59.17996644973755
"#include <hpx/hpx_main.hpp>\n\n/* Return the average of the vector x.\n   Use HPX to compute in parallel.  Assume HPX has already been initialized.\n   Examples:\n		\n	 input: [1, 8, 4, 5, 1]\n   output: 3.8\n\n   input: [2, 2, 2, 3]\n   output: 2.25\n*/\ndouble average(std::vector<double> const& x) {",27_reduce_average,reduce,cpp,hpx,0.2,0.95,True,2048,False,double average(std::vector<double> const& x) {\n	// TODO: implement this function\n	return 0.0;\n},False,False,,88,24866816,31425.0,0.97,31425.0,0.933448275862069,59.20216512680054
"#include <hpx/hpx_main.hpp>\n\n/* Return the average of the vector x.\n   Use HPX to compute in parallel.  Assume HPX has already been initialized.\n   Examples:\n		\n	 input: [1, 8, 4, 5, 1]\n   output: 3.8\n\n   input: [2, 2, 2, 3]\n   output: 2.25\n*/\ndouble average(std::vector<double> const& x) {",27_reduce_average,reduce,cpp,hpx,0.2,0.95,True,2048,False,double average(std::vector<double> const& x) {\n	// TODO: implement this function\n	return 0.0;\n},False,False,,89,-2535424,31425.0,0.97,31425.0,0.9348275862068965,59.25428295135498
"#include <hpx/hpx_main.hpp>\n\n/* Return the average of the vector x.\n   Use HPX to compute in parallel.  Assume HPX has already been initialized.\n   Examples:\n		\n	 input: [1, 8, 4, 5, 1]\n   output: 3.8\n\n   input: [2, 2, 2, 3]\n   output: 2.25\n*/\ndouble average(std::vector<double> const& x) {",27_reduce_average,reduce,cpp,hpx,0.2,0.95,True,2048,False,double average(std::vector<double> const& x) {\n	return 0.0;\n},False,False,,90,11345920,31425.0,0.97,31425.0,0.9337931034482758,59.17990732192993
"#include <hpx/hpx_main.hpp>\n\n/* Return the average of the vector x.\n   Use HPX to compute in parallel.  Assume HPX has already been initialized.\n   Examples:\n		\n	 input: [1, 8, 4, 5, 1]\n   output: 3.8\n\n   input: [2, 2, 2, 3]\n   output: 2.25\n*/\ndouble average(std::vector<double> const& x) {",27_reduce_average,reduce,cpp,hpx,0.2,0.95,True,2048,False,double average(std::vector<double> const& x) {\n	// TODO: implement this function\n	return 0;\n},False,False,,91,24358912,31425.0,0.97,31425.0,0.933103448275862,59.73806881904602
"#include <hpx/hpx_main.hpp>\n\n/* Return the average of the vector x.\n   Use HPX to compute in parallel.  Assume HPX has already been initialized.\n   Examples:\n		\n	 input: [1, 8, 4, 5, 1]\n   output: 3.8\n\n   input: [2, 2, 2, 3]\n   output: 2.25\n*/\ndouble average(std::vector<double> const& x) {",27_reduce_average,reduce,cpp,hpx,0.2,0.95,True,2048,False,double average(std::vector<double> const& x) {\n	double sum = 0;\n	for (auto i = 0; i < x.size(); i++) {\n		sum += x[i];\n	}\n	return sum / x.size();\n},False,False,,92,15372288,31425.0,0.97,31425.0,0.933448275862069,59.19093632698059
"#include <hpx/hpx_main.hpp>\n\n/* Return the average of the vector x.\n   Use HPX to compute in parallel.  Assume HPX has already been initialized.\n   Examples:\n		\n	 input: [1, 8, 4, 5, 1]\n   output: 3.8\n\n   input: [2, 2, 2, 3]\n   output: 2.25\n*/\ndouble average(std::vector<double> const& x) {",27_reduce_average,reduce,cpp,hpx,0.2,0.95,True,2048,False,double average(std::vector<double> const& x) {\n	double sum = 0;\n	for (auto i : x) {\n		sum += i;\n	}\n	return sum / x.size();\n},False,False,,93,-4587520,31425.0,0.97,31425.0,0.8257142857142856,14.280932426452637
"#include <hpx/hpx_main.hpp>\n\n/* Return the average of the vector x.\n   Use HPX to compute in parallel.  Assume HPX has already been initialized.\n   Examples:\n		\n	 input: [1, 8, 4, 5, 1]\n   output: 3.8\n\n   input: [2, 2, 2, 3]\n   output: 2.25\n*/\ndouble average(std::vector<double> const& x) {",27_reduce_average,reduce,cpp,hpx,0.2,0.95,True,2048,False,double average(std::vector<double> const& x) {\n	// TODO: implement this function\n	return 0;\n},False,False,,94,-17334272,31425.0,0.97,31425.0,0.9152631578947369,38.79220461845398
"#include <hpx/hpx_main.hpp>\n\n/* Return the average of the vector x.\n   Use HPX to compute in parallel.  Assume HPX has already been initialized.\n   Examples:\n		\n	 input: [1, 8, 4, 5, 1]\n   output: 3.8\n\n   input: [2, 2, 2, 3]\n   output: 2.25\n*/\ndouble average(std::vector<double> const& x) {",27_reduce_average,reduce,cpp,hpx,0.2,0.95,True,2048,False,double average(std::vector<double> const& x) {\n	// TODO: implement this function\n	return 0.0;\n},False,False,,95,5193728,31425.0,0.97,31425.0,0.9344827586206896,59.24795436859131
"#include <hpx/hpx_main.hpp>\n\n/* Return the average of the vector x.\n   Use HPX to compute in parallel.  Assume HPX has already been initialized.\n   Examples:\n		\n	 input: [1, 8, 4, 5, 1]\n   output: 3.8\n\n   input: [2, 2, 2, 3]\n   output: 2.25\n*/\ndouble average(std::vector<double> const& x) {",27_reduce_average,reduce,cpp,hpx,0.2,0.95,True,2048,False,double average(std::vector<double> const& x) {\n	double sum = 0;\n	for (double d : x) {\n		sum += d;\n	}\n	return sum / x.size();\n},False,False,,96,-13074432,31425.0,0.97,31425.0,0.9344827586206896,59.17966961860657
"#include <hpx/hpx_main.hpp>\n\n/* Return the average of the vector x.\n   Use HPX to compute in parallel.  Assume HPX has already been initialized.\n   Examples:\n		\n	 input: [1, 8, 4, 5, 1]\n   output: 3.8\n\n   input: [2, 2, 2, 3]\n   output: 2.25\n*/\ndouble average(std::vector<double> const& x) {",27_reduce_average,reduce,cpp,hpx,0.2,0.95,True,2048,False,double average(std::vector<double> const& x) {\n	double sum = 0;\n	for (auto i = x.begin(); i!= x.end(); i++) {\n		sum += *i;\n	}\n	return sum / x.size();\n},False,False,,97,-1957888,31425.0,0.97,31425.0,0.9348275862068965,59.228087186813354
"#include <hpx/hpx_main.hpp>\n\n/* Return the average of the vector x.\n   Use HPX to compute in parallel.  Assume HPX has already been initialized.\n   Examples:\n		\n	 input: [1, 8, 4, 5, 1]\n   output: 3.8\n\n   input: [2, 2, 2, 3]\n   output: 2.25\n*/\ndouble average(std::vector<double> const& x) {",27_reduce_average,reduce,cpp,hpx,0.2,0.95,True,2048,False,double average(std::vector<double> const& x) {\n	double sum = 0;\n	for (auto i : x) {\n		sum += i;\n	}\n	return sum / x.size();\n},False,False,,98,-102617088,31425.0,0.97,31425.0,0.9372413793103448,59.20110011100769
"#include <hpx/hpx_main.hpp>\n\n/* Return the average of the vector x.\n   Use HPX to compute in parallel.  Assume HPX has already been initialized.\n   Examples:\n		\n	 input: [1, 8, 4, 5, 1]\n   output: 3.8\n\n   input: [2, 2, 2, 3]\n   output: 2.25\n*/\ndouble average(std::vector<double> const& x) {",27_reduce_average,reduce,cpp,hpx,0.2,0.95,True,2048,False,double average(std::vector<double> const& x) {\n	double sum = 0;\n	for (double d : x) {\n		sum += d;\n	}\n	return sum / x.size();\n},False,False,,99,324001792,31425.0,0.97,31425.0,0.9256521739130434,46.963868141174316
"#include <hpx/hpx_main.hpp>\n\n/* Return the value of the smallest odd number in the vector x.\n   Use HPX to compute in parallel.  Assume HPX has already been initialized.\n   Examples:\n\n   input: [7, 9, 5, 2, 8, 16, 4, 1]\n   output: 1\n\n   input: [8, 36, 7, 2, 11]\n   output: 7\n*/\nint smallestOdd(std::vector<int> const& x) {",28_reduce_smallest_odd_number,reduce,cpp,hpx,0.2,0.95,True,2048,False,int smallestOdd(std::vector<int> const& x) {\n  return 0;\n},False,False,,0,-444882944,31425.0,0.97,31425.0,0.9341379310344827,59.22630476951599
"#include <hpx/hpx_main.hpp>\n\n/* Return the value of the smallest odd number in the vector x.\n   Use HPX to compute in parallel.  Assume HPX has already been initialized.\n   Examples:\n\n   input: [7, 9, 5, 2, 8, 16, 4, 1]\n   output: 1\n\n   input: [8, 36, 7, 2, 11]\n   output: 7\n*/\nint smallestOdd(std::vector<int> const& x) {",28_reduce_smallest_odd_number,reduce,cpp,hpx,0.2,0.95,True,2048,False,int smallestOdd(std::vector<int> const& x) {\n    // TODO: implement this function\n    return 0;\n},False,False,,1,-1530912768,31425.0,0.97,31425.0,0.9351724137931033,59.2261438369751
"#include <hpx/hpx_main.hpp>\n\n/* Return the value of the smallest odd number in the vector x.\n   Use HPX to compute in parallel.  Assume HPX has already been initialized.\n   Examples:\n\n   input: [7, 9, 5, 2, 8, 16, 4, 1]\n   output: 1\n\n   input: [8, 36, 7, 2, 11]\n   output: 7\n*/\nint smallestOdd(std::vector<int> const& x) {",28_reduce_smallest_odd_number,reduce,cpp,hpx,0.2,0.95,True,2048,False,int smallestOdd(std::vector<int> const& x) {\n  // TODO: implement this function\n  return 0;\n},False,False,,2,1692983296,31425.0,0.97,31425.0,0.9344827586206896,59.27980041503906
"#include <hpx/hpx_main.hpp>\n\n/* Return the value of the smallest odd number in the vector x.\n   Use HPX to compute in parallel.  Assume HPX has already been initialized.\n   Examples:\n\n   input: [7, 9, 5, 2, 8, 16, 4, 1]\n   output: 1\n\n   input: [8, 36, 7, 2, 11]\n   output: 7\n*/\nint smallestOdd(std::vector<int> const& x) {",28_reduce_smallest_odd_number,reduce,cpp,hpx,0.2,0.95,True,2048,False,int smallestOdd(std::vector<int> const& x) {\n  // TODO: implement this function\n  return 0;\n},False,False,,3,-12500992,31425.0,0.97,31425.0,0.9179999999999999,40.82971477508545
"#include <hpx/hpx_main.hpp>\n\n/* Return the value of the smallest odd number in the vector x.\n   Use HPX to compute in parallel.  Assume HPX has already been initialized.\n   Examples:\n\n   input: [7, 9, 5, 2, 8, 16, 4, 1]\n   output: 1\n\n   input: [8, 36, 7, 2, 11]\n   output: 7\n*/\nint smallestOdd(std::vector<int> const& x) {",28_reduce_smallest_odd_number,reduce,cpp,hpx,0.2,0.95,True,2048,False,int smallestOdd(std::vector<int> const& x) {\n    // TODO: implement this function\n    return 0;\n},False,False,,4,103563264,31425.0,0.97,31425.0,0.9344827586206896,59.18078136444092
"#include <hpx/hpx_main.hpp>\n\n/* Return the value of the smallest odd number in the vector x.\n   Use HPX to compute in parallel.  Assume HPX has already been initialized.\n   Examples:\n\n   input: [7, 9, 5, 2, 8, 16, 4, 1]\n   output: 1\n\n   input: [8, 36, 7, 2, 11]\n   output: 7\n*/\nint smallestOdd(std::vector<int> const& x) {",28_reduce_smallest_odd_number,reduce,cpp,hpx,0.2,0.95,True,2048,False,int smallestOdd(std::vector<int> const& x) {\n    // TODO: implement this function\n    return 0;\n},False,False,,5,26406912,31425.0,0.97,31425.0,0.9348275862068965,59.16806936264038
"#include <hpx/hpx_main.hpp>\n\n/* Return the value of the smallest odd number in the vector x.\n   Use HPX to compute in parallel.  Assume HPX has already been initialized.\n   Examples:\n\n   input: [7, 9, 5, 2, 8, 16, 4, 1]\n   output: 1\n\n   input: [8, 36, 7, 2, 11]\n   output: 7\n*/\nint smallestOdd(std::vector<int> const& x) {",28_reduce_smallest_odd_number,reduce,cpp,hpx,0.2,0.95,True,2048,False,int smallestOdd(std::vector<int> const& x) {\n  // TODO: implement this function\n  return 0;\n},False,False,,6,10067968,31425.0,0.97,31425.0,0.9344827586206896,59.182278633117676
"#include <hpx/hpx_main.hpp>\n\n/* Return the value of the smallest odd number in the vector x.\n   Use HPX to compute in parallel.  Assume HPX has already been initialized.\n   Examples:\n\n   input: [7, 9, 5, 2, 8, 16, 4, 1]\n   output: 1\n\n   input: [8, 36, 7, 2, 11]\n   output: 7\n*/\nint smallestOdd(std::vector<int> const& x) {",28_reduce_smallest_odd_number,reduce,cpp,hpx,0.2,0.95,True,2048,False,int smallestOdd(std::vector<int> const& x) {\n  // TODO: implement this function\n  return 0;\n},False,False,,7,18722816,31425.0,0.97,31425.0,0.9199999999999999,40.79533672332764
"#include <hpx/hpx_main.hpp>\n\n/* Return the value of the smallest odd number in the vector x.\n   Use HPX to compute in parallel.  Assume HPX has already been initialized.\n   Examples:\n\n   input: [7, 9, 5, 2, 8, 16, 4, 1]\n   output: 1\n\n   input: [8, 36, 7, 2, 11]\n   output: 7\n*/\nint smallestOdd(std::vector<int> const& x) {",28_reduce_smallest_odd_number,reduce,cpp,hpx,0.2,0.95,True,2048,False,int smallestOdd(std::vector<int> const& x) {\n  // TODO: implement this function\n  return 0;\n},False,False,,8,-20783104,31425.0,0.97,31425.0,0.9341379310344827,59.18507933616638
"#include <hpx/hpx_main.hpp>\n\n/* Return the value of the smallest odd number in the vector x.\n   Use HPX to compute in parallel.  Assume HPX has already been initialized.\n   Examples:\n\n   input: [7, 9, 5, 2, 8, 16, 4, 1]\n   output: 1\n\n   input: [8, 36, 7, 2, 11]\n   output: 7\n*/\nint smallestOdd(std::vector<int> const& x) {",28_reduce_smallest_odd_number,reduce,cpp,hpx,0.2,0.95,True,2048,False,int smallestOdd(std::vector<int> const& x) {\n  // TODO: implement this function\n  return 0;\n},False,False,,9,5935104,31425.0,0.97,31425.0,0.9348275862068965,59.19185924530029
"#include <hpx/hpx_main.hpp>\n\n/* Return the value of the smallest odd number in the vector x.\n   Use HPX to compute in parallel.  Assume HPX has already been initialized.\n   Examples:\n\n   input: [7, 9, 5, 2, 8, 16, 4, 1]\n   output: 1\n\n   input: [8, 36, 7, 2, 11]\n   output: 7\n*/\nint smallestOdd(std::vector<int> const& x) {",28_reduce_smallest_odd_number,reduce,cpp,hpx,0.2,0.95,True,2048,False,int smallestOdd(std::vector<int> const& x) {\n    // TODO: implement this function\n    return 0;\n},False,False,,10,-2605056,31425.0,0.97,31425.0,0.9337931034482758,59.18314170837402
"#include <hpx/hpx_main.hpp>\n\n/* Return the value of the smallest odd number in the vector x.\n   Use HPX to compute in parallel.  Assume HPX has already been initialized.\n   Examples:\n\n   input: [7, 9, 5, 2, 8, 16, 4, 1]\n   output: 1\n\n   input: [8, 36, 7, 2, 11]\n   output: 7\n*/\nint smallestOdd(std::vector<int> const& x) {",28_reduce_smallest_odd_number,reduce,cpp,hpx,0.2,0.95,True,2048,False,int smallestOdd(std::vector<int> const& x) {\n  // TODO: implement this function\n  return 0;\n},False,False,,11,83914752,31425.0,0.97,31425.0,0.9344827586206896,59.18577241897583
"#include <hpx/hpx_main.hpp>\n\n/* Return the value of the smallest odd number in the vector x.\n   Use HPX to compute in parallel.  Assume HPX has already been initialized.\n   Examples:\n\n   input: [7, 9, 5, 2, 8, 16, 4, 1]\n   output: 1\n\n   input: [8, 36, 7, 2, 11]\n   output: 7\n*/\nint smallestOdd(std::vector<int> const& x) {",28_reduce_smallest_odd_number,reduce,cpp,hpx,0.2,0.95,True,2048,False,int smallestOdd(std::vector<int> const& x) {\n    // TODO: implement this function\n    return 0;\n},False,False,,12,-42541056,31425.0,0.97,31425.0,0.9179999999999999,40.83470392227173
"#include <hpx/hpx_main.hpp>\n\n/* Return the value of the smallest odd number in the vector x.\n   Use HPX to compute in parallel.  Assume HPX has already been initialized.\n   Examples:\n\n   input: [7, 9, 5, 2, 8, 16, 4, 1]\n   output: 1\n\n   input: [8, 36, 7, 2, 11]\n   output: 7\n*/\nint smallestOdd(std::vector<int> const& x) {",28_reduce_smallest_odd_number,reduce,cpp,hpx,0.2,0.95,True,2048,False,int smallestOdd(std::vector<int> const& x) {\n  // TODO: implement this function\n  return 0;\n},False,False,,13,-115232768,31425.0,0.97,31425.0,0.9185714285714285,42.86349630355835
"#include <hpx/hpx_main.hpp>\n\n/* Return the value of the smallest odd number in the vector x.\n   Use HPX to compute in parallel.  Assume HPX has already been initialized.\n   Examples:\n\n   input: [7, 9, 5, 2, 8, 16, 4, 1]\n   output: 1\n\n   input: [8, 36, 7, 2, 11]\n   output: 7\n*/\nint smallestOdd(std::vector<int> const& x) {",28_reduce_smallest_odd_number,reduce,cpp,hpx,0.2,0.95,True,2048,False,int smallestOdd(std::vector<int> const& x) {\n  // TODO: implement this function\n  return 0;\n},False,False,,14,-196837376,31425.0,0.97,31425.0,0.9672413793103448,59.21719980239868
"#include <hpx/hpx_main.hpp>\n\n/* Return the value of the smallest odd number in the vector x.\n   Use HPX to compute in parallel.  Assume HPX has already been initialized.\n   Examples:\n\n   input: [7, 9, 5, 2, 8, 16, 4, 1]\n   output: 1\n\n   input: [8, 36, 7, 2, 11]\n   output: 7\n*/\nint smallestOdd(std::vector<int> const& x) {",28_reduce_smallest_odd_number,reduce,cpp,hpx,0.2,0.95,True,2048,False,int smallestOdd(std::vector<int> const& x) {\n    // TODO: implement this function\n    return 0;\n},False,False,,15,184291328,31425.0,0.97,31425.0,0.9337931034482758,59.224120140075684
"#include <hpx/hpx_main.hpp>\n\n/* Return the value of the smallest odd number in the vector x.\n   Use HPX to compute in parallel.  Assume HPX has already been initialized.\n   Examples:\n\n   input: [7, 9, 5, 2, 8, 16, 4, 1]\n   output: 1\n\n   input: [8, 36, 7, 2, 11]\n   output: 7\n*/\nint smallestOdd(std::vector<int> const& x) {",28_reduce_smallest_odd_number,reduce,cpp,hpx,0.2,0.95,True,2048,False,int smallestOdd(std::vector<int> const& x) {\n  // TODO: implement this function\n  return 0;\n},False,False,,16,20873216,31425.0,0.97,31425.0,0.9344827586206896,59.17875933647156
"#include <hpx/hpx_main.hpp>\n\n/* Return the value of the smallest odd number in the vector x.\n   Use HPX to compute in parallel.  Assume HPX has already been initialized.\n   Examples:\n\n   input: [7, 9, 5, 2, 8, 16, 4, 1]\n   output: 1\n\n   input: [8, 36, 7, 2, 11]\n   output: 7\n*/\nint smallestOdd(std::vector<int> const& x) {",28_reduce_smallest_odd_number,reduce,cpp,hpx,0.2,0.95,True,2048,False,int smallestOdd(std::vector<int> const& x) {\n  // TODO: implement this function\n  return 0;\n},False,False,,17,15527936,31425.0,0.97,31425.0,0.9355172413793104,59.16203022003174
"#include <hpx/hpx_main.hpp>\n\n/* Return the value of the smallest odd number in the vector x.\n   Use HPX to compute in parallel.  Assume HPX has already been initialized.\n   Examples:\n\n   input: [7, 9, 5, 2, 8, 16, 4, 1]\n   output: 1\n\n   input: [8, 36, 7, 2, 11]\n   output: 7\n*/\nint smallestOdd(std::vector<int> const& x) {",28_reduce_smallest_odd_number,reduce,cpp,hpx,0.2,0.95,True,2048,False,int smallestOdd(std::vector<int> const& x) {\n    if (x.size() == 0) {\n        return -1;\n    }\n\n    int smallest = x[0];\n    for (int i = 1; i < x.size(); i++) {\n        if (x[i] < smallest && x[i] % 2 == 1) {\n            smallest = x[i];\n        }\n    }\n\n    return smallest;\n},False,False,,18,49733632,31425.0,0.97,31425.0,0.9341379310344827,59.20285606384277
"#include <hpx/hpx_main.hpp>\n\n/* Return the value of the smallest odd number in the vector x.\n   Use HPX to compute in parallel.  Assume HPX has already been initialized.\n   Examples:\n\n   input: [7, 9, 5, 2, 8, 16, 4, 1]\n   output: 1\n\n   input: [8, 36, 7, 2, 11]\n   output: 7\n*/\nint smallestOdd(std::vector<int> const& x) {",28_reduce_smallest_odd_number,reduce,cpp,hpx,0.2,0.95,True,2048,False,int smallestOdd(std::vector<int> const& x) {\n  // TODO: implement this function\n  return 0;\n},False,False,,19,-23736320,31425.0,0.97,31425.0,0.9341379310344827,59.212791204452515
"#include <hpx/hpx_main.hpp>\n\n/* Return the value of the smallest odd number in the vector x.\n   Use HPX to compute in parallel.  Assume HPX has already been initialized.\n   Examples:\n\n   input: [7, 9, 5, 2, 8, 16, 4, 1]\n   output: 1\n\n   input: [8, 36, 7, 2, 11]\n   output: 7\n*/\nint smallestOdd(std::vector<int> const& x) {",28_reduce_smallest_odd_number,reduce,cpp,hpx,0.2,0.95,True,2048,False,int smallestOdd(std::vector<int> const& x) {\n  // TODO: implement this function\n  return 0;\n},False,False,,20,8757248,31425.0,0.97,31425.0,0.9351724137931033,59.213115215301514
"#include <hpx/hpx_main.hpp>\n\n/* Return the value of the smallest odd number in the vector x.\n   Use HPX to compute in parallel.  Assume HPX has already been initialized.\n   Examples:\n\n   input: [7, 9, 5, 2, 8, 16, 4, 1]\n   output: 1\n\n   input: [8, 36, 7, 2, 11]\n   output: 7\n*/\nint smallestOdd(std::vector<int> const& x) {",28_reduce_smallest_odd_number,reduce,cpp,hpx,0.2,0.95,True,2048,False,int smallestOdd(std::vector<int> const& x) {\n    // TODO: implement this function\n    return 0;\n},False,False,,21,10694656,31425.0,0.97,31425.0,0.9355172413793104,59.15669560432434
"#include <hpx/hpx_main.hpp>\n\n/* Return the value of the smallest odd number in the vector x.\n   Use HPX to compute in parallel.  Assume HPX has already been initialized.\n   Examples:\n\n   input: [7, 9, 5, 2, 8, 16, 4, 1]\n   output: 1\n\n   input: [8, 36, 7, 2, 11]\n   output: 7\n*/\nint smallestOdd(std::vector<int> const& x) {",28_reduce_smallest_odd_number,reduce,cpp,hpx,0.2,0.95,True,2048,False,int smallestOdd(std::vector<int> const& x) {\n    // TODO: implement this function\n    return 0;\n},False,False,,22,-18857984,31425.0,0.97,31425.0,0.9337931034482758,59.16818618774414
"#include <hpx/hpx_main.hpp>\n\n/* Return the value of the smallest odd number in the vector x.\n   Use HPX to compute in parallel.  Assume HPX has already been initialized.\n   Examples:\n\n   input: [7, 9, 5, 2, 8, 16, 4, 1]\n   output: 1\n\n   input: [8, 36, 7, 2, 11]\n   output: 7\n*/\nint smallestOdd(std::vector<int> const& x) {",28_reduce_smallest_odd_number,reduce,cpp,hpx,0.2,0.95,True,2048,False,int smallestOdd(std::vector<int> const& x) {\n    // TODO: implement this function\n    return 0;\n},False,False,,23,-4534272,31425.0,0.97,31425.0,0.9344827586206896,59.192769289016724
"#include <hpx/hpx_main.hpp>\n\n/* Return the value of the smallest odd number in the vector x.\n   Use HPX to compute in parallel.  Assume HPX has already been initialized.\n   Examples:\n\n   input: [7, 9, 5, 2, 8, 16, 4, 1]\n   output: 1\n\n   input: [8, 36, 7, 2, 11]\n   output: 7\n*/\nint smallestOdd(std::vector<int> const& x) {",28_reduce_smallest_odd_number,reduce,cpp,hpx,0.2,0.95,True,2048,False,int smallestOdd(std::vector<int> const& x) {\n  // TODO: implement this function\n  return 0;\n},False,False,,24,17641472,31425.0,0.97,31425.0,0.9351724137931033,59.18584609031677
"#include <hpx/hpx_main.hpp>\n\n/* Return the value of the smallest odd number in the vector x.\n   Use HPX to compute in parallel.  Assume HPX has already been initialized.\n   Examples:\n\n   input: [7, 9, 5, 2, 8, 16, 4, 1]\n   output: 1\n\n   input: [8, 36, 7, 2, 11]\n   output: 7\n*/\nint smallestOdd(std::vector<int> const& x) {",28_reduce_smallest_odd_number,reduce,cpp,hpx,0.2,0.95,True,2048,False,int smallestOdd(std::vector<int> const& x) {\n  // TODO: implement this function\n  return 0;\n},False,False,,25,-262144,31425.0,0.97,31425.0,0.9344827586206896,59.22108459472656
"#include <hpx/hpx_main.hpp>\n\n/* Return the value of the smallest odd number in the vector x.\n   Use HPX to compute in parallel.  Assume HPX has already been initialized.\n   Examples:\n\n   input: [7, 9, 5, 2, 8, 16, 4, 1]\n   output: 1\n\n   input: [8, 36, 7, 2, 11]\n   output: 7\n*/\nint smallestOdd(std::vector<int> const& x) {",28_reduce_smallest_odd_number,reduce,cpp,hpx,0.2,0.95,True,2048,False,int smallestOdd(std::vector<int> const& x) {\n  // TODO: implement this function\n  return 0;\n},False,False,,26,157085696,31425.0,0.97,31425.0,0.9341379310344827,59.21773886680603
"#include <hpx/hpx_main.hpp>\n\n/* Return the value of the smallest odd number in the vector x.\n   Use HPX to compute in parallel.  Assume HPX has already been initialized.\n   Examples:\n\n   input: [7, 9, 5, 2, 8, 16, 4, 1]\n   output: 1\n\n   input: [8, 36, 7, 2, 11]\n   output: 7\n*/\nint smallestOdd(std::vector<int> const& x) {",28_reduce_smallest_odd_number,reduce,cpp,hpx,0.2,0.95,True,2048,False,int smallestOdd(std::vector<int> const& x) {\n    // TODO: implement this function\n    return 0;\n},False,False,,27,-194985984,31425.0,0.97,31425.0,0.9341379310344827,59.21118974685669
"#include <hpx/hpx_main.hpp>\n\n/* Return the value of the smallest odd number in the vector x.\n   Use HPX to compute in parallel.  Assume HPX has already been initialized.\n   Examples:\n\n   input: [7, 9, 5, 2, 8, 16, 4, 1]\n   output: 1\n\n   input: [8, 36, 7, 2, 11]\n   output: 7\n*/\nint smallestOdd(std::vector<int> const& x) {",28_reduce_smallest_odd_number,reduce,cpp,hpx,0.2,0.95,True,2048,False,int smallestOdd(std::vector<int> const& x) {\n  // TODO: implement this function\n  return 0;\n},False,False,,28,-216600576,31425.0,0.97,31425.0,0.9351724137931033,59.193764209747314
"#include <hpx/hpx_main.hpp>\n\n/* Return the value of the smallest odd number in the vector x.\n   Use HPX to compute in parallel.  Assume HPX has already been initialized.\n   Examples:\n\n   input: [7, 9, 5, 2, 8, 16, 4, 1]\n   output: 1\n\n   input: [8, 36, 7, 2, 11]\n   output: 7\n*/\nint smallestOdd(std::vector<int> const& x) {",28_reduce_smallest_odd_number,reduce,cpp,hpx,0.2,0.95,True,2048,False,int smallestOdd(std::vector<int> const& x) {\n    // TODO: implement this function\n    return 0;\n},False,False,,29,27426816,31425.0,0.97,31425.0,0.9344827586206896,59.2079291343689
"#include <hpx/hpx_main.hpp>\n\n/* Return the value of the smallest odd number in the vector x.\n   Use HPX to compute in parallel.  Assume HPX has already been initialized.\n   Examples:\n\n   input: [7, 9, 5, 2, 8, 16, 4, 1]\n   output: 1\n\n   input: [8, 36, 7, 2, 11]\n   output: 7\n*/\nint smallestOdd(std::vector<int> const& x) {",28_reduce_smallest_odd_number,reduce,cpp,hpx,0.2,0.95,True,2048,False,int smallestOdd(std::vector<int> const& x) {\n  // TODO: implement this function\n  return 0;\n},False,False,,30,184770560,31425.0,0.97,31425.0,0.9351724137931033,59.182950496673584
"#include <hpx/hpx_main.hpp>\n\n/* Return the value of the smallest odd number in the vector x.\n   Use HPX to compute in parallel.  Assume HPX has already been initialized.\n   Examples:\n\n   input: [7, 9, 5, 2, 8, 16, 4, 1]\n   output: 1\n\n   input: [8, 36, 7, 2, 11]\n   output: 7\n*/\nint smallestOdd(std::vector<int> const& x) {",28_reduce_smallest_odd_number,reduce,cpp,hpx,0.2,0.95,True,2048,False,int smallestOdd(std::vector<int> const& x) {\n  return 0;\n},False,False,,31,4669440,31425.0,0.97,31425.0,0.9351724137931033,59.23094177246094
"#include <hpx/hpx_main.hpp>\n\n/* Return the value of the smallest odd number in the vector x.\n   Use HPX to compute in parallel.  Assume HPX has already been initialized.\n   Examples:\n\n   input: [7, 9, 5, 2, 8, 16, 4, 1]\n   output: 1\n\n   input: [8, 36, 7, 2, 11]\n   output: 7\n*/\nint smallestOdd(std::vector<int> const& x) {",28_reduce_smallest_odd_number,reduce,cpp,hpx,0.2,0.95,True,2048,False,int smallestOdd(std::vector<int> const& x) {\n  // TODO: implement this function\n  return 0;\n},False,False,,32,-11309056,31425.0,0.97,31425.0,0.9351724137931033,59.16981792449951
"#include <hpx/hpx_main.hpp>\n\n/* Return the value of the smallest odd number in the vector x.\n   Use HPX to compute in parallel.  Assume HPX has already been initialized.\n   Examples:\n\n   input: [7, 9, 5, 2, 8, 16, 4, 1]\n   output: 1\n\n   input: [8, 36, 7, 2, 11]\n   output: 7\n*/\nint smallestOdd(std::vector<int> const& x) {",28_reduce_smallest_odd_number,reduce,cpp,hpx,0.2,0.95,True,2048,False,int smallestOdd(std::vector<int> const& x) {\n    // TODO: implement this function\n    return 0;\n},False,False,,33,73912320,31425.0,0.97,31425.0,0.9348275862068965,59.215088844299316
"#include <hpx/hpx_main.hpp>\n\n/* Return the value of the smallest odd number in the vector x.\n   Use HPX to compute in parallel.  Assume HPX has already been initialized.\n   Examples:\n\n   input: [7, 9, 5, 2, 8, 16, 4, 1]\n   output: 1\n\n   input: [8, 36, 7, 2, 11]\n   output: 7\n*/\nint smallestOdd(std::vector<int> const& x) {",28_reduce_smallest_odd_number,reduce,cpp,hpx,0.2,0.95,True,2048,False,int smallestOdd(std::vector<int> const& x) {\n  // TODO: implement this function\n  return 0;\n},False,False,,34,14045184,31425.0,0.97,31425.0,0.9341379310344827,59.18498778343201
"#include <hpx/hpx_main.hpp>\n\n/* Return the value of the smallest odd number in the vector x.\n   Use HPX to compute in parallel.  Assume HPX has already been initialized.\n   Examples:\n\n   input: [7, 9, 5, 2, 8, 16, 4, 1]\n   output: 1\n\n   input: [8, 36, 7, 2, 11]\n   output: 7\n*/\nint smallestOdd(std::vector<int> const& x) {",28_reduce_smallest_odd_number,reduce,cpp,hpx,0.2,0.95,True,2048,False,int smallestOdd(std::vector<int> const& x) {\n    // TODO: implement this function\n    return 0;\n},False,False,,35,-3641344,31425.0,0.97,31425.0,0.933448275862069,59.173890829086304
"#include <hpx/hpx_main.hpp>\n\n/* Return the value of the smallest odd number in the vector x.\n   Use HPX to compute in parallel.  Assume HPX has already been initialized.\n   Examples:\n\n   input: [7, 9, 5, 2, 8, 16, 4, 1]\n   output: 1\n\n   input: [8, 36, 7, 2, 11]\n   output: 7\n*/\nint smallestOdd(std::vector<int> const& x) {",28_reduce_smallest_odd_number,reduce,cpp,hpx,0.2,0.95,True,2048,False,int smallestOdd(std::vector<int> const& x) {\n  // TODO: implement this function\n  return 0;\n},False,False,,36,25055232,31425.0,0.97,31425.0,0.9348275862068965,59.182942628860474
"#include <hpx/hpx_main.hpp>\n\n/* Return the value of the smallest odd number in the vector x.\n   Use HPX to compute in parallel.  Assume HPX has already been initialized.\n   Examples:\n\n   input: [7, 9, 5, 2, 8, 16, 4, 1]\n   output: 1\n\n   input: [8, 36, 7, 2, 11]\n   output: 7\n*/\nint smallestOdd(std::vector<int> const& x) {",28_reduce_smallest_odd_number,reduce,cpp,hpx,0.2,0.95,True,2048,False,int smallestOdd(std::vector<int> const& x) {\n  // TODO: implement this function\n  return 0;\n},False,False,,37,-442368,31425.0,0.97,31425.0,0.9348275862068965,59.228919982910156
"#include <hpx/hpx_main.hpp>\n\n/* Return the value of the smallest odd number in the vector x.\n   Use HPX to compute in parallel.  Assume HPX has already been initialized.\n   Examples:\n\n   input: [7, 9, 5, 2, 8, 16, 4, 1]\n   output: 1\n\n   input: [8, 36, 7, 2, 11]\n   output: 7\n*/\nint smallestOdd(std::vector<int> const& x) {",28_reduce_smallest_odd_number,reduce,cpp,hpx,0.2,0.95,True,2048,False,int smallestOdd(std::vector<int> const& x) {\n    // TODO: implement this function\n    return 0;\n},False,False,,38,-15077376,31425.0,0.97,31425.0,0.9344827586206896,59.1889386177063
"#include <hpx/hpx_main.hpp>\n\n/* Return the value of the smallest odd number in the vector x.\n   Use HPX to compute in parallel.  Assume HPX has already been initialized.\n   Examples:\n\n   input: [7, 9, 5, 2, 8, 16, 4, 1]\n   output: 1\n\n   input: [8, 36, 7, 2, 11]\n   output: 7\n*/\nint smallestOdd(std::vector<int> const& x) {",28_reduce_smallest_odd_number,reduce,cpp,hpx,0.2,0.95,True,2048,False,int smallestOdd(std::vector<int> const& x) {\n  // TODO: implement this function\n  return 0;\n},False,False,,39,6205440,31425.0,0.97,31425.0,0.9341379310344827,59.19714021682739
"#include <hpx/hpx_main.hpp>\n\n/* Return the value of the smallest odd number in the vector x.\n   Use HPX to compute in parallel.  Assume HPX has already been initialized.\n   Examples:\n\n   input: [7, 9, 5, 2, 8, 16, 4, 1]\n   output: 1\n\n   input: [8, 36, 7, 2, 11]\n   output: 7\n*/\nint smallestOdd(std::vector<int> const& x) {",28_reduce_smallest_odd_number,reduce,cpp,hpx,0.2,0.95,True,2048,False,int smallestOdd(std::vector<int> const& x) {\n  // TODO: implement this function\n  return 0;\n},False,False,,40,-217374720,31425.0,0.97,31425.0,0.9348275862068965,59.19384050369263
"#include <hpx/hpx_main.hpp>\n\n/* Return the value of the smallest odd number in the vector x.\n   Use HPX to compute in parallel.  Assume HPX has already been initialized.\n   Examples:\n\n   input: [7, 9, 5, 2, 8, 16, 4, 1]\n   output: 1\n\n   input: [8, 36, 7, 2, 11]\n   output: 7\n*/\nint smallestOdd(std::vector<int> const& x) {",28_reduce_smallest_odd_number,reduce,cpp,hpx,0.2,0.95,True,2048,False,int smallestOdd(std::vector<int> const& x) {\n    // TODO: implement this function\n    return 0;\n},False,False,,41,-33062912,31425.0,0.97,31425.0,0.933448275862069,59.176762104034424
"#include <hpx/hpx_main.hpp>\n\n/* Return the value of the smallest odd number in the vector x.\n   Use HPX to compute in parallel.  Assume HPX has already been initialized.\n   Examples:\n\n   input: [7, 9, 5, 2, 8, 16, 4, 1]\n   output: 1\n\n   input: [8, 36, 7, 2, 11]\n   output: 7\n*/\nint smallestOdd(std::vector<int> const& x) {",28_reduce_smallest_odd_number,reduce,cpp,hpx,0.2,0.95,True,2048,False,int smallestOdd(std::vector<int> const& x) {\n  // TODO: implement this function\n  return 0;\n},False,False,,42,-1249280,31425.0,0.97,31425.0,0.9386206896551724,59.26486897468567
"#include <hpx/hpx_main.hpp>\n\n/* Return the value of the smallest odd number in the vector x.\n   Use HPX to compute in parallel.  Assume HPX has already been initialized.\n   Examples:\n\n   input: [7, 9, 5, 2, 8, 16, 4, 1]\n   output: 1\n\n   input: [8, 36, 7, 2, 11]\n   output: 7\n*/\nint smallestOdd(std::vector<int> const& x) {",28_reduce_smallest_odd_number,reduce,cpp,hpx,0.2,0.95,True,2048,False,int smallestOdd(std::vector<int> const& x) {\n  // TODO: implement this function\n  return 0;\n},False,False,,43,16035840,31425.0,0.97,31425.0,0.9144444444444445,36.73285126686096
"#include <hpx/hpx_main.hpp>\n\n/* Return the value of the smallest odd number in the vector x.\n   Use HPX to compute in parallel.  Assume HPX has already been initialized.\n   Examples:\n\n   input: [7, 9, 5, 2, 8, 16, 4, 1]\n   output: 1\n\n   input: [8, 36, 7, 2, 11]\n   output: 7\n*/\nint smallestOdd(std::vector<int> const& x) {",28_reduce_smallest_odd_number,reduce,cpp,hpx,0.2,0.95,True,2048,False,int smallestOdd(std::vector<int> const& x) {\n  // TODO: implement this function\n  return 0;\n},False,False,,44,-11419648,31425.0,0.97,31425.0,0.9246666666666666,30.62309241294861
"#include <hpx/hpx_main.hpp>\n\n/* Return the value of the smallest odd number in the vector x.\n   Use HPX to compute in parallel.  Assume HPX has already been initialized.\n   Examples:\n\n   input: [7, 9, 5, 2, 8, 16, 4, 1]\n   output: 1\n\n   input: [8, 36, 7, 2, 11]\n   output: 7\n*/\nint smallestOdd(std::vector<int> const& x) {",28_reduce_smallest_odd_number,reduce,cpp,hpx,0.2,0.95,True,2048,False,int smallestOdd(std::vector<int> const& x) {\n    return 0;\n},False,False,,45,13103104,31425.0,0.97,31425.0,0.9662068965517241,59.188863039016724
"#include <hpx/hpx_main.hpp>\n\n/* Return the value of the smallest odd number in the vector x.\n   Use HPX to compute in parallel.  Assume HPX has already been initialized.\n   Examples:\n\n   input: [7, 9, 5, 2, 8, 16, 4, 1]\n   output: 1\n\n   input: [8, 36, 7, 2, 11]\n   output: 7\n*/\nint smallestOdd(std::vector<int> const& x) {",28_reduce_smallest_odd_number,reduce,cpp,hpx,0.2,0.95,True,2048,False,int smallestOdd(std::vector<int> const& x) {\n  // TODO: implement this function\n  return 0;\n},False,False,,46,102694912,31425.0,0.97,31425.0,0.9189999999999999,40.82223200798035
"#include <hpx/hpx_main.hpp>\n\n/* Return the value of the smallest odd number in the vector x.\n   Use HPX to compute in parallel.  Assume HPX has already been initialized.\n   Examples:\n\n   input: [7, 9, 5, 2, 8, 16, 4, 1]\n   output: 1\n\n   input: [8, 36, 7, 2, 11]\n   output: 7\n*/\nint smallestOdd(std::vector<int> const& x) {",28_reduce_smallest_odd_number,reduce,cpp,hpx,0.2,0.95,True,2048,False,int smallestOdd(std::vector<int> const& x) {\n  // TODO: implement this function\n  return 0;\n},False,False,,47,61112320,31425.0,0.97,31425.0,0.9341379310344827,59.18283534049988
"#include <hpx/hpx_main.hpp>\n\n/* Return the value of the smallest odd number in the vector x.\n   Use HPX to compute in parallel.  Assume HPX has already been initialized.\n   Examples:\n\n   input: [7, 9, 5, 2, 8, 16, 4, 1]\n   output: 1\n\n   input: [8, 36, 7, 2, 11]\n   output: 7\n*/\nint smallestOdd(std::vector<int> const& x) {",28_reduce_smallest_odd_number,reduce,cpp,hpx,0.2,0.95,True,2048,False,int smallestOdd(std::vector<int> const& x) {\n  // TODO: implement this function\n  return 0;\n},False,False,,48,9773056,31425.0,0.97,31425.0,0.9344827586206896,59.19844889640808
"#include <hpx/hpx_main.hpp>\n\n/* Return the value of the smallest odd number in the vector x.\n   Use HPX to compute in parallel.  Assume HPX has already been initialized.\n   Examples:\n\n   input: [7, 9, 5, 2, 8, 16, 4, 1]\n   output: 1\n\n   input: [8, 36, 7, 2, 11]\n   output: 7\n*/\nint smallestOdd(std::vector<int> const& x) {",28_reduce_smallest_odd_number,reduce,cpp,hpx,0.2,0.95,True,2048,False,int smallestOdd(std::vector<int> const& x) {\n  // TODO: implement this function\n  return 0;\n},False,False,,49,-25239552,31425.0,0.97,31425.0,0.933448275862069,59.219539642333984
"#include <hpx/hpx_main.hpp>\n\n/* Return the value of the smallest odd number in the vector x.\n   Use HPX to compute in parallel.  Assume HPX has already been initialized.\n   Examples:\n\n   input: [7, 9, 5, 2, 8, 16, 4, 1]\n   output: 1\n\n   input: [8, 36, 7, 2, 11]\n   output: 7\n*/\nint smallestOdd(std::vector<int> const& x) {",28_reduce_smallest_odd_number,reduce,cpp,hpx,0.2,0.95,True,2048,False,int smallestOdd(std::vector<int> const& x) {\n  // TODO: implement this function\n  return 0;\n},False,False,,50,-17006592,31425.0,0.97,31425.0,0.9275999999999999,51.02483415603638
"#include <hpx/hpx_main.hpp>\n\n/* Return the value of the smallest odd number in the vector x.\n   Use HPX to compute in parallel.  Assume HPX has already been initialized.\n   Examples:\n\n   input: [7, 9, 5, 2, 8, 16, 4, 1]\n   output: 1\n\n   input: [8, 36, 7, 2, 11]\n   output: 7\n*/\nint smallestOdd(std::vector<int> const& x) {",28_reduce_smallest_odd_number,reduce,cpp,hpx,0.2,0.95,True,2048,False,int smallestOdd(std::vector<int> const& x) {\n  // TODO: implement this function\n  return 0;\n},False,False,,51,56799232,31425.0,0.97,31425.0,0.9337931034482758,59.20690155029297
"#include <hpx/hpx_main.hpp>\n\n/* Return the value of the smallest odd number in the vector x.\n   Use HPX to compute in parallel.  Assume HPX has already been initialized.\n   Examples:\n\n   input: [7, 9, 5, 2, 8, 16, 4, 1]\n   output: 1\n\n   input: [8, 36, 7, 2, 11]\n   output: 7\n*/\nint smallestOdd(std::vector<int> const& x) {",28_reduce_smallest_odd_number,reduce,cpp,hpx,0.2,0.95,True,2048,False,int smallestOdd(std::vector<int> const& x) {\n  return 0;\n},False,False,,52,-41443328,31425.0,0.97,31425.0,0.933103448275862,59.188034772872925
"#include <hpx/hpx_main.hpp>\n\n/* Return the value of the smallest odd number in the vector x.\n   Use HPX to compute in parallel.  Assume HPX has already been initialized.\n   Examples:\n\n   input: [7, 9, 5, 2, 8, 16, 4, 1]\n   output: 1\n\n   input: [8, 36, 7, 2, 11]\n   output: 7\n*/\nint smallestOdd(std::vector<int> const& x) {",28_reduce_smallest_odd_number,reduce,cpp,hpx,0.2,0.95,True,2048,False,int smallestOdd(std::vector<int> const& x) {\n  // TODO: implement this function\n  return 0;\n},False,False,,53,32989184,31425.0,0.97,31425.0,0.9344827586206896,59.19161605834961
"#include <hpx/hpx_main.hpp>\n\n/* Return the value of the smallest odd number in the vector x.\n   Use HPX to compute in parallel.  Assume HPX has already been initialized.\n   Examples:\n\n   input: [7, 9, 5, 2, 8, 16, 4, 1]\n   output: 1\n\n   input: [8, 36, 7, 2, 11]\n   output: 7\n*/\nint smallestOdd(std::vector<int> const& x) {",28_reduce_smallest_odd_number,reduce,cpp,hpx,0.2,0.95,True,2048,False,int smallestOdd(std::vector<int> const& x) {\n  // TODO: implement this function\n  return 0;\n},False,False,,54,-73465856,31425.0,0.97,31425.0,0.9341379310344827,59.20192193984985
"#include <hpx/hpx_main.hpp>\n\n/* Return the value of the smallest odd number in the vector x.\n   Use HPX to compute in parallel.  Assume HPX has already been initialized.\n   Examples:\n\n   input: [7, 9, 5, 2, 8, 16, 4, 1]\n   output: 1\n\n   input: [8, 36, 7, 2, 11]\n   output: 7\n*/\nint smallestOdd(std::vector<int> const& x) {",28_reduce_smallest_odd_number,reduce,cpp,hpx,0.2,0.95,True,2048,False,int smallestOdd(std::vector<int> const& x) {\n    // TODO: implement this function\n    return 0;\n},False,False,,55,250753024,31425.0,0.97,31425.0,0.9351724137931033,59.25327110290527
"#include <hpx/hpx_main.hpp>\n\n/* Return the value of the smallest odd number in the vector x.\n   Use HPX to compute in parallel.  Assume HPX has already been initialized.\n   Examples:\n\n   input: [7, 9, 5, 2, 8, 16, 4, 1]\n   output: 1\n\n   input: [8, 36, 7, 2, 11]\n   output: 7\n*/\nint smallestOdd(std::vector<int> const& x) {",28_reduce_smallest_odd_number,reduce,cpp,hpx,0.2,0.95,True,2048,False,int smallestOdd(std::vector<int> const& x) {\n    if (x.empty()) {\n        return 0;\n    }\n    std::vector<int> odds;\n    for (int i = 0; i < x.size(); i++) {\n        if (x[i] % 2 == 1) {\n            odds.push_back(x[i]);\n        }\n    }\n    if (odds.empty()) {\n        return 0;\n    }\n    int min = odds[0];\n    for (int i = 1; i < odds.size(); i++) {\n        if (odds[i] < min) {\n            min = odds[i];\n        }\n    }\n    return min;\n},False,False,,56,-202543104,31425.0,0.97,31425.0,0.9344827586206896,59.20711064338684
"#include <hpx/hpx_main.hpp>\n\n/* Return the value of the smallest odd number in the vector x.\n   Use HPX to compute in parallel.  Assume HPX has already been initialized.\n   Examples:\n\n   input: [7, 9, 5, 2, 8, 16, 4, 1]\n   output: 1\n\n   input: [8, 36, 7, 2, 11]\n   output: 7\n*/\nint smallestOdd(std::vector<int> const& x) {",28_reduce_smallest_odd_number,reduce,cpp,hpx,0.2,0.95,True,2048,False,int smallestOdd(std::vector<int> const& x) {\n  // TODO: implement this function\n  return 0;\n},False,False,,57,-13398016,31425.0,0.97,31425.0,0.9351724137931033,59.18895769119263
"#include <hpx/hpx_main.hpp>\n\n/* Return the value of the smallest odd number in the vector x.\n   Use HPX to compute in parallel.  Assume HPX has already been initialized.\n   Examples:\n\n   input: [7, 9, 5, 2, 8, 16, 4, 1]\n   output: 1\n\n   input: [8, 36, 7, 2, 11]\n   output: 7\n*/\nint smallestOdd(std::vector<int> const& x) {",28_reduce_smallest_odd_number,reduce,cpp,hpx,0.2,0.95,True,2048,False,int smallestOdd(std::vector<int> const& x) {\n  // TODO: implement this function\n  return 0;\n},False,False,,58,69320704,31425.0,0.97,31425.0,0.9348275862068965,59.22244715690613
"#include <hpx/hpx_main.hpp>\n\n/* Return the value of the smallest odd number in the vector x.\n   Use HPX to compute in parallel.  Assume HPX has already been initialized.\n   Examples:\n\n   input: [7, 9, 5, 2, 8, 16, 4, 1]\n   output: 1\n\n   input: [8, 36, 7, 2, 11]\n   output: 7\n*/\nint smallestOdd(std::vector<int> const& x) {",28_reduce_smallest_odd_number,reduce,cpp,hpx,0.2,0.95,True,2048,False,int smallestOdd(std::vector<int> const& x) {\n  // TODO: implement this function\n  return 0;\n},False,False,,59,-25137152,31425.0,0.97,31425.0,0.9214285714285714,42.84190535545349
"#include <hpx/hpx_main.hpp>\n\n/* Return the value of the smallest odd number in the vector x.\n   Use HPX to compute in parallel.  Assume HPX has already been initialized.\n   Examples:\n\n   input: [7, 9, 5, 2, 8, 16, 4, 1]\n   output: 1\n\n   input: [8, 36, 7, 2, 11]\n   output: 7\n*/\nint smallestOdd(std::vector<int> const& x) {",28_reduce_smallest_odd_number,reduce,cpp,hpx,0.2,0.95,True,2048,False,int smallestOdd(std::vector<int> const& x) {\n  // TODO: implement this function\n  return 0;\n},False,False,,60,-5427200,31425.0,0.97,31425.0,0.9179999999999999,40.83289647102356
"#include <hpx/hpx_main.hpp>\n\n/* Return the value of the smallest odd number in the vector x.\n   Use HPX to compute in parallel.  Assume HPX has already been initialized.\n   Examples:\n\n   input: [7, 9, 5, 2, 8, 16, 4, 1]\n   output: 1\n\n   input: [8, 36, 7, 2, 11]\n   output: 7\n*/\nint smallestOdd(std::vector<int> const& x) {",28_reduce_smallest_odd_number,reduce,cpp,hpx,0.2,0.95,True,2048,False,int smallestOdd(std::vector<int> const& x) {\n  // TODO: implement this function\n  return 0;\n},False,False,,61,33153024,31425.0,0.97,31425.0,0.9355172413793104,59.20096254348755
"#include <hpx/hpx_main.hpp>\n\n/* Return the value of the smallest odd number in the vector x.\n   Use HPX to compute in parallel.  Assume HPX has already been initialized.\n   Examples:\n\n   input: [7, 9, 5, 2, 8, 16, 4, 1]\n   output: 1\n\n   input: [8, 36, 7, 2, 11]\n   output: 7\n*/\nint smallestOdd(std::vector<int> const& x) {",28_reduce_smallest_odd_number,reduce,cpp,hpx,0.2,0.95,True,2048,False,int smallestOdd(std::vector<int> const& x) {\n    // TODO: implement this function\n    return 0;\n},False,False,,62,3067904,31425.0,0.97,31425.0,0.9341379310344827,59.23220872879028
"#include <hpx/hpx_main.hpp>\n\n/* Return the value of the smallest odd number in the vector x.\n   Use HPX to compute in parallel.  Assume HPX has already been initialized.\n   Examples:\n\n   input: [7, 9, 5, 2, 8, 16, 4, 1]\n   output: 1\n\n   input: [8, 36, 7, 2, 11]\n   output: 7\n*/\nint smallestOdd(std::vector<int> const& x) {",28_reduce_smallest_odd_number,reduce,cpp,hpx,0.2,0.95,True,2048,False,int smallestOdd(std::vector<int> const& x) {\n  // TODO: implement this function\n  return 0;\n},False,False,,63,-7401472,31425.0,0.97,31425.0,0.9337931034482758,59.18956398963928
"#include <hpx/hpx_main.hpp>\n\n/* Return the value of the smallest odd number in the vector x.\n   Use HPX to compute in parallel.  Assume HPX has already been initialized.\n   Examples:\n\n   input: [7, 9, 5, 2, 8, 16, 4, 1]\n   output: 1\n\n   input: [8, 36, 7, 2, 11]\n   output: 7\n*/\nint smallestOdd(std::vector<int> const& x) {",28_reduce_smallest_odd_number,reduce,cpp,hpx,0.2,0.95,True,2048,False,int smallestOdd(std::vector<int> const& x) {\n  // TODO: implement this function\n  return 0;\n},False,False,,64,11714560,31425.0,0.97,31425.0,0.9348275862068965,59.19614601135254
"#include <hpx/hpx_main.hpp>\n\n/* Return the value of the smallest odd number in the vector x.\n   Use HPX to compute in parallel.  Assume HPX has already been initialized.\n   Examples:\n\n   input: [7, 9, 5, 2, 8, 16, 4, 1]\n   output: 1\n\n   input: [8, 36, 7, 2, 11]\n   output: 7\n*/\nint smallestOdd(std::vector<int> const& x) {",28_reduce_smallest_odd_number,reduce,cpp,hpx,0.2,0.95,True,2048,False,int smallestOdd(std::vector<int> const& x) {\n    // TODO: implement this function\n    return 0;\n},False,False,,65,-17174528,31425.0,0.97,31425.0,0.9344827586206896,59.16002678871155
"#include <hpx/hpx_main.hpp>\n\n/* Return the value of the smallest odd number in the vector x.\n   Use HPX to compute in parallel.  Assume HPX has already been initialized.\n   Examples:\n\n   input: [7, 9, 5, 2, 8, 16, 4, 1]\n   output: 1\n\n   input: [8, 36, 7, 2, 11]\n   output: 7\n*/\nint smallestOdd(std::vector<int> const& x) {",28_reduce_smallest_odd_number,reduce,cpp,hpx,0.2,0.95,True,2048,False,int smallestOdd(std::vector<int> const& x) {\n  // TODO: implement this function\n  return 0;\n},False,False,,66,50855936,31425.0,0.97,31425.0,0.933103448275862,59.177268743515015
"#include <hpx/hpx_main.hpp>\n\n/* Return the value of the smallest odd number in the vector x.\n   Use HPX to compute in parallel.  Assume HPX has already been initialized.\n   Examples:\n\n   input: [7, 9, 5, 2, 8, 16, 4, 1]\n   output: 1\n\n   input: [8, 36, 7, 2, 11]\n   output: 7\n*/\nint smallestOdd(std::vector<int> const& x) {",28_reduce_smallest_odd_number,reduce,cpp,hpx,0.2,0.95,True,2048,False,int smallestOdd(std::vector<int> const& x) {\n    if (x.size() == 0) {\n        return -1;\n    }\n    std::vector<int> odds;\n    for (int i = 0; i < x.size(); i++) {\n        if (x[i] % 2 == 1) {\n            odds.push_back(x[i]);\n        }\n    }\n    if (odds.size() == 0) {\n        return -1;\n    }\n    int smallest = odds[0];\n    for (int i = 1; i < odds.size(); i++) {\n        if (odds[i] < smallest) {\n            smallest = odds[i];\n        }\n    }\n    return smallest;\n},False,False,,67,1437696,31425.0,0.97,31425.0,0.9122222222222222,36.75206637382507
"#include <hpx/hpx_main.hpp>\n\n/* Return the value of the smallest odd number in the vector x.\n   Use HPX to compute in parallel.  Assume HPX has already been initialized.\n   Examples:\n\n   input: [7, 9, 5, 2, 8, 16, 4, 1]\n   output: 1\n\n   input: [8, 36, 7, 2, 11]\n   output: 7\n*/\nint smallestOdd(std::vector<int> const& x) {",28_reduce_smallest_odd_number,reduce,cpp,hpx,0.2,0.95,True,2048,False,int smallestOdd(std::vector<int> const& x) {\n  // TODO: implement this function\n  return 0;\n},False,False,,68,3706880,31425.0,0.97,31425.0,0.9669565217391304,46.93243622779846
"#include <hpx/hpx_main.hpp>\n\n/* Return the value of the smallest odd number in the vector x.\n   Use HPX to compute in parallel.  Assume HPX has already been initialized.\n   Examples:\n\n   input: [7, 9, 5, 2, 8, 16, 4, 1]\n   output: 1\n\n   input: [8, 36, 7, 2, 11]\n   output: 7\n*/\nint smallestOdd(std::vector<int> const& x) {",28_reduce_smallest_odd_number,reduce,cpp,hpx,0.2,0.95,True,2048,False,int smallestOdd(std::vector<int> const& x) {\n    // TODO: implement this function\n    return 0;\n},False,False,,69,-122380288,31425.0,0.97,31425.0,0.933448275862069,59.21113395690918
"#include <hpx/hpx_main.hpp>\n\n/* Return the value of the smallest odd number in the vector x.\n   Use HPX to compute in parallel.  Assume HPX has already been initialized.\n   Examples:\n\n   input: [7, 9, 5, 2, 8, 16, 4, 1]\n   output: 1\n\n   input: [8, 36, 7, 2, 11]\n   output: 7\n*/\nint smallestOdd(std::vector<int> const& x) {",28_reduce_smallest_odd_number,reduce,cpp,hpx,0.2,0.95,True,2048,False,int smallestOdd(std::vector<int> const& x) {\n  return 0;\n},False,False,,70,-154030080,31425.0,0.97,31425.0,0.9307692307692308,53.091654539108276
"#include <hpx/hpx_main.hpp>\n\n/* Return the value of the smallest odd number in the vector x.\n   Use HPX to compute in parallel.  Assume HPX has already been initialized.\n   Examples:\n\n   input: [7, 9, 5, 2, 8, 16, 4, 1]\n   output: 1\n\n   input: [8, 36, 7, 2, 11]\n   output: 7\n*/\nint smallestOdd(std::vector<int> const& x) {",28_reduce_smallest_odd_number,reduce,cpp,hpx,0.2,0.95,True,2048,False,int smallestOdd(std::vector<int> const& x) {\n    // TODO: implement this function\n    return 0;\n},False,False,,71,25407488,31425.0,0.97,31425.0,0.9303846153846153,53.09280490875244
"#include <hpx/hpx_main.hpp>\n\n/* Return the value of the smallest odd number in the vector x.\n   Use HPX to compute in parallel.  Assume HPX has already been initialized.\n   Examples:\n\n   input: [7, 9, 5, 2, 8, 16, 4, 1]\n   output: 1\n\n   input: [8, 36, 7, 2, 11]\n   output: 7\n*/\nint smallestOdd(std::vector<int> const& x) {",28_reduce_smallest_odd_number,reduce,cpp,hpx,0.2,0.95,True,2048,False,int smallestOdd(std::vector<int> const& x) {\n  // TODO: implement this function\n  return 0;\n},False,False,,72,30244864,31425.0,0.97,31425.0,0.8978571428571429,28.58494782447815
"#include <hpx/hpx_main.hpp>\n\n/* Return the value of the smallest odd number in the vector x.\n   Use HPX to compute in parallel.  Assume HPX has already been initialized.\n   Examples:\n\n   input: [7, 9, 5, 2, 8, 16, 4, 1]\n   output: 1\n\n   input: [8, 36, 7, 2, 11]\n   output: 7\n*/\nint smallestOdd(std::vector<int> const& x) {",28_reduce_smallest_odd_number,reduce,cpp,hpx,0.2,0.95,True,2048,False,int smallestOdd(std::vector<int> const& x) {\n  // TODO: implement this function\n  return 0;\n},False,False,,73,115982336,31425.0,0.97,31425.0,0.9337931034482758,59.19469141960144
"#include <hpx/hpx_main.hpp>\n\n/* Return the value of the smallest odd number in the vector x.\n   Use HPX to compute in parallel.  Assume HPX has already been initialized.\n   Examples:\n\n   input: [7, 9, 5, 2, 8, 16, 4, 1]\n   output: 1\n\n   input: [8, 36, 7, 2, 11]\n   output: 7\n*/\nint smallestOdd(std::vector<int> const& x) {",28_reduce_smallest_odd_number,reduce,cpp,hpx,0.2,0.95,True,2048,False,int smallestOdd(std::vector<int> const& x) {\n  // TODO: implement this function\n  return 0;\n},False,False,,74,9265152,31425.0,0.97,31425.0,0.9122222222222222,36.746110677719116
"#include <hpx/hpx_main.hpp>\n\n/* Return the value of the smallest odd number in the vector x.\n   Use HPX to compute in parallel.  Assume HPX has already been initialized.\n   Examples:\n\n   input: [7, 9, 5, 2, 8, 16, 4, 1]\n   output: 1\n\n   input: [8, 36, 7, 2, 11]\n   output: 7\n*/\nint smallestOdd(std::vector<int> const& x) {",28_reduce_smallest_odd_number,reduce,cpp,hpx,0.2,0.95,True,2048,False,int smallestOdd(std::vector<int> const& x) {\n    return 0;\n},False,False,,75,-11042816,31425.0,0.97,31425.0,0.9668965517241379,59.2516975402832
"#include <hpx/hpx_main.hpp>\n\n/* Return the value of the smallest odd number in the vector x.\n   Use HPX to compute in parallel.  Assume HPX has already been initialized.\n   Examples:\n\n   input: [7, 9, 5, 2, 8, 16, 4, 1]\n   output: 1\n\n   input: [8, 36, 7, 2, 11]\n   output: 7\n*/\nint smallestOdd(std::vector<int> const& x) {",28_reduce_smallest_odd_number,reduce,cpp,hpx,0.2,0.95,True,2048,False,int smallestOdd(std::vector<int> const& x) {\n    // TODO: implement this function\n    return 0;\n},False,False,,76,9035776,31425.0,0.97,31425.0,0.9344827586206896,59.176433801651
"#include <hpx/hpx_main.hpp>\n\n/* Return the value of the smallest odd number in the vector x.\n   Use HPX to compute in parallel.  Assume HPX has already been initialized.\n   Examples:\n\n   input: [7, 9, 5, 2, 8, 16, 4, 1]\n   output: 1\n\n   input: [8, 36, 7, 2, 11]\n   output: 7\n*/\nint smallestOdd(std::vector<int> const& x) {",28_reduce_smallest_odd_number,reduce,cpp,hpx,0.2,0.95,True,2048,False,int smallestOdd(std::vector<int> const& x) {\n  return 0;\n},False,False,,77,3854336,31425.0,0.97,31425.0,0.9348275862068965,59.20243048667908
"#include <hpx/hpx_main.hpp>\n\n/* Return the value of the smallest odd number in the vector x.\n   Use HPX to compute in parallel.  Assume HPX has already been initialized.\n   Examples:\n\n   input: [7, 9, 5, 2, 8, 16, 4, 1]\n   output: 1\n\n   input: [8, 36, 7, 2, 11]\n   output: 7\n*/\nint smallestOdd(std::vector<int> const& x) {",28_reduce_smallest_odd_number,reduce,cpp,hpx,0.2,0.95,True,2048,False,int smallestOdd(std::vector<int> const& x) {\n  // TODO: implement this function\n  return 0;\n},False,False,,78,16990208,31425.0,0.97,31425.0,0.9355172413793104,59.15912342071533
"#include <hpx/hpx_main.hpp>\n\n/* Return the value of the smallest odd number in the vector x.\n   Use HPX to compute in parallel.  Assume HPX has already been initialized.\n   Examples:\n\n   input: [7, 9, 5, 2, 8, 16, 4, 1]\n   output: 1\n\n   input: [8, 36, 7, 2, 11]\n   output: 7\n*/\nint smallestOdd(std::vector<int> const& x) {",28_reduce_smallest_odd_number,reduce,cpp,hpx,0.2,0.95,True,2048,False,int smallestOdd(std::vector<int> const& x) {\n  // TODO: implement this function\n  return 0;\n},False,False,,79,23937024,31425.0,0.97,31425.0,0.9344827586206896,59.17890405654907
"#include <hpx/hpx_main.hpp>\n\n/* Return the value of the smallest odd number in the vector x.\n   Use HPX to compute in parallel.  Assume HPX has already been initialized.\n   Examples:\n\n   input: [7, 9, 5, 2, 8, 16, 4, 1]\n   output: 1\n\n   input: [8, 36, 7, 2, 11]\n   output: 7\n*/\nint smallestOdd(std::vector<int> const& x) {",28_reduce_smallest_odd_number,reduce,cpp,hpx,0.2,0.95,True,2048,False,int smallestOdd(std::vector<int> const& x) {\n    // TODO: implement this function\n    return 0;\n},False,False,,80,4362240,31425.0,0.97,31425.0,0.9341379310344827,59.22681212425232
"#include <hpx/hpx_main.hpp>\n\n/* Return the value of the smallest odd number in the vector x.\n   Use HPX to compute in parallel.  Assume HPX has already been initialized.\n   Examples:\n\n   input: [7, 9, 5, 2, 8, 16, 4, 1]\n   output: 1\n\n   input: [8, 36, 7, 2, 11]\n   output: 7\n*/\nint smallestOdd(std::vector<int> const& x) {",28_reduce_smallest_odd_number,reduce,cpp,hpx,0.2,0.95,True,2048,False,int smallestOdd(std::vector<int> const& x) {\n  // TODO: implement this function\n  return 0;\n},False,False,,81,-4018176,31425.0,0.97,31425.0,0.845,16.32722496986389
"#include <hpx/hpx_main.hpp>\n\n/* Return the value of the smallest odd number in the vector x.\n   Use HPX to compute in parallel.  Assume HPX has already been initialized.\n   Examples:\n\n   input: [7, 9, 5, 2, 8, 16, 4, 1]\n   output: 1\n\n   input: [8, 36, 7, 2, 11]\n   output: 7\n*/\nint smallestOdd(std::vector<int> const& x) {",28_reduce_smallest_odd_number,reduce,cpp,hpx,0.2,0.95,True,2048,False,int smallestOdd(std::vector<int> const& x) {\n  // TODO: implement this function\n  return 0;\n},False,False,,82,45731840,31425.0,0.97,31425.0,0.9314814814814815,55.117610454559326
"#include <hpx/hpx_main.hpp>\n\n/* Return the value of the smallest odd number in the vector x.\n   Use HPX to compute in parallel.  Assume HPX has already been initialized.\n   Examples:\n\n   input: [7, 9, 5, 2, 8, 16, 4, 1]\n   output: 1\n\n   input: [8, 36, 7, 2, 11]\n   output: 7\n*/\nint smallestOdd(std::vector<int> const& x) {",28_reduce_smallest_odd_number,reduce,cpp,hpx,0.2,0.95,True,2048,False,int smallestOdd(std::vector<int> const& x) {\n  // TODO: implement this function\n  return 0;\n},False,False,,83,4292608,31425.0,0.97,31425.0,0.9344827586206896,59.17800045013428
"#include <hpx/hpx_main.hpp>\n\n/* Return the value of the smallest odd number in the vector x.\n   Use HPX to compute in parallel.  Assume HPX has already been initialized.\n   Examples:\n\n   input: [7, 9, 5, 2, 8, 16, 4, 1]\n   output: 1\n\n   input: [8, 36, 7, 2, 11]\n   output: 7\n*/\nint smallestOdd(std::vector<int> const& x) {",28_reduce_smallest_odd_number,reduce,cpp,hpx,0.2,0.95,True,2048,False,int smallestOdd(std::vector<int> const& x) {\n  return 0;\n},False,False,,84,-4960256,31425.0,0.97,31425.0,0.920952380952381,42.87891936302185
"#include <hpx/hpx_main.hpp>\n\n/* Return the value of the smallest odd number in the vector x.\n   Use HPX to compute in parallel.  Assume HPX has already been initialized.\n   Examples:\n\n   input: [7, 9, 5, 2, 8, 16, 4, 1]\n   output: 1\n\n   input: [8, 36, 7, 2, 11]\n   output: 7\n*/\nint smallestOdd(std::vector<int> const& x) {",28_reduce_smallest_odd_number,reduce,cpp,hpx,0.2,0.95,True,2048,False,int smallestOdd(std::vector<int> const& x) {\n    // TODO: implement this function\n    return 0;\n},False,False,,85,99155968,31425.0,0.97,31425.0,0.9341379310344827,59.227004051208496
"#include <hpx/hpx_main.hpp>\n\n/* Return the value of the smallest odd number in the vector x.\n   Use HPX to compute in parallel.  Assume HPX has already been initialized.\n   Examples:\n\n   input: [7, 9, 5, 2, 8, 16, 4, 1]\n   output: 1\n\n   input: [8, 36, 7, 2, 11]\n   output: 7\n*/\nint smallestOdd(std::vector<int> const& x) {",28_reduce_smallest_odd_number,reduce,cpp,hpx,0.2,0.95,True,2048,False,int smallestOdd(std::vector<int> const& x) {\n  return 0;\n},False,False,,86,-366690304,31425.0,0.97,31425.0,0.9344827586206896,59.25007390975952
"#include <hpx/hpx_main.hpp>\n\n/* Return the value of the smallest odd number in the vector x.\n   Use HPX to compute in parallel.  Assume HPX has already been initialized.\n   Examples:\n\n   input: [7, 9, 5, 2, 8, 16, 4, 1]\n   output: 1\n\n   input: [8, 36, 7, 2, 11]\n   output: 7\n*/\nint smallestOdd(std::vector<int> const& x) {",28_reduce_smallest_odd_number,reduce,cpp,hpx,0.2,0.95,True,2048,False,int smallestOdd(std::vector<int> const& x) {\n  // TODO: implement this function\n  return 0;\n},False,False,,87,23678976,31425.0,0.97,31425.0,0.9348275862068965,59.16896104812622
"#include <hpx/hpx_main.hpp>\n\n/* Return the value of the smallest odd number in the vector x.\n   Use HPX to compute in parallel.  Assume HPX has already been initialized.\n   Examples:\n\n   input: [7, 9, 5, 2, 8, 16, 4, 1]\n   output: 1\n\n   input: [8, 36, 7, 2, 11]\n   output: 7\n*/\nint smallestOdd(std::vector<int> const& x) {",28_reduce_smallest_odd_number,reduce,cpp,hpx,0.2,0.95,True,2048,False,int smallestOdd(std::vector<int> const& x) {\n  // TODO: implement this function\n  return 0;\n},False,False,,88,7258112,31425.0,0.97,31425.0,0.9341379310344827,59.21078562736511
"#include <hpx/hpx_main.hpp>\n\n/* Return the value of the smallest odd number in the vector x.\n   Use HPX to compute in parallel.  Assume HPX has already been initialized.\n   Examples:\n\n   input: [7, 9, 5, 2, 8, 16, 4, 1]\n   output: 1\n\n   input: [8, 36, 7, 2, 11]\n   output: 7\n*/\nint smallestOdd(std::vector<int> const& x) {",28_reduce_smallest_odd_number,reduce,cpp,hpx,0.2,0.95,True,2048,False,int smallestOdd(std::vector<int> const& x) {\n    // TODO: implement this function\n    return 0;\n},False,False,,89,123502592,31425.0,0.97,31425.0,0.9344827586206896,59.19582557678223
"#include <hpx/hpx_main.hpp>\n\n/* Return the value of the smallest odd number in the vector x.\n   Use HPX to compute in parallel.  Assume HPX has already been initialized.\n   Examples:\n\n   input: [7, 9, 5, 2, 8, 16, 4, 1]\n   output: 1\n\n   input: [8, 36, 7, 2, 11]\n   output: 7\n*/\nint smallestOdd(std::vector<int> const& x) {",28_reduce_smallest_odd_number,reduce,cpp,hpx,0.2,0.95,True,2048,False,int smallestOdd(std::vector<int> const& x) {\n    // TODO: implement this function\n    return 0;\n},False,False,,90,10051584,31425.0,0.97,31425.0,0.9358620689655173,59.183722496032715
"#include <hpx/hpx_main.hpp>\n\n/* Return the value of the smallest odd number in the vector x.\n   Use HPX to compute in parallel.  Assume HPX has already been initialized.\n   Examples:\n\n   input: [7, 9, 5, 2, 8, 16, 4, 1]\n   output: 1\n\n   input: [8, 36, 7, 2, 11]\n   output: 7\n*/\nint smallestOdd(std::vector<int> const& x) {",28_reduce_smallest_odd_number,reduce,cpp,hpx,0.2,0.95,True,2048,False,int smallestOdd(std::vector<int> const& x) {\n  // TODO: implement this function\n  return 0;\n},False,False,,91,-13783040,31425.0,0.97,31425.0,0.9355172413793104,59.221965312957764
"#include <hpx/hpx_main.hpp>\n\n/* Return the value of the smallest odd number in the vector x.\n   Use HPX to compute in parallel.  Assume HPX has already been initialized.\n   Examples:\n\n   input: [7, 9, 5, 2, 8, 16, 4, 1]\n   output: 1\n\n   input: [8, 36, 7, 2, 11]\n   output: 7\n*/\nint smallestOdd(std::vector<int> const& x) {",28_reduce_smallest_odd_number,reduce,cpp,hpx,0.2,0.95,True,2048,False,int smallestOdd(std::vector<int> const& x) {\n    // TODO: implement this function\n    return 0;\n},False,False,,92,15970304,31425.0,0.97,31425.0,0.9351724137931033,59.19487142562866
"#include <hpx/hpx_main.hpp>\n\n/* Return the value of the smallest odd number in the vector x.\n   Use HPX to compute in parallel.  Assume HPX has already been initialized.\n   Examples:\n\n   input: [7, 9, 5, 2, 8, 16, 4, 1]\n   output: 1\n\n   input: [8, 36, 7, 2, 11]\n   output: 7\n*/\nint smallestOdd(std::vector<int> const& x) {",28_reduce_smallest_odd_number,reduce,cpp,hpx,0.2,0.95,True,2048,False,int smallestOdd(std::vector<int> const& x) {\n  // TODO: implement this function\n  return 0;\n},False,False,,93,-8949760,31425.0,0.97,31425.0,0.8915384615384615,26.539911031723022
"#include <hpx/hpx_main.hpp>\n\n/* Return the value of the smallest odd number in the vector x.\n   Use HPX to compute in parallel.  Assume HPX has already been initialized.\n   Examples:\n\n   input: [7, 9, 5, 2, 8, 16, 4, 1]\n   output: 1\n\n   input: [8, 36, 7, 2, 11]\n   output: 7\n*/\nint smallestOdd(std::vector<int> const& x) {",28_reduce_smallest_odd_number,reduce,cpp,hpx,0.2,0.95,True,2048,False,int smallestOdd(std::vector<int> const& x) {\n  // TODO: implement this function\n  return 0;\n},False,False,,94,16855040,31425.0,0.97,31425.0,0.866,20.407777547836304
"#include <hpx/hpx_main.hpp>\n\n/* Return the value of the smallest odd number in the vector x.\n   Use HPX to compute in parallel.  Assume HPX has already been initialized.\n   Examples:\n\n   input: [7, 9, 5, 2, 8, 16, 4, 1]\n   output: 1\n\n   input: [8, 36, 7, 2, 11]\n   output: 7\n*/\nint smallestOdd(std::vector<int> const& x) {",28_reduce_smallest_odd_number,reduce,cpp,hpx,0.2,0.95,True,2048,False,int smallestOdd(std::vector<int> const& x) {\n    // TODO: implement this function\n    return 0;\n},False,False,,95,7901184,31425.0,0.97,31425.0,0.8781818181818182,22.45826506614685
"#include <hpx/hpx_main.hpp>\n\n/* Return the value of the smallest odd number in the vector x.\n   Use HPX to compute in parallel.  Assume HPX has already been initialized.\n   Examples:\n\n   input: [7, 9, 5, 2, 8, 16, 4, 1]\n   output: 1\n\n   input: [8, 36, 7, 2, 11]\n   output: 7\n*/\nint smallestOdd(std::vector<int> const& x) {",28_reduce_smallest_odd_number,reduce,cpp,hpx,0.2,0.95,True,2048,False,int smallestOdd(std::vector<int> const& x) {\n  // TODO: implement this function\n  return 0;\n},False,False,,96,-4648960,31425.0,0.97,31425.0,0.9341379310344827,59.189186096191406
"#include <hpx/hpx_main.hpp>\n\n/* Return the value of the smallest odd number in the vector x.\n   Use HPX to compute in parallel.  Assume HPX has already been initialized.\n   Examples:\n\n   input: [7, 9, 5, 2, 8, 16, 4, 1]\n   output: 1\n\n   input: [8, 36, 7, 2, 11]\n   output: 7\n*/\nint smallestOdd(std::vector<int> const& x) {",28_reduce_smallest_odd_number,reduce,cpp,hpx,0.2,0.95,True,2048,False,int smallestOdd(std::vector<int> const& x) {\n  // TODO: implement this function\n  return 0;\n},False,False,,97,16887808,31425.0,0.97,31425.0,0.9344827586206896,59.216713666915894
"#include <hpx/hpx_main.hpp>\n\n/* Return the value of the smallest odd number in the vector x.\n   Use HPX to compute in parallel.  Assume HPX has already been initialized.\n   Examples:\n\n   input: [7, 9, 5, 2, 8, 16, 4, 1]\n   output: 1\n\n   input: [8, 36, 7, 2, 11]\n   output: 7\n*/\nint smallestOdd(std::vector<int> const& x) {",28_reduce_smallest_odd_number,reduce,cpp,hpx,0.2,0.95,True,2048,False,int smallestOdd(std::vector<int> const& x) {\n  // TODO: implement this function\n  return 0;\n},False,False,,98,50122752,31425.0,0.97,31425.0,0.9355172413793104,59.195218563079834
"#include <hpx/hpx_main.hpp>\n\n/* Return the value of the smallest odd number in the vector x.\n   Use HPX to compute in parallel.  Assume HPX has already been initialized.\n   Examples:\n\n   input: [7, 9, 5, 2, 8, 16, 4, 1]\n   output: 1\n\n   input: [8, 36, 7, 2, 11]\n   output: 7\n*/\nint smallestOdd(std::vector<int> const& x) {",28_reduce_smallest_odd_number,reduce,cpp,hpx,0.2,0.95,True,2048,False,int smallestOdd(std::vector<int> const& x) {\n    // TODO: implement this function\n    return 0;\n},False,False,,99,4812800,31425.0,0.97,31425.0,0.9348275862068965,59.1936719417572
"#include <hpx/hpx_main.hpp>\n\n/* Return the sum of the minimum value at each index of vectors x and y for all indices.\n   i.e. sum = min(x_0, y_0) + min(x_1, y_1) + min(x_2, y_2) + ...\n   Use HPX to sum in parallel.  Assume HPX has already been initialized.\n   Example:\n\n   input: x=[3, 4, 0, 2, 3], y=[2, 5, 3, 1, 7]\n   output: 10\n*/\ndouble sumOfMinimumElements(std::vector<double> const& x, std::vector<double> const& y) {",29_reduce_sum_of_min_of_pairs,reduce,cpp,hpx,0.2,0.95,True,2048,False,"double sumOfMinimumElements(std::vector<double> const& x, std::vector<double> const& y) {\n    // TODO: implement this function\n    return 0.0;\n}",False,False,,0,-29458432,31425.0,0.97,31425.0,0.9337931034482758,59.18872547149658
"#include <hpx/hpx_main.hpp>\n\n/* Return the sum of the minimum value at each index of vectors x and y for all indices.\n   i.e. sum = min(x_0, y_0) + min(x_1, y_1) + min(x_2, y_2) + ...\n   Use HPX to sum in parallel.  Assume HPX has already been initialized.\n   Example:\n\n   input: x=[3, 4, 0, 2, 3], y=[2, 5, 3, 1, 7]\n   output: 10\n*/\ndouble sumOfMinimumElements(std::vector<double> const& x, std::vector<double> const& y) {",29_reduce_sum_of_min_of_pairs,reduce,cpp,hpx,0.2,0.95,True,2048,False,"double sumOfMinimumElements(std::vector<double> const& x, std::vector<double> const& y) {\n  // TODO: implement this function\n  return 0.0;\n}",False,False,,1,-104120320,31425.0,0.97,31425.0,0.9189999999999999,40.86920785903931
"#include <hpx/hpx_main.hpp>\n\n/* Return the sum of the minimum value at each index of vectors x and y for all indices.\n   i.e. sum = min(x_0, y_0) + min(x_1, y_1) + min(x_2, y_2) + ...\n   Use HPX to sum in parallel.  Assume HPX has already been initialized.\n   Example:\n\n   input: x=[3, 4, 0, 2, 3], y=[2, 5, 3, 1, 7]\n   output: 10\n*/\ndouble sumOfMinimumElements(std::vector<double> const& x, std::vector<double> const& y) {",29_reduce_sum_of_min_of_pairs,reduce,cpp,hpx,0.2,0.95,True,2048,False,"double sumOfMinimumElements(std::vector<double> const& x, std::vector<double> const& y) {\n  // TODO: implement this function\n  return 0;\n}",False,False,,2,20955136,31425.0,0.97,31425.0,0.9133333333333332,36.7819938659668
"#include <hpx/hpx_main.hpp>\n\n/* Return the sum of the minimum value at each index of vectors x and y for all indices.\n   i.e. sum = min(x_0, y_0) + min(x_1, y_1) + min(x_2, y_2) + ...\n   Use HPX to sum in parallel.  Assume HPX has already been initialized.\n   Example:\n\n   input: x=[3, 4, 0, 2, 3], y=[2, 5, 3, 1, 7]\n   output: 10\n*/\ndouble sumOfMinimumElements(std::vector<double> const& x, std::vector<double> const& y) {",29_reduce_sum_of_min_of_pairs,reduce,cpp,hpx,0.2,0.95,True,2048,False,"double sumOfMinimumElements(std::vector<double> const& x, std::vector<double> const& y) {\n  // TODO: implement this function\n  return 0.0;\n}",False,False,,3,25538560,31425.0,0.97,31425.0,0.9341379310344827,59.20077848434448
"#include <hpx/hpx_main.hpp>\n\n/* Return the sum of the minimum value at each index of vectors x and y for all indices.\n   i.e. sum = min(x_0, y_0) + min(x_1, y_1) + min(x_2, y_2) + ...\n   Use HPX to sum in parallel.  Assume HPX has already been initialized.\n   Example:\n\n   input: x=[3, 4, 0, 2, 3], y=[2, 5, 3, 1, 7]\n   output: 10\n*/\ndouble sumOfMinimumElements(std::vector<double> const& x, std::vector<double> const& y) {",29_reduce_sum_of_min_of_pairs,reduce,cpp,hpx,0.2,0.95,True,2048,False,"double sumOfMinimumElements(std::vector<double> const& x, std::vector<double> const& y) {\n    // TODO: implement this function\n    return 0;\n}",False,False,,4,25874432,31425.0,0.97,31425.0,0.9341379310344827,59.16499400138855
"#include <hpx/hpx_main.hpp>\n\n/* Return the sum of the minimum value at each index of vectors x and y for all indices.\n   i.e. sum = min(x_0, y_0) + min(x_1, y_1) + min(x_2, y_2) + ...\n   Use HPX to sum in parallel.  Assume HPX has already been initialized.\n   Example:\n\n   input: x=[3, 4, 0, 2, 3], y=[2, 5, 3, 1, 7]\n   output: 10\n*/\ndouble sumOfMinimumElements(std::vector<double> const& x, std::vector<double> const& y) {",29_reduce_sum_of_min_of_pairs,reduce,cpp,hpx,0.2,0.95,True,2048,False,"double sumOfMinimumElements(std::vector<double> const& x, std::vector<double> const& y) {\n  // TODO: implement this function\n  return 0;\n}",False,False,,5,14573568,31425.0,0.97,31425.0,0.9341379310344827,59.167914390563965
"#include <hpx/hpx_main.hpp>\n\n/* Return the sum of the minimum value at each index of vectors x and y for all indices.\n   i.e. sum = min(x_0, y_0) + min(x_1, y_1) + min(x_2, y_2) + ...\n   Use HPX to sum in parallel.  Assume HPX has already been initialized.\n   Example:\n\n   input: x=[3, 4, 0, 2, 3], y=[2, 5, 3, 1, 7]\n   output: 10\n*/\ndouble sumOfMinimumElements(std::vector<double> const& x, std::vector<double> const& y) {",29_reduce_sum_of_min_of_pairs,reduce,cpp,hpx,0.2,0.95,True,2048,False,"double sumOfMinimumElements(std::vector<double> const& x, std::vector<double> const& y) {\n    // TODO: implement this function\n    return 0;\n}",False,False,,6,39698432,31425.0,0.97,31425.0,0.9358620689655173,59.15283942222595
"#include <hpx/hpx_main.hpp>\n\n/* Return the sum of the minimum value at each index of vectors x and y for all indices.\n   i.e. sum = min(x_0, y_0) + min(x_1, y_1) + min(x_2, y_2) + ...\n   Use HPX to sum in parallel.  Assume HPX has already been initialized.\n   Example:\n\n   input: x=[3, 4, 0, 2, 3], y=[2, 5, 3, 1, 7]\n   output: 10\n*/\ndouble sumOfMinimumElements(std::vector<double> const& x, std::vector<double> const& y) {",29_reduce_sum_of_min_of_pairs,reduce,cpp,hpx,0.2,0.95,True,2048,False,"double sumOfMinimumElements(std::vector<double> const& x, std::vector<double> const& y) {\n    // TODO: implement this function\n    return 0;\n}",False,False,,7,24829952,31425.0,0.97,31425.0,0.9358620689655173,59.23093056678772
"#include <hpx/hpx_main.hpp>\n\n/* Return the sum of the minimum value at each index of vectors x and y for all indices.\n   i.e. sum = min(x_0, y_0) + min(x_1, y_1) + min(x_2, y_2) + ...\n   Use HPX to sum in parallel.  Assume HPX has already been initialized.\n   Example:\n\n   input: x=[3, 4, 0, 2, 3], y=[2, 5, 3, 1, 7]\n   output: 10\n*/\ndouble sumOfMinimumElements(std::vector<double> const& x, std::vector<double> const& y) {",29_reduce_sum_of_min_of_pairs,reduce,cpp,hpx,0.2,0.95,True,2048,False,"double sumOfMinimumElements(std::vector<double> const& x, std::vector<double> const& y) {\n  // TODO: implement this function\n  return 0;\n}",False,False,,8,-6320128,31425.0,0.97,31425.0,0.9348275862068965,59.2169349193573
"#include <hpx/hpx_main.hpp>\n\n/* Return the sum of the minimum value at each index of vectors x and y for all indices.\n   i.e. sum = min(x_0, y_0) + min(x_1, y_1) + min(x_2, y_2) + ...\n   Use HPX to sum in parallel.  Assume HPX has already been initialized.\n   Example:\n\n   input: x=[3, 4, 0, 2, 3], y=[2, 5, 3, 1, 7]\n   output: 10\n*/\ndouble sumOfMinimumElements(std::vector<double> const& x, std::vector<double> const& y) {",29_reduce_sum_of_min_of_pairs,reduce,cpp,hpx,0.2,0.95,True,2048,False,"double sumOfMinimumElements(std::vector<double> const& x, std::vector<double> const& y) {\n  // TODO: implement this function\n  return 0;\n}",False,False,,9,-10973184,31425.0,0.97,31425.0,0.9127777777777778,36.72475028038025
"#include <hpx/hpx_main.hpp>\n\n/* Return the sum of the minimum value at each index of vectors x and y for all indices.\n   i.e. sum = min(x_0, y_0) + min(x_1, y_1) + min(x_2, y_2) + ...\n   Use HPX to sum in parallel.  Assume HPX has already been initialized.\n   Example:\n\n   input: x=[3, 4, 0, 2, 3], y=[2, 5, 3, 1, 7]\n   output: 10\n*/\ndouble sumOfMinimumElements(std::vector<double> const& x, std::vector<double> const& y) {",29_reduce_sum_of_min_of_pairs,reduce,cpp,hpx,0.2,0.95,True,2048,False,"double sumOfMinimumElements(std::vector<double> const& x, std::vector<double> const& y) {\n  // TODO: implement this function\n  return 0;\n}",False,False,,10,30375936,31425.0,0.97,31425.0,0.9355172413793104,59.1758348941803
"#include <hpx/hpx_main.hpp>\n\n/* Return the sum of the minimum value at each index of vectors x and y for all indices.\n   i.e. sum = min(x_0, y_0) + min(x_1, y_1) + min(x_2, y_2) + ...\n   Use HPX to sum in parallel.  Assume HPX has already been initialized.\n   Example:\n\n   input: x=[3, 4, 0, 2, 3], y=[2, 5, 3, 1, 7]\n   output: 10\n*/\ndouble sumOfMinimumElements(std::vector<double> const& x, std::vector<double> const& y) {",29_reduce_sum_of_min_of_pairs,reduce,cpp,hpx,0.2,0.95,True,2048,False,"double sumOfMinimumElements(std::vector<double> const& x, std::vector<double> const& y) {\n    // TODO: implement this function\n    return 0.0;\n}",False,False,,11,-131072,31425.0,0.97,31425.0,0.9344827586206896,59.19196081161499
"#include <hpx/hpx_main.hpp>\n\n/* Return the sum of the minimum value at each index of vectors x and y for all indices.\n   i.e. sum = min(x_0, y_0) + min(x_1, y_1) + min(x_2, y_2) + ...\n   Use HPX to sum in parallel.  Assume HPX has already been initialized.\n   Example:\n\n   input: x=[3, 4, 0, 2, 3], y=[2, 5, 3, 1, 7]\n   output: 10\n*/\ndouble sumOfMinimumElements(std::vector<double> const& x, std::vector<double> const& y) {",29_reduce_sum_of_min_of_pairs,reduce,cpp,hpx,0.2,0.95,True,2048,False,"double sumOfMinimumElements(std::vector<double> const& x, std::vector<double> const& y) {\n    return 0.0;\n}",False,False,,12,5763072,31425.0,0.97,31425.0,0.9351724137931033,59.20689058303833
"#include <hpx/hpx_main.hpp>\n\n/* Return the sum of the minimum value at each index of vectors x and y for all indices.\n   i.e. sum = min(x_0, y_0) + min(x_1, y_1) + min(x_2, y_2) + ...\n   Use HPX to sum in parallel.  Assume HPX has already been initialized.\n   Example:\n\n   input: x=[3, 4, 0, 2, 3], y=[2, 5, 3, 1, 7]\n   output: 10\n*/\ndouble sumOfMinimumElements(std::vector<double> const& x, std::vector<double> const& y) {",29_reduce_sum_of_min_of_pairs,reduce,cpp,hpx,0.2,0.95,True,2048,False,"double sumOfMinimumElements(std::vector<double> const& x, std::vector<double> const& y) {\n  // TODO: implement this function\n  return 0.0;\n}",False,False,,13,-4460544,31425.0,0.97,31425.0,0.9341379310344827,59.22399067878723
"#include <hpx/hpx_main.hpp>\n\n/* Return the sum of the minimum value at each index of vectors x and y for all indices.\n   i.e. sum = min(x_0, y_0) + min(x_1, y_1) + min(x_2, y_2) + ...\n   Use HPX to sum in parallel.  Assume HPX has already been initialized.\n   Example:\n\n   input: x=[3, 4, 0, 2, 3], y=[2, 5, 3, 1, 7]\n   output: 10\n*/\ndouble sumOfMinimumElements(std::vector<double> const& x, std::vector<double> const& y) {",29_reduce_sum_of_min_of_pairs,reduce,cpp,hpx,0.2,0.95,True,2048,False,"double sumOfMinimumElements(std::vector<double> const& x, std::vector<double> const& y) {\n  // TODO: implement this function\n  return 0;\n}",False,False,,14,-106811392,31425.0,0.97,31425.0,0.9351724137931033,59.23969888687134
"#include <hpx/hpx_main.hpp>\n\n/* Return the sum of the minimum value at each index of vectors x and y for all indices.\n   i.e. sum = min(x_0, y_0) + min(x_1, y_1) + min(x_2, y_2) + ...\n   Use HPX to sum in parallel.  Assume HPX has already been initialized.\n   Example:\n\n   input: x=[3, 4, 0, 2, 3], y=[2, 5, 3, 1, 7]\n   output: 10\n*/\ndouble sumOfMinimumElements(std::vector<double> const& x, std::vector<double> const& y) {",29_reduce_sum_of_min_of_pairs,reduce,cpp,hpx,0.2,0.95,True,2048,False,"double sumOfMinimumElements(std::vector<double> const& x, std::vector<double> const& y) {\n    return 0.0;\n}",False,False,,15,-479862784,31425.0,0.97,31425.0,0.933448275862069,59.2280068397522
"#include <hpx/hpx_main.hpp>\n\n/* Return the sum of the minimum value at each index of vectors x and y for all indices.\n   i.e. sum = min(x_0, y_0) + min(x_1, y_1) + min(x_2, y_2) + ...\n   Use HPX to sum in parallel.  Assume HPX has already been initialized.\n   Example:\n\n   input: x=[3, 4, 0, 2, 3], y=[2, 5, 3, 1, 7]\n   output: 10\n*/\ndouble sumOfMinimumElements(std::vector<double> const& x, std::vector<double> const& y) {",29_reduce_sum_of_min_of_pairs,reduce,cpp,hpx,0.2,0.95,True,2048,False,"double sumOfMinimumElements(std::vector<double> const& x, std::vector<double> const& y) {\n  // TODO: implement this function\n  return 0;\n}",False,False,,16,16326656,31425.0,0.97,31425.0,0.9199999999999999,40.808918714523315
"#include <hpx/hpx_main.hpp>\n\n/* Return the sum of the minimum value at each index of vectors x and y for all indices.\n   i.e. sum = min(x_0, y_0) + min(x_1, y_1) + min(x_2, y_2) + ...\n   Use HPX to sum in parallel.  Assume HPX has already been initialized.\n   Example:\n\n   input: x=[3, 4, 0, 2, 3], y=[2, 5, 3, 1, 7]\n   output: 10\n*/\ndouble sumOfMinimumElements(std::vector<double> const& x, std::vector<double> const& y) {",29_reduce_sum_of_min_of_pairs,reduce,cpp,hpx,0.2,0.95,True,2048,False,"double sumOfMinimumElements(std::vector<double> const& x, std::vector<double> const& y) {\n    // TODO: implement this function\n    return 0.0;\n}",False,False,,17,1814528,31425.0,0.97,31425.0,0.9337931034482758,59.16891956329346
"#include <hpx/hpx_main.hpp>\n\n/* Return the sum of the minimum value at each index of vectors x and y for all indices.\n   i.e. sum = min(x_0, y_0) + min(x_1, y_1) + min(x_2, y_2) + ...\n   Use HPX to sum in parallel.  Assume HPX has already been initialized.\n   Example:\n\n   input: x=[3, 4, 0, 2, 3], y=[2, 5, 3, 1, 7]\n   output: 10\n*/\ndouble sumOfMinimumElements(std::vector<double> const& x, std::vector<double> const& y) {",29_reduce_sum_of_min_of_pairs,reduce,cpp,hpx,0.2,0.95,True,2048,False,"double sumOfMinimumElements(std::vector<double> const& x, std::vector<double> const& y) {\n    // TODO: implement this function\n    return 0;\n}",False,False,,18,7798784,31425.0,0.97,31425.0,0.9351724137931033,59.18497896194458
"#include <hpx/hpx_main.hpp>\n\n/* Return the sum of the minimum value at each index of vectors x and y for all indices.\n   i.e. sum = min(x_0, y_0) + min(x_1, y_1) + min(x_2, y_2) + ...\n   Use HPX to sum in parallel.  Assume HPX has already been initialized.\n   Example:\n\n   input: x=[3, 4, 0, 2, 3], y=[2, 5, 3, 1, 7]\n   output: 10\n*/\ndouble sumOfMinimumElements(std::vector<double> const& x, std::vector<double> const& y) {",29_reduce_sum_of_min_of_pairs,reduce,cpp,hpx,0.2,0.95,True,2048,False,"double sumOfMinimumElements(std::vector<double> const& x, std::vector<double> const& y) {\n  // TODO: implement this function\n  return 0.0;\n}",False,False,,19,9527296,31425.0,0.97,31425.0,0.9341379310344827,59.18700098991394
"#include <hpx/hpx_main.hpp>\n\n/* Return the sum of the minimum value at each index of vectors x and y for all indices.\n   i.e. sum = min(x_0, y_0) + min(x_1, y_1) + min(x_2, y_2) + ...\n   Use HPX to sum in parallel.  Assume HPX has already been initialized.\n   Example:\n\n   input: x=[3, 4, 0, 2, 3], y=[2, 5, 3, 1, 7]\n   output: 10\n*/\ndouble sumOfMinimumElements(std::vector<double> const& x, std::vector<double> const& y) {",29_reduce_sum_of_min_of_pairs,reduce,cpp,hpx,0.2,0.95,True,2048,False,"double sumOfMinimumElements(std::vector<double> const& x, std::vector<double> const& y) {\n  // TODO: implement this function\n  return 0;\n}",False,False,,20,3731456,31425.0,0.97,31425.0,0.9355172413793104,59.180919885635376
"#include <hpx/hpx_main.hpp>\n\n/* Return the sum of the minimum value at each index of vectors x and y for all indices.\n   i.e. sum = min(x_0, y_0) + min(x_1, y_1) + min(x_2, y_2) + ...\n   Use HPX to sum in parallel.  Assume HPX has already been initialized.\n   Example:\n\n   input: x=[3, 4, 0, 2, 3], y=[2, 5, 3, 1, 7]\n   output: 10\n*/\ndouble sumOfMinimumElements(std::vector<double> const& x, std::vector<double> const& y) {",29_reduce_sum_of_min_of_pairs,reduce,cpp,hpx,0.2,0.95,True,2048,False,"double sumOfMinimumElements(std::vector<double> const& x, std::vector<double> const& y) {\n    // TODO: implement this function\n    return 0;\n}",False,False,,21,19787776,31425.0,0.97,31425.0,0.9341379310344827,59.20502853393555
"#include <hpx/hpx_main.hpp>\n\n/* Return the sum of the minimum value at each index of vectors x and y for all indices.\n   i.e. sum = min(x_0, y_0) + min(x_1, y_1) + min(x_2, y_2) + ...\n   Use HPX to sum in parallel.  Assume HPX has already been initialized.\n   Example:\n\n   input: x=[3, 4, 0, 2, 3], y=[2, 5, 3, 1, 7]\n   output: 10\n*/\ndouble sumOfMinimumElements(std::vector<double> const& x, std::vector<double> const& y) {",29_reduce_sum_of_min_of_pairs,reduce,cpp,hpx,0.2,0.95,True,2048,False,"double sumOfMinimumElements(std::vector<double> const& x, std::vector<double> const& y) {\n  // TODO: implement this function\n  return 0.0;\n}",False,False,,22,21053440,31425.0,0.97,31425.0,0.9351724137931033,59.19692277908325
"#include <hpx/hpx_main.hpp>\n\n/* Return the sum of the minimum value at each index of vectors x and y for all indices.\n   i.e. sum = min(x_0, y_0) + min(x_1, y_1) + min(x_2, y_2) + ...\n   Use HPX to sum in parallel.  Assume HPX has already been initialized.\n   Example:\n\n   input: x=[3, 4, 0, 2, 3], y=[2, 5, 3, 1, 7]\n   output: 10\n*/\ndouble sumOfMinimumElements(std::vector<double> const& x, std::vector<double> const& y) {",29_reduce_sum_of_min_of_pairs,reduce,cpp,hpx,0.2,0.95,True,2048,False,"double sumOfMinimumElements(std::vector<double> const& x, std::vector<double> const& y) {\n    // TODO: implement this function\n    return 0;\n}",False,False,,23,-12021760,31425.0,0.97,31425.0,0.9348275862068965,59.26480984687805
"#include <hpx/hpx_main.hpp>\n\n/* Return the sum of the minimum value at each index of vectors x and y for all indices.\n   i.e. sum = min(x_0, y_0) + min(x_1, y_1) + min(x_2, y_2) + ...\n   Use HPX to sum in parallel.  Assume HPX has already been initialized.\n   Example:\n\n   input: x=[3, 4, 0, 2, 3], y=[2, 5, 3, 1, 7]\n   output: 10\n*/\ndouble sumOfMinimumElements(std::vector<double> const& x, std::vector<double> const& y) {",29_reduce_sum_of_min_of_pairs,reduce,cpp,hpx,0.2,0.95,True,2048,False,"double sumOfMinimumElements(std::vector<double> const& x, std::vector<double> const& y) {\n  // TODO: implement this function\n  return 0;\n}",False,False,,24,-34443264,31425.0,0.97,31425.0,0.9341379310344827,59.19277787208557
"#include <hpx/hpx_main.hpp>\n\n/* Return the sum of the minimum value at each index of vectors x and y for all indices.\n   i.e. sum = min(x_0, y_0) + min(x_1, y_1) + min(x_2, y_2) + ...\n   Use HPX to sum in parallel.  Assume HPX has already been initialized.\n   Example:\n\n   input: x=[3, 4, 0, 2, 3], y=[2, 5, 3, 1, 7]\n   output: 10\n*/\ndouble sumOfMinimumElements(std::vector<double> const& x, std::vector<double> const& y) {",29_reduce_sum_of_min_of_pairs,reduce,cpp,hpx,0.2,0.95,True,2048,False,"double sumOfMinimumElements(std::vector<double> const& x, std::vector<double> const& y) {\n    // TODO: implement this function\n    return 0;\n}",False,False,,25,11599872,31425.0,0.97,31425.0,0.9344827586206896,59.178390979766846
"#include <hpx/hpx_main.hpp>\n\n/* Return the sum of the minimum value at each index of vectors x and y for all indices.\n   i.e. sum = min(x_0, y_0) + min(x_1, y_1) + min(x_2, y_2) + ...\n   Use HPX to sum in parallel.  Assume HPX has already been initialized.\n   Example:\n\n   input: x=[3, 4, 0, 2, 3], y=[2, 5, 3, 1, 7]\n   output: 10\n*/\ndouble sumOfMinimumElements(std::vector<double> const& x, std::vector<double> const& y) {",29_reduce_sum_of_min_of_pairs,reduce,cpp,hpx,0.2,0.95,True,2048,False,"double sumOfMinimumElements(std::vector<double> const& x, std::vector<double> const& y) {\n  // TODO: implement this function\n  return 0;\n}",False,False,,26,7507968,31425.0,0.97,31425.0,0.9335714285714286,57.181793451309204
"#include <hpx/hpx_main.hpp>\n\n/* Return the sum of the minimum value at each index of vectors x and y for all indices.\n   i.e. sum = min(x_0, y_0) + min(x_1, y_1) + min(x_2, y_2) + ...\n   Use HPX to sum in parallel.  Assume HPX has already been initialized.\n   Example:\n\n   input: x=[3, 4, 0, 2, 3], y=[2, 5, 3, 1, 7]\n   output: 10\n*/\ndouble sumOfMinimumElements(std::vector<double> const& x, std::vector<double> const& y) {",29_reduce_sum_of_min_of_pairs,reduce,cpp,hpx,0.2,0.95,True,2048,False,"double sumOfMinimumElements(std::vector<double> const& x, std::vector<double> const& y) {\n  // TODO: implement this function\n  return 0.0;\n}",False,False,,27,2048000,31425.0,0.97,31425.0,0.8745454545454545,22.446577310562134
"#include <hpx/hpx_main.hpp>\n\n/* Return the sum of the minimum value at each index of vectors x and y for all indices.\n   i.e. sum = min(x_0, y_0) + min(x_1, y_1) + min(x_2, y_2) + ...\n   Use HPX to sum in parallel.  Assume HPX has already been initialized.\n   Example:\n\n   input: x=[3, 4, 0, 2, 3], y=[2, 5, 3, 1, 7]\n   output: 10\n*/\ndouble sumOfMinimumElements(std::vector<double> const& x, std::vector<double> const& y) {",29_reduce_sum_of_min_of_pairs,reduce,cpp,hpx,0.2,0.95,True,2048,False,"double sumOfMinimumElements(std::vector<double> const& x, std::vector<double> const& y) {\n    // TODO: implement this function\n    return 0.0;\n}",False,False,,28,13987840,31425.0,0.97,31425.0,0.9337931034482758,59.19719624519348
"#include <hpx/hpx_main.hpp>\n\n/* Return the sum of the minimum value at each index of vectors x and y for all indices.\n   i.e. sum = min(x_0, y_0) + min(x_1, y_1) + min(x_2, y_2) + ...\n   Use HPX to sum in parallel.  Assume HPX has already been initialized.\n   Example:\n\n   input: x=[3, 4, 0, 2, 3], y=[2, 5, 3, 1, 7]\n   output: 10\n*/\ndouble sumOfMinimumElements(std::vector<double> const& x, std::vector<double> const& y) {",29_reduce_sum_of_min_of_pairs,reduce,cpp,hpx,0.2,0.95,True,2048,False,"double sumOfMinimumElements(std::vector<double> const& x, std::vector<double> const& y) {\n  // TODO: implement this function\n  return 0;\n}",False,False,,29,-1654784,31425.0,0.97,31425.0,0.9355172413793104,59.192795515060425
"#include <hpx/hpx_main.hpp>\n\n/* Return the sum of the minimum value at each index of vectors x and y for all indices.\n   i.e. sum = min(x_0, y_0) + min(x_1, y_1) + min(x_2, y_2) + ...\n   Use HPX to sum in parallel.  Assume HPX has already been initialized.\n   Example:\n\n   input: x=[3, 4, 0, 2, 3], y=[2, 5, 3, 1, 7]\n   output: 10\n*/\ndouble sumOfMinimumElements(std::vector<double> const& x, std::vector<double> const& y) {",29_reduce_sum_of_min_of_pairs,reduce,cpp,hpx,0.2,0.95,True,2048,False,"double sumOfMinimumElements(std::vector<double> const& x, std::vector<double> const& y) {\n  // TODO: implement this function\n  return 0;\n}",False,False,,30,2891776,31425.0,0.97,31425.0,0.9351724137931033,59.18786954879761
"#include <hpx/hpx_main.hpp>\n\n/* Return the sum of the minimum value at each index of vectors x and y for all indices.\n   i.e. sum = min(x_0, y_0) + min(x_1, y_1) + min(x_2, y_2) + ...\n   Use HPX to sum in parallel.  Assume HPX has already been initialized.\n   Example:\n\n   input: x=[3, 4, 0, 2, 3], y=[2, 5, 3, 1, 7]\n   output: 10\n*/\ndouble sumOfMinimumElements(std::vector<double> const& x, std::vector<double> const& y) {",29_reduce_sum_of_min_of_pairs,reduce,cpp,hpx,0.2,0.95,True,2048,False,"double sumOfMinimumElements(std::vector<double> const& x, std::vector<double> const& y) {\n    // TODO: implement this function\n    return 0;\n}",False,False,,31,6881280,31425.0,0.97,31425.0,0.9341379310344827,59.162694215774536
"#include <hpx/hpx_main.hpp>\n\n/* Return the sum of the minimum value at each index of vectors x and y for all indices.\n   i.e. sum = min(x_0, y_0) + min(x_1, y_1) + min(x_2, y_2) + ...\n   Use HPX to sum in parallel.  Assume HPX has already been initialized.\n   Example:\n\n   input: x=[3, 4, 0, 2, 3], y=[2, 5, 3, 1, 7]\n   output: 10\n*/\ndouble sumOfMinimumElements(std::vector<double> const& x, std::vector<double> const& y) {",29_reduce_sum_of_min_of_pairs,reduce,cpp,hpx,0.2,0.95,True,2048,False,"double sumOfMinimumElements(std::vector<double> const& x, std::vector<double> const& y) {\n    return 0.0;\n}",False,False,,32,3420160,31425.0,0.97,31425.0,0.9344827586206896,59.21399903297424
"#include <hpx/hpx_main.hpp>\n\n/* Return the sum of the minimum value at each index of vectors x and y for all indices.\n   i.e. sum = min(x_0, y_0) + min(x_1, y_1) + min(x_2, y_2) + ...\n   Use HPX to sum in parallel.  Assume HPX has already been initialized.\n   Example:\n\n   input: x=[3, 4, 0, 2, 3], y=[2, 5, 3, 1, 7]\n   output: 10\n*/\ndouble sumOfMinimumElements(std::vector<double> const& x, std::vector<double> const& y) {",29_reduce_sum_of_min_of_pairs,reduce,cpp,hpx,0.2,0.95,True,2048,False,"double sumOfMinimumElements(std::vector<double> const& x, std::vector<double> const& y) {\n    // TODO: implement this function\n    return 0.0;\n}",False,False,,33,11554816,31425.0,0.97,31425.0,0.9341379310344827,59.174933195114136
"#include <hpx/hpx_main.hpp>\n\n/* Return the sum of the minimum value at each index of vectors x and y for all indices.\n   i.e. sum = min(x_0, y_0) + min(x_1, y_1) + min(x_2, y_2) + ...\n   Use HPX to sum in parallel.  Assume HPX has already been initialized.\n   Example:\n\n   input: x=[3, 4, 0, 2, 3], y=[2, 5, 3, 1, 7]\n   output: 10\n*/\ndouble sumOfMinimumElements(std::vector<double> const& x, std::vector<double> const& y) {",29_reduce_sum_of_min_of_pairs,reduce,cpp,hpx,0.2,0.95,True,2048,False,"double sumOfMinimumElements(std::vector<double> const& x, std::vector<double> const& y) {\n    // TODO: implement this function\n    return 0;\n}",False,False,,34,-6623232,31425.0,0.97,31425.0,0.9274999999999999,48.97191286087036
"#include <hpx/hpx_main.hpp>\n\n/* Return the sum of the minimum value at each index of vectors x and y for all indices.\n   i.e. sum = min(x_0, y_0) + min(x_1, y_1) + min(x_2, y_2) + ...\n   Use HPX to sum in parallel.  Assume HPX has already been initialized.\n   Example:\n\n   input: x=[3, 4, 0, 2, 3], y=[2, 5, 3, 1, 7]\n   output: 10\n*/\ndouble sumOfMinimumElements(std::vector<double> const& x, std::vector<double> const& y) {",29_reduce_sum_of_min_of_pairs,reduce,cpp,hpx,0.2,0.95,True,2048,False,"double sumOfMinimumElements(std::vector<double> const& x, std::vector<double> const& y) {\n  // TODO: Implement this function.\n  return 0.0;\n}",False,False,,35,13688832,31425.0,0.97,31425.0,0.9662068965517241,59.19399690628052
"#include <hpx/hpx_main.hpp>\n\n/* Return the sum of the minimum value at each index of vectors x and y for all indices.\n   i.e. sum = min(x_0, y_0) + min(x_1, y_1) + min(x_2, y_2) + ...\n   Use HPX to sum in parallel.  Assume HPX has already been initialized.\n   Example:\n\n   input: x=[3, 4, 0, 2, 3], y=[2, 5, 3, 1, 7]\n   output: 10\n*/\ndouble sumOfMinimumElements(std::vector<double> const& x, std::vector<double> const& y) {",29_reduce_sum_of_min_of_pairs,reduce,cpp,hpx,0.2,0.95,True,2048,False,"double sumOfMinimumElements(std::vector<double> const& x, std::vector<double> const& y) {\n  // TODO: implement this function\n  return 0.0;\n}",False,False,,36,-3551232,31425.0,0.97,31425.0,0.9341379310344827,59.17507076263428
"#include <hpx/hpx_main.hpp>\n\n/* Return the sum of the minimum value at each index of vectors x and y for all indices.\n   i.e. sum = min(x_0, y_0) + min(x_1, y_1) + min(x_2, y_2) + ...\n   Use HPX to sum in parallel.  Assume HPX has already been initialized.\n   Example:\n\n   input: x=[3, 4, 0, 2, 3], y=[2, 5, 3, 1, 7]\n   output: 10\n*/\ndouble sumOfMinimumElements(std::vector<double> const& x, std::vector<double> const& y) {",29_reduce_sum_of_min_of_pairs,reduce,cpp,hpx,0.2,0.95,True,2048,False,"double sumOfMinimumElements(std::vector<double> const& x, std::vector<double> const& y) {\n  // TODO: implement this function\n  return 0.0;\n}",False,False,,37,2650112,31425.0,0.97,31425.0,0.9344827586206896,59.200167417526245
"#include <hpx/hpx_main.hpp>\n\n/* Return the sum of the minimum value at each index of vectors x and y for all indices.\n   i.e. sum = min(x_0, y_0) + min(x_1, y_1) + min(x_2, y_2) + ...\n   Use HPX to sum in parallel.  Assume HPX has already been initialized.\n   Example:\n\n   input: x=[3, 4, 0, 2, 3], y=[2, 5, 3, 1, 7]\n   output: 10\n*/\ndouble sumOfMinimumElements(std::vector<double> const& x, std::vector<double> const& y) {",29_reduce_sum_of_min_of_pairs,reduce,cpp,hpx,0.2,0.95,True,2048,False,"double sumOfMinimumElements(std::vector<double> const& x, std::vector<double> const& y) {\n    // TODO: implement this function\n    return 0;\n}",False,False,,38,3248128,31425.0,0.97,31425.0,0.9341379310344827,59.17559289932251
"#include <hpx/hpx_main.hpp>\n\n/* Return the sum of the minimum value at each index of vectors x and y for all indices.\n   i.e. sum = min(x_0, y_0) + min(x_1, y_1) + min(x_2, y_2) + ...\n   Use HPX to sum in parallel.  Assume HPX has already been initialized.\n   Example:\n\n   input: x=[3, 4, 0, 2, 3], y=[2, 5, 3, 1, 7]\n   output: 10\n*/\ndouble sumOfMinimumElements(std::vector<double> const& x, std::vector<double> const& y) {",29_reduce_sum_of_min_of_pairs,reduce,cpp,hpx,0.2,0.95,True,2048,False,"double sumOfMinimumElements(std::vector<double> const& x, std::vector<double> const& y) {\n    // TODO: implement this function\n    return 0.0;\n}",False,False,,39,-23654400,31425.0,0.97,31425.0,0.9325925925925925,55.12086820602417
"#include <hpx/hpx_main.hpp>\n\n/* Return the sum of the minimum value at each index of vectors x and y for all indices.\n   i.e. sum = min(x_0, y_0) + min(x_1, y_1) + min(x_2, y_2) + ...\n   Use HPX to sum in parallel.  Assume HPX has already been initialized.\n   Example:\n\n   input: x=[3, 4, 0, 2, 3], y=[2, 5, 3, 1, 7]\n   output: 10\n*/\ndouble sumOfMinimumElements(std::vector<double> const& x, std::vector<double> const& y) {",29_reduce_sum_of_min_of_pairs,reduce,cpp,hpx,0.2,0.95,True,2048,False,"double sumOfMinimumElements(std::vector<double> const& x, std::vector<double> const& y) {\n  // TODO: implement this function\n  return 0.0;\n}",False,False,,40,-880640,31425.0,0.97,31425.0,0.9689655172413792,59.19912576675415
"#include <hpx/hpx_main.hpp>\n\n/* Return the sum of the minimum value at each index of vectors x and y for all indices.\n   i.e. sum = min(x_0, y_0) + min(x_1, y_1) + min(x_2, y_2) + ...\n   Use HPX to sum in parallel.  Assume HPX has already been initialized.\n   Example:\n\n   input: x=[3, 4, 0, 2, 3], y=[2, 5, 3, 1, 7]\n   output: 10\n*/\ndouble sumOfMinimumElements(std::vector<double> const& x, std::vector<double> const& y) {",29_reduce_sum_of_min_of_pairs,reduce,cpp,hpx,0.2,0.95,True,2048,False,"double sumOfMinimumElements(std::vector<double> const& x, std::vector<double> const& y) {\n  // TODO: implement this function\n  return 0.0;\n}",False,False,,41,-5193728,31425.0,0.97,31425.0,0.90625,32.63370490074158
"#include <hpx/hpx_main.hpp>\n\n/* Return the sum of the minimum value at each index of vectors x and y for all indices.\n   i.e. sum = min(x_0, y_0) + min(x_1, y_1) + min(x_2, y_2) + ...\n   Use HPX to sum in parallel.  Assume HPX has already been initialized.\n   Example:\n\n   input: x=[3, 4, 0, 2, 3], y=[2, 5, 3, 1, 7]\n   output: 10\n*/\ndouble sumOfMinimumElements(std::vector<double> const& x, std::vector<double> const& y) {",29_reduce_sum_of_min_of_pairs,reduce,cpp,hpx,0.2,0.95,True,2048,False,"double sumOfMinimumElements(std::vector<double> const& x, std::vector<double> const& y) {\n  return 0;\n}",False,False,,42,8183808,31425.0,0.97,31425.0,0.964782608695652,46.944648027420044
"#include <hpx/hpx_main.hpp>\n\n/* Return the sum of the minimum value at each index of vectors x and y for all indices.\n   i.e. sum = min(x_0, y_0) + min(x_1, y_1) + min(x_2, y_2) + ...\n   Use HPX to sum in parallel.  Assume HPX has already been initialized.\n   Example:\n\n   input: x=[3, 4, 0, 2, 3], y=[2, 5, 3, 1, 7]\n   output: 10\n*/\ndouble sumOfMinimumElements(std::vector<double> const& x, std::vector<double> const& y) {",29_reduce_sum_of_min_of_pairs,reduce,cpp,hpx,0.2,0.95,True,2048,False,"double sumOfMinimumElements(std::vector<double> const& x, std::vector<double> const& y) {\n    // TODO: implement this function\n    return 0;\n}",False,False,,43,-1695744,31425.0,0.97,31425.0,0.9231818181818181,44.91223382949829
"#include <hpx/hpx_main.hpp>\n\n/* Return the sum of the minimum value at each index of vectors x and y for all indices.\n   i.e. sum = min(x_0, y_0) + min(x_1, y_1) + min(x_2, y_2) + ...\n   Use HPX to sum in parallel.  Assume HPX has already been initialized.\n   Example:\n\n   input: x=[3, 4, 0, 2, 3], y=[2, 5, 3, 1, 7]\n   output: 10\n*/\ndouble sumOfMinimumElements(std::vector<double> const& x, std::vector<double> const& y) {",29_reduce_sum_of_min_of_pairs,reduce,cpp,hpx,0.2,0.95,True,2048,False,"double sumOfMinimumElements(std::vector<double> const& x, std::vector<double> const& y) {\n    return 0.0;\n}",False,False,,44,5550080,31425.0,0.97,31425.0,0.9344827586206896,59.18999218940735
"#include <hpx/hpx_main.hpp>\n\n/* Return the sum of the minimum value at each index of vectors x and y for all indices.\n   i.e. sum = min(x_0, y_0) + min(x_1, y_1) + min(x_2, y_2) + ...\n   Use HPX to sum in parallel.  Assume HPX has already been initialized.\n   Example:\n\n   input: x=[3, 4, 0, 2, 3], y=[2, 5, 3, 1, 7]\n   output: 10\n*/\ndouble sumOfMinimumElements(std::vector<double> const& x, std::vector<double> const& y) {",29_reduce_sum_of_min_of_pairs,reduce,cpp,hpx,0.2,0.95,True,2048,False,"double sumOfMinimumElements(std::vector<double> const& x, std::vector<double> const& y) {\n  // TODO: implement this function\n  return 0;\n}",False,False,,45,4247552,31425.0,0.97,31425.0,0.9351724137931033,59.19513773918152
"#include <hpx/hpx_main.hpp>\n\n/* Return the sum of the minimum value at each index of vectors x and y for all indices.\n   i.e. sum = min(x_0, y_0) + min(x_1, y_1) + min(x_2, y_2) + ...\n   Use HPX to sum in parallel.  Assume HPX has already been initialized.\n   Example:\n\n   input: x=[3, 4, 0, 2, 3], y=[2, 5, 3, 1, 7]\n   output: 10\n*/\ndouble sumOfMinimumElements(std::vector<double> const& x, std::vector<double> const& y) {",29_reduce_sum_of_min_of_pairs,reduce,cpp,hpx,0.2,0.95,True,2048,False,"double sumOfMinimumElements(std::vector<double> const& x, std::vector<double> const& y) {\n  return 0.0;\n}",False,False,,46,-17354752,31425.0,0.97,31425.0,0.9204761904761904,42.85670185089111
"#include <hpx/hpx_main.hpp>\n\n/* Return the sum of the minimum value at each index of vectors x and y for all indices.\n   i.e. sum = min(x_0, y_0) + min(x_1, y_1) + min(x_2, y_2) + ...\n   Use HPX to sum in parallel.  Assume HPX has already been initialized.\n   Example:\n\n   input: x=[3, 4, 0, 2, 3], y=[2, 5, 3, 1, 7]\n   output: 10\n*/\ndouble sumOfMinimumElements(std::vector<double> const& x, std::vector<double> const& y) {",29_reduce_sum_of_min_of_pairs,reduce,cpp,hpx,0.2,0.95,True,2048,False,"double sumOfMinimumElements(std::vector<double> const& x, std::vector<double> const& y) {\n  // TODO: implement this function\n  return 0;\n}",False,False,,47,1839104,31425.0,0.97,31425.0,0.9144444444444445,36.715742111206055
"#include <hpx/hpx_main.hpp>\n\n/* Return the sum of the minimum value at each index of vectors x and y for all indices.\n   i.e. sum = min(x_0, y_0) + min(x_1, y_1) + min(x_2, y_2) + ...\n   Use HPX to sum in parallel.  Assume HPX has already been initialized.\n   Example:\n\n   input: x=[3, 4, 0, 2, 3], y=[2, 5, 3, 1, 7]\n   output: 10\n*/\ndouble sumOfMinimumElements(std::vector<double> const& x, std::vector<double> const& y) {",29_reduce_sum_of_min_of_pairs,reduce,cpp,hpx,0.2,0.95,True,2048,False,"double sumOfMinimumElements(std::vector<double> const& x, std::vector<double> const& y) {\n  // TODO: implement this function\n  return 0.0;\n}",False,False,,48,-3575808,31425.0,0.97,31425.0,0.9327586206896552,59.18085289001465
"#include <hpx/hpx_main.hpp>\n\n/* Return the sum of the minimum value at each index of vectors x and y for all indices.\n   i.e. sum = min(x_0, y_0) + min(x_1, y_1) + min(x_2, y_2) + ...\n   Use HPX to sum in parallel.  Assume HPX has already been initialized.\n   Example:\n\n   input: x=[3, 4, 0, 2, 3], y=[2, 5, 3, 1, 7]\n   output: 10\n*/\ndouble sumOfMinimumElements(std::vector<double> const& x, std::vector<double> const& y) {",29_reduce_sum_of_min_of_pairs,reduce,cpp,hpx,0.2,0.95,True,2048,False,"double sumOfMinimumElements(std::vector<double> const& x, std::vector<double> const& y) {\n    // TODO: implement this function\n    return 0.0;\n}",False,False,,49,3088384,31425.0,0.97,31425.0,0.9245454545454546,44.90107798576355
"#include <hpx/hpx_main.hpp>\n\n/* Return the sum of the minimum value at each index of vectors x and y for all indices.\n   i.e. sum = min(x_0, y_0) + min(x_1, y_1) + min(x_2, y_2) + ...\n   Use HPX to sum in parallel.  Assume HPX has already been initialized.\n   Example:\n\n   input: x=[3, 4, 0, 2, 3], y=[2, 5, 3, 1, 7]\n   output: 10\n*/\ndouble sumOfMinimumElements(std::vector<double> const& x, std::vector<double> const& y) {",29_reduce_sum_of_min_of_pairs,reduce,cpp,hpx,0.2,0.95,True,2048,False,"double sumOfMinimumElements(std::vector<double> const& x, std::vector<double> const& y) {\n    // TODO: implement this function\n    return 0;\n}",False,False,,50,9105408,31425.0,0.97,31425.0,0.9355172413793104,59.18471097946167
"#include <hpx/hpx_main.hpp>\n\n/* Return the sum of the minimum value at each index of vectors x and y for all indices.\n   i.e. sum = min(x_0, y_0) + min(x_1, y_1) + min(x_2, y_2) + ...\n   Use HPX to sum in parallel.  Assume HPX has already been initialized.\n   Example:\n\n   input: x=[3, 4, 0, 2, 3], y=[2, 5, 3, 1, 7]\n   output: 10\n*/\ndouble sumOfMinimumElements(std::vector<double> const& x, std::vector<double> const& y) {",29_reduce_sum_of_min_of_pairs,reduce,cpp,hpx,0.2,0.95,True,2048,False,"double sumOfMinimumElements(std::vector<double> const& x, std::vector<double> const& y) {\n  return 0.0;\n}",False,False,,51,6234112,31425.0,0.97,31425.0,0.9351724137931033,59.17195653915405
"#include <hpx/hpx_main.hpp>\n\n/* Return the sum of the minimum value at each index of vectors x and y for all indices.\n   i.e. sum = min(x_0, y_0) + min(x_1, y_1) + min(x_2, y_2) + ...\n   Use HPX to sum in parallel.  Assume HPX has already been initialized.\n   Example:\n\n   input: x=[3, 4, 0, 2, 3], y=[2, 5, 3, 1, 7]\n   output: 10\n*/\ndouble sumOfMinimumElements(std::vector<double> const& x, std::vector<double> const& y) {",29_reduce_sum_of_min_of_pairs,reduce,cpp,hpx,0.2,0.95,True,2048,False,"double sumOfMinimumElements(std::vector<double> const& x, std::vector<double> const& y) {\n  // TODO: implement this function\n  return 0;\n}",False,False,,52,7667712,31425.0,0.97,31425.0,0.9299999999999999,53.079190254211426
"#include <hpx/hpx_main.hpp>\n\n/* Return the sum of the minimum value at each index of vectors x and y for all indices.\n   i.e. sum = min(x_0, y_0) + min(x_1, y_1) + min(x_2, y_2) + ...\n   Use HPX to sum in parallel.  Assume HPX has already been initialized.\n   Example:\n\n   input: x=[3, 4, 0, 2, 3], y=[2, 5, 3, 1, 7]\n   output: 10\n*/\ndouble sumOfMinimumElements(std::vector<double> const& x, std::vector<double> const& y) {",29_reduce_sum_of_min_of_pairs,reduce,cpp,hpx,0.2,0.95,True,2048,False,"double sumOfMinimumElements(std::vector<double> const& x, std::vector<double> const& y) {\n    // TODO: implement this function\n    return 0;\n}",False,False,,53,-8323072,31425.0,0.97,31425.0,0.893076923076923,26.536668062210083
"#include <hpx/hpx_main.hpp>\n\n/* Return the sum of the minimum value at each index of vectors x and y for all indices.\n   i.e. sum = min(x_0, y_0) + min(x_1, y_1) + min(x_2, y_2) + ...\n   Use HPX to sum in parallel.  Assume HPX has already been initialized.\n   Example:\n\n   input: x=[3, 4, 0, 2, 3], y=[2, 5, 3, 1, 7]\n   output: 10\n*/\ndouble sumOfMinimumElements(std::vector<double> const& x, std::vector<double> const& y) {",29_reduce_sum_of_min_of_pairs,reduce,cpp,hpx,0.2,0.95,True,2048,False,"double sumOfMinimumElements(std::vector<double> const& x, std::vector<double> const& y) {\n    // TODO: implement this function\n    return 0.0;\n}",False,False,,54,2322432,31425.0,0.97,31425.0,0.9344827586206896,59.18812894821167
"#include <hpx/hpx_main.hpp>\n\n/* Return the sum of the minimum value at each index of vectors x and y for all indices.\n   i.e. sum = min(x_0, y_0) + min(x_1, y_1) + min(x_2, y_2) + ...\n   Use HPX to sum in parallel.  Assume HPX has already been initialized.\n   Example:\n\n   input: x=[3, 4, 0, 2, 3], y=[2, 5, 3, 1, 7]\n   output: 10\n*/\ndouble sumOfMinimumElements(std::vector<double> const& x, std::vector<double> const& y) {",29_reduce_sum_of_min_of_pairs,reduce,cpp,hpx,0.2,0.95,True,2048,False,"double sumOfMinimumElements(std::vector<double> const& x, std::vector<double> const& y) {\n    // TODO: implement this function\n    return 0;\n}",False,False,,55,2113536,31425.0,0.97,31425.0,0.9344827586206896,59.17286491394043
"#include <hpx/hpx_main.hpp>\n\n/* Return the sum of the minimum value at each index of vectors x and y for all indices.\n   i.e. sum = min(x_0, y_0) + min(x_1, y_1) + min(x_2, y_2) + ...\n   Use HPX to sum in parallel.  Assume HPX has already been initialized.\n   Example:\n\n   input: x=[3, 4, 0, 2, 3], y=[2, 5, 3, 1, 7]\n   output: 10\n*/\ndouble sumOfMinimumElements(std::vector<double> const& x, std::vector<double> const& y) {",29_reduce_sum_of_min_of_pairs,reduce,cpp,hpx,0.2,0.95,True,2048,False,"double sumOfMinimumElements(std::vector<double> const& x, std::vector<double> const& y) {\n  // TODO: implement this function\n  return 0;\n}",False,False,,56,7618560,31425.0,0.97,31425.0,0.9157894736842105,38.79473304748535
"#include <hpx/hpx_main.hpp>\n\n/* Return the sum of the minimum value at each index of vectors x and y for all indices.\n   i.e. sum = min(x_0, y_0) + min(x_1, y_1) + min(x_2, y_2) + ...\n   Use HPX to sum in parallel.  Assume HPX has already been initialized.\n   Example:\n\n   input: x=[3, 4, 0, 2, 3], y=[2, 5, 3, 1, 7]\n   output: 10\n*/\ndouble sumOfMinimumElements(std::vector<double> const& x, std::vector<double> const& y) {",29_reduce_sum_of_min_of_pairs,reduce,cpp,hpx,0.2,0.95,True,2048,False,"double sumOfMinimumElements(std::vector<double> const& x, std::vector<double> const& y) {\n    // TODO: implement this function\n    return 0;\n}",False,False,,57,-43712512,31425.0,0.97,31425.0,0.9348275862068965,59.21095848083496
"#include <hpx/hpx_main.hpp>\n\n/* Return the sum of the minimum value at each index of vectors x and y for all indices.\n   i.e. sum = min(x_0, y_0) + min(x_1, y_1) + min(x_2, y_2) + ...\n   Use HPX to sum in parallel.  Assume HPX has already been initialized.\n   Example:\n\n   input: x=[3, 4, 0, 2, 3], y=[2, 5, 3, 1, 7]\n   output: 10\n*/\ndouble sumOfMinimumElements(std::vector<double> const& x, std::vector<double> const& y) {",29_reduce_sum_of_min_of_pairs,reduce,cpp,hpx,0.2,0.95,True,2048,False,"double sumOfMinimumElements(std::vector<double> const& x, std::vector<double> const& y) {\n    // TODO: implement this function\n    return 0.0;\n}",False,False,,58,78049280,31425.0,0.97,31425.0,0.9344827586206896,59.196218729019165
"#include <hpx/hpx_main.hpp>\n\n/* Return the sum of the minimum value at each index of vectors x and y for all indices.\n   i.e. sum = min(x_0, y_0) + min(x_1, y_1) + min(x_2, y_2) + ...\n   Use HPX to sum in parallel.  Assume HPX has already been initialized.\n   Example:\n\n   input: x=[3, 4, 0, 2, 3], y=[2, 5, 3, 1, 7]\n   output: 10\n*/\ndouble sumOfMinimumElements(std::vector<double> const& x, std::vector<double> const& y) {",29_reduce_sum_of_min_of_pairs,reduce,cpp,hpx,0.2,0.95,True,2048,False,"double sumOfMinimumElements(std::vector<double> const& x, std::vector<double> const& y) {\n    // TODO: implement this function\n    return 0;\n}",False,False,,59,532480,31425.0,0.97,31425.0,0.9344827586206896,59.16666007041931
"#include <hpx/hpx_main.hpp>\n\n/* Return the sum of the minimum value at each index of vectors x and y for all indices.\n   i.e. sum = min(x_0, y_0) + min(x_1, y_1) + min(x_2, y_2) + ...\n   Use HPX to sum in parallel.  Assume HPX has already been initialized.\n   Example:\n\n   input: x=[3, 4, 0, 2, 3], y=[2, 5, 3, 1, 7]\n   output: 10\n*/\ndouble sumOfMinimumElements(std::vector<double> const& x, std::vector<double> const& y) {",29_reduce_sum_of_min_of_pairs,reduce,cpp,hpx,0.2,0.95,True,2048,False,"double sumOfMinimumElements(std::vector<double> const& x, std::vector<double> const& y) {\n    // TODO: implement this function\n    return 0;\n}",False,False,,60,-4034560,31425.0,0.97,31425.0,0.933448275862069,59.184160470962524
"#include <hpx/hpx_main.hpp>\n\n/* Return the sum of the minimum value at each index of vectors x and y for all indices.\n   i.e. sum = min(x_0, y_0) + min(x_1, y_1) + min(x_2, y_2) + ...\n   Use HPX to sum in parallel.  Assume HPX has already been initialized.\n   Example:\n\n   input: x=[3, 4, 0, 2, 3], y=[2, 5, 3, 1, 7]\n   output: 10\n*/\ndouble sumOfMinimumElements(std::vector<double> const& x, std::vector<double> const& y) {",29_reduce_sum_of_min_of_pairs,reduce,cpp,hpx,0.2,0.95,True,2048,False,"double sumOfMinimumElements(std::vector<double> const& x, std::vector<double> const& y) {\n  // TODO: implement this function\n  return 0;\n}",False,False,,61,-3198976,31425.0,0.97,31425.0,0.9355172413793104,59.166077852249146
"#include <hpx/hpx_main.hpp>\n\n/* Return the sum of the minimum value at each index of vectors x and y for all indices.\n   i.e. sum = min(x_0, y_0) + min(x_1, y_1) + min(x_2, y_2) + ...\n   Use HPX to sum in parallel.  Assume HPX has already been initialized.\n   Example:\n\n   input: x=[3, 4, 0, 2, 3], y=[2, 5, 3, 1, 7]\n   output: 10\n*/\ndouble sumOfMinimumElements(std::vector<double> const& x, std::vector<double> const& y) {",29_reduce_sum_of_min_of_pairs,reduce,cpp,hpx,0.2,0.95,True,2048,False,"double sumOfMinimumElements(std::vector<double> const& x, std::vector<double> const& y) {\n    // TODO: implement this function\n    return 0.0;\n}",False,False,,62,-3411968,31425.0,0.97,31425.0,0.9341379310344827,59.201605558395386
"#include <hpx/hpx_main.hpp>\n\n/* Return the sum of the minimum value at each index of vectors x and y for all indices.\n   i.e. sum = min(x_0, y_0) + min(x_1, y_1) + min(x_2, y_2) + ...\n   Use HPX to sum in parallel.  Assume HPX has already been initialized.\n   Example:\n\n   input: x=[3, 4, 0, 2, 3], y=[2, 5, 3, 1, 7]\n   output: 10\n*/\ndouble sumOfMinimumElements(std::vector<double> const& x, std::vector<double> const& y) {",29_reduce_sum_of_min_of_pairs,reduce,cpp,hpx,0.2,0.95,True,2048,False,"double sumOfMinimumElements(std::vector<double> const& x, std::vector<double> const& y) {\n  // TODO: implement this function\n  return 0;\n}",False,False,,63,-2612490240,31425.0,0.97,31425.0,0.9351724137931033,59.16711473464966
"#include <hpx/hpx_main.hpp>\n\n/* Return the sum of the minimum value at each index of vectors x and y for all indices.\n   i.e. sum = min(x_0, y_0) + min(x_1, y_1) + min(x_2, y_2) + ...\n   Use HPX to sum in parallel.  Assume HPX has already been initialized.\n   Example:\n\n   input: x=[3, 4, 0, 2, 3], y=[2, 5, 3, 1, 7]\n   output: 10\n*/\ndouble sumOfMinimumElements(std::vector<double> const& x, std::vector<double> const& y) {",29_reduce_sum_of_min_of_pairs,reduce,cpp,hpx,0.2,0.95,True,2048,False,"double sumOfMinimumElements(std::vector<double> const& x, std::vector<double> const& y) {\n    // TODO: implement this function\n    return 0.0;\n}",False,False,,64,4203061248,31425.0,0.97,31425.0,0.9,30.61289381980896
"#include <hpx/hpx_main.hpp>\n\n/* Return the sum of the minimum value at each index of vectors x and y for all indices.\n   i.e. sum = min(x_0, y_0) + min(x_1, y_1) + min(x_2, y_2) + ...\n   Use HPX to sum in parallel.  Assume HPX has already been initialized.\n   Example:\n\n   input: x=[3, 4, 0, 2, 3], y=[2, 5, 3, 1, 7]\n   output: 10\n*/\ndouble sumOfMinimumElements(std::vector<double> const& x, std::vector<double> const& y) {",29_reduce_sum_of_min_of_pairs,reduce,cpp,hpx,0.2,0.95,True,2048,False,"double sumOfMinimumElements(std::vector<double> const& x, std::vector<double> const& y) {\n    return 0;\n}",False,False,,65,1417707520,31425.0,0.97,31425.0,0.9348275862068965,59.20383334159851
"#include <hpx/hpx_main.hpp>\n\n/* Return the sum of the minimum value at each index of vectors x and y for all indices.\n   i.e. sum = min(x_0, y_0) + min(x_1, y_1) + min(x_2, y_2) + ...\n   Use HPX to sum in parallel.  Assume HPX has already been initialized.\n   Example:\n\n   input: x=[3, 4, 0, 2, 3], y=[2, 5, 3, 1, 7]\n   output: 10\n*/\ndouble sumOfMinimumElements(std::vector<double> const& x, std::vector<double> const& y) {",29_reduce_sum_of_min_of_pairs,reduce,cpp,hpx,0.2,0.95,True,2048,False,"double sumOfMinimumElements(std::vector<double> const& x, std::vector<double> const& y) {\n    // TODO: implement this function\n    return 0;\n}",False,False,,66,4032954368,31425.0,0.97,31425.0,0.9341379310344827,59.1937415599823
"#include <hpx/hpx_main.hpp>\n\n/* Return the sum of the minimum value at each index of vectors x and y for all indices.\n   i.e. sum = min(x_0, y_0) + min(x_1, y_1) + min(x_2, y_2) + ...\n   Use HPX to sum in parallel.  Assume HPX has already been initialized.\n   Example:\n\n   input: x=[3, 4, 0, 2, 3], y=[2, 5, 3, 1, 7]\n   output: 10\n*/\ndouble sumOfMinimumElements(std::vector<double> const& x, std::vector<double> const& y) {",29_reduce_sum_of_min_of_pairs,reduce,cpp,hpx,0.2,0.95,True,2048,False,"double sumOfMinimumElements(std::vector<double> const& x, std::vector<double> const& y) {\n  // TODO: implement this function\n  return 0.0;\n}",False,False,,67,115757056,31425.0,0.97,31425.0,0.9351724137931033,59.17805528640747
"#include <hpx/hpx_main.hpp>\n\n/* Return the sum of the minimum value at each index of vectors x and y for all indices.\n   i.e. sum = min(x_0, y_0) + min(x_1, y_1) + min(x_2, y_2) + ...\n   Use HPX to sum in parallel.  Assume HPX has already been initialized.\n   Example:\n\n   input: x=[3, 4, 0, 2, 3], y=[2, 5, 3, 1, 7]\n   output: 10\n*/\ndouble sumOfMinimumElements(std::vector<double> const& x, std::vector<double> const& y) {",29_reduce_sum_of_min_of_pairs,reduce,cpp,hpx,0.2,0.95,True,2048,False,"double sumOfMinimumElements(std::vector<double> const& x, std::vector<double> const& y) {\n  // TODO: implement this function\n  return 0;\n}",False,False,,68,281714688,31425.0,0.97,31425.0,0.9348275862068965,59.13419961929321
"#include <hpx/hpx_main.hpp>\n\n/* Return the sum of the minimum value at each index of vectors x and y for all indices.\n   i.e. sum = min(x_0, y_0) + min(x_1, y_1) + min(x_2, y_2) + ...\n   Use HPX to sum in parallel.  Assume HPX has already been initialized.\n   Example:\n\n   input: x=[3, 4, 0, 2, 3], y=[2, 5, 3, 1, 7]\n   output: 10\n*/\ndouble sumOfMinimumElements(std::vector<double> const& x, std::vector<double> const& y) {",29_reduce_sum_of_min_of_pairs,reduce,cpp,hpx,0.2,0.95,True,2048,False,"double sumOfMinimumElements(std::vector<double> const& x, std::vector<double> const& y) {\n  // TODO: Implement this function.\n  return 0;\n}",False,False,,69,54415360,31425.0,0.97,31425.0,0.9344827586206896,59.158682346343994
"#include <hpx/hpx_main.hpp>\n\n/* Return the sum of the minimum value at each index of vectors x and y for all indices.\n   i.e. sum = min(x_0, y_0) + min(x_1, y_1) + min(x_2, y_2) + ...\n   Use HPX to sum in parallel.  Assume HPX has already been initialized.\n   Example:\n\n   input: x=[3, 4, 0, 2, 3], y=[2, 5, 3, 1, 7]\n   output: 10\n*/\ndouble sumOfMinimumElements(std::vector<double> const& x, std::vector<double> const& y) {",29_reduce_sum_of_min_of_pairs,reduce,cpp,hpx,0.2,0.95,True,2048,False,"double sumOfMinimumElements(std::vector<double> const& x, std::vector<double> const& y) {\n    // TODO: implement this function\n    return 0.0;\n}",False,False,,70,185188352,31425.0,0.97,31425.0,0.9348275862068965,59.15818524360657
"#include <hpx/hpx_main.hpp>\n\n/* Return the sum of the minimum value at each index of vectors x and y for all indices.\n   i.e. sum = min(x_0, y_0) + min(x_1, y_1) + min(x_2, y_2) + ...\n   Use HPX to sum in parallel.  Assume HPX has already been initialized.\n   Example:\n\n   input: x=[3, 4, 0, 2, 3], y=[2, 5, 3, 1, 7]\n   output: 10\n*/\ndouble sumOfMinimumElements(std::vector<double> const& x, std::vector<double> const& y) {",29_reduce_sum_of_min_of_pairs,reduce,cpp,hpx,0.2,0.95,True,2048,False,"double sumOfMinimumElements(std::vector<double> const& x, std::vector<double> const& y) {\n    return 0.0;\n}",False,False,,71,-26513408,31425.0,0.97,31425.0,0.9266666666666666,48.99578404426575
"#include <hpx/hpx_main.hpp>\n\n/* Return the sum of the minimum value at each index of vectors x and y for all indices.\n   i.e. sum = min(x_0, y_0) + min(x_1, y_1) + min(x_2, y_2) + ...\n   Use HPX to sum in parallel.  Assume HPX has already been initialized.\n   Example:\n\n   input: x=[3, 4, 0, 2, 3], y=[2, 5, 3, 1, 7]\n   output: 10\n*/\ndouble sumOfMinimumElements(std::vector<double> const& x, std::vector<double> const& y) {",29_reduce_sum_of_min_of_pairs,reduce,cpp,hpx,0.2,0.95,True,2048,False,"double sumOfMinimumElements(std::vector<double> const& x, std::vector<double> const& y) {\n    // TODO: implement this function\n    return 0.0;\n}",False,False,,72,28672,31425.0,0.97,31425.0,0.933448275862069,59.17967224121094
"#include <hpx/hpx_main.hpp>\n\n/* Return the sum of the minimum value at each index of vectors x and y for all indices.\n   i.e. sum = min(x_0, y_0) + min(x_1, y_1) + min(x_2, y_2) + ...\n   Use HPX to sum in parallel.  Assume HPX has already been initialized.\n   Example:\n\n   input: x=[3, 4, 0, 2, 3], y=[2, 5, 3, 1, 7]\n   output: 10\n*/\ndouble sumOfMinimumElements(std::vector<double> const& x, std::vector<double> const& y) {",29_reduce_sum_of_min_of_pairs,reduce,cpp,hpx,0.2,0.95,True,2048,False,"double sumOfMinimumElements(std::vector<double> const& x, std::vector<double> const& y) {\n    // TODO: implement this function\n    return 0.0;\n}",False,False,,73,81219584,31425.0,0.97,31425.0,0.9362068965517241,59.199257612228394
"#include <hpx/hpx_main.hpp>\n\n/* Return the sum of the minimum value at each index of vectors x and y for all indices.\n   i.e. sum = min(x_0, y_0) + min(x_1, y_1) + min(x_2, y_2) + ...\n   Use HPX to sum in parallel.  Assume HPX has already been initialized.\n   Example:\n\n   input: x=[3, 4, 0, 2, 3], y=[2, 5, 3, 1, 7]\n   output: 10\n*/\ndouble sumOfMinimumElements(std::vector<double> const& x, std::vector<double> const& y) {",29_reduce_sum_of_min_of_pairs,reduce,cpp,hpx,0.2,0.95,True,2048,False,"double sumOfMinimumElements(std::vector<double> const& x, std::vector<double> const& y) {\n  // TODO: implement this function\n  return 0.0;\n}",False,False,,74,307093504,31425.0,0.97,31425.0,0.9288,51.0007643699646
"#include <hpx/hpx_main.hpp>\n\n/* Return the sum of the minimum value at each index of vectors x and y for all indices.\n   i.e. sum = min(x_0, y_0) + min(x_1, y_1) + min(x_2, y_2) + ...\n   Use HPX to sum in parallel.  Assume HPX has already been initialized.\n   Example:\n\n   input: x=[3, 4, 0, 2, 3], y=[2, 5, 3, 1, 7]\n   output: 10\n*/\ndouble sumOfMinimumElements(std::vector<double> const& x, std::vector<double> const& y) {",29_reduce_sum_of_min_of_pairs,reduce,cpp,hpx,0.2,0.95,True,2048,False,"double sumOfMinimumElements(std::vector<double> const& x, std::vector<double> const& y) {\n  // TODO: implement this function\n  return 0;\n}",False,False,,75,53567488,31425.0,0.97,31425.0,0.933103448275862,59.17708444595337
"#include <hpx/hpx_main.hpp>\n\n/* Return the sum of the minimum value at each index of vectors x and y for all indices.\n   i.e. sum = min(x_0, y_0) + min(x_1, y_1) + min(x_2, y_2) + ...\n   Use HPX to sum in parallel.  Assume HPX has already been initialized.\n   Example:\n\n   input: x=[3, 4, 0, 2, 3], y=[2, 5, 3, 1, 7]\n   output: 10\n*/\ndouble sumOfMinimumElements(std::vector<double> const& x, std::vector<double> const& y) {",29_reduce_sum_of_min_of_pairs,reduce,cpp,hpx,0.2,0.95,True,2048,False,"double sumOfMinimumElements(std::vector<double> const& x, std::vector<double> const& y) {\n    // TODO: implement this function\n    return 0;\n}",False,False,,76,91688960,31425.0,0.97,31425.0,0.9348275862068965,59.2045624256134
"#include <hpx/hpx_main.hpp>\n\n/* Return the sum of the minimum value at each index of vectors x and y for all indices.\n   i.e. sum = min(x_0, y_0) + min(x_1, y_1) + min(x_2, y_2) + ...\n   Use HPX to sum in parallel.  Assume HPX has already been initialized.\n   Example:\n\n   input: x=[3, 4, 0, 2, 3], y=[2, 5, 3, 1, 7]\n   output: 10\n*/\ndouble sumOfMinimumElements(std::vector<double> const& x, std::vector<double> const& y) {",29_reduce_sum_of_min_of_pairs,reduce,cpp,hpx,0.2,0.95,True,2048,False,"double sumOfMinimumElements(std::vector<double> const& x, std::vector<double> const& y) {\n  // TODO: implement this function\n  return 0.0;\n}",False,False,,77,263770112,31425.0,0.97,31425.0,0.9355172413793104,59.150057792663574
"#include <hpx/hpx_main.hpp>\n\n/* Return the sum of the minimum value at each index of vectors x and y for all indices.\n   i.e. sum = min(x_0, y_0) + min(x_1, y_1) + min(x_2, y_2) + ...\n   Use HPX to sum in parallel.  Assume HPX has already been initialized.\n   Example:\n\n   input: x=[3, 4, 0, 2, 3], y=[2, 5, 3, 1, 7]\n   output: 10\n*/\ndouble sumOfMinimumElements(std::vector<double> const& x, std::vector<double> const& y) {",29_reduce_sum_of_min_of_pairs,reduce,cpp,hpx,0.2,0.95,True,2048,False,"double sumOfMinimumElements(std::vector<double> const& x, std::vector<double> const& y) {\n  // TODO: implement this function\n  return 0.0;\n}",False,False,,78,-1641738240,31425.0,0.97,31425.0,0.9362068965517241,59.1527054309845
"#include <hpx/hpx_main.hpp>\n\n/* Return the sum of the minimum value at each index of vectors x and y for all indices.\n   i.e. sum = min(x_0, y_0) + min(x_1, y_1) + min(x_2, y_2) + ...\n   Use HPX to sum in parallel.  Assume HPX has already been initialized.\n   Example:\n\n   input: x=[3, 4, 0, 2, 3], y=[2, 5, 3, 1, 7]\n   output: 10\n*/\ndouble sumOfMinimumElements(std::vector<double> const& x, std::vector<double> const& y) {",29_reduce_sum_of_min_of_pairs,reduce,cpp,hpx,0.2,0.95,True,2048,False,"double sumOfMinimumElements(std::vector<double> const& x, std::vector<double> const& y) {\n  // TODO: implement this function\n  return 0;\n}",False,False,,79,103288832,31425.0,0.97,31425.0,0.9127777777777778,36.70796465873718
"#include <hpx/hpx_main.hpp>\n\n/* Return the sum of the minimum value at each index of vectors x and y for all indices.\n   i.e. sum = min(x_0, y_0) + min(x_1, y_1) + min(x_2, y_2) + ...\n   Use HPX to sum in parallel.  Assume HPX has already been initialized.\n   Example:\n\n   input: x=[3, 4, 0, 2, 3], y=[2, 5, 3, 1, 7]\n   output: 10\n*/\ndouble sumOfMinimumElements(std::vector<double> const& x, std::vector<double> const& y) {",29_reduce_sum_of_min_of_pairs,reduce,cpp,hpx,0.2,0.95,True,2048,False,"double sumOfMinimumElements(std::vector<double> const& x, std::vector<double> const& y) {\n    // TODO: implement this function\n    return 0;\n}",False,False,,80,-1746567168,31425.0,0.97,31425.0,0.9341379310344827,59.1751344203949
"#include <hpx/hpx_main.hpp>\n\n/* Return the sum of the minimum value at each index of vectors x and y for all indices.\n   i.e. sum = min(x_0, y_0) + min(x_1, y_1) + min(x_2, y_2) + ...\n   Use HPX to sum in parallel.  Assume HPX has already been initialized.\n   Example:\n\n   input: x=[3, 4, 0, 2, 3], y=[2, 5, 3, 1, 7]\n   output: 10\n*/\ndouble sumOfMinimumElements(std::vector<double> const& x, std::vector<double> const& y) {",29_reduce_sum_of_min_of_pairs,reduce,cpp,hpx,0.2,0.95,True,2048,False,"double sumOfMinimumElements(std::vector<double> const& x, std::vector<double> const& y) {\n  return 0.0;\n}",False,False,,81,7946240,31425.0,0.97,31425.0,0.9355172413793104,59.14411425590515
"#include <hpx/hpx_main.hpp>\n\n/* Return the sum of the minimum value at each index of vectors x and y for all indices.\n   i.e. sum = min(x_0, y_0) + min(x_1, y_1) + min(x_2, y_2) + ...\n   Use HPX to sum in parallel.  Assume HPX has already been initialized.\n   Example:\n\n   input: x=[3, 4, 0, 2, 3], y=[2, 5, 3, 1, 7]\n   output: 10\n*/\ndouble sumOfMinimumElements(std::vector<double> const& x, std::vector<double> const& y) {",29_reduce_sum_of_min_of_pairs,reduce,cpp,hpx,0.2,0.95,True,2048,False,"double sumOfMinimumElements(std::vector<double> const& x, std::vector<double> const& y) {\n    return 0;\n}",False,False,,82,1236992,31425.0,0.97,31425.0,0.8866666666666667,24.48744535446167
"#include <hpx/hpx_main.hpp>\n\n/* Return the sum of the minimum value at each index of vectors x and y for all indices.\n   i.e. sum = min(x_0, y_0) + min(x_1, y_1) + min(x_2, y_2) + ...\n   Use HPX to sum in parallel.  Assume HPX has already been initialized.\n   Example:\n\n   input: x=[3, 4, 0, 2, 3], y=[2, 5, 3, 1, 7]\n   output: 10\n*/\ndouble sumOfMinimumElements(std::vector<double> const& x, std::vector<double> const& y) {",29_reduce_sum_of_min_of_pairs,reduce,cpp,hpx,0.2,0.95,True,2048,False,"double sumOfMinimumElements(std::vector<double> const& x, std::vector<double> const& y) {\n    // TODO: implement this function\n    return 0.0;\n}",False,False,,83,4796416,31425.0,0.97,31425.0,0.9675862068965517,59.17712712287903
"#include <hpx/hpx_main.hpp>\n\n/* Return the sum of the minimum value at each index of vectors x and y for all indices.\n   i.e. sum = min(x_0, y_0) + min(x_1, y_1) + min(x_2, y_2) + ...\n   Use HPX to sum in parallel.  Assume HPX has already been initialized.\n   Example:\n\n   input: x=[3, 4, 0, 2, 3], y=[2, 5, 3, 1, 7]\n   output: 10\n*/\ndouble sumOfMinimumElements(std::vector<double> const& x, std::vector<double> const& y) {",29_reduce_sum_of_min_of_pairs,reduce,cpp,hpx,0.2,0.95,True,2048,False,"double sumOfMinimumElements(std::vector<double> const& x, std::vector<double> const& y) {\n  // TODO: implement this function\n  return 0;\n}",False,False,,84,1257472,31425.0,0.97,31425.0,0.9344827586206896,59.15405869483948
"#include <hpx/hpx_main.hpp>\n\n/* Return the sum of the minimum value at each index of vectors x and y for all indices.\n   i.e. sum = min(x_0, y_0) + min(x_1, y_1) + min(x_2, y_2) + ...\n   Use HPX to sum in parallel.  Assume HPX has already been initialized.\n   Example:\n\n   input: x=[3, 4, 0, 2, 3], y=[2, 5, 3, 1, 7]\n   output: 10\n*/\ndouble sumOfMinimumElements(std::vector<double> const& x, std::vector<double> const& y) {",29_reduce_sum_of_min_of_pairs,reduce,cpp,hpx,0.2,0.95,True,2048,False,"double sumOfMinimumElements(std::vector<double> const& x, std::vector<double> const& y) {\n    // TODO: implement this function\n    return 0.0;\n}",False,False,,85,17031168,31425.0,0.97,31425.0,0.9227272727272727,44.86304569244385
"#include <hpx/hpx_main.hpp>\n\n/* Return the sum of the minimum value at each index of vectors x and y for all indices.\n   i.e. sum = min(x_0, y_0) + min(x_1, y_1) + min(x_2, y_2) + ...\n   Use HPX to sum in parallel.  Assume HPX has already been initialized.\n   Example:\n\n   input: x=[3, 4, 0, 2, 3], y=[2, 5, 3, 1, 7]\n   output: 10\n*/\ndouble sumOfMinimumElements(std::vector<double> const& x, std::vector<double> const& y) {",29_reduce_sum_of_min_of_pairs,reduce,cpp,hpx,0.2,0.95,True,2048,False,"double sumOfMinimumElements(std::vector<double> const& x, std::vector<double> const& y) {\n    // TODO: implement this function\n    return 0.0;\n}",False,False,,86,4190208,31425.0,0.97,31425.0,0.933103448275862,59.188697814941406
"#include <hpx/hpx_main.hpp>\n\n/* Return the sum of the minimum value at each index of vectors x and y for all indices.\n   i.e. sum = min(x_0, y_0) + min(x_1, y_1) + min(x_2, y_2) + ...\n   Use HPX to sum in parallel.  Assume HPX has already been initialized.\n   Example:\n\n   input: x=[3, 4, 0, 2, 3], y=[2, 5, 3, 1, 7]\n   output: 10\n*/\ndouble sumOfMinimumElements(std::vector<double> const& x, std::vector<double> const& y) {",29_reduce_sum_of_min_of_pairs,reduce,cpp,hpx,0.2,0.95,True,2048,False,"double sumOfMinimumElements(std::vector<double> const& x, std::vector<double> const& y) {\n    // TODO: implement this function\n    return 0;\n}",False,False,,87,651264,31425.0,0.97,31425.0,0.9344827586206896,59.159878969192505
"#include <hpx/hpx_main.hpp>\n\n/* Return the sum of the minimum value at each index of vectors x and y for all indices.\n   i.e. sum = min(x_0, y_0) + min(x_1, y_1) + min(x_2, y_2) + ...\n   Use HPX to sum in parallel.  Assume HPX has already been initialized.\n   Example:\n\n   input: x=[3, 4, 0, 2, 3], y=[2, 5, 3, 1, 7]\n   output: 10\n*/\ndouble sumOfMinimumElements(std::vector<double> const& x, std::vector<double> const& y) {",29_reduce_sum_of_min_of_pairs,reduce,cpp,hpx,0.2,0.95,True,2048,False,"double sumOfMinimumElements(std::vector<double> const& x, std::vector<double> const& y) {\n  // TODO: implement this function\n  return 0.0;\n}",False,False,,88,-5165056,31425.0,0.97,31425.0,0.9337931034482758,59.11755847930908
"#include <hpx/hpx_main.hpp>\n\n/* Return the sum of the minimum value at each index of vectors x and y for all indices.\n   i.e. sum = min(x_0, y_0) + min(x_1, y_1) + min(x_2, y_2) + ...\n   Use HPX to sum in parallel.  Assume HPX has already been initialized.\n   Example:\n\n   input: x=[3, 4, 0, 2, 3], y=[2, 5, 3, 1, 7]\n   output: 10\n*/\ndouble sumOfMinimumElements(std::vector<double> const& x, std::vector<double> const& y) {",29_reduce_sum_of_min_of_pairs,reduce,cpp,hpx,0.2,0.95,True,2048,False,"double sumOfMinimumElements(std::vector<double> const& x, std::vector<double> const& y) {\n    // TODO: implement this function\n    return 0.0;\n}",False,False,,89,5521408,31425.0,0.97,31425.0,0.933448275862069,59.3968985080719
"#include <hpx/hpx_main.hpp>\n\n/* Return the sum of the minimum value at each index of vectors x and y for all indices.\n   i.e. sum = min(x_0, y_0) + min(x_1, y_1) + min(x_2, y_2) + ...\n   Use HPX to sum in parallel.  Assume HPX has already been initialized.\n   Example:\n\n   input: x=[3, 4, 0, 2, 3], y=[2, 5, 3, 1, 7]\n   output: 10\n*/\ndouble sumOfMinimumElements(std::vector<double> const& x, std::vector<double> const& y) {",29_reduce_sum_of_min_of_pairs,reduce,cpp,hpx,0.2,0.95,True,2048,False,"double sumOfMinimumElements(std::vector<double> const& x, std::vector<double> const& y) {\n  // TODO: implement this function\n  return 0;\n}",False,False,,90,24481792,31425.0,0.97,31425.0,0.9236363636363637,44.8851113319397
"#include <hpx/hpx_main.hpp>\n\n/* Return the sum of the minimum value at each index of vectors x and y for all indices.\n   i.e. sum = min(x_0, y_0) + min(x_1, y_1) + min(x_2, y_2) + ...\n   Use HPX to sum in parallel.  Assume HPX has already been initialized.\n   Example:\n\n   input: x=[3, 4, 0, 2, 3], y=[2, 5, 3, 1, 7]\n   output: 10\n*/\ndouble sumOfMinimumElements(std::vector<double> const& x, std::vector<double> const& y) {",29_reduce_sum_of_min_of_pairs,reduce,cpp,hpx,0.2,0.95,True,2048,False,"double sumOfMinimumElements(std::vector<double> const& x, std::vector<double> const& y) {\n  // TODO: implement this function\n  return 0;\n}",False,False,,91,-6868992,31425.0,0.97,31425.0,0.9668965517241379,59.134655475616455
"#include <hpx/hpx_main.hpp>\n\n/* Return the sum of the minimum value at each index of vectors x and y for all indices.\n   i.e. sum = min(x_0, y_0) + min(x_1, y_1) + min(x_2, y_2) + ...\n   Use HPX to sum in parallel.  Assume HPX has already been initialized.\n   Example:\n\n   input: x=[3, 4, 0, 2, 3], y=[2, 5, 3, 1, 7]\n   output: 10\n*/\ndouble sumOfMinimumElements(std::vector<double> const& x, std::vector<double> const& y) {",29_reduce_sum_of_min_of_pairs,reduce,cpp,hpx,0.2,0.95,True,2048,False,"double sumOfMinimumElements(std::vector<double> const& x, std::vector<double> const& y) {\n  // TODO: implement this function\n  return 0.0;\n}",False,False,,92,-7589888,31425.0,0.97,31425.0,0.9337931034482758,59.15254807472229
"#include <hpx/hpx_main.hpp>\n\n/* Return the sum of the minimum value at each index of vectors x and y for all indices.\n   i.e. sum = min(x_0, y_0) + min(x_1, y_1) + min(x_2, y_2) + ...\n   Use HPX to sum in parallel.  Assume HPX has already been initialized.\n   Example:\n\n   input: x=[3, 4, 0, 2, 3], y=[2, 5, 3, 1, 7]\n   output: 10\n*/\ndouble sumOfMinimumElements(std::vector<double> const& x, std::vector<double> const& y) {",29_reduce_sum_of_min_of_pairs,reduce,cpp,hpx,0.2,0.95,True,2048,False,"double sumOfMinimumElements(std::vector<double> const& x, std::vector<double> const& y) {\n  // TODO: implement this function\n  return 0.0;\n}",False,False,,93,-1596395520,31425.0,0.97,31425.0,0.9355172413793104,59.14570736885071
"#include <hpx/hpx_main.hpp>\n\n/* Return the sum of the minimum value at each index of vectors x and y for all indices.\n   i.e. sum = min(x_0, y_0) + min(x_1, y_1) + min(x_2, y_2) + ...\n   Use HPX to sum in parallel.  Assume HPX has already been initialized.\n   Example:\n\n   input: x=[3, 4, 0, 2, 3], y=[2, 5, 3, 1, 7]\n   output: 10\n*/\ndouble sumOfMinimumElements(std::vector<double> const& x, std::vector<double> const& y) {",29_reduce_sum_of_min_of_pairs,reduce,cpp,hpx,0.2,0.95,True,2048,False,"double sumOfMinimumElements(std::vector<double> const& x, std::vector<double> const& y) {\n  // TODO: implement this function\n  return 0.0;\n}",False,False,,94,10227712,31425.0,0.97,31425.0,0.9351724137931033,59.12208104133606
"#include <hpx/hpx_main.hpp>\n\n/* Return the sum of the minimum value at each index of vectors x and y for all indices.\n   i.e. sum = min(x_0, y_0) + min(x_1, y_1) + min(x_2, y_2) + ...\n   Use HPX to sum in parallel.  Assume HPX has already been initialized.\n   Example:\n\n   input: x=[3, 4, 0, 2, 3], y=[2, 5, 3, 1, 7]\n   output: 10\n*/\ndouble sumOfMinimumElements(std::vector<double> const& x, std::vector<double> const& y) {",29_reduce_sum_of_min_of_pairs,reduce,cpp,hpx,0.2,0.95,True,2048,False,"double sumOfMinimumElements(std::vector<double> const& x, std::vector<double> const& y) {\n    return 0.0;\n}",False,False,,95,-3592192,31425.0,0.97,31425.0,0.8841666666666667,24.468743801116943
"#include <hpx/hpx_main.hpp>\n\n/* Return the sum of the minimum value at each index of vectors x and y for all indices.\n   i.e. sum = min(x_0, y_0) + min(x_1, y_1) + min(x_2, y_2) + ...\n   Use HPX to sum in parallel.  Assume HPX has already been initialized.\n   Example:\n\n   input: x=[3, 4, 0, 2, 3], y=[2, 5, 3, 1, 7]\n   output: 10\n*/\ndouble sumOfMinimumElements(std::vector<double> const& x, std::vector<double> const& y) {",29_reduce_sum_of_min_of_pairs,reduce,cpp,hpx,0.2,0.95,True,2048,False,"double sumOfMinimumElements(std::vector<double> const& x, std::vector<double> const& y) {\n    return 0;\n}",False,False,,96,7843840,31425.0,0.97,31425.0,0.9341379310344827,59.124223947525024
"#include <hpx/hpx_main.hpp>\n\n/* Return the sum of the minimum value at each index of vectors x and y for all indices.\n   i.e. sum = min(x_0, y_0) + min(x_1, y_1) + min(x_2, y_2) + ...\n   Use HPX to sum in parallel.  Assume HPX has already been initialized.\n   Example:\n\n   input: x=[3, 4, 0, 2, 3], y=[2, 5, 3, 1, 7]\n   output: 10\n*/\ndouble sumOfMinimumElements(std::vector<double> const& x, std::vector<double> const& y) {",29_reduce_sum_of_min_of_pairs,reduce,cpp,hpx,0.2,0.95,True,2048,False,"double sumOfMinimumElements(std::vector<double> const& x, std::vector<double> const& y) {\n  // TODO: implement this function\n  return 0;\n}",False,False,,97,51740672,31425.0,0.97,31425.0,0.9344827586206896,59.14751577377319
"#include <hpx/hpx_main.hpp>\n\n/* Return the sum of the minimum value at each index of vectors x and y for all indices.\n   i.e. sum = min(x_0, y_0) + min(x_1, y_1) + min(x_2, y_2) + ...\n   Use HPX to sum in parallel.  Assume HPX has already been initialized.\n   Example:\n\n   input: x=[3, 4, 0, 2, 3], y=[2, 5, 3, 1, 7]\n   output: 10\n*/\ndouble sumOfMinimumElements(std::vector<double> const& x, std::vector<double> const& y) {",29_reduce_sum_of_min_of_pairs,reduce,cpp,hpx,0.2,0.95,True,2048,False,"double sumOfMinimumElements(std::vector<double> const& x, std::vector<double> const& y) {\n    // TODO: implement this function\n    return 0.0;\n}",False,False,,98,-2682880,31425.0,0.97,31425.0,0.9168421052631578,38.76193833351135
"#include <hpx/hpx_main.hpp>\n\n/* Return the sum of the minimum value at each index of vectors x and y for all indices.\n   i.e. sum = min(x_0, y_0) + min(x_1, y_1) + min(x_2, y_2) + ...\n   Use HPX to sum in parallel.  Assume HPX has already been initialized.\n   Example:\n\n   input: x=[3, 4, 0, 2, 3], y=[2, 5, 3, 1, 7]\n   output: 10\n*/\ndouble sumOfMinimumElements(std::vector<double> const& x, std::vector<double> const& y) {",29_reduce_sum_of_min_of_pairs,reduce,cpp,hpx,0.2,0.95,True,2048,False,"double sumOfMinimumElements(std::vector<double> const& x, std::vector<double> const& y) {\n    // TODO: implement this function\n    return 0;\n}",False,False,,99,-364544,31425.0,0.97,31425.0,0.9355172413793104,59.113534927368164
