prompt,name,problem_type,language,parallelism_model,temperature,top_p,do_sample,max_new_tokens,prompted,generated_output,did_build,is_source_valid,best_sequential_runtime,output_idx,virtual_memory_used,max_gpu_memory_usage,max_gpu_utilization,average_gpu_memory_usage,average_gpu_utilization,generation_times,run_idx,did_run,is_valid,runtime,num_threads
"#include <hpx/hpx_main.hpp>\n\n/* Count the number of edges in the directed graph defined by the adjacency matrix A.\n   A is an NxN adjacency matrix stored in row-major. A represents a directed graph.\n   Use HPX to compute in parallel.  Assume HPX has already been initialized.\n   Example:\n\n	 input: [[0, 0, 0, 1], [0, 0, 0, 1], [0, 0, 0, 1], [1, 1, 1, 0]]\n   output: 6\n*/\nint edgeCount(std::vector<int> const& A, size_t N) {",15_edge_graph_count,graph,cpp,hpx,0.2,0.95,True,2048,False,"int edgeCount(std::vector<int> const& A, size_t N) {\n    (void)N;\n    return hpx::transform_reduce(\n        hpx::execution::par, A.begin(), A.end(), 0, std::plus<int>{},\n        [](int v) { return v != 0; });\n}",False,True,,0,N/A,,,,,10.840182304382324,,,,,
"#include <hpx/hpx_main.hpp>\n\n/* Count the number of edges in the directed graph defined by the adjacency matrix A.\n   A is an NxN adjacency matrix stored in row-major. A represents a directed graph.\n   Use HPX to compute in parallel.  Assume HPX has already been initialized.\n   Example:\n\n	 input: [[0, 0, 0, 1], [0, 0, 0, 1], [0, 0, 0, 1], [1, 1, 1, 0]]\n   output: 6\n*/\nint edgeCount(std::vector<int> const& A, size_t N) {",15_edge_graph_count,graph,cpp,hpx,0.2,0.95,True,2048,False,"int edgeCount(std::vector<int> const& A, size_t N) {\n    (void)N; // A is row-major NxN\n    return static_cast<int>(\n        hpx::count_if(hpx::execution::par, A.begin(), A.end(),\n                      [](int v) { return v != 0; })\n    );\n}",False,True,,1,N/A,,,,,9.551958560943604,,,,,
"#include <hpx/hpx_main.hpp>\n\n/* Count the number of edges in the directed graph defined by the adjacency matrix A.\n   A is an NxN adjacency matrix stored in row-major. A represents a directed graph.\n   Use HPX to compute in parallel.  Assume HPX has already been initialized.\n   Example:\n\n	 input: [[0, 0, 0, 1], [0, 0, 0, 1], [0, 0, 0, 1], [1, 1, 1, 0]]\n   output: 6\n*/\nint edgeCount(std::vector<int> const& A, size_t N) {",15_edge_graph_count,graph,cpp,hpx,0.2,0.95,True,2048,False,"int edgeCount(std::vector<int> const& A, size_t N) {\n    if (A.size() != N * N) throw std::invalid_argument(""A.size() must be N*N"");\n    return hpx::transform_reduce(\n        hpx::execution::par_unseq, A.begin(), A.end(), 0,\n        std::plus<int>{}, [](int v) { return v != 0; });\n}",False,True,,2,N/A,,,,,10.903559446334839,,,,,
"#include <hpx/hpx_main.hpp>\n\n/* Count the number of edges in the directed graph defined by the adjacency matrix A.\n   A is an NxN adjacency matrix stored in row-major. A represents a directed graph.\n   Use HPX to compute in parallel.  Assume HPX has already been initialized.\n   Example:\n\n	 input: [[0, 0, 0, 1], [0, 0, 0, 1], [0, 0, 0, 1], [1, 1, 1, 0]]\n   output: 6\n*/\nint edgeCount(std::vector<int> const& A, size_t N) {",15_edge_graph_count,graph,cpp,hpx,0.2,0.95,True,2048,False,"int edgeCount(std::vector<int> const& A, size_t N) {\n    if (A.size() != N * N) throw std::invalid_argument(""A size must be N*N"");\n    return hpx::reduce(hpx::execution::par, A.begin(), A.end(), 0);\n}",False,True,,3,N/A,,,,,9.279322862625122,,,,,
"#include <hpx/hpx_main.hpp>\n\n/* Count the number of edges in the directed graph defined by the adjacency matrix A.\n   A is an NxN adjacency matrix stored in row-major. A represents a directed graph.\n   Use HPX to compute in parallel.  Assume HPX has already been initialized.\n   Example:\n\n	 input: [[0, 0, 0, 1], [0, 0, 0, 1], [0, 0, 0, 1], [1, 1, 1, 0]]\n   output: 6\n*/\nint edgeCount(std::vector<int> const& A, size_t N) {",15_edge_graph_count,graph,cpp,hpx,0.2,0.95,True,2048,False,"int edgeCount(std::vector<int> const& A, size_t N) {\n    if (A.size() != N * N) throw std::invalid_argument(""A must be N x N"");\n    return hpx::reduce(hpx::execution::par, A.begin(), A.end(), 0);\n}",False,True,,4,N/A,,,,,10.424088954925537,,,,,
"#include <hpx/hpx_main.hpp>\n\n/* Count the number of edges in the directed graph defined by the adjacency matrix A.\n   A is an NxN adjacency matrix stored in row-major. A represents a directed graph.\n   Use HPX to compute in parallel.  Assume HPX has already been initialized.\n   Example:\n\n	 input: [[0, 0, 0, 1], [0, 0, 0, 1], [0, 0, 0, 1], [1, 1, 1, 0]]\n   output: 6\n*/\nint edgeCount(std::vector<int> const& A, size_t N) {",15_edge_graph_count,graph,cpp,hpx,0.2,0.95,True,2048,False,"int edgeCount(std::vector<int> const& A, size_t N) {\n    (void)N; // A is NxN row-major; N not needed for counting\n    std::size_t count = hpx::transform_reduce(\n        hpx::execution::par,\n        A.begin(), A.end(),\n        std::size_t{0},\n        std::plus<std::size_t>{},\n        [](int v) { return static_cast<std::size_t>(v != 0); }\n    );\n    return static_cast<int>(count);\n}",False,True,,5,N/A,,,,,12.219009637832642,,,,,
"#include <hpx/hpx_main.hpp>\n\n/* Count the number of edges in the directed graph defined by the adjacency matrix A.\n   A is an NxN adjacency matrix stored in row-major. A represents a directed graph.\n   Use HPX to compute in parallel.  Assume HPX has already been initialized.\n   Example:\n\n	 input: [[0, 0, 0, 1], [0, 0, 0, 1], [0, 0, 0, 1], [1, 1, 1, 0]]\n   output: 6\n*/\nint edgeCount(std::vector<int> const& A, size_t N) {",15_edge_graph_count,graph,cpp,hpx,0.2,0.95,True,2048,False,"int edgeCount(std::vector<int> const& A, size_t N) {\n    (void)N;\n    return static_cast<int>(\n        hpx::count_if(hpx::execution::par, A.begin(), A.end(),\n                      [](int v) { return v != 0; }));\n}",False,True,,6,N/A,,,,,10.99953293800354,,,,,
"#include <hpx/hpx_main.hpp>\n\n/* Count the number of edges in the directed graph defined by the adjacency matrix A.\n   A is an NxN adjacency matrix stored in row-major. A represents a directed graph.\n   Use HPX to compute in parallel.  Assume HPX has already been initialized.\n   Example:\n\n	 input: [[0, 0, 0, 1], [0, 0, 0, 1], [0, 0, 0, 1], [1, 1, 1, 0]]\n   output: 6\n*/\nint edgeCount(std::vector<int> const& A, size_t N) {",15_edge_graph_count,graph,cpp,hpx,0.2,0.95,True,2048,False,"int edgeCount(std::vector<int> const& A, size_t N) {\n    (void)N; // A is NxN; size is N*N\n    return static_cast<int>(\n        hpx::reduce(hpx::execution::par, A.begin(), A.end(), std::size_t{",False,True,,7,N/A,,,,,14.90140676498413,,,,,
"#include <hpx/hpx_main.hpp>\n\n/* Count the number of edges in the directed graph defined by the adjacency matrix A.\n   A is an NxN adjacency matrix stored in row-major. A represents a directed graph.\n   Use HPX to compute in parallel.  Assume HPX has already been initialized.\n   Example:\n\n	 input: [[0, 0, 0, 1], [0, 0, 0, 1], [0, 0, 0, 1], [1, 1, 1, 0]]\n   output: 6\n*/\nint edgeCount(std::vector<int> const& A, size_t N) {",15_edge_graph_count,graph,cpp,hpx,0.2,0.95,True,2048,False,"int edgeCount(std::vector<int> const& A, size_t N) {\n    (void)N;\n    return hpx::transform_reduce(\n        hpx::execution::par, A.begin(), A.end(), 0, std::plus<int>{},\n        [](int v) { return v != 0; }\n    );\n}",False,True,,8,N/A,,,,,9.75830888748169,,,,,
"#include <hpx/hpx_main.hpp>\n\n/* Count the number of edges in the directed graph defined by the adjacency matrix A.\n   A is an NxN adjacency matrix stored in row-major. A represents a directed graph.\n   Use HPX to compute in parallel.  Assume HPX has already been initialized.\n   Example:\n\n	 input: [[0, 0, 0, 1], [0, 0, 0, 1], [0, 0, 0, 1], [1, 1, 1, 0]]\n   output: 6\n*/\nint edgeCount(std::vector<int> const& A, size_t N) {",15_edge_graph_count,graph,cpp,hpx,0.2,0.95,True,2048,False,"int edgeCount(std::vector<int> const& A, size_t N) {\n    if (A.size() != N * N) throw std::invalid_argument(""Invalid adjacency matrix size"");\n    return hpx::reduce(hpx::execution::par, A.begin(), A.end(), 0);\n}",False,True,,9,N/A,,,,,9.387736082077026,,,,,
"#include <hpx/hpx_main.hpp>\n\n/* Count the number of edges in the directed graph defined by the adjacency matrix A.\n   A is an NxN adjacency matrix stored in row-major. A represents a directed graph.\n   Use HPX to compute in parallel.  Assume HPX has already been initialized.\n   Example:\n\n	 input: [[0, 0, 0, 1], [0, 0, 0, 1], [0, 0, 0, 1], [1, 1, 1, 0]]\n   output: 6\n*/\nint edgeCount(std::vector<int> const& A, size_t N) {",15_edge_graph_count,graph,cpp,hpx,0.2,0.95,True,2048,False,"int edgeCount(std::vector<int> const& A, size_t N) {\n    (void)N; // A is already row-major NxN; we only need to count nonzeros\n    return static_cast<int>(\n        hpx::count_if(hpx::execution::par, A.begin(), A.end(),\n                      [](int v) { return v != 0; })\n    );\n}",False,True,,10,N/A,,,,,8.102620363235474,,,,,
"#include <hpx/hpx_main.hpp>\n\n/* Count the number of edges in the directed graph defined by the adjacency matrix A.\n   A is an NxN adjacency matrix stored in row-major. A represents a directed graph.\n   Use HPX to compute in parallel.  Assume HPX has already been initialized.\n   Example:\n\n	 input: [[0, 0, 0, 1], [0, 0, 0, 1], [0, 0, 0, 1], [1, 1, 1, 0]]\n   output: 6\n*/\nint edgeCount(std::vector<int> const& A, size_t N) {",15_edge_graph_count,graph,cpp,hpx,0.2,0.95,True,2048,False,"int edgeCount(std::vector<int> const& A, size_t N) {\n    (void)N; // A is NxN, but not needed for counting\n    return hpx::reduce(hpx::execution::par, A.begin(), A.end(), 0);\n}",False,True,,11,N/A,,,,,19.019737482070923,,,,,
"#include <hpx/hpx_main.hpp>\n\n/* Count the number of edges in the directed graph defined by the adjacency matrix A.\n   A is an NxN adjacency matrix stored in row-major. A represents a directed graph.\n   Use HPX to compute in parallel.  Assume HPX has already been initialized.\n   Example:\n\n	 input: [[0, 0, 0, 1], [0, 0, 0, 1], [0, 0, 0, 1], [1, 1, 1, 0]]\n   output: 6\n*/\nint edgeCount(std::vector<int> const& A, size_t N) {",15_edge_graph_count,graph,cpp,hpx,0.2,0.95,True,2048,False,"int edgeCount(std::vector<int> const& A, size_t /*N*/) {\n    return hpx::transform_reduce(\n        hpx::execution::par, A.begin(), A.end(),\n        0, std::plus<int>{},\n        [](int v) { return v != 0; });\n}",False,True,,12,N/A,,,,,18.728906869888306,,,,,
"#include <hpx/hpx_main.hpp>\n\n/* Count the number of edges in the directed graph defined by the adjacency matrix A.\n   A is an NxN adjacency matrix stored in row-major. A represents a directed graph.\n   Use HPX to compute in parallel.  Assume HPX has already been initialized.\n   Example:\n\n	 input: [[0, 0, 0, 1], [0, 0, 0, 1], [0, 0, 0, 1], [1, 1, 1, 0]]\n   output: 6\n*/\nint edgeCount(std::vector<int> const& A, size_t N) {",15_edge_graph_count,graph,cpp,hpx,0.2,0.95,True,2048,False,"int edgeCount(std::vector<int> const& A, size_t N) {\n    (void)N; // A is already N*N in row-major\n    return hpx::reduce(hpx::execution::par, A.begin(), A.end(), 0);\n}",False,True,,13,N/A,,,,,16.67043709754944,,,,,
"#include <hpx/hpx_main.hpp>\n\n/* Count the number of edges in the directed graph defined by the adjacency matrix A.\n   A is an NxN adjacency matrix stored in row-major. A represents a directed graph.\n   Use HPX to compute in parallel.  Assume HPX has already been initialized.\n   Example:\n\n	 input: [[0, 0, 0, 1], [0, 0, 0, 1], [0, 0, 0, 1], [1, 1, 1, 0]]\n   output: 6\n*/\nint edgeCount(std::vector<int> const& A, size_t N) {",15_edge_graph_count,graph,cpp,hpx,0.2,0.95,True,2048,False,"int edgeCount(std::vector<int> const& A, size_t N) {\n    (void)N; // A should be N*N; unused here\n    return hpx::reduce(hpx::execution::par, A.begin(), A.end(), 0);\n}",False,True,,14,N/A,,,,,19.964045524597168,,,,,
"#include <hpx/hpx_main.hpp>\n\n/* Count the number of edges in the directed graph defined by the adjacency matrix A.\n   A is an NxN adjacency matrix stored in row-major. A represents a directed graph.\n   Use HPX to compute in parallel.  Assume HPX has already been initialized.\n   Example:\n\n	 input: [[0, 0, 0, 1], [0, 0, 0, 1], [0, 0, 0, 1], [1, 1, 1, 0]]\n   output: 6\n*/\nint edgeCount(std::vector<int> const& A, size_t N) {",15_edge_graph_count,graph,cpp,hpx,0.2,0.95,True,2048,False,"int edgeCount(std::vector<int> const& A, size_t N) {\n    (void)N; // optionally assert(A.size() == N * N);\n    return hpx::transform_reduce(\n        hpx::execution::par,\n        A.begin(), A.end(),\n        0,\n        std::plus<int>{},\n        [](int v) { return v != 0; }\n    );\n}",False,True,,15,N/A,,,,,18.933009147644043,,,,,
"#include <hpx/hpx_main.hpp>\n\n/* Count the number of edges in the directed graph defined by the adjacency matrix A.\n   A is an NxN adjacency matrix stored in row-major. A represents a directed graph.\n   Use HPX to compute in parallel.  Assume HPX has already been initialized.\n   Example:\n\n	 input: [[0, 0, 0, 1], [0, 0, 0, 1], [0, 0, 0, 1], [1, 1, 1, 0]]\n   output: 6\n*/\nint edgeCount(std::vector<int> const& A, size_t N) {",15_edge_graph_count,graph,cpp,hpx,0.2,0.95,True,2048,False,"int edgeCount(std::vector<int> const& A, size_t N) {\n    (void)N; // A is assumed to be N*N in row-major\n    return hpx::transform_reduce(\n        hpx::execution::par, A.begin(), A.end(), 0, std::plus<int>{},\n        [](int v) { return v != 0 ? 1 : 0; });\n}",False,True,,16,N/A,,,,,13.681114912033081,,,,,
"#include <hpx/hpx_main.hpp>\n\n/* Count the number of edges in the directed graph defined by the adjacency matrix A.\n   A is an NxN adjacency matrix stored in row-major. A represents a directed graph.\n   Use HPX to compute in parallel.  Assume HPX has already been initialized.\n   Example:\n\n	 input: [[0, 0, 0, 1], [0, 0, 0, 1], [0, 0, 0, 1], [1, 1, 1, 0]]\n   output: 6\n*/\nint edgeCount(std::vector<int> const& A, size_t N) {",15_edge_graph_count,graph,cpp,hpx,0.2,0.95,True,2048,False,"int edgeCount(std::vector<int> const& A, size_t N) {\n    (void)N; // A is assumed to be N*N in row-major\n    return hpx::reduce(hpx::execution::par, A.begin(), A.end(), 0);\n}",False,True,,17,N/A,,,,,18.005846977233887,,,,,
"#include <hpx/hpx_main.hpp>\n\n/* Count the number of edges in the directed graph defined by the adjacency matrix A.\n   A is an NxN adjacency matrix stored in row-major. A represents a directed graph.\n   Use HPX to compute in parallel.  Assume HPX has already been initialized.\n   Example:\n\n	 input: [[0, 0, 0, 1], [0, 0, 0, 1], [0, 0, 0, 1], [1, 1, 1, 0]]\n   output: 6\n*/\nint edgeCount(std::vector<int> const& A, size_t N) {",15_edge_graph_count,graph,cpp,hpx,0.2,0.95,True,2048,False,"int edgeCount(std::vector<int> const& A, size_t N) {\n    (void)N; // A is row-major NxN; N not needed for counting\n    return static_cast<int>(hpx::transform_reduce(\n        hpx::execution::par, A.begin(), A.end(),\n        std::size_t{0}, std::plus<std::size_t>{},\n        [](int v) { return static_cast<std::size_t>(v != 0); })); // count non-zeros\n}",False,True,,18,N/A,,,,,9.580060720443726,,,,,
"#include <hpx/hpx_main.hpp>\n\n/* Count the number of edges in the directed graph defined by the adjacency matrix A.\n   A is an NxN adjacency matrix stored in row-major. A represents a directed graph.\n   Use HPX to compute in parallel.  Assume HPX has already been initialized.\n   Example:\n\n	 input: [[0, 0, 0, 1], [0, 0, 0, 1], [0, 0, 0, 1], [1, 1, 1, 0]]\n   output: 6\n*/\nint edgeCount(std::vector<int> const& A, size_t N) {",15_edge_graph_count,graph,cpp,hpx,0.2,0.95,True,2048,False,"int edgeCount(std::vector<int> const& A, size_t N) {\n    (void)N;\n    return static_cast<int>(\n        hpx::count_if(hpx::execution::par, A.begin(), A.end(),\n                      [](int v) { return v != 0; }));\n}",False,True,,19,N/A,,,,,14.97991394996643,,,,,
"#include <hpx/hpx_main.hpp>\n\n/* Count the number of edges in the directed graph defined by the adjacency matrix A.\n   A is an NxN adjacency matrix stored in row-major. A represents a directed graph.\n   Use HPX to compute in parallel.  Assume HPX has already been initialized.\n   Example:\n\n	 input: [[0, 0, 0, 1], [0, 0, 0, 1], [0, 0, 0, 1], [1, 1, 1, 0]]\n   output: 6\n*/\nint edgeCount(std::vector<int> const& A, size_t N) {",15_edge_graph_count,graph,cpp,hpx,0.2,0.95,True,2048,False,"int edgeCount(std::vector<int> const& A, size_t N) {\n    (void)N; // A is row-major NxN; we just sum entries\n    return hpx::transform_reduce(\n        hpx::execution::par,\n        A.begin(), A.end(),\n        0,\n        std::plus<int>(),\n        [](int v) { return v != 0; }  // count any non-zero as an edge\n    );\n}",False,True,,20,N/A,,,,,17.823381662368774,,,,,
"#include <hpx/hpx_main.hpp>\n\n/* Count the number of edges in the directed graph defined by the adjacency matrix A.\n   A is an NxN adjacency matrix stored in row-major. A represents a directed graph.\n   Use HPX to compute in parallel.  Assume HPX has already been initialized.\n   Example:\n\n	 input: [[0, 0, 0, 1], [0, 0, 0, 1], [0, 0, 0, 1], [1, 1, 1, 0]]\n   output: 6\n*/\nint edgeCount(std::vector<int> const& A, size_t N) {",15_edge_graph_count,graph,cpp,hpx,0.2,0.95,True,2048,False,"int edgeCount(std::vector<int> const& A, size_t N) {\n    (void)N; // A is assumed to be N*N\n    return hpx::reduce(hpx::execution::par, A.begin(), A.end(), 0);\n}",False,True,,21,N/A,,,,,16.363622903823853,,,,,
"#include <hpx/hpx_main.hpp>\n\n/* Count the number of edges in the directed graph defined by the adjacency matrix A.\n   A is an NxN adjacency matrix stored in row-major. A represents a directed graph.\n   Use HPX to compute in parallel.  Assume HPX has already been initialized.\n   Example:\n\n	 input: [[0, 0, 0, 1], [0, 0, 0, 1], [0, 0, 0, 1], [1, 1, 1, 0]]\n   output: 6\n*/\nint edgeCount(std::vector<int> const& A, size_t N) {",15_edge_graph_count,graph,cpp,hpx,0.2,0.95,True,2048,False,,False,False,,22,N/A,,,,,20.263701915740967,,,,,
"#include <hpx/hpx_main.hpp>\n\n/* Count the number of edges in the directed graph defined by the adjacency matrix A.\n   A is an NxN adjacency matrix stored in row-major. A represents a directed graph.\n   Use HPX to compute in parallel.  Assume HPX has already been initialized.\n   Example:\n\n	 input: [[0, 0, 0, 1], [0, 0, 0, 1], [0, 0, 0, 1], [1, 1, 1, 0]]\n   output: 6\n*/\nint edgeCount(std::vector<int> const& A, size_t N) {",15_edge_graph_count,graph,cpp,hpx,0.2,0.95,True,2048,False,"int edgeCount(std::vector<int> const& A, size_t N) {\n    (void)N; // A is already NxN in row-major; N not needed for counting\n    auto sum = hpx::transform_reduce(\n        hpx::execution::par,\n        A.begin(), A.end(),\n        std::size_t{0},\n        std::plus<>{},\n        [](int x) { return static_cast<std::size_t>(x != 0); } // count nonzeros\n    );\n    return static_cast<int>(sum);\n}",False,True,,23,N/A,,,,,17.389899730682373,,,,,
"#include <hpx/hpx_main.hpp>\n\n/* Count the number of edges in the directed graph defined by the adjacency matrix A.\n   A is an NxN adjacency matrix stored in row-major. A represents a directed graph.\n   Use HPX to compute in parallel.  Assume HPX has already been initialized.\n   Example:\n\n	 input: [[0, 0, 0, 1], [0, 0, 0, 1], [0, 0, 0, 1], [1, 1, 1, 0]]\n   output: 6\n*/\nint edgeCount(std::vector<int> const& A, size_t N) {",15_edge_graph_count,graph,cpp,hpx,0.2,0.95,True,2048,False,"int edgeCount(std::vector<int> const& A, size_t N) {\n    (void)N; // A is assumed to be N",False,False,,24,N/A,,,,,18.97265386581421,,,,,
"#include <hpx/hpx_main.hpp>\n\n/* Count the number of edges in the directed graph defined by the adjacency matrix A.\n   A is an NxN adjacency matrix stored in row-major. A represents a directed graph.\n   Use HPX to compute in parallel.  Assume HPX has already been initialized.\n   Example:\n\n	 input: [[0, 0, 0, 1], [0, 0, 0, 1], [0, 0, 0, 1], [1, 1, 1, 0]]\n   output: 6\n*/\nint edgeCount(std::vector<int> const& A, size_t N) {",15_edge_graph_count,graph,cpp,hpx,0.2,0.95,True,2048,False,"int edgeCount(std::vector<int> const& A, size_t N) {\n    (void)N; // A is assumed to be N*N in row-major\n    std::size_t count = hpx::transform_reduce(\n        hpx::execution::par, A.begin(), A.end(),\n        std::size_t(0), std::plus<std::size_t>{},\n        [](int v) -> std::size_t { return v != 0; });\n    return static_cast<int>(count);\n}",False,True,,25,N/A,,,,,13.739875078201294,,,,,
"#include <hpx/hpx_main.hpp>\n\n/* Count the number of edges in the directed graph defined by the adjacency matrix A.\n   A is an NxN adjacency matrix stored in row-major. A represents a directed graph.\n   Use HPX to compute in parallel.  Assume HPX has already been initialized.\n   Example:\n\n	 input: [[0, 0, 0, 1], [0, 0, 0, 1], [0, 0, 0, 1], [1, 1, 1, 0]]\n   output: 6\n*/\nint edgeCount(std::vector<int> const& A, size_t N) {",15_edge_graph_count,graph,cpp,hpx,0.2,0.95,True,2048,False,"int edgeCount(std::vector<int> const& A, size_t N) {\n    (void)N; // A is row-major NxN; total edges = sum of entries\n    return hpx::reduce(hpx::execution::par, A.begin(), A.end(), 0);\n}",False,True,,26,N/A,,,,,13.84541654586792,,,,,
"#include <hpx/hpx_main.hpp>\n\n/* Count the number of edges in the directed graph defined by the adjacency matrix A.\n   A is an NxN adjacency matrix stored in row-major. A represents a directed graph.\n   Use HPX to compute in parallel.  Assume HPX has already been initialized.\n   Example:\n\n	 input: [[0, 0, 0, 1], [0, 0, 0, 1], [0, 0, 0, 1], [1, 1, 1, 0]]\n   output: 6\n*/\nint edgeCount(std::vector<int> const& A, size_t N) {",15_edge_graph_count,graph,cpp,hpx,0.2,0.95,True,2048,False,"int edgeCount(std::vector<int> const& A, size_t N) {\n    (void)N;\n    return hpx::transform_reduce(\n        hpx::execution::par, A.begin(), A.end(), 0,\n        std::plus<int>{}, [](int v) { return v != 0; });\n}",False,True,,27,N/A,,,,,16.59501552581787,,,,,
"#include <hpx/hpx_main.hpp>\n\n/* Count the number of edges in the directed graph defined by the adjacency matrix A.\n   A is an NxN adjacency matrix stored in row-major. A represents a directed graph.\n   Use HPX to compute in parallel.  Assume HPX has already been initialized.\n   Example:\n\n	 input: [[0, 0, 0, 1], [0, 0, 0, 1], [0, 0, 0, 1], [1, 1, 1, 0]]\n   output: 6\n*/\nint edgeCount(std::vector<int> const& A, size_t N) {",15_edge_graph_count,graph,cpp,hpx,0.2,0.95,True,2048,False,"int edgeCount(std::vector<int> const& A, size_t N) {\n    (void)N;  // A is assumed to be N*N\n    return hpx::transform_reduce(\n        hpx::execution::par, A.begin(), A.end(), 0,\n        std::plus<int>{},\n        [](int v) { return v != 0; });\n}",False,True,,28,N/A,,,,,15.622901916503906,,,,,
"#include <hpx/hpx_main.hpp>\n\n/* Count the number of edges in the directed graph defined by the adjacency matrix A.\n   A is an NxN adjacency matrix stored in row-major. A represents a directed graph.\n   Use HPX to compute in parallel.  Assume HPX has already been initialized.\n   Example:\n\n	 input: [[0, 0, 0, 1], [0, 0, 0, 1], [0, 0, 0, 1], [1, 1, 1, 0]]\n   output: 6\n*/\nint edgeCount(std::vector<int> const& A, size_t N) {",15_edge_graph_count,graph,cpp,hpx,0.2,0.95,True,2048,False,"int edgeCount(std::vector<int> const& A, size_t N) {\n    if (A.empty() || N == 0) return 0;\n    auto total = std::min(A.size(), N * N);\n    return hpx::transform_reduce(\n        hpx::execution::par,\n        A.begin(), A.begin() + total,\n        0, std::plus<int>{},\n        [](int v) { return v != 0; });\n}",False,True,,29,N/A,,,,,14.186373710632324,,,,,
"#include <hpx/hpx_main.hpp>\n\n/* Count the number of edges in the directed graph defined by the adjacency matrix A.\n   A is an NxN adjacency matrix stored in row-major. A represents a directed graph.\n   Use HPX to compute in parallel.  Assume HPX has already been initialized.\n   Example:\n\n	 input: [[0, 0, 0, 1], [0, 0, 0, 1], [0, 0, 0, 1], [1, 1, 1, 0]]\n   output: 6\n*/\nint edgeCount(std::vector<int> const& A, size_t N) {",15_edge_graph_count,graph,cpp,hpx,0.2,0.95,True,2048,False,"int edgeCount(std::vector<int> const& A, size_t N) {\n    (void)N; // A is assumed to be N*N in row-major order\n    return static_cast<int>(hpx::transform_reduce(\n        hpx::execution::par,\n        A.begin(), A.end(),\n        std::size_t{0},\n        std::plus<std::size_t>{},\n        [](int v) { return v != 0 ? std::size_t{1} : std::size_t{0}; }\n    ));\n}",False,True,,30,N/A,,,,,15.79537582397461,,,,,
"#include <hpx/hpx_main.hpp>\n\n/* Count the number of edges in the directed graph defined by the adjacency matrix A.\n   A is an NxN adjacency matrix stored in row-major. A represents a directed graph.\n   Use HPX to compute in parallel.  Assume HPX has already been initialized.\n   Example:\n\n	 input: [[0, 0, 0, 1], [0, 0, 0, 1], [0, 0, 0, 1], [1, 1, 1, 0]]\n   output: 6\n*/\nint edgeCount(std::vector<int> const& A, size_t N) {",15_edge_graph_count,graph,cpp,hpx,0.2,0.95,True,2048,False,"int edgeCount(std::vector<int> const& A, size_t N) {\n    if (A.size() != N * N) throw std::invalid_argument(""A.size() must be N*N"");\n    using count_t = std::size_t;\n    count_t total = hpx::transform_reduce(\n        hpx::execution::par,\n        A.begin(), A.end(),\n        count_t{0},\n        std::plus<count_t>{},\n        [](int v) { return static_cast<count_t>(v != 0); });\n    return static_cast<int>(total);\n}",False,True,,31,N/A,,,,,16.223711013793945,,,,,
"#include <hpx/hpx_main.hpp>\n\n/* Count the number of edges in the directed graph defined by the adjacency matrix A.\n   A is an NxN adjacency matrix stored in row-major. A represents a directed graph.\n   Use HPX to compute in parallel.  Assume HPX has already been initialized.\n   Example:\n\n	 input: [[0, 0, 0, 1], [0, 0, 0, 1], [0, 0, 0, 1], [1, 1, 1, 0]]\n   output: 6\n*/\nint edgeCount(std::vector<int> const& A, size_t N) {",15_edge_graph_count,graph,cpp,hpx,0.2,0.95,True,2048,False,"int edgeCount(std::vector<int> const& A, size_t N) {\n    if (A.size() != N * N) throw std::invalid_argument(""Adjacency matrix size mismatch"");\n    return hpx::reduce(hpx::execution::par, A.begin(), A.end(), 0);\n}",False,True,,32,N/A,,,,,13.806858539581299,,,,,
"#include <hpx/hpx_main.hpp>\n\n/* Count the number of edges in the directed graph defined by the adjacency matrix A.\n   A is an NxN adjacency matrix stored in row-major. A represents a directed graph.\n   Use HPX to compute in parallel.  Assume HPX has already been initialized.\n   Example:\n\n	 input: [[0, 0, 0, 1], [0, 0, 0, 1], [0, 0, 0, 1], [1, 1, 1, 0]]\n   output: 6\n*/\nint edgeCount(std::vector<int> const& A, size_t N) {",15_edge_graph_count,graph,cpp,hpx,0.2,0.95,True,2048,False,"int edgeCount(std::vector<int> const& A, size_t N) {\n    assert(A.size() == N * N);\n    return hpx::transform_reduce(\n        hpx::execution::par, A.begin(), A.end(),\n        0, std::plus<int>{},\n        [](int v) { return v != 0; }\n    );\n}",False,True,,33,N/A,,,,,11.708340644836426,,,,,
"#include <hpx/hpx_main.hpp>\n\n/* Count the number of edges in the directed graph defined by the adjacency matrix A.\n   A is an NxN adjacency matrix stored in row-major. A represents a directed graph.\n   Use HPX to compute in parallel.  Assume HPX has already been initialized.\n   Example:\n\n	 input: [[0, 0, 0, 1], [0, 0, 0, 1], [0, 0, 0, 1], [1, 1, 1, 0]]\n   output: 6\n*/\nint edgeCount(std::vector<int> const& A, size_t N) {",15_edge_graph_count,graph,cpp,hpx,0.2,0.95,True,2048,False,"int edgeCount(std::vector<int> const& A, size_t N) {\n    (void)N; // A is already row-major NxN; N not needed for counting\n    return static_cast<int>(hpx::transform_reduce(\n        hpx::execution::par, A.begin(), A.end(),\n        std::size_t{0}, std::plus<std::size_t>{},\n        [](int v) { return v != 0 ? std::size_t{1} : std::size_t{0}; }\n    ));\n}",False,True,,34,N/A,,,,,13.368731498718262,,,,,
"#include <hpx/hpx_main.hpp>\n\n/* Count the number of edges in the directed graph defined by the adjacency matrix A.\n   A is an NxN adjacency matrix stored in row-major. A represents a directed graph.\n   Use HPX to compute in parallel.  Assume HPX has already been initialized.\n   Example:\n\n	 input: [[0, 0, 0, 1], [0, 0, 0, 1], [0, 0, 0, 1], [1, 1, 1, 0]]\n   output: 6\n*/\nint edgeCount(std::vector<int> const& A, size_t N) {",15_edge_graph_count,graph,cpp,hpx,0.2,0.95,True,2048,False,"int edgeCount(std::vector<int> const& A, size_t N) {\n    if (A.size() != N * N) {\n        throw std::invalid_argument(""A.size() must be N*N"");\n    }\n    return hpx::transform_reduce(\n        hpx::execution::par_unseq,\n        A.begin(), A.end(),\n        0,\n        std::plus<int>{},\n        [](int v) { return v != 0; }\n    );\n}",False,True,,35,N/A,,,,,12.152543067932129,,,,,
"#include <hpx/hpx_main.hpp>\n\n/* Count the number of edges in the directed graph defined by the adjacency matrix A.\n   A is an NxN adjacency matrix stored in row-major. A represents a directed graph.\n   Use HPX to compute in parallel.  Assume HPX has already been initialized.\n   Example:\n\n	 input: [[0, 0, 0, 1], [0, 0, 0, 1], [0, 0, 0, 1], [1, 1, 1, 0]]\n   output: 6\n*/\nint edgeCount(std::vector<int> const& A, size_t N) {",15_edge_graph_count,graph,cpp,hpx,0.2,0.95,True,2048,False,"int edgeCount(std::vector<int> const& A, size_t N) {\n    (void)N;\n    return hpx::transform_reduce(\n        hpx::execution::par, A.begin(), A.end(), 0,\n        std::plus<int>{},\n        [](int v) { return v != 0; });\n}",False,True,,36,N/A,,,,,15.16273808479309,,,,,
"#include <hpx/hpx_main.hpp>\n\n/* Count the number of edges in the directed graph defined by the adjacency matrix A.\n   A is an NxN adjacency matrix stored in row-major. A represents a directed graph.\n   Use HPX to compute in parallel.  Assume HPX has already been initialized.\n   Example:\n\n	 input: [[0, 0, 0, 1], [0, 0, 0, 1], [0, 0, 0, 1], [1, 1, 1, 0]]\n   output: 6\n*/\nint edgeCount(std::vector<int> const& A, size_t N) {",15_edge_graph_count,graph,cpp,hpx,0.2,0.95,True,2048,False,"{\n    // Optional: assert(A.size() == N * N);\n    std::size_t sum = hpx::transform_reduce(\n        hpx::execution::par, A.begin(), A.end(),\n        std::size_t{0}, std::plus<>{},\n        [](int v) { return static_cast<std::size_t>(v != 0); });\n\n    return static_cast<int>(sum);\n}",False,True,,37,N/A,,,,,10.96274185180664,,,,,
"#include <hpx/hpx_main.hpp>\n\n/* Count the number of edges in the directed graph defined by the adjacency matrix A.\n   A is an NxN adjacency matrix stored in row-major. A represents a directed graph.\n   Use HPX to compute in parallel.  Assume HPX has already been initialized.\n   Example:\n\n	 input: [[0, 0, 0, 1], [0, 0, 0, 1], [0, 0, 0, 1], [1, 1, 1, 0]]\n   output: 6\n*/\nint edgeCount(std::vector<int> const& A, size_t N) {",15_edge_graph_count,graph,cpp,hpx,0.2,0.95,True,2048,False,"int edgeCount(std::vector<int> const& A, size_t N) {\n    if (A.size() != N * N) throw std::invalid_argument(""A size must be N*N"");\n    std::size_t total = hpx::transform_reduce(\n        hpx::execution::par,\n        A.begin(), A.end(),\n        std::size_t{0},\n        std::plus<>{},\n        [](int v) { return static_cast<std::size_t>(v); }\n    );\n    return static_cast<int>(total);\n}",False,True,,38,N/A,,,,,10.314791917800903,,,,,
"#include <hpx/hpx_main.hpp>\n\n/* Count the number of edges in the directed graph defined by the adjacency matrix A.\n   A is an NxN adjacency matrix stored in row-major. A represents a directed graph.\n   Use HPX to compute in parallel.  Assume HPX has already been initialized.\n   Example:\n\n	 input: [[0, 0, 0, 1], [0, 0, 0, 1], [0, 0, 0, 1], [1, 1, 1, 0]]\n   output: 6\n*/\nint edgeCount(std::vector<int> const& A, size_t N) {",15_edge_graph_count,graph,cpp,hpx,0.2,0.95,True,2048,False,"int edgeCount(std::vector<int> const& A, size_t N) {\n    (void)N; // assume A.size() == N*N\n    return hpx::transform_reduce(\n        hpx::execution::par,\n        A.begin(), A.end(),\n        0,\n        std::plus<int>{},\n        [](int v) { return v != 0 ? 1 : 0; });\n}",False,True,,39,N/A,,,,,10.569167852401733,,,,,
"#include <hpx/hpx_main.hpp>\n\n/* Count the number of edges in the directed graph defined by the adjacency matrix A.\n   A is an NxN adjacency matrix stored in row-major. A represents a directed graph.\n   Use HPX to compute in parallel.  Assume HPX has already been initialized.\n   Example:\n\n	 input: [[0, 0, 0, 1], [0, 0, 0, 1], [0, 0, 0, 1], [1, 1, 1, 0]]\n   output: 6\n*/\nint edgeCount(std::vector<int> const& A, size_t N) {",15_edge_graph_count,graph,cpp,hpx,0.2,0.95,True,2048,False,"int edgeCount(std::vector<int> const& A, size_t N) {\n    (void)N; // A is row-major NxN; N not needed beyond validation\n    std::size_t count = hpx::transform_reduce(\n        hpx::execution::par, A.begin(), A.end(),\n        std::size_t{0}, std::plus<std::size_t>{},\n        [](int v) { return static_cast<std::size_t>(v != 0); });\n    return static_cast<int>(count);\n}",False,True,,40,N/A,,,,,14.435574293136597,,,,,
"#include <hpx/hpx_main.hpp>\n\n/* Count the number of edges in the directed graph defined by the adjacency matrix A.\n   A is an NxN adjacency matrix stored in row-major. A represents a directed graph.\n   Use HPX to compute in parallel.  Assume HPX has already been initialized.\n   Example:\n\n	 input: [[0, 0, 0, 1], [0, 0, 0, 1], [0, 0, 0, 1], [1, 1, 1, 0]]\n   output: 6\n*/\nint edgeCount(std::vector<int> const& A, size_t N) {",15_edge_graph_count,graph,cpp,hpx,0.2,0.95,True,2048,False,"int edgeCount(std::vector<int> const& A, size_t N) {\n    (void)N;\n    return hpx::reduce(hpx::execution::par, A.begin(), A.end(), 0);\n}",False,True,,41,N/A,,,,,13.964093685150146,,,,,
"#include <hpx/hpx_main.hpp>\n\n/* Count the number of edges in the directed graph defined by the adjacency matrix A.\n   A is an NxN adjacency matrix stored in row-major. A represents a directed graph.\n   Use HPX to compute in parallel.  Assume HPX has already been initialized.\n   Example:\n\n	 input: [[0, 0, 0, 1], [0, 0, 0, 1], [0, 0, 0, 1], [1, 1, 1, 0]]\n   output: 6\n*/\nint edgeCount(std::vector<int> const& A, size_t N) {",15_edge_graph_count,graph,cpp,hpx,0.2,0.95,True,2048,False,"int edgeCount(std::vector<int> const& A, size_t N) {\n    (void)N; // A is row-major NxN; not needed for summing\n    return hpx::reduce(hpx::execution::par, A.begin(), A.end(), 0, std::plus<int>{});\n}",False,True,,42,N/A,,,,,14.605786561965942,,,,,
"#include <hpx/hpx_main.hpp>\n\n/* Count the number of edges in the directed graph defined by the adjacency matrix A.\n   A is an NxN adjacency matrix stored in row-major. A represents a directed graph.\n   Use HPX to compute in parallel.  Assume HPX has already been initialized.\n   Example:\n\n	 input: [[0, 0, 0, 1], [0, 0, 0, 1], [0, 0, 0, 1], [1, 1, 1, 0]]\n   output: 6\n*/\nint edgeCount(std::vector<int> const& A, size_t N) {",15_edge_graph_count,graph,cpp,hpx,0.2,0.95,True,2048,False,"int edgeCount(std::vector<int> const& A, size_t N) {\n    (void)N;\n    return hpx::transform_reduce(hpx::execution::par, A.begin(), A.end(), 0,\n                                 std::plus<int>{},\n                                 [](int v) { return v != 0; });\n}",False,True,,43,N/A,,,,,12.592416048049927,,,,,
"#include <hpx/hpx_main.hpp>\n\n/* Count the number of edges in the directed graph defined by the adjacency matrix A.\n   A is an NxN adjacency matrix stored in row-major. A represents a directed graph.\n   Use HPX to compute in parallel.  Assume HPX has already been initialized.\n   Example:\n\n	 input: [[0, 0, 0, 1], [0, 0, 0, 1], [0, 0, 0, 1], [1, 1, 1, 0]]\n   output: 6\n*/\nint edgeCount(std::vector<int> const& A, size_t N) {",15_edge_graph_count,graph,cpp,hpx,0.2,0.95,True,2048,False,"int edgeCount(std::vector<int> const& A, size_t N) {\n    (void)N; // A is assumed to be N*N\n    return static_cast<int>(hpx::transform_reduce(\n        hpx::execution::par, A.begin(), A.end(),\n        std::size_t{0}, std::plus<>{},\n        [](int v) { return v != 0; })); // count nonzeros\n}",False,True,,44,N/A,,,,,11.695283889770508,,,,,
"#include <hpx/hpx_main.hpp>\n\n/* Count the number of edges in the directed graph defined by the adjacency matrix A.\n   A is an NxN adjacency matrix stored in row-major. A represents a directed graph.\n   Use HPX to compute in parallel.  Assume HPX has already been initialized.\n   Example:\n\n	 input: [[0, 0, 0, 1], [0, 0, 0, 1], [0, 0, 0, 1], [1, 1, 1, 0]]\n   output: 6\n*/\nint edgeCount(std::vector<int> const& A, size_t N) {",15_edge_graph_count,graph,cpp,hpx,0.2,0.95,True,2048,False,"int edgeCount(std::vector<int> const& A, size_t N) {\n    if (A.size() != N * N) throw std::invalid_argument(""A.size() must be N*N"");\n    return static_cast<int>(hpx::count_if(hpx::execution::par, A.begin(), A.end(),\n                                          [](int v) { return v != 0; }));\n}",False,True,,45,N/A,,,,,14.121594905853271,,,,,
"#include <hpx/hpx_main.hpp>\n\n/* Count the number of edges in the directed graph defined by the adjacency matrix A.\n   A is an NxN adjacency matrix stored in row-major. A represents a directed graph.\n   Use HPX to compute in parallel.  Assume HPX has already been initialized.\n   Example:\n\n	 input: [[0, 0, 0, 1], [0, 0, 0, 1], [0, 0, 0, 1], [1, 1, 1, 0]]\n   output: 6\n*/\nint edgeCount(std::vector<int> const& A, size_t N) {",15_edge_graph_count,graph,cpp,hpx,0.2,0.95,True,2048,False,"int edgeCount(std::vector<int> const& A, size_t N) {\n    (void)N; // A is already NxN in row-major\n    return static_cast<int>(hpx::count_if(\n        hpx::execution::par, A.begin(), A.end(),\n        [](int v) { return v != 0; }));\n}",False,True,,46,N/A,,,,,10.002734661102295,,,,,
"#include <hpx/hpx_main.hpp>\n\n/* Count the number of edges in the directed graph defined by the adjacency matrix A.\n   A is an NxN adjacency matrix stored in row-major. A represents a directed graph.\n   Use HPX to compute in parallel.  Assume HPX has already been initialized.\n   Example:\n\n	 input: [[0, 0, 0, 1], [0, 0, 0, 1], [0, 0, 0, 1], [1, 1, 1, 0]]\n   output: 6\n*/\nint edgeCount(std::vector<int> const& A, size_t N) {",15_edge_graph_count,graph,cpp,hpx,0.2,0.95,True,2048,False,"int edgeCount(std::vector<int> const& A, size_t N) {\n    assert(A.size() == N * N);\n    return hpx::reduce(hpx::execution::par, A.begin(), A.end(), 0);\n}",False,True,,47,N/A,,,,,8.742063045501709,,,,,
"#include <hpx/hpx_main.hpp>\n\n/* Count the number of edges in the directed graph defined by the adjacency matrix A.\n   A is an NxN adjacency matrix stored in row-major. A represents a directed graph.\n   Use HPX to compute in parallel.  Assume HPX has already been initialized.\n   Example:\n\n	 input: [[0, 0, 0, 1], [0, 0, 0, 1], [0, 0, 0, 1], [1, 1, 1, 0]]\n   output: 6\n*/\nint edgeCount(std::vector<int> const& A, size_t N) {",15_edge_graph_count,graph,cpp,hpx,0.2,0.95,True,2048,False,"int edgeCount(std::vector<int> const& A, size_t N) {\n    (void)N; // A is already N x N in row-major\n    return hpx::reduce(hpx::execution::par, A.begin(), A.end(), 0);\n}",False,True,,48,N/A,,,,,9.514875888824463,,,,,
"#include <hpx/hpx_main.hpp>\n\n/* Count the number of edges in the directed graph defined by the adjacency matrix A.\n   A is an NxN adjacency matrix stored in row-major. A represents a directed graph.\n   Use HPX to compute in parallel.  Assume HPX has already been initialized.\n   Example:\n\n	 input: [[0, 0, 0, 1], [0, 0, 0, 1], [0, 0, 0, 1], [1, 1, 1, 0]]\n   output: 6\n*/\nint edgeCount(std::vector<int> const& A, size_t N) {",15_edge_graph_count,graph,cpp,hpx,0.2,0.95,True,2048,False,"int edgeCount(std::vector<int> const& A, size_t N) {\n    (void)N;\n    return hpx::transform_reduce(\n        hpx::execution::par, A.begin(), A.end(), 0,\n        std::plus<int>{}, [](int v) { return v != 0; });\n}",False,True,,49,N/A,,,,,10.673335552215576,,,,,
"#include <hpx/hpx_main.hpp>\n\n/* Count the number of edges in the directed graph defined by the adjacency matrix A.\n   A is an NxN adjacency matrix stored in row-major. A represents a directed graph.\n   Use HPX to compute in parallel.  Assume HPX has already been initialized.\n   Example:\n\n	 input: [[0, 0, 0, 1], [0, 0, 0, 1], [0, 0, 0, 1], [1, 1, 1, 0]]\n   output: 6\n*/\nint edgeCount(std::vector<int> const& A, size_t N) {",15_edge_graph_count,graph,cpp,hpx,0.2,0.95,True,2048,False,"int edgeCount(std::vector<int> const& A, size_t N) {\n    (void)N; // A is assumed to be N*N\n    return hpx::transform_reduce(\n        hpx::execution::par, A.begin(), A.end(), 0, std::plus<int>(),\n        [](int v) noexcept { return v != 0; });\n}",False,True,,50,N/A,,,,,9.934192657470703,,,,,
"#include <hpx/hpx_main.hpp>\n\n/* Count the number of edges in the directed graph defined by the adjacency matrix A.\n   A is an NxN adjacency matrix stored in row-major. A represents a directed graph.\n   Use HPX to compute in parallel.  Assume HPX has already been initialized.\n   Example:\n\n	 input: [[0, 0, 0, 1], [0, 0, 0, 1], [0, 0, 0, 1], [1, 1, 1, 0]]\n   output: 6\n*/\nint edgeCount(std::vector<int> const& A, size_t N) {",15_edge_graph_count,graph,cpp,hpx,0.2,0.95,True,2048,False,"int edgeCount(std::vector<int> const& A, size_t N) {\n    (void)N; // A is assumed to be N*N\n    return hpx::transform_reduce(\n        hpx::execution::par, A.begin(), A.end(), 0, std::plus<int>{},\n        [](int v) { return v != 0; });\n}",False,True,,51,N/A,,,,,13.22521710395813,,,,,
"#include <hpx/hpx_main.hpp>\n\n/* Count the number of edges in the directed graph defined by the adjacency matrix A.\n   A is an NxN adjacency matrix stored in row-major. A represents a directed graph.\n   Use HPX to compute in parallel.  Assume HPX has already been initialized.\n   Example:\n\n	 input: [[0, 0, 0, 1], [0, 0, 0, 1], [0, 0, 0, 1], [1, 1, 1, 0]]\n   output: 6\n*/\nint edgeCount(std::vector<int> const& A, size_t N) {",15_edge_graph_count,graph,cpp,hpx,0.2,0.95,True,2048,False,"int edgeCount(std::vector<int> const& A, size_t N) {\n    (void)N; // A is row-major NxN; we just sum all entries\n    return static_cast<int>(\n        hpx::reduce(hpx::execution::par, A.begin(), A.end(), std::size_t{0})\n    );\n}",False,True,,52,N/A,,,,,10.459463119506836,,,,,
"#include <hpx/hpx_main.hpp>\n\n/* Count the number of edges in the directed graph defined by the adjacency matrix A.\n   A is an NxN adjacency matrix stored in row-major. A represents a directed graph.\n   Use HPX to compute in parallel.  Assume HPX has already been initialized.\n   Example:\n\n	 input: [[0, 0, 0, 1], [0, 0, 0, 1], [0, 0, 0, 1], [1, 1, 1, 0]]\n   output: 6\n*/\nint edgeCount(std::vector<int> const& A, size_t N) {",15_edge_graph_count,graph,cpp,hpx,0.2,0.95,True,2048,False,"int edgeCount(std::vector<int> const& A, size_t N) {\n    (void)N;\n    return hpx::transform_reduce(\n        hpx::execution::par, A.begin(), A.end(), 0,\n        [](int a, int b) { return a + b; },\n        [](int x) { return x != 0; }\n    );\n}",False,True,,53,N/A,,,,,13.292903423309326,,,,,
"#include <hpx/hpx_main.hpp>\n\n/* Count the number of edges in the directed graph defined by the adjacency matrix A.\n   A is an NxN adjacency matrix stored in row-major. A represents a directed graph.\n   Use HPX to compute in parallel.  Assume HPX has already been initialized.\n   Example:\n\n	 input: [[0, 0, 0, 1], [0, 0, 0, 1], [0, 0, 0, 1], [1, 1, 1, 0]]\n   output: 6\n*/\nint edgeCount(std::vector<int> const& A, size_t N) {",15_edge_graph_count,graph,cpp,hpx,0.2,0.95,True,2048,False,"int edgeCount(std::vector<int> const& A, size_t N) {\n    (void)N; // A is assumed to be N*N in row-major\n    return static_cast<int>(\n        hpx::reduce(hpx::execution::par, A.begin(), A.end(), std::size_t{0})\n    );\n}",False,True,,54,N/A,,,,,13.79540753364563,,,,,
"#include <hpx/hpx_main.hpp>\n\n/* Count the number of edges in the directed graph defined by the adjacency matrix A.\n   A is an NxN adjacency matrix stored in row-major. A represents a directed graph.\n   Use HPX to compute in parallel.  Assume HPX has already been initialized.\n   Example:\n\n	 input: [[0, 0, 0, 1], [0, 0, 0, 1], [0, 0, 0, 1], [1, 1, 1, 0]]\n   output: 6\n*/\nint edgeCount(std::vector<int> const& A, size_t N) {",15_edge_graph_count,graph,cpp,hpx,0.2,0.95,True,2048,False,"int edgeCount(std::vector<int> const& A, size_t N) {\n    if (A.size() != N * N) {\n        throw std::invalid_argument(""A must be N*N"");\n    }\n    return static_cast<int>(hpx::count_if(\n        hpx::execution::par, A.begin(), A.end(),\n        [](int v) { return v != 0; }\n    ));\n}",False,True,,55,N/A,,,,,10.893683910369873,,,,,
"#include <hpx/hpx_main.hpp>\n\n/* Count the number of edges in the directed graph defined by the adjacency matrix A.\n   A is an NxN adjacency matrix stored in row-major. A represents a directed graph.\n   Use HPX to compute in parallel.  Assume HPX has already been initialized.\n   Example:\n\n	 input: [[0, 0, 0, 1], [0, 0, 0, 1], [0, 0, 0, 1], [1, 1, 1, 0]]\n   output: 6\n*/\nint edgeCount(std::vector<int> const& A, size_t N) {",15_edge_graph_count,graph,cpp,hpx,0.2,0.95,True,2048,False,"int edgeCount(std::vector<int> const& A, size_t N) {\n    (void)N;\n    return static_cast<int>(\n        hpx::transform_reduce(\n            hpx::execution::par,\n            A.begin(), A.end(),\n            0LL, std::plus<long long>{},\n            [](int v) { return v != 0 ? 1LL : 0LL; }\n        )\n    );\n}",False,True,,56,N/A,,,,,9.054640293121338,,,,,
"#include <hpx/hpx_main.hpp>\n\n/* Count the number of edges in the directed graph defined by the adjacency matrix A.\n   A is an NxN adjacency matrix stored in row-major. A represents a directed graph.\n   Use HPX to compute in parallel.  Assume HPX has already been initialized.\n   Example:\n\n	 input: [[0, 0, 0, 1], [0, 0, 0, 1], [0, 0, 0, 1], [1, 1, 1, 0]]\n   output: 6\n*/\nint edgeCount(std::vector<int> const& A, size_t N) {",15_edge_graph_count,graph,cpp,hpx,0.2,0.95,True,2048,False,"int edgeCount(std::vector<int> const& A, size_t N) {\n    if (A.size() != N * N) throw std::invalid_argument(""A size must be N*N"");\n    return hpx::reduce(hpx::execution::par, A.begin(), A.end(), 0);\n}",False,True,,57,N/A,,,,,8.908976554870605,,,,,
"#include <hpx/hpx_main.hpp>\n\n/* Count the number of edges in the directed graph defined by the adjacency matrix A.\n   A is an NxN adjacency matrix stored in row-major. A represents a directed graph.\n   Use HPX to compute in parallel.  Assume HPX has already been initialized.\n   Example:\n\n	 input: [[0, 0, 0, 1], [0, 0, 0, 1], [0, 0, 0, 1], [1, 1, 1, 0]]\n   output: 6\n*/\nint edgeCount(std::vector<int> const& A, size_t N) {",15_edge_graph_count,graph,cpp,hpx,0.2,0.95,True,2048,False,"int edgeCount(std::vector<int> const& A, size_t N) {\n    if (A.size() != N * N) throw std::invalid_argument(""A.size() must be N*N"");\n\n    auto total = hpx::transform_reduce(\n        hpx::execution::par, A.begin(), A.end(),\n        std::size_t{0}, std::plus<std::size_t>{},\n        [](int v) { return v != 0 ? std::size_t{1} : std::size_t{0}; });\n\n    return static_cast<int>(total);\n}",False,True,,58,N/A,,,,,8.070312261581421,,,,,
"#include <hpx/hpx_main.hpp>\n\n/* Count the number of edges in the directed graph defined by the adjacency matrix A.\n   A is an NxN adjacency matrix stored in row-major. A represents a directed graph.\n   Use HPX to compute in parallel.  Assume HPX has already been initialized.\n   Example:\n\n	 input: [[0, 0, 0, 1], [0, 0, 0, 1], [0, 0, 0, 1], [1, 1, 1, 0]]\n   output: 6\n*/\nint edgeCount(std::vector<int> const& A, size_t N) {",15_edge_graph_count,graph,cpp,hpx,0.2,0.95,True,2048,False,"int edgeCount(std::vector<int> const& A, size_t N) {\n    (void)N; // N not needed for counting\n    return static_cast<int>(\n        hpx::count_if(hpx::execution::par, A.begin(), A.end(),\n                      [](int v) { return v != 0; }));\n}",False,True,,59,N/A,,,,,8.03119158744812,,,,,
"#include <hpx/hpx_main.hpp>\n\n/* Count the number of edges in the directed graph defined by the adjacency matrix A.\n   A is an NxN adjacency matrix stored in row-major. A represents a directed graph.\n   Use HPX to compute in parallel.  Assume HPX has already been initialized.\n   Example:\n\n	 input: [[0, 0, 0, 1], [0, 0, 0, 1], [0, 0, 0, 1], [1, 1, 1, 0]]\n   output: 6\n*/\nint edgeCount(std::vector<int> const& A, size_t N) {",15_edge_graph_count,graph,cpp,hpx,0.2,0.95,True,2048,False,"int edgeCount(std::vector<int> const& A, size_t N) {\n    (void)N; // A is row-major N x N; not needed beyond sanity checks\n    return static_cast<int>(\n        hpx::reduce(hpx::execution::par, A.begin(), A.end(), std::size_t(0))\n    );\n}",False,True,,60,N/A,,,,,10.904091358184814,,,,,
"#include <hpx/hpx_main.hpp>\n\n/* Count the number of edges in the directed graph defined by the adjacency matrix A.\n   A is an NxN adjacency matrix stored in row-major. A represents a directed graph.\n   Use HPX to compute in parallel.  Assume HPX has already been initialized.\n   Example:\n\n	 input: [[0, 0, 0, 1], [0, 0, 0, 1], [0, 0, 0, 1], [1, 1, 1, 0]]\n   output: 6\n*/\nint edgeCount(std::vector<int> const& A, size_t N) {",15_edge_graph_count,graph,cpp,hpx,0.2,0.95,True,2048,False,"int edgeCount(std::vector<int> const& A, size_t N) {\n    if (A.size() != N * N)\n        throw std::invalid_argument(""edgeCount: A.size() != N*N"");\n\n    long long sum = hpx::transform_reduce(\n        hpx::execution::par, A.begin(), A.end(), 0LL, std::plus<long long>{},\n        [](int v) { return v != 0 ? 1LL : 0LL; });\n\n    return static_cast<int>(sum);\n}",False,True,,61,N/A,,,,,12.721999168395996,,,,,
"#include <hpx/hpx_main.hpp>\n\n/* Count the number of edges in the directed graph defined by the adjacency matrix A.\n   A is an NxN adjacency matrix stored in row-major. A represents a directed graph.\n   Use HPX to compute in parallel.  Assume HPX has already been initialized.\n   Example:\n\n	 input: [[0, 0, 0, 1], [0, 0, 0, 1], [0, 0, 0, 1], [1, 1, 1, 0]]\n   output: 6\n*/\nint edgeCount(std::vector<int> const& A, size_t N) {",15_edge_graph_count,graph,cpp,hpx,0.2,0.95,True,2048,False,"int edgeCount(std::vector<int> const& A, size_t N) {\n    (void) N;  // A is row-major NxN; we just count nonzeros\n    std::size_t total = hpx::transform_reduce(\n        hpx::execution::par,\n        A.begin(), A.end(),\n        std::size_t(0),\n        std::plus<std::size_t>(),\n        [](int v) { return static_cast<std::size_t>(v != 0); }\n    );\n    return static_cast<int>(total);\n}",False,True,,62,N/A,,,,,13.319446325302124,,,,,
"#include <hpx/hpx_main.hpp>\n\n/* Count the number of edges in the directed graph defined by the adjacency matrix A.\n   A is an NxN adjacency matrix stored in row-major. A represents a directed graph.\n   Use HPX to compute in parallel.  Assume HPX has already been initialized.\n   Example:\n\n	 input: [[0, 0, 0, 1], [0, 0, 0, 1], [0, 0, 0, 1], [1, 1, 1, 0]]\n   output: 6\n*/\nint edgeCount(std::vector<int> const& A, size_t N) {",15_edge_graph_count,graph,cpp,hpx,0.2,0.95,True,2048,False,"int edgeCount(std::vector<int> const& A, size_t N) {\n    (void)N; // A is assumed to be N*N in row-major\n    return static_cast<int>(\n        hpx::count_if(hpx::execution::par, A.begin(), A.end(),\n                      [](int v) { return v != 0; }));\n}",False,True,,63,N/A,,,,,12.190667629241943,,,,,
"#include <hpx/hpx_main.hpp>\n\n/* Count the number of edges in the directed graph defined by the adjacency matrix A.\n   A is an NxN adjacency matrix stored in row-major. A represents a directed graph.\n   Use HPX to compute in parallel.  Assume HPX has already been initialized.\n   Example:\n\n	 input: [[0, 0, 0, 1], [0, 0, 0, 1], [0, 0, 0, 1], [1, 1, 1, 0]]\n   output: 6\n*/\nint edgeCount(std::vector<int> const& A, size_t N) {",15_edge_graph_count,graph,cpp,hpx,0.2,0.95,True,2048,False,"int edgeCount(std::vector<int> const& A, size_t N) {\n    (void)N;  // A is assumed to be N*N\n    return static_cast<int>(hpx::transform_reduce(\n        hpx::execution::par, A.begin(), A.end(),\n        std::size_t{0}, std::plus<std::size_t>{},\n        [](int v) { return v != 0 ? std::size_t{1} : std::size_t{0}; }\n    ));\n}",False,True,,64,N/A,,,,,10.44485855102539,,,,,
"#include <hpx/hpx_main.hpp>\n\n/* Count the number of edges in the directed graph defined by the adjacency matrix A.\n   A is an NxN adjacency matrix stored in row-major. A represents a directed graph.\n   Use HPX to compute in parallel.  Assume HPX has already been initialized.\n   Example:\n\n	 input: [[0, 0, 0, 1], [0, 0, 0, 1], [0, 0, 0, 1], [1, 1, 1, 0]]\n   output: 6\n*/\nint edgeCount(std::vector<int> const& A, size_t N) {",15_edge_graph_count,graph,cpp,hpx,0.2,0.95,True,2048,False,"int edgeCount(std::vector<int> const& A, size_t N) {\n    if (A.size() != N * N) throw std::invalid_argument(""A.size() must be N*N"");\n    auto cnt = hpx::ranges::count_if(hpx::execution::par, A, [](int v) { return v != 0; });\n    return static_cast<int>(cnt);\n}",False,True,,65,N/A,,,,,8.863054990768433,,,,,
"#include <hpx/hpx_main.hpp>\n\n/* Count the number of edges in the directed graph defined by the adjacency matrix A.\n   A is an NxN adjacency matrix stored in row-major. A represents a directed graph.\n   Use HPX to compute in parallel.  Assume HPX has already been initialized.\n   Example:\n\n	 input: [[0, 0, 0, 1], [0, 0, 0, 1], [0, 0, 0, 1], [1, 1, 1, 0]]\n   output: 6\n*/\nint edgeCount(std::vector<int> const& A, size_t N) {",15_edge_graph_count,graph,cpp,hpx,0.2,0.95,True,2048,False,"int edgeCount(std::vector<int> const& A, size_t N) {\n    (void)N; // A is assumed to be N*N\n    std::size_t sum = hpx::transform_reduce(\n        hpx::execution::par,\n        A.begin(), A.end(),\n        std::size_t{0},\n        std::plus<std::size_t>{},\n        [](int v) { return static_cast<std::size_t>(v != 0); });\n    return static_cast<int>(sum);\n}",False,True,,66,N/A,,,,,10.1959068775177,,,,,
"#include <hpx/hpx_main.hpp>\n\n/* Count the number of edges in the directed graph defined by the adjacency matrix A.\n   A is an NxN adjacency matrix stored in row-major. A represents a directed graph.\n   Use HPX to compute in parallel.  Assume HPX has already been initialized.\n   Example:\n\n	 input: [[0, 0, 0, 1], [0, 0, 0, 1], [0, 0, 0, 1], [1, 1, 1, 0]]\n   output: 6\n*/\nint edgeCount(std::vector<int> const& A, size_t N) {",15_edge_graph_count,graph,cpp,hpx,0.2,0.95,True,2048,False,"int edgeCount(std::vector<int> const& A, size_t N) {\n    (void)N;\n    std::size_t sum = hpx::transform_reduce(\n        hpx::execution::par, A.begin(), A.end(), std::size_t{0},",False,True,,67,N/A,,,,,14.260684490203857,,,,,
"#include <hpx/hpx_main.hpp>\n\n/* Count the number of edges in the directed graph defined by the adjacency matrix A.\n   A is an NxN adjacency matrix stored in row-major. A represents a directed graph.\n   Use HPX to compute in parallel.  Assume HPX has already been initialized.\n   Example:\n\n	 input: [[0, 0, 0, 1], [0, 0, 0, 1], [0, 0, 0, 1], [1, 1, 1, 0]]\n   output: 6\n*/\nint edgeCount(std::vector<int> const& A, size_t N) {",15_edge_graph_count,graph,cpp,hpx,0.2,0.95,True,2048,False,"int edgeCount(std::vector<int> const& A, size_t N) {\n    if (A.size() != N * N) {\n        throw std::invalid_argument(""A.size() must be N*N"");\n    }\n    return hpx::transform_reduce(\n        hpx::execution::par,\n        A.begin(), A.end(),\n        0,\n        std::plus<int>(),\n        [](int v) { return v != 0 ? 1 : 0; }\n    );\n}",False,True,,68,N/A,,,,,10.05505084991455,,,,,
"#include <hpx/hpx_main.hpp>\n\n/* Count the number of edges in the directed graph defined by the adjacency matrix A.\n   A is an NxN adjacency matrix stored in row-major. A represents a directed graph.\n   Use HPX to compute in parallel.  Assume HPX has already been initialized.\n   Example:\n\n	 input: [[0, 0, 0, 1], [0, 0, 0, 1], [0, 0, 0, 1], [1, 1, 1, 0]]\n   output: 6\n*/\nint edgeCount(std::vector<int> const& A, size_t N) {",15_edge_graph_count,graph,cpp,hpx,0.2,0.95,True,2048,False,"int edgeCount(std::vector<int> const& A, size_t N) {\n    (void)N;  // A is assumed to be N*N in row-major\n    return hpx::transform_reduce(\n        hpx::execution::par, A.begin(), A.end(), 0, std::plus<int>{},\n        [](int v) { return v != 0; }  // count non-zeros as edges\n    );\n}",False,True,,69,N/A,,,,,9.562044382095337,,,,,
"#include <hpx/hpx_main.hpp>\n\n/* Count the number of edges in the directed graph defined by the adjacency matrix A.\n   A is an NxN adjacency matrix stored in row-major. A represents a directed graph.\n   Use HPX to compute in parallel.  Assume HPX has already been initialized.\n   Example:\n\n	 input: [[0, 0, 0, 1], [0, 0, 0, 1], [0, 0, 0, 1], [1, 1, 1, 0]]\n   output: 6\n*/\nint edgeCount(std::vector<int> const& A, size_t N) {",15_edge_graph_count,graph,cpp,hpx,0.2,0.95,True,2048,False,"int edgeCount(std::vector<int> const& A, size_t N) {\n    (void)N; // A is assumed to be N*N in row-major\n    return static_cast<int>(hpx::transform_reduce(\n        hpx::execution::par,\n        A.begin(), A.end(),\n        std::size_t{0},\n        std::plus<>{},\n        [](int v) { return static_cast<std::size_t>(v != 0); } // count nonzeros\n    ));\n}",False,True,,70,N/A,,,,,12.65616488456726,,,,,
"#include <hpx/hpx_main.hpp>\n\n/* Count the number of edges in the directed graph defined by the adjacency matrix A.\n   A is an NxN adjacency matrix stored in row-major. A represents a directed graph.\n   Use HPX to compute in parallel.  Assume HPX has already been initialized.\n   Example:\n\n	 input: [[0, 0, 0, 1], [0, 0, 0, 1], [0, 0, 0, 1], [1, 1, 1, 0]]\n   output: 6\n*/\nint edgeCount(std::vector<int> const& A, size_t N) {",15_edge_graph_count,graph,cpp,hpx,0.2,0.95,True,2048,False,"int edgeCount(std::vector<int> const& A, size_t N) {\n    (void) N;\n    return static_cast<int>(\n        hpx::ranges::count_if(hpx::execution::par, A, [](int v) { return v != 0; })\n    );\n}",False,True,,71,N/A,,,,,9.769956588745117,,,,,
"#include <hpx/hpx_main.hpp>\n\n/* Count the number of edges in the directed graph defined by the adjacency matrix A.\n   A is an NxN adjacency matrix stored in row-major. A represents a directed graph.\n   Use HPX to compute in parallel.  Assume HPX has already been initialized.\n   Example:\n\n	 input: [[0, 0, 0, 1], [0, 0, 0, 1], [0, 0, 0, 1], [1, 1, 1, 0]]\n   output: 6\n*/\nint edgeCount(std::vector<int> const& A, size_t N) {",15_edge_graph_count,graph,cpp,hpx,0.2,0.95,True,2048,False,"int edgeCount(std::vector<int> const& A, size_t N) {\n    if (A.size() != N * N)\n        throw std::invalid_argument(""A must have size N*N"");\n    using count_t = std::size_t;\n    count_t c = hpx::transform_reduce(\n        hpx::execution::par,\n        A.begin(), A.end(),\n        count_t{0},\n        std::plus<count_t>{},\n        [](int v) { return v != 0 ? count_t{1} : count_t{0}; }\n    );\n    return static_cast<int>(c);\n}",False,True,,72,N/A,,,,,8.246693849563599,,,,,
"#include <hpx/hpx_main.hpp>\n\n/* Count the number of edges in the directed graph defined by the adjacency matrix A.\n   A is an NxN adjacency matrix stored in row-major. A represents a directed graph.\n   Use HPX to compute in parallel.  Assume HPX has already been initialized.\n   Example:\n\n	 input: [[0, 0, 0, 1], [0, 0, 0, 1], [0, 0, 0, 1], [1, 1, 1, 0]]\n   output: 6\n*/\nint edgeCount(std::vector<int> const& A, size_t N) {",15_edge_graph_count,graph,cpp,hpx,0.2,0.95,True,2048,False,"int edgeCount(std::vector<int> const& A, size_t N) {\n    (void)N; // A is assumed to be N*N\n    std::size_t count = hpx::transform_reduce(\n        hpx::execution::par, A.begin(), A.end(), std::size_t{0},\n        std::plus<std::size_t>{},\n        [](int v) { return static_cast<std::size_t>(v != 0); });\n    return static_cast<int>(count);\n}",False,True,,73,N/A,,,,,10.6075758934021,,,,,
"#include <hpx/hpx_main.hpp>\n\n/* Count the number of edges in the directed graph defined by the adjacency matrix A.\n   A is an NxN adjacency matrix stored in row-major. A represents a directed graph.\n   Use HPX to compute in parallel.  Assume HPX has already been initialized.\n   Example:\n\n	 input: [[0, 0, 0, 1], [0, 0, 0, 1], [0, 0, 0, 1], [1, 1, 1, 0]]\n   output: 6\n*/\nint edgeCount(std::vector<int> const& A, size_t N) {",15_edge_graph_count,graph,cpp,hpx,0.2,0.95,True,2048,False,,False,False,,74,N/A,,,,,14.564579248428345,,,,,
"#include <hpx/hpx_main.hpp>\n\n/* Count the number of edges in the directed graph defined by the adjacency matrix A.\n   A is an NxN adjacency matrix stored in row-major. A represents a directed graph.\n   Use HPX to compute in parallel.  Assume HPX has already been initialized.\n   Example:\n\n	 input: [[0, 0, 0, 1], [0, 0, 0, 1], [0, 0, 0, 1], [1, 1, 1, 0]]\n   output: 6\n*/\nint edgeCount(std::vector<int> const& A, size_t N) {",15_edge_graph_count,graph,cpp,hpx,0.2,0.95,True,2048,False,"int edgeCount(std::vector<int> const& A, size_t N) {\n    (void)N; // A is assumed to be N*N in row-major\n    long long sum = hpx::reduce(hpx::execution::par, A.begin(), A.end(), 0LL);\n    return static_cast<int>(sum);\n}",False,True,,75,N/A,,,,,9.039730310440063,,,,,
"#include <hpx/hpx_main.hpp>\n\n/* Count the number of edges in the directed graph defined by the adjacency matrix A.\n   A is an NxN adjacency matrix stored in row-major. A represents a directed graph.\n   Use HPX to compute in parallel.  Assume HPX has already been initialized.\n   Example:\n\n	 input: [[0, 0, 0, 1], [0, 0, 0, 1], [0, 0, 0, 1], [1, 1, 1, 0]]\n   output: 6\n*/\nint edgeCount(std::vector<int> const& A, size_t N) {",15_edge_graph_count,graph,cpp,hpx,0.2,0.95,True,2048,False,"int edgeCount(std::vector<int> const& A, size_t N) {\n    if (A.size() != N * N) throw std::invalid_argument(""A must be N*N"");\n    return hpx::reduce(hpx::execution::par, A.begin(), A.end(), 0);\n}",False,True,,76,N/A,,,,,11.2231125831604,,,,,
"#include <hpx/hpx_main.hpp>\n\n/* Count the number of edges in the directed graph defined by the adjacency matrix A.\n   A is an NxN adjacency matrix stored in row-major. A represents a directed graph.\n   Use HPX to compute in parallel.  Assume HPX has already been initialized.\n   Example:\n\n	 input: [[0, 0, 0, 1], [0, 0, 0, 1], [0, 0, 0, 1], [1, 1, 1, 0]]\n   output: 6\n*/\nint edgeCount(std::vector<int> const& A, size_t N) {",15_edge_graph_count,graph,cpp,hpx,0.2,0.95,True,2048,False,"int edgeCount(std::vector<int> const& A, size_t N) {\n    (void)N; // A is already flattened NxN\n    using hpx::execution::par;\n    auto total = hpx::transform_reduce(\n        par, A.begin(), A.end(), std::int64_t{0},\n        std::plus<>{},\n        [](int v) { return static_cast<std::int64_t>(v != 0); });\n    return static_cast<int>(total);\n}",False,True,,77,N/A,,,,,12.550992488861084,,,,,
"#include <hpx/hpx_main.hpp>\n\n/* Count the number of edges in the directed graph defined by the adjacency matrix A.\n   A is an NxN adjacency matrix stored in row-major. A represents a directed graph.\n   Use HPX to compute in parallel.  Assume HPX has already been initialized.\n   Example:\n\n	 input: [[0, 0, 0, 1], [0, 0, 0, 1], [0, 0, 0, 1], [1, 1, 1, 0]]\n   output: 6\n*/\nint edgeCount(std::vector<int> const& A, size_t N) {",15_edge_graph_count,graph,cpp,hpx,0.2,0.95,True,2048,False,"int edgeCount(std::vector<int> const& A, size_t N) {\n    if (A.size() != N * N) throw std::invalid_argument(""A must be NxN"");\n    return hpx::transform_reduce(\n        hpx::execution::par, A.begin(), A.end(), 0,\n        std::plus<int>{},\n        [](int v) { return v != 0 ? 1 : 0; }\n    );\n}",False,True,,78,N/A,,,,,10.401046991348267,,,,,
"#include <hpx/hpx_main.hpp>\n\n/* Count the number of edges in the directed graph defined by the adjacency matrix A.\n   A is an NxN adjacency matrix stored in row-major. A represents a directed graph.\n   Use HPX to compute in parallel.  Assume HPX has already been initialized.\n   Example:\n\n	 input: [[0, 0, 0, 1], [0, 0, 0, 1], [0, 0, 0, 1], [1, 1, 1, 0]]\n   output: 6\n*/\nint edgeCount(std::vector<int> const& A, size_t N) {",15_edge_graph_count,graph,cpp,hpx,0.2,0.95,True,2048,False,"int edgeCount(std::vector<int> const& A, size_t N) {\n    (void)N; // A is assumed to be N*N in row-major\n    std::size_t cnt = hpx::transform_reduce(\n        hpx::execution::par, A.begin(), A.end(),\n        std::size_t{0}, std::plus<std::size_t>{},\n        [](int v) -> std::size_t { return v != 0; });\n    return static_cast<int>(cnt);\n}",False,True,,79,N/A,,,,,15.298182964324951,,,,,
"#include <hpx/hpx_main.hpp>\n\n/* Count the number of edges in the directed graph defined by the adjacency matrix A.\n   A is an NxN adjacency matrix stored in row-major. A represents a directed graph.\n   Use HPX to compute in parallel.  Assume HPX has already been initialized.\n   Example:\n\n	 input: [[0, 0, 0, 1], [0, 0, 0, 1], [0, 0, 0, 1], [1, 1, 1, 0]]\n   output: 6\n*/\nint edgeCount(std::vector<int> const& A, size_t N) {",15_edge_graph_count,graph,cpp,hpx,0.2,0.95,True,2048,False,"int edgeCount(std::vector<int> const& A, size_t N) {\n    (void)N; // A is assumed to be N*N in row-major\n    std::size_t total = hpx::reduce(hpx::execution::par, A.begin(), A.end(), std::size_t{0});\n    return static_cast<int>(total);\n}",False,True,,80,N/A,,,,,11.853745698928833,,,,,
"#include <hpx/hpx_main.hpp>\n\n/* Count the number of edges in the directed graph defined by the adjacency matrix A.\n   A is an NxN adjacency matrix stored in row-major. A represents a directed graph.\n   Use HPX to compute in parallel.  Assume HPX has already been initialized.\n   Example:\n\n	 input: [[0, 0, 0, 1], [0, 0, 0, 1], [0, 0, 0, 1], [1, 1, 1, 0]]\n   output: 6\n*/\nint edgeCount(std::vector<int> const& A, size_t N) {",15_edge_graph_count,graph,cpp,hpx,0.2,0.95,True,2048,False,"int edgeCount(std::vector<int> const& A, size_t N) {\n    (void)N; // A is assumed to be N*N in row-major\n    return static_cast<int>(hpx::transform_reduce(\n        h",False,True,,81,N/A,,,,,14.882437705993652,,,,,
"#include <hpx/hpx_main.hpp>\n\n/* Count the number of edges in the directed graph defined by the adjacency matrix A.\n   A is an NxN adjacency matrix stored in row-major. A represents a directed graph.\n   Use HPX to compute in parallel.  Assume HPX has already been initialized.\n   Example:\n\n	 input: [[0, 0, 0, 1], [0, 0, 0, 1], [0, 0, 0, 1], [1, 1, 1, 0]]\n   output: 6\n*/\nint edgeCount(std::vector<int> const& A, size_t N) {",15_edge_graph_count,graph,cpp,hpx,0.2,0.95,True,2048,False,"int edgeCount(std::vector<int> const& A, size_t N) {\n    (void)N; // A is row-major NxN; count non-zeros\n    return static_cast<int>(\n        hpx::count_if(hpx::execution::par, A.begin(), A.end(),\n                      [](int v) { return v != 0; })\n    );\n}",False,True,,82,N/A,,,,,10.774016380310059,,,,,
"#include <hpx/hpx_main.hpp>\n\n/* Count the number of edges in the directed graph defined by the adjacency matrix A.\n   A is an NxN adjacency matrix stored in row-major. A represents a directed graph.\n   Use HPX to compute in parallel.  Assume HPX has already been initialized.\n   Example:\n\n	 input: [[0, 0, 0, 1], [0, 0, 0, 1], [0, 0, 0, 1], [1, 1, 1, 0]]\n   output: 6\n*/\nint edgeCount(std::vector<int> const& A, size_t N) {",15_edge_graph_count,graph,cpp,hpx,0.2,0.95,True,2048,False,"int edgeCount(std::vector<int> const& A, size_t N) {\n    (void)N; // N is implied by A.size()\n    std::size_t sum = hpx::reduce(hpx::execution::par, A.begin(), A.end(), std::size_t{0});\n    return static_cast<int>(sum);\n}",False,True,,83,N/A,,,,,11.952583312988281,,,,,
"#include <hpx/hpx_main.hpp>\n\n/* Count the number of edges in the directed graph defined by the adjacency matrix A.\n   A is an NxN adjacency matrix stored in row-major. A represents a directed graph.\n   Use HPX to compute in parallel.  Assume HPX has already been initialized.\n   Example:\n\n	 input: [[0, 0, 0, 1], [0, 0, 0, 1], [0, 0, 0, 1], [1, 1, 1, 0]]\n   output: 6\n*/\nint edgeCount(std::vector<int> const& A, size_t N) {",15_edge_graph_count,graph,cpp,hpx,0.2,0.95,True,2048,False,,False,False,,84,N/A,,,,,16.57293128967285,,,,,
"#include <hpx/hpx_main.hpp>\n\n/* Count the number of edges in the directed graph defined by the adjacency matrix A.\n   A is an NxN adjacency matrix stored in row-major. A represents a directed graph.\n   Use HPX to compute in parallel.  Assume HPX has already been initialized.\n   Example:\n\n	 input: [[0, 0, 0, 1], [0, 0, 0, 1], [0, 0, 0, 1], [1, 1, 1, 0]]\n   output: 6\n*/\nint edgeCount(std::vector<int> const& A, size_t N) {",15_edge_graph_count,graph,cpp,hpx,0.2,0.95,True,2048,False,"int edgeCount(std::vector<int> const& A, size_t N) {\n    (void)N; // A is already flattened; N not needed for counting\n    return hpx::reduce(hpx::execution::par, A.begin(), A.end(), 0);\n}",False,True,,85,N/A,,,,,14.027908563613892,,,,,
"#include <hpx/hpx_main.hpp>\n\n/* Count the number of edges in the directed graph defined by the adjacency matrix A.\n   A is an NxN adjacency matrix stored in row-major. A represents a directed graph.\n   Use HPX to compute in parallel.  Assume HPX has already been initialized.\n   Example:\n\n	 input: [[0, 0, 0, 1], [0, 0, 0, 1], [0, 0, 0, 1], [1, 1, 1, 0]]\n   output: 6\n*/\nint edgeCount(std::vector<int> const& A, size_t N) {",15_edge_graph_count,graph,cpp,hpx,0.2,0.95,True,2048,False,"{\n    if (A.size() != N * N) throw std::invalid_argument(""A size must be N*N"");\n    return static_cast<int>(hpx::reduce(hpx::execution::par, A.begin(), A.end(), 0LL));\n}",False,True,,86,N/A,,,,,11.368119239807129,,,,,
"#include <hpx/hpx_main.hpp>\n\n/* Count the number of edges in the directed graph defined by the adjacency matrix A.\n   A is an NxN adjacency matrix stored in row-major. A represents a directed graph.\n   Use HPX to compute in parallel.  Assume HPX has already been initialized.\n   Example:\n\n	 input: [[0, 0, 0, 1], [0, 0, 0, 1], [0, 0, 0, 1], [1, 1, 1, 0]]\n   output: 6\n*/\nint edgeCount(std::vector<int> const& A, size_t N) {",15_edge_graph_count,graph,cpp,hpx,0.2,0.95,True,2048,False,"int edgeCount(std::vector<int> const& A, size_t N) {\n    (void)N; // A is row-major NxN; N not needed for counting\n    auto total = hpx::transform_reduce(\n        hpx::execution::par,\n        A.begin(), A.end(),\n        std::uint64_t{0},\n        std::plus<>{},\n        [](int v) -> std::uint64_t { return v != 0 ? 1u : 0u; }\n    );\n    return static_cast<int>(total);\n}",False,True,,87,N/A,,,,,12.95302677154541,,,,,
"#include <hpx/hpx_main.hpp>\n\n/* Count the number of edges in the directed graph defined by the adjacency matrix A.\n   A is an NxN adjacency matrix stored in row-major. A represents a directed graph.\n   Use HPX to compute in parallel.  Assume HPX has already been initialized.\n   Example:\n\n	 input: [[0, 0, 0, 1], [0, 0, 0, 1], [0, 0, 0, 1], [1, 1, 1, 0]]\n   output: 6\n*/\nint edgeCount(std::vector<int> const& A, size_t N) {",15_edge_graph_count,graph,cpp,hpx,0.2,0.95,True,2048,False,"int edgeCount(std::vector<int> const& A, size_t N) {\n    (void)N; // N not needed; A is row-major NxN\n    return hpx::reduce(hpx::execution::par, A.begin(), A.end(), 0);\n}",False,True,,88,N/A,,,,,14.079383850097656,,,,,
"#include <hpx/hpx_main.hpp>\n\n/* Count the number of edges in the directed graph defined by the adjacency matrix A.\n   A is an NxN adjacency matrix stored in row-major. A represents a directed graph.\n   Use HPX to compute in parallel.  Assume HPX has already been initialized.\n   Example:\n\n	 input: [[0, 0, 0, 1], [0, 0, 0, 1], [0, 0, 0, 1], [1, 1, 1, 0]]\n   output: 6\n*/\nint edgeCount(std::vector<int> const& A, size_t N) {",15_edge_graph_count,graph,cpp,hpx,0.2,0.95,True,2048,False,"int edgeCount(std::vector<int> const& A, size_t N) {\n    (void)N; // A is assumed to be N*N in size\n    return hpx::transform_reduce(\n        hpx::execution::par, A.begin(), A.end(), 0,\n        std::plus<int>{},\n        [](int x) { return x != 0; });\n}",False,True,,89,N/A,,,,,11.11777949333191,,,,,
"#include <hpx/hpx_main.hpp>\n\n/* Count the number of edges in the directed graph defined by the adjacency matrix A.\n   A is an NxN adjacency matrix stored in row-major. A represents a directed graph.\n   Use HPX to compute in parallel.  Assume HPX has already been initialized.\n   Example:\n\n	 input: [[0, 0, 0, 1], [0, 0, 0, 1], [0, 0, 0, 1], [1, 1, 1, 0]]\n   output: 6\n*/\nint edgeCount(std::vector<int> const& A, size_t N) {",15_edge_graph_count,graph,cpp,hpx,0.2,0.95,True,2048,False,,False,False,,90,N/A,,,,,16.306229829788208,,,,,
"#include <hpx/hpx_main.hpp>\n\n/* Count the number of edges in the directed graph defined by the adjacency matrix A.\n   A is an NxN adjacency matrix stored in row-major. A represents a directed graph.\n   Use HPX to compute in parallel.  Assume HPX has already been initialized.\n   Example:\n\n	 input: [[0, 0, 0, 1], [0, 0, 0, 1], [0, 0, 0, 1], [1, 1, 1, 0]]\n   output: 6\n*/\nint edgeCount(std::vector<int> const& A, size_t N) {",15_edge_graph_count,graph,cpp,hpx,0.2,0.95,True,2048,False,"int edgeCount(std::vector<int> const& A, size_t N) {\n    (void)N; // A is assumed to be N*N\n    long long sum = hpx::reduce(hpx::execution::par, A.begin(), A.end(), 0LL);\n    return static_cast<int>(sum);\n}",False,True,,91,N/A,,,,,9.37269902229309,,,,,
"#include <hpx/hpx_main.hpp>\n\n/* Count the number of edges in the directed graph defined by the adjacency matrix A.\n   A is an NxN adjacency matrix stored in row-major. A represents a directed graph.\n   Use HPX to compute in parallel.  Assume HPX has already been initialized.\n   Example:\n\n	 input: [[0, 0, 0, 1], [0, 0, 0, 1], [0, 0, 0, 1], [1, 1, 1, 0]]\n   output: 6\n*/\nint edgeCount(std::vector<int> const& A, size_t N) {",15_edge_graph_count,graph,cpp,hpx,0.2,0.95,True,2048,False,"int edgeCount(std::vector<int> const& A, size_t N) {\n    // Count non-zero entries (edges) in parallel\n    return hpx::transform_reduce(\n        hpx::execution::par, A.begin(), A.end(), 0,\n        std::plus<int>{},\n        [](int v) { return v != 0; });\n}",False,True,,92,N/A,,,,,11.119635105133057,,,,,
"#include <hpx/hpx_main.hpp>\n\n/* Count the number of edges in the directed graph defined by the adjacency matrix A.\n   A is an NxN adjacency matrix stored in row-major. A represents a directed graph.\n   Use HPX to compute in parallel.  Assume HPX has already been initialized.\n   Example:\n\n	 input: [[0, 0, 0, 1], [0, 0, 0, 1], [0, 0, 0, 1], [1, 1, 1, 0]]\n   output: 6\n*/\nint edgeCount(std::vector<int> const& A, size_t N) {",15_edge_graph_count,graph,cpp,hpx,0.2,0.95,True,2048,False,"int edgeCount(std::vector<int> const& A, size_t N) {\n    if (A.size() != N * N) {\n        throw std::invalid_argument(""A.size() must be N*N"");\n    }\n    return static_cast<int>(\n        hpx::ranges::count_if(hpx::execution::par, A, [](int v) { return v != 0; })\n    );\n}",False,True,,93,N/A,,,,,11.0893235206604,,,,,
"#include <hpx/hpx_main.hpp>\n\n/* Count the number of edges in the directed graph defined by the adjacency matrix A.\n   A is an NxN adjacency matrix stored in row-major. A represents a directed graph.\n   Use HPX to compute in parallel.  Assume HPX has already been initialized.\n   Example:\n\n	 input: [[0, 0, 0, 1], [0, 0, 0, 1], [0, 0, 0, 1], [1, 1, 1, 0]]\n   output: 6\n*/\nint edgeCount(std::vector<int> const& A, size_t N) {",15_edge_graph_count,graph,cpp,hpx,0.2,0.95,True,2048,False,"int edgeCount(std::vector<int> const& A, size_t N) {\n    (void)N; // A is row-major NxN; treat any nonzero as an edge\n    return hpx::transform_reduce(\n        hpx::execution::par, A.begin(), A.end(),\n        0, std::plus<int>{},\n        [](int v) { return v != 0; }\n    );\n}",False,True,,94,N/A,,,,,13.788484811782837,,,,,
"#include <hpx/hpx_main.hpp>\n\n/* Count the number of edges in the directed graph defined by the adjacency matrix A.\n   A is an NxN adjacency matrix stored in row-major. A represents a directed graph.\n   Use HPX to compute in parallel.  Assume HPX has already been initialized.\n   Example:\n\n	 input: [[0, 0, 0, 1], [0, 0, 0, 1], [0, 0, 0, 1], [1, 1, 1, 0]]\n   output: 6\n*/\nint edgeCount(std::vector<int> const& A, size_t N) {",15_edge_graph_count,graph,cpp,hpx,0.2,0.95,True,2048,False,"int edgeCount(std::vector<int> const& A, size_t N) {\n    (void)N; // A should be N*N\n    return hpx::reduce(hpx::execution::par, A.begin(), A.end(), 0);\n}",False,True,,95,N/A,,,,,12.085712909698486,,,,,
"#include <hpx/hpx_main.hpp>\n\n/* Count the number of edges in the directed graph defined by the adjacency matrix A.\n   A is an NxN adjacency matrix stored in row-major. A represents a directed graph.\n   Use HPX to compute in parallel.  Assume HPX has already been initialized.\n   Example:\n\n	 input: [[0, 0, 0, 1], [0, 0, 0, 1], [0, 0, 0, 1], [1, 1, 1, 0]]\n   output: 6\n*/\nint edgeCount(std::vector<int> const& A, size_t N) {",15_edge_graph_count,graph,cpp,hpx,0.2,0.95,True,2048,False,,False,False,,96,N/A,,,,,15.360596895217896,,,,,
"#include <hpx/hpx_main.hpp>\n\n/* Count the number of edges in the directed graph defined by the adjacency matrix A.\n   A is an NxN adjacency matrix stored in row-major. A represents a directed graph.\n   Use HPX to compute in parallel.  Assume HPX has already been initialized.\n   Example:\n\n	 input: [[0, 0, 0, 1], [0, 0, 0, 1], [0, 0, 0, 1], [1, 1, 1, 0]]\n   output: 6\n*/\nint edgeCount(std::vector<int> const& A, size_t N) {",15_edge_graph_count,graph,cpp,hpx,0.2,0.95,True,2048,False,"int edgeCount(std::vector<int> const& A, size_t N) {\n    if (A.size() != N * N) return 0;\n\n    return static_cast<int>(hpx::transform_reduce(\n        hpx::execution::par,\n        A.begin(), A.end(),\n        std::size_t(0),\n        std::plus<std::size_t>(),\n        [](int v) { return static_cast<std::size_t>(v != 0); }  // treat any nonzero as an edge\n    ));\n}",False,True,,97,N/A,,,,,14.836034536361694,,,,,
"#include <hpx/hpx_main.hpp>\n\n/* Count the number of edges in the directed graph defined by the adjacency matrix A.\n   A is an NxN adjacency matrix stored in row-major. A represents a directed graph.\n   Use HPX to compute in parallel.  Assume HPX has already been initialized.\n   Example:\n\n	 input: [[0, 0, 0, 1], [0, 0, 0, 1], [0, 0, 0, 1], [1, 1, 1, 0]]\n   output: 6\n*/\nint edgeCount(std::vector<int> const& A, size_t N) {",15_edge_graph_count,graph,cpp,hpx,0.2,0.95,True,2048,False,"int edgeCount(std::vector<int> const& A, size_t N) {\n    (void)N;\n    return hpx::transform_reduce(\n        hpx::execution::par, A.begin(), A.end(), 0,\n        std::plus<int>{}, [](int v) { return v != 0; });\n}",False,True,,98,N/A,,,,,10.60994291305542,,,,,
"#include <hpx/hpx_main.hpp>\n\n/* Count the number of edges in the directed graph defined by the adjacency matrix A.\n   A is an NxN adjacency matrix stored in row-major. A represents a directed graph.\n   Use HPX to compute in parallel.  Assume HPX has already been initialized.\n   Example:\n\n	 input: [[0, 0, 0, 1], [0, 0, 0, 1], [0, 0, 0, 1], [1, 1, 1, 0]]\n   output: 6\n*/\nint edgeCount(std::vector<int> const& A, size_t N) {",15_edge_graph_count,graph,cpp,hpx,0.2,0.95,True,2048,False,"int edgeCount(std::vector<int> const& A, size_t N) {\n    (void)N; // A is assumed to be N*N in row-major\n    auto total = hpx::transform_reduce(\n        hpx::execution::par, A.begin(), A.end(),\n        std::size_t{0}, std::plus<std::size_t>{},\n        [](int v) { return v != 0 ? std::size_t{1} : std::size_t{0}; });\n    return static_cast<int>(total);\n}",False,True,,99,N/A,,,,,13.080356359481812,,,,,
"#include <hpx/hpx_main.hpp>\n\n/* Return the number of vertices in the largest component of the undirected graph defined by the adjacency matrix A.\n   A is an NxN adjacency matrix stored in row-major. A is an undirected graph.\n   Use HPX to compute in parallel.  Assume HPX has already been initialized.\n   Example:\n\n	 input: [[0, 1, 0, 0], [1, 0, 0, 0], [0, 0, 0, 1], [0, 0, 1, 0]]\n   output: 2\n*/\nint largestComponent(std::vector<int> const& A, size_t N) {",16_graph_largest_component,graph,cpp,hpx,0.2,0.95,True,2048,False,,False,False,,0,N/A,,,,,16.710399866104126,,,,,
"#include <hpx/hpx_main.hpp>\n\n/* Return the number of vertices in the largest component of the undirected graph defined by the adjacency matrix A.\n   A is an NxN adjacency matrix stored in row-major. A is an undirected graph.\n   Use HPX to compute in parallel.  Assume HPX has already been initialized.\n   Example:\n\n	 input: [[0, 1, 0, 0], [1, 0, 0, 0], [0, 0, 0, 1], [0, 0, 1, 0]]\n   output: 2\n*/\nint largestComponent(std::vector<int> const& A, size_t N) {",16_graph_largest_component,graph,cpp,hpx,0.2,0.95,True,2048,False,,False,False,,1,N/A,,,,,17.08385181427002,,,,,
"#include <hpx/hpx_main.hpp>\n\n/* Return the number of vertices in the largest component of the undirected graph defined by the adjacency matrix A.\n   A is an NxN adjacency matrix stored in row-major. A is an undirected graph.\n   Use HPX to compute in parallel.  Assume HPX has already been initialized.\n   Example:\n\n	 input: [[0, 1, 0, 0], [1, 0, 0, 0], [0, 0, 0, 1], [0, 0, 1, 0]]\n   output: 2\n*/\nint largestComponent(std::vector<int> const& A, size_t N) {",16_graph_largest_component,graph,cpp,hpx,0.2,0.95,True,2048,False,,False,False,,2,N/A,,,,,16.910614252090454,,,,,
"#include <hpx/hpx_main.hpp>\n\n/* Return the number of vertices in the largest component of the undirected graph defined by the adjacency matrix A.\n   A is an NxN adjacency matrix stored in row-major. A is an undirected graph.\n   Use HPX to compute in parallel.  Assume HPX has already been initialized.\n   Example:\n\n	 input: [[0, 1, 0, 0], [1, 0, 0, 0], [0, 0, 0, 1], [0, 0, 1, 0]]\n   output: 2\n*/\nint largestComponent(std::vector<int> const& A, size_t N) {",16_graph_largest_component,graph,cpp,hpx,0.2,0.95,True,2048,False,,False,False,,3,N/A,,,,,18.025721073150635,,,,,
"#include <hpx/hpx_main.hpp>\n\n/* Return the number of vertices in the largest component of the undirected graph defined by the adjacency matrix A.\n   A is an NxN adjacency matrix stored in row-major. A is an undirected graph.\n   Use HPX to compute in parallel.  Assume HPX has already been initialized.\n   Example:\n\n	 input: [[0, 1, 0, 0], [1, 0, 0, 0], [0, 0, 0, 1], [0, 0, 1, 0]]\n   output: 2\n*/\nint largestComponent(std::vector<int> const& A, size_t N) {",16_graph_largest_component,graph,cpp,hpx,0.2,0.95,True,2048,False,,False,False,,4,N/A,,,,,17.0341215133667,,,,,
"#include <hpx/hpx_main.hpp>\n\n/* Return the number of vertices in the largest component of the undirected graph defined by the adjacency matrix A.\n   A is an NxN adjacency matrix stored in row-major. A is an undirected graph.\n   Use HPX to compute in parallel.  Assume HPX has already been initialized.\n   Example:\n\n	 input: [[0, 1, 0, 0], [1, 0, 0, 0], [0, 0, 0, 1], [0, 0, 1, 0]]\n   output: 2\n*/\nint largestComponent(std::vector<int> const& A, size_t N) {",16_graph_largest_component,graph,cpp,hpx,0.2,0.95,True,2048,False,,False,False,,5,N/A,,,,,15.46717357635498,,,,,
"#include <hpx/hpx_main.hpp>\n\n/* Return the number of vertices in the largest component of the undirected graph defined by the adjacency matrix A.\n   A is an NxN adjacency matrix stored in row-major. A is an undirected graph.\n   Use HPX to compute in parallel.  Assume HPX has already been initialized.\n   Example:\n\n	 input: [[0, 1, 0, 0], [1, 0, 0, 0], [0, 0, 0, 1], [0, 0, 1, 0]]\n   output: 2\n*/\nint largestComponent(std::vector<int> const& A, size_t N) {",16_graph_largest_component,graph,cpp,hpx,0.2,0.95,True,2048,False,,False,False,,6,N/A,,,,,17.15821075439453,,,,,
"#include <hpx/hpx_main.hpp>\n\n/* Return the number of vertices in the largest component of the undirected graph defined by the adjacency matrix A.\n   A is an NxN adjacency matrix stored in row-major. A is an undirected graph.\n   Use HPX to compute in parallel.  Assume HPX has already been initialized.\n   Example:\n\n	 input: [[0, 1, 0, 0], [1, 0, 0, 0], [0, 0, 0, 1], [0, 0, 1, 0]]\n   output: 2\n*/\nint largestComponent(std::vector<int> const& A, size_t N) {",16_graph_largest_component,graph,cpp,hpx,0.2,0.95,True,2048,False,,False,False,,7,N/A,,,,,18.383209466934204,,,,,
"#include <hpx/hpx_main.hpp>\n\n/* Return the number of vertices in the largest component of the undirected graph defined by the adjacency matrix A.\n   A is an NxN adjacency matrix stored in row-major. A is an undirected graph.\n   Use HPX to compute in parallel.  Assume HPX has already been initialized.\n   Example:\n\n	 input: [[0, 1, 0, 0], [1, 0, 0, 0], [0, 0, 0, 1], [0, 0, 1, 0]]\n   output: 2\n*/\nint largestComponent(std::vector<int> const& A, size_t N) {",16_graph_largest_component,graph,cpp,hpx,0.2,0.95,True,2048,False,,False,False,,8,N/A,,,,,18.13350009918213,,,,,
"#include <hpx/hpx_main.hpp>\n\n/* Return the number of vertices in the largest component of the undirected graph defined by the adjacency matrix A.\n   A is an NxN adjacency matrix stored in row-major. A is an undirected graph.\n   Use HPX to compute in parallel.  Assume HPX has already been initialized.\n   Example:\n\n	 input: [[0, 1, 0, 0], [1, 0, 0, 0], [0, 0, 0, 1], [0, 0, 1, 0]]\n   output: 2\n*/\nint largestComponent(std::vector<int> const& A, size_t N) {",16_graph_largest_component,graph,cpp,hpx,0.2,0.95,True,2048,False,,False,False,,9,N/A,,,,,19.49386501312256,,,,,
"#include <hpx/hpx_main.hpp>\n\n/* Return the number of vertices in the largest component of the undirected graph defined by the adjacency matrix A.\n   A is an NxN adjacency matrix stored in row-major. A is an undirected graph.\n   Use HPX to compute in parallel.  Assume HPX has already been initialized.\n   Example:\n\n	 input: [[0, 1, 0, 0], [1, 0, 0, 0], [0, 0, 0, 1], [0, 0, 1, 0]]\n   output: 2\n*/\nint largestComponent(std::vector<int> const& A, size_t N) {",16_graph_largest_component,graph,cpp,hpx,0.2,0.95,True,2048,False,,False,False,,10,N/A,,,,,17.67604374885559,,,,,
"#include <hpx/hpx_main.hpp>\n\n/* Return the number of vertices in the largest component of the undirected graph defined by the adjacency matrix A.\n   A is an NxN adjacency matrix stored in row-major. A is an undirected graph.\n   Use HPX to compute in parallel.  Assume HPX has already been initialized.\n   Example:\n\n	 input: [[0, 1, 0, 0], [1, 0, 0, 0], [0, 0, 0, 1], [0, 0, 1, 0]]\n   output: 2\n*/\nint largestComponent(std::vector<int> const& A, size_t N) {",16_graph_largest_component,graph,cpp,hpx,0.2,0.95,True,2048,False,,False,False,,11,N/A,,,,,19.367217540740967,,,,,
"#include <hpx/hpx_main.hpp>\n\n/* Return the number of vertices in the largest component of the undirected graph defined by the adjacency matrix A.\n   A is an NxN adjacency matrix stored in row-major. A is an undirected graph.\n   Use HPX to compute in parallel.  Assume HPX has already been initialized.\n   Example:\n\n	 input: [[0, 1, 0, 0], [1, 0, 0, 0], [0, 0, 0, 1], [0, 0, 1, 0]]\n   output: 2\n*/\nint largestComponent(std::vector<int> const& A, size_t N) {",16_graph_largest_component,graph,cpp,hpx,0.2,0.95,True,2048,False,,False,False,,12,N/A,,,,,19.84285545349121,,,,,
"#include <hpx/hpx_main.hpp>\n\n/* Return the number of vertices in the largest component of the undirected graph defined by the adjacency matrix A.\n   A is an NxN adjacency matrix stored in row-major. A is an undirected graph.\n   Use HPX to compute in parallel.  Assume HPX has already been initialized.\n   Example:\n\n	 input: [[0, 1, 0, 0], [1, 0, 0, 0], [0, 0, 0, 1], [0, 0, 1, 0]]\n   output: 2\n*/\nint largestComponent(std::vector<int> const& A, size_t N) {",16_graph_largest_component,graph,cpp,hpx,0.2,0.95,True,2048,False,,False,False,,13,N/A,,,,,18.80195116996765,,,,,
"#include <hpx/hpx_main.hpp>\n\n/* Return the number of vertices in the largest component of the undirected graph defined by the adjacency matrix A.\n   A is an NxN adjacency matrix stored in row-major. A is an undirected graph.\n   Use HPX to compute in parallel.  Assume HPX has already been initialized.\n   Example:\n\n	 input: [[0, 1, 0, 0], [1, 0, 0, 0], [0, 0, 0, 1], [0, 0, 1, 0]]\n   output: 2\n*/\nint largestComponent(std::vector<int> const& A, size_t N) {",16_graph_largest_component,graph,cpp,hpx,0.2,0.95,True,2048,False,,False,False,,14,N/A,,,,,17.463895320892334,,,,,
"#include <hpx/hpx_main.hpp>\n\n/* Return the number of vertices in the largest component of the undirected graph defined by the adjacency matrix A.\n   A is an NxN adjacency matrix stored in row-major. A is an undirected graph.\n   Use HPX to compute in parallel.  Assume HPX has already been initialized.\n   Example:\n\n	 input: [[0, 1, 0, 0], [1, 0, 0, 0], [0, 0, 0, 1], [0, 0, 1, 0]]\n   output: 2\n*/\nint largestComponent(std::vector<int> const& A, size_t N) {",16_graph_largest_component,graph,cpp,hpx,0.2,0.95,True,2048,False,,False,False,,15,N/A,,,,,18.42818808555603,,,,,
"#include <hpx/hpx_main.hpp>\n\n/* Return the number of vertices in the largest component of the undirected graph defined by the adjacency matrix A.\n   A is an NxN adjacency matrix stored in row-major. A is an undirected graph.\n   Use HPX to compute in parallel.  Assume HPX has already been initialized.\n   Example:\n\n	 input: [[0, 1, 0, 0], [1, 0, 0, 0], [0, 0, 0, 1], [0, 0, 1, 0]]\n   output: 2\n*/\nint largestComponent(std::vector<int> const& A, size_t N) {",16_graph_largest_component,graph,cpp,hpx,0.2,0.95,True,2048,False,,False,False,,16,N/A,,,,,16.692854166030884,,,,,
"#include <hpx/hpx_main.hpp>\n\n/* Return the number of vertices in the largest component of the undirected graph defined by the adjacency matrix A.\n   A is an NxN adjacency matrix stored in row-major. A is an undirected graph.\n   Use HPX to compute in parallel.  Assume HPX has already been initialized.\n   Example:\n\n	 input: [[0, 1, 0, 0], [1, 0, 0, 0], [0, 0, 0, 1], [0, 0, 1, 0]]\n   output: 2\n*/\nint largestComponent(std::vector<int> const& A, size_t N) {",16_graph_largest_component,graph,cpp,hpx,0.2,0.95,True,2048,False,,False,False,,17,N/A,,,,,15.553792238235474,,,,,
"#include <hpx/hpx_main.hpp>\n\n/* Return the number of vertices in the largest component of the undirected graph defined by the adjacency matrix A.\n   A is an NxN adjacency matrix stored in row-major. A is an undirected graph.\n   Use HPX to compute in parallel.  Assume HPX has already been initialized.\n   Example:\n\n	 input: [[0, 1, 0, 0], [1, 0, 0, 0], [0, 0, 0, 1], [0, 0, 1, 0]]\n   output: 2\n*/\nint largestComponent(std::vector<int> const& A, size_t N) {",16_graph_largest_component,graph,cpp,hpx,0.2,0.95,True,2048,False,,False,False,,18,N/A,,,,,18.017247676849365,,,,,
"#include <hpx/hpx_main.hpp>\n\n/* Return the number of vertices in the largest component of the undirected graph defined by the adjacency matrix A.\n   A is an NxN adjacency matrix stored in row-major. A is an undirected graph.\n   Use HPX to compute in parallel.  Assume HPX has already been initialized.\n   Example:\n\n	 input: [[0, 1, 0, 0], [1, 0, 0, 0], [0, 0, 0, 1], [0, 0, 1, 0]]\n   output: 2\n*/\nint largestComponent(std::vector<int> const& A, size_t N) {",16_graph_largest_component,graph,cpp,hpx,0.2,0.95,True,2048,False,,False,False,,19,N/A,,,,,16.341211795806885,,,,,
"#include <hpx/hpx_main.hpp>\n\n/* Return the number of vertices in the largest component of the undirected graph defined by the adjacency matrix A.\n   A is an NxN adjacency matrix stored in row-major. A is an undirected graph.\n   Use HPX to compute in parallel.  Assume HPX has already been initialized.\n   Example:\n\n	 input: [[0, 1, 0, 0], [1, 0, 0, 0], [0, 0, 0, 1], [0, 0, 1, 0]]\n   output: 2\n*/\nint largestComponent(std::vector<int> const& A, size_t N) {",16_graph_largest_component,graph,cpp,hpx,0.2,0.95,True,2048,False,,False,False,,20,N/A,,,,,17.26555871963501,,,,,
"#include <hpx/hpx_main.hpp>\n\n/* Return the number of vertices in the largest component of the undirected graph defined by the adjacency matrix A.\n   A is an NxN adjacency matrix stored in row-major. A is an undirected graph.\n   Use HPX to compute in parallel.  Assume HPX has already been initialized.\n   Example:\n\n	 input: [[0, 1, 0, 0], [1, 0, 0, 0], [0, 0, 0, 1], [0, 0, 1, 0]]\n   output: 2\n*/\nint largestComponent(std::vector<int> const& A, size_t N) {",16_graph_largest_component,graph,cpp,hpx,0.2,0.95,True,2048,False,,False,False,,21,N/A,,,,,25.118934154510498,,,,,
"#include <hpx/hpx_main.hpp>\n\n/* Return the number of vertices in the largest component of the undirected graph defined by the adjacency matrix A.\n   A is an NxN adjacency matrix stored in row-major. A is an undirected graph.\n   Use HPX to compute in parallel.  Assume HPX has already been initialized.\n   Example:\n\n	 input: [[0, 1, 0, 0], [1, 0, 0, 0], [0, 0, 0, 1], [0, 0, 1, 0]]\n   output: 2\n*/\nint largestComponent(std::vector<int> const& A, size_t N) {",16_graph_largest_component,graph,cpp,hpx,0.2,0.95,True,2048,False,,False,False,,22,N/A,,,,,22.053284168243408,,,,,
"#include <hpx/hpx_main.hpp>\n\n/* Return the number of vertices in the largest component of the undirected graph defined by the adjacency matrix A.\n   A is an NxN adjacency matrix stored in row-major. A is an undirected graph.\n   Use HPX to compute in parallel.  Assume HPX has already been initialized.\n   Example:\n\n	 input: [[0, 1, 0, 0], [1, 0, 0, 0], [0, 0, 0, 1], [0, 0, 1, 0]]\n   output: 2\n*/\nint largestComponent(std::vector<int> const& A, size_t N) {",16_graph_largest_component,graph,cpp,hpx,0.2,0.95,True,2048,False,,False,False,,23,N/A,,,,,20.880425214767456,,,,,
"#include <hpx/hpx_main.hpp>\n\n/* Return the number of vertices in the largest component of the undirected graph defined by the adjacency matrix A.\n   A is an NxN adjacency matrix stored in row-major. A is an undirected graph.\n   Use HPX to compute in parallel.  Assume HPX has already been initialized.\n   Example:\n\n	 input: [[0, 1, 0, 0], [1, 0, 0, 0], [0, 0, 0, 1], [0, 0, 1, 0]]\n   output: 2\n*/\nint largestComponent(std::vector<int> const& A, size_t N) {",16_graph_largest_component,graph,cpp,hpx,0.2,0.95,True,2048,False,,False,False,,24,N/A,,,,,16.312055587768555,,,,,
"#include <hpx/hpx_main.hpp>\n\n/* Return the number of vertices in the largest component of the undirected graph defined by the adjacency matrix A.\n   A is an NxN adjacency matrix stored in row-major. A is an undirected graph.\n   Use HPX to compute in parallel.  Assume HPX has already been initialized.\n   Example:\n\n	 input: [[0, 1, 0, 0], [1, 0, 0, 0], [0, 0, 0, 1], [0, 0, 1, 0]]\n   output: 2\n*/\nint largestComponent(std::vector<int> const& A, size_t N) {",16_graph_largest_component,graph,cpp,hpx,0.2,0.95,True,2048,False,,False,False,,25,N/A,,,,,18.013962030410767,,,,,
"#include <hpx/hpx_main.hpp>\n\n/* Return the number of vertices in the largest component of the undirected graph defined by the adjacency matrix A.\n   A is an NxN adjacency matrix stored in row-major. A is an undirected graph.\n   Use HPX to compute in parallel.  Assume HPX has already been initialized.\n   Example:\n\n	 input: [[0, 1, 0, 0], [1, 0, 0, 0], [0, 0, 0, 1], [0, 0, 1, 0]]\n   output: 2\n*/\nint largestComponent(std::vector<int> const& A, size_t N) {",16_graph_largest_component,graph,cpp,hpx,0.2,0.95,True,2048,False,,False,False,,26,N/A,,,,,15.141918897628784,,,,,
"#include <hpx/hpx_main.hpp>\n\n/* Return the number of vertices in the largest component of the undirected graph defined by the adjacency matrix A.\n   A is an NxN adjacency matrix stored in row-major. A is an undirected graph.\n   Use HPX to compute in parallel.  Assume HPX has already been initialized.\n   Example:\n\n	 input: [[0, 1, 0, 0], [1, 0, 0, 0], [0, 0, 0, 1], [0, 0, 1, 0]]\n   output: 2\n*/\nint largestComponent(std::vector<int> const& A, size_t N) {",16_graph_largest_component,graph,cpp,hpx,0.2,0.95,True,2048,False,,False,False,,27,N/A,,,,,17.296306610107422,,,,,
"#include <hpx/hpx_main.hpp>\n\n/* Return the number of vertices in the largest component of the undirected graph defined by the adjacency matrix A.\n   A is an NxN adjacency matrix stored in row-major. A is an undirected graph.\n   Use HPX to compute in parallel.  Assume HPX has already been initialized.\n   Example:\n\n	 input: [[0, 1, 0, 0], [1, 0, 0, 0], [0, 0, 0, 1], [0, 0, 1, 0]]\n   output: 2\n*/\nint largestComponent(std::vector<int> const& A, size_t N) {",16_graph_largest_component,graph,cpp,hpx,0.2,0.95,True,2048,False,,False,False,,28,N/A,,,,,14.678964138031006,,,,,
"#include <hpx/hpx_main.hpp>\n\n/* Return the number of vertices in the largest component of the undirected graph defined by the adjacency matrix A.\n   A is an NxN adjacency matrix stored in row-major. A is an undirected graph.\n   Use HPX to compute in parallel.  Assume HPX has already been initialized.\n   Example:\n\n	 input: [[0, 1, 0, 0], [1, 0, 0, 0], [0, 0, 0, 1], [0, 0, 1, 0]]\n   output: 2\n*/\nint largestComponent(std::vector<int> const& A, size_t N) {",16_graph_largest_component,graph,cpp,hpx,0.2,0.95,True,2048,False,,False,False,,29,N/A,,,,,14.390334129333496,,,,,
"#include <hpx/hpx_main.hpp>\n\n/* Return the number of vertices in the largest component of the undirected graph defined by the adjacency matrix A.\n   A is an NxN adjacency matrix stored in row-major. A is an undirected graph.\n   Use HPX to compute in parallel.  Assume HPX has already been initialized.\n   Example:\n\n	 input: [[0, 1, 0, 0], [1, 0, 0, 0], [0, 0, 0, 1], [0, 0, 1, 0]]\n   output: 2\n*/\nint largestComponent(std::vector<int> const& A, size_t N) {",16_graph_largest_component,graph,cpp,hpx,0.2,0.95,True,2048,False,,False,False,,30,N/A,,,,,15.871292114257812,,,,,
"#include <hpx/hpx_main.hpp>\n\n/* Return the number of vertices in the largest component of the undirected graph defined by the adjacency matrix A.\n   A is an NxN adjacency matrix stored in row-major. A is an undirected graph.\n   Use HPX to compute in parallel.  Assume HPX has already been initialized.\n   Example:\n\n	 input: [[0, 1, 0, 0], [1, 0, 0, 0], [0, 0, 0, 1], [0, 0, 1, 0]]\n   output: 2\n*/\nint largestComponent(std::vector<int> const& A, size_t N) {",16_graph_largest_component,graph,cpp,hpx,0.2,0.95,True,2048,False,,False,False,,31,N/A,,,,,14.729448318481445,,,,,
"#include <hpx/hpx_main.hpp>\n\n/* Return the number of vertices in the largest component of the undirected graph defined by the adjacency matrix A.\n   A is an NxN adjacency matrix stored in row-major. A is an undirected graph.\n   Use HPX to compute in parallel.  Assume HPX has already been initialized.\n   Example:\n\n	 input: [[0, 1, 0, 0], [1, 0, 0, 0], [0, 0, 0, 1], [0, 0, 1, 0]]\n   output: 2\n*/\nint largestComponent(std::vector<int> const& A, size_t N) {",16_graph_largest_component,graph,cpp,hpx,0.2,0.95,True,2048,False,,False,False,,32,N/A,,,,,13.197738409042358,,,,,
"#include <hpx/hpx_main.hpp>\n\n/* Return the number of vertices in the largest component of the undirected graph defined by the adjacency matrix A.\n   A is an NxN adjacency matrix stored in row-major. A is an undirected graph.\n   Use HPX to compute in parallel.  Assume HPX has already been initialized.\n   Example:\n\n	 input: [[0, 1, 0, 0], [1, 0, 0, 0], [0, 0, 0, 1], [0, 0, 1, 0]]\n   output: 2\n*/\nint largestComponent(std::vector<int> const& A, size_t N) {",16_graph_largest_component,graph,cpp,hpx,0.2,0.95,True,2048,False,,False,False,,33,N/A,,,,,14.523297548294067,,,,,
"#include <hpx/hpx_main.hpp>\n\n/* Return the number of vertices in the largest component of the undirected graph defined by the adjacency matrix A.\n   A is an NxN adjacency matrix stored in row-major. A is an undirected graph.\n   Use HPX to compute in parallel.  Assume HPX has already been initialized.\n   Example:\n\n	 input: [[0, 1, 0, 0], [1, 0, 0, 0], [0, 0, 0, 1], [0, 0, 1, 0]]\n   output: 2\n*/\nint largestComponent(std::vector<int> const& A, size_t N) {",16_graph_largest_component,graph,cpp,hpx,0.2,0.95,True,2048,False,,False,False,,34,N/A,,,,,16.369487285614014,,,,,
"#include <hpx/hpx_main.hpp>\n\n/* Return the number of vertices in the largest component of the undirected graph defined by the adjacency matrix A.\n   A is an NxN adjacency matrix stored in row-major. A is an undirected graph.\n   Use HPX to compute in parallel.  Assume HPX has already been initialized.\n   Example:\n\n	 input: [[0, 1, 0, 0], [1, 0, 0, 0], [0, 0, 0, 1], [0, 0, 1, 0]]\n   output: 2\n*/\nint largestComponent(std::vector<int> const& A, size_t N) {",16_graph_largest_component,graph,cpp,hpx,0.2,0.95,True,2048,False,,False,False,,35,N/A,,,,,15.409191131591797,,,,,
"#include <hpx/hpx_main.hpp>\n\n/* Return the number of vertices in the largest component of the undirected graph defined by the adjacency matrix A.\n   A is an NxN adjacency matrix stored in row-major. A is an undirected graph.\n   Use HPX to compute in parallel.  Assume HPX has already been initialized.\n   Example:\n\n	 input: [[0, 1, 0, 0], [1, 0, 0, 0], [0, 0, 0, 1], [0, 0, 1, 0]]\n   output: 2\n*/\nint largestComponent(std::vector<int> const& A, size_t N) {",16_graph_largest_component,graph,cpp,hpx,0.2,0.95,True,2048,False,,False,False,,36,N/A,,,,,14.92647123336792,,,,,
"#include <hpx/hpx_main.hpp>\n\n/* Return the number of vertices in the largest component of the undirected graph defined by the adjacency matrix A.\n   A is an NxN adjacency matrix stored in row-major. A is an undirected graph.\n   Use HPX to compute in parallel.  Assume HPX has already been initialized.\n   Example:\n\n	 input: [[0, 1, 0, 0], [1, 0, 0, 0], [0, 0, 0, 1], [0, 0, 1, 0]]\n   output: 2\n*/\nint largestComponent(std::vector<int> const& A, size_t N) {",16_graph_largest_component,graph,cpp,hpx,0.2,0.95,True,2048,False,,False,False,,37,N/A,,,,,16.46517276763916,,,,,
"#include <hpx/hpx_main.hpp>\n\n/* Return the number of vertices in the largest component of the undirected graph defined by the adjacency matrix A.\n   A is an NxN adjacency matrix stored in row-major. A is an undirected graph.\n   Use HPX to compute in parallel.  Assume HPX has already been initialized.\n   Example:\n\n	 input: [[0, 1, 0, 0], [1, 0, 0, 0], [0, 0, 0, 1], [0, 0, 1, 0]]\n   output: 2\n*/\nint largestComponent(std::vector<int> const& A, size_t N) {",16_graph_largest_component,graph,cpp,hpx,0.2,0.95,True,2048,False,,False,False,,38,N/A,,,,,17.742581605911255,,,,,
"#include <hpx/hpx_main.hpp>\n\n/* Return the number of vertices in the largest component of the undirected graph defined by the adjacency matrix A.\n   A is an NxN adjacency matrix stored in row-major. A is an undirected graph.\n   Use HPX to compute in parallel.  Assume HPX has already been initialized.\n   Example:\n\n	 input: [[0, 1, 0, 0], [1, 0, 0, 0], [0, 0, 0, 1], [0, 0, 1, 0]]\n   output: 2\n*/\nint largestComponent(std::vector<int> const& A, size_t N) {",16_graph_largest_component,graph,cpp,hpx,0.2,0.95,True,2048,False,,False,False,,39,N/A,,,,,15.835506677627563,,,,,
"#include <hpx/hpx_main.hpp>\n\n/* Return the number of vertices in the largest component of the undirected graph defined by the adjacency matrix A.\n   A is an NxN adjacency matrix stored in row-major. A is an undirected graph.\n   Use HPX to compute in parallel.  Assume HPX has already been initialized.\n   Example:\n\n	 input: [[0, 1, 0, 0], [1, 0, 0, 0], [0, 0, 0, 1], [0, 0, 1, 0]]\n   output: 2\n*/\nint largestComponent(std::vector<int> const& A, size_t N) {",16_graph_largest_component,graph,cpp,hpx,0.2,0.95,True,2048,False,,False,False,,40,N/A,,,,,16.225439310073853,,,,,
"#include <hpx/hpx_main.hpp>\n\n/* Return the number of vertices in the largest component of the undirected graph defined by the adjacency matrix A.\n   A is an NxN adjacency matrix stored in row-major. A is an undirected graph.\n   Use HPX to compute in parallel.  Assume HPX has already been initialized.\n   Example:\n\n	 input: [[0, 1, 0, 0], [1, 0, 0, 0], [0, 0, 0, 1], [0, 0, 1, 0]]\n   output: 2\n*/\nint largestComponent(std::vector<int> const& A, size_t N) {",16_graph_largest_component,graph,cpp,hpx,0.2,0.95,True,2048,False,,False,False,,41,N/A,,,,,14.965346574783325,,,,,
"#include <hpx/hpx_main.hpp>\n\n/* Return the number of vertices in the largest component of the undirected graph defined by the adjacency matrix A.\n   A is an NxN adjacency matrix stored in row-major. A is an undirected graph.\n   Use HPX to compute in parallel.  Assume HPX has already been initialized.\n   Example:\n\n	 input: [[0, 1, 0, 0], [1, 0, 0, 0], [0, 0, 0, 1], [0, 0, 1, 0]]\n   output: 2\n*/\nint largestComponent(std::vector<int> const& A, size_t N) {",16_graph_largest_component,graph,cpp,hpx,0.2,0.95,True,2048,False,,False,False,,42,N/A,,,,,15.03297472000122,,,,,
"#include <hpx/hpx_main.hpp>\n\n/* Return the number of vertices in the largest component of the undirected graph defined by the adjacency matrix A.\n   A is an NxN adjacency matrix stored in row-major. A is an undirected graph.\n   Use HPX to compute in parallel.  Assume HPX has already been initialized.\n   Example:\n\n	 input: [[0, 1, 0, 0], [1, 0, 0, 0], [0, 0, 0, 1], [0, 0, 1, 0]]\n   output: 2\n*/\nint largestComponent(std::vector<int> const& A, size_t N) {",16_graph_largest_component,graph,cpp,hpx,0.2,0.95,True,2048,False,,False,False,,43,N/A,,,,,16.188265800476074,,,,,
"#include <hpx/hpx_main.hpp>\n\n/* Return the number of vertices in the largest component of the undirected graph defined by the adjacency matrix A.\n   A is an NxN adjacency matrix stored in row-major. A is an undirected graph.\n   Use HPX to compute in parallel.  Assume HPX has already been initialized.\n   Example:\n\n	 input: [[0, 1, 0, 0], [1, 0, 0, 0], [0, 0, 0, 1], [0, 0, 1, 0]]\n   output: 2\n*/\nint largestComponent(std::vector<int> const& A, size_t N) {",16_graph_largest_component,graph,cpp,hpx,0.2,0.95,True,2048,False,,False,False,,44,N/A,,,,,14.34045696258545,,,,,
"#include <hpx/hpx_main.hpp>\n\n/* Return the number of vertices in the largest component of the undirected graph defined by the adjacency matrix A.\n   A is an NxN adjacency matrix stored in row-major. A is an undirected graph.\n   Use HPX to compute in parallel.  Assume HPX has already been initialized.\n   Example:\n\n	 input: [[0, 1, 0, 0], [1, 0, 0, 0], [0, 0, 0, 1], [0, 0, 1, 0]]\n   output: 2\n*/\nint largestComponent(std::vector<int> const& A, size_t N) {",16_graph_largest_component,graph,cpp,hpx,0.2,0.95,True,2048,False,"int largestComponent(std::vector<int> const& A, size_t N) {\n    if (N == 0) return 0;\n\n    std::vector<std::atomic<std::uint8_t>> visited(N);\n    for (auto& v : visited) v.store(0, std::memory_order_relaxed);\n\n    std::vector<hpx::future<std::size_t>> futs;\n    futs.reserve(N);\n\n    for (std::size_t i = 0; i < N; ++i) {\n        futs.emplace_back(hpx::async([&, i]() -> std::size_t {\n            if (visited[i].exchange(1, std::memory_order_acq_rel) != 0) return 0;\n\n            std::deque<std::size_t> q;\n            q.push_back(i);\n            std::size_t count = 0;\n\n            while (!q.empty()) {\n                std::size_t v = q.front(); q.pop_front();\n                ++count;\n\n                std::size_t row = v * N;\n                for (std::size_t u = 0; u < N; ++u) {\n                    if (A[row + u]) {\n                        if (visited[u].exchange(1, std::memory_order_acq_rel) == 0) {\n                            q.push_back(u);\n                        }\n                    }\n                }\n            }\n            return count;\n        }));\n    }\n\n    std::size_t best = 0;\n    for (auto& f : futs) {\n        std::size_t s = f.get();\n        if (s > best) best = s;\n    }\n    return best;\n}",True,True,0.0706513736,45,N/A,,,,,13.021363019943237,0.0,True,True,0.1116918802,1.0
"#include <hpx/hpx_main.hpp>\n\n/* Return the number of vertices in the largest component of the undirected graph defined by the adjacency matrix A.\n   A is an NxN adjacency matrix stored in row-major. A is an undirected graph.\n   Use HPX to compute in parallel.  Assume HPX has already been initialized.\n   Example:\n\n	 input: [[0, 1, 0, 0], [1, 0, 0, 0], [0, 0, 0, 1], [0, 0, 1, 0]]\n   output: 2\n*/\nint largestComponent(std::vector<int> const& A, size_t N) {",16_graph_largest_component,graph,cpp,hpx,0.2,0.95,True,2048,False,"int largestComponent(std::vector<int> const& A, size_t N) {\n    if (N == 0) return 0;\n\n    std::vector<std::atomic<std::uint8_t>> visited(N);\n    for (auto& v : visited) v.store(0, std::memory_order_relaxed);\n\n    std::vector<hpx::future<std::size_t>> futs;\n    futs.reserve(N);\n\n    for (std::size_t i = 0; i < N; ++i) {\n        futs.emplace_back(hpx::async([&, i]() -> std::size_t {\n            if (visited[i].exchange(1, std::memory_order_acq_rel) != 0) return 0;\n\n            std::deque<std::size_t> q;\n            q.push_back(i);\n            std::size_t count = 0;\n\n            while (!q.empty()) {\n                std::size_t v = q.front(); q.pop_front();\n                ++count;\n\n                std::size_t row = v * N;\n                for (std::size_t u = 0; u < N; ++u) {\n                    if (A[row + u]) {\n                        if (visited[u].exchange(1, std::memory_order_acq_rel) == 0) {\n                            q.push_back(u);\n                        }\n                    }\n                }\n            }\n            return count;\n        }));\n    }\n\n    std::size_t best = 0;\n    for (auto& f : futs) {\n        std::size_t s = f.get();\n        if (s > best) best = s;\n    }\n    return best;\n}",True,True,0.0706513736,45,N/A,,,,,13.021363019943237,1.0,True,True,0.1051578076,2.0
"#include <hpx/hpx_main.hpp>\n\n/* Return the number of vertices in the largest component of the undirected graph defined by the adjacency matrix A.\n   A is an NxN adjacency matrix stored in row-major. A is an undirected graph.\n   Use HPX to compute in parallel.  Assume HPX has already been initialized.\n   Example:\n\n	 input: [[0, 1, 0, 0], [1, 0, 0, 0], [0, 0, 0, 1], [0, 0, 1, 0]]\n   output: 2\n*/\nint largestComponent(std::vector<int> const& A, size_t N) {",16_graph_largest_component,graph,cpp,hpx,0.2,0.95,True,2048,False,"int largestComponent(std::vector<int> const& A, size_t N) {\n    if (N == 0) return 0;\n\n    std::vector<std::atomic<std::uint8_t>> visited(N);\n    for (auto& v : visited) v.store(0, std::memory_order_relaxed);\n\n    std::vector<hpx::future<std::size_t>> futs;\n    futs.reserve(N);\n\n    for (std::size_t i = 0; i < N; ++i) {\n        futs.emplace_back(hpx::async([&, i]() -> std::size_t {\n            if (visited[i].exchange(1, std::memory_order_acq_rel) != 0) return 0;\n\n            std::deque<std::size_t> q;\n            q.push_back(i);\n            std::size_t count = 0;\n\n            while (!q.empty()) {\n                std::size_t v = q.front(); q.pop_front();\n                ++count;\n\n                std::size_t row = v * N;\n                for (std::size_t u = 0; u < N; ++u) {\n                    if (A[row + u]) {\n                        if (visited[u].exchange(1, std::memory_order_acq_rel) == 0) {\n                            q.push_back(u);\n                        }\n                    }\n                }\n            }\n            return count;\n        }));\n    }\n\n    std::size_t best = 0;\n    for (auto& f : futs) {\n        std::size_t s = f.get();\n        if (s > best) best = s;\n    }\n    return best;\n}",True,True,0.0706513736,45,N/A,,,,,13.021363019943237,2.0,True,True,0.0634310406,4.0
"#include <hpx/hpx_main.hpp>\n\n/* Return the number of vertices in the largest component of the undirected graph defined by the adjacency matrix A.\n   A is an NxN adjacency matrix stored in row-major. A is an undirected graph.\n   Use HPX to compute in parallel.  Assume HPX has already been initialized.\n   Example:\n\n	 input: [[0, 1, 0, 0], [1, 0, 0, 0], [0, 0, 0, 1], [0, 0, 1, 0]]\n   output: 2\n*/\nint largestComponent(std::vector<int> const& A, size_t N) {",16_graph_largest_component,graph,cpp,hpx,0.2,0.95,True,2048,False,"int largestComponent(std::vector<int> const& A, size_t N) {\n    if (N == 0) return 0;\n\n    std::vector<std::atomic<std::uint8_t>> visited(N);\n    for (auto& v : visited) v.store(0, std::memory_order_relaxed);\n\n    std::vector<hpx::future<std::size_t>> futs;\n    futs.reserve(N);\n\n    for (std::size_t i = 0; i < N; ++i) {\n        futs.emplace_back(hpx::async([&, i]() -> std::size_t {\n            if (visited[i].exchange(1, std::memory_order_acq_rel) != 0) return 0;\n\n            std::deque<std::size_t> q;\n            q.push_back(i);\n            std::size_t count = 0;\n\n            while (!q.empty()) {\n                std::size_t v = q.front(); q.pop_front();\n                ++count;\n\n                std::size_t row = v * N;\n                for (std::size_t u = 0; u < N; ++u) {\n                    if (A[row + u]) {\n                        if (visited[u].exchange(1, std::memory_order_acq_rel) == 0) {\n                            q.push_back(u);\n                        }\n                    }\n                }\n            }\n            return count;\n        }));\n    }\n\n    std::size_t best = 0;\n    for (auto& f : futs) {\n        std::size_t s = f.get();\n        if (s > best) best = s;\n    }\n    return best;\n}",True,True,0.0706513736,45,N/A,,,,,13.021363019943237,3.0,True,True,0.0643589726,8.0
"#include <hpx/hpx_main.hpp>\n\n/* Return the number of vertices in the largest component of the undirected graph defined by the adjacency matrix A.\n   A is an NxN adjacency matrix stored in row-major. A is an undirected graph.\n   Use HPX to compute in parallel.  Assume HPX has already been initialized.\n   Example:\n\n	 input: [[0, 1, 0, 0], [1, 0, 0, 0], [0, 0, 0, 1], [0, 0, 1, 0]]\n   output: 2\n*/\nint largestComponent(std::vector<int> const& A, size_t N) {",16_graph_largest_component,graph,cpp,hpx,0.2,0.95,True,2048,False,"int largestComponent(std::vector<int> const& A, size_t N) {\n    if (N == 0) return 0;\n\n    std::vector<std::atomic<std::uint8_t>> visited(N);\n    for (auto& v : visited) v.store(0, std::memory_order_relaxed);\n\n    std::vector<hpx::future<std::size_t>> futs;\n    futs.reserve(N);\n\n    for (std::size_t i = 0; i < N; ++i) {\n        futs.emplace_back(hpx::async([&, i]() -> std::size_t {\n            if (visited[i].exchange(1, std::memory_order_acq_rel) != 0) return 0;\n\n            std::deque<std::size_t> q;\n            q.push_back(i);\n            std::size_t count = 0;\n\n            while (!q.empty()) {\n                std::size_t v = q.front(); q.pop_front();\n                ++count;\n\n                std::size_t row = v * N;\n                for (std::size_t u = 0; u < N; ++u) {\n                    if (A[row + u]) {\n                        if (visited[u].exchange(1, std::memory_order_acq_rel) == 0) {\n                            q.push_back(u);\n                        }\n                    }\n                }\n            }\n            return count;\n        }));\n    }\n\n    std::size_t best = 0;\n    for (auto& f : futs) {\n        std::size_t s = f.get();\n        if (s > best) best = s;\n    }\n    return best;\n}",True,True,0.0706513736,45,N/A,,,,,13.021363019943237,4.0,True,True,0.0663447842,16.0
"#include <hpx/hpx_main.hpp>\n\n/* Return the number of vertices in the largest component of the undirected graph defined by the adjacency matrix A.\n   A is an NxN adjacency matrix stored in row-major. A is an undirected graph.\n   Use HPX to compute in parallel.  Assume HPX has already been initialized.\n   Example:\n\n	 input: [[0, 1, 0, 0], [1, 0, 0, 0], [0, 0, 0, 1], [0, 0, 1, 0]]\n   output: 2\n*/\nint largestComponent(std::vector<int> const& A, size_t N) {",16_graph_largest_component,graph,cpp,hpx,0.2,0.95,True,2048,False,,False,False,,46,N/A,,,,,15.229864120483398,,,,,
"#include <hpx/hpx_main.hpp>\n\n/* Return the number of vertices in the largest component of the undirected graph defined by the adjacency matrix A.\n   A is an NxN adjacency matrix stored in row-major. A is an undirected graph.\n   Use HPX to compute in parallel.  Assume HPX has already been initialized.\n   Example:\n\n	 input: [[0, 1, 0, 0], [1, 0, 0, 0], [0, 0, 0, 1], [0, 0, 1, 0]]\n   output: 2\n*/\nint largestComponent(std::vector<int> const& A, size_t N) {",16_graph_largest_component,graph,cpp,hpx,0.2,0.95,True,2048,False,,False,False,,47,N/A,,,,,14.43901252746582,,,,,
"#include <hpx/hpx_main.hpp>\n\n/* Return the number of vertices in the largest component of the undirected graph defined by the adjacency matrix A.\n   A is an NxN adjacency matrix stored in row-major. A is an undirected graph.\n   Use HPX to compute in parallel.  Assume HPX has already been initialized.\n   Example:\n\n	 input: [[0, 1, 0, 0], [1, 0, 0, 0], [0, 0, 0, 1], [0, 0, 1, 0]]\n   output: 2\n*/\nint largestComponent(std::vector<int> const& A, size_t N) {",16_graph_largest_component,graph,cpp,hpx,0.2,0.95,True,2048,False,,False,False,,48,N/A,,,,,16.28031086921692,,,,,
"#include <hpx/hpx_main.hpp>\n\n/* Return the number of vertices in the largest component of the undirected graph defined by the adjacency matrix A.\n   A is an NxN adjacency matrix stored in row-major. A is an undirected graph.\n   Use HPX to compute in parallel.  Assume HPX has already been initialized.\n   Example:\n\n	 input: [[0, 1, 0, 0], [1, 0, 0, 0], [0, 0, 0, 1], [0, 0, 1, 0]]\n   output: 2\n*/\nint largestComponent(std::vector<int> const& A, size_t N) {",16_graph_largest_component,graph,cpp,hpx,0.2,0.95,True,2048,False,,False,False,,49,N/A,,,,,14.444775104522705,,,,,
"#include <hpx/hpx_main.hpp>\n\n/* Return the number of vertices in the largest component of the undirected graph defined by the adjacency matrix A.\n   A is an NxN adjacency matrix stored in row-major. A is an undirected graph.\n   Use HPX to compute in parallel.  Assume HPX has already been initialized.\n   Example:\n\n	 input: [[0, 1, 0, 0], [1, 0, 0, 0], [0, 0, 0, 1], [0, 0, 1, 0]]\n   output: 2\n*/\nint largestComponent(std::vector<int> const& A, size_t N) {",16_graph_largest_component,graph,cpp,hpx,0.2,0.95,True,2048,False,,False,False,,50,N/A,,,,,16.539879322052002,,,,,
"#include <hpx/hpx_main.hpp>\n\n/* Return the number of vertices in the largest component of the undirected graph defined by the adjacency matrix A.\n   A is an NxN adjacency matrix stored in row-major. A is an undirected graph.\n   Use HPX to compute in parallel.  Assume HPX has already been initialized.\n   Example:\n\n	 input: [[0, 1, 0, 0], [1, 0, 0, 0], [0, 0, 0, 1], [0, 0, 1, 0]]\n   output: 2\n*/\nint largestComponent(std::vector<int> const& A, size_t N) {",16_graph_largest_component,graph,cpp,hpx,0.2,0.95,True,2048,False,,False,False,,51,N/A,,,,,15.154439926147461,,,,,
"#include <hpx/hpx_main.hpp>\n\n/* Return the number of vertices in the largest component of the undirected graph defined by the adjacency matrix A.\n   A is an NxN adjacency matrix stored in row-major. A is an undirected graph.\n   Use HPX to compute in parallel.  Assume HPX has already been initialized.\n   Example:\n\n	 input: [[0, 1, 0, 0], [1, 0, 0, 0], [0, 0, 0, 1], [0, 0, 1, 0]]\n   output: 2\n*/\nint largestComponent(std::vector<int> const& A, size_t N) {",16_graph_largest_component,graph,cpp,hpx,0.2,0.95,True,2048,False,,False,False,,52,N/A,,,,,16.265836238861084,,,,,
"#include <hpx/hpx_main.hpp>\n\n/* Return the number of vertices in the largest component of the undirected graph defined by the adjacency matrix A.\n   A is an NxN adjacency matrix stored in row-major. A is an undirected graph.\n   Use HPX to compute in parallel.  Assume HPX has already been initialized.\n   Example:\n\n	 input: [[0, 1, 0, 0], [1, 0, 0, 0], [0, 0, 0, 1], [0, 0, 1, 0]]\n   output: 2\n*/\nint largestComponent(std::vector<int> const& A, size_t N) {",16_graph_largest_component,graph,cpp,hpx,0.2,0.95,True,2048,False,,False,False,,53,N/A,,,,,18.075805187225342,,,,,
"#include <hpx/hpx_main.hpp>\n\n/* Return the number of vertices in the largest component of the undirected graph defined by the adjacency matrix A.\n   A is an NxN adjacency matrix stored in row-major. A is an undirected graph.\n   Use HPX to compute in parallel.  Assume HPX has already been initialized.\n   Example:\n\n	 input: [[0, 1, 0, 0], [1, 0, 0, 0], [0, 0, 0, 1], [0, 0, 1, 0]]\n   output: 2\n*/\nint largestComponent(std::vector<int> const& A, size_t N) {",16_graph_largest_component,graph,cpp,hpx,0.2,0.95,True,2048,False,,False,False,,54,N/A,,,,,17.13998055458069,,,,,
"#include <hpx/hpx_main.hpp>\n\n/* Return the number of vertices in the largest component of the undirected graph defined by the adjacency matrix A.\n   A is an NxN adjacency matrix stored in row-major. A is an undirected graph.\n   Use HPX to compute in parallel.  Assume HPX has already been initialized.\n   Example:\n\n	 input: [[0, 1, 0, 0], [1, 0, 0, 0], [0, 0, 0, 1], [0, 0, 1, 0]]\n   output: 2\n*/\nint largestComponent(std::vector<int> const& A, size_t N) {",16_graph_largest_component,graph,cpp,hpx,0.2,0.95,True,2048,False,,False,False,,55,N/A,,,,,16.35874605178833,,,,,
"#include <hpx/hpx_main.hpp>\n\n/* Return the number of vertices in the largest component of the undirected graph defined by the adjacency matrix A.\n   A is an NxN adjacency matrix stored in row-major. A is an undirected graph.\n   Use HPX to compute in parallel.  Assume HPX has already been initialized.\n   Example:\n\n	 input: [[0, 1, 0, 0], [1, 0, 0, 0], [0, 0, 0, 1], [0, 0, 1, 0]]\n   output: 2\n*/\nint largestComponent(std::vector<int> const& A, size_t N) {",16_graph_largest_component,graph,cpp,hpx,0.2,0.95,True,2048,False,,False,False,,56,N/A,,,,,16.802154779434204,,,,,
"#include <hpx/hpx_main.hpp>\n\n/* Return the number of vertices in the largest component of the undirected graph defined by the adjacency matrix A.\n   A is an NxN adjacency matrix stored in row-major. A is an undirected graph.\n   Use HPX to compute in parallel.  Assume HPX has already been initialized.\n   Example:\n\n	 input: [[0, 1, 0, 0], [1, 0, 0, 0], [0, 0, 0, 1], [0, 0, 1, 0]]\n   output: 2\n*/\nint largestComponent(std::vector<int> const& A, size_t N) {",16_graph_largest_component,graph,cpp,hpx,0.2,0.95,True,2048,False,,False,False,,57,N/A,,,,,14.557218074798584,,,,,
"#include <hpx/hpx_main.hpp>\n\n/* Return the number of vertices in the largest component of the undirected graph defined by the adjacency matrix A.\n   A is an NxN adjacency matrix stored in row-major. A is an undirected graph.\n   Use HPX to compute in parallel.  Assume HPX has already been initialized.\n   Example:\n\n	 input: [[0, 1, 0, 0], [1, 0, 0, 0], [0, 0, 0, 1], [0, 0, 1, 0]]\n   output: 2\n*/\nint largestComponent(std::vector<int> const& A, size_t N) {",16_graph_largest_component,graph,cpp,hpx,0.2,0.95,True,2048,False,,False,False,,58,N/A,,,,,16.27770447731018,,,,,
"#include <hpx/hpx_main.hpp>\n\n/* Return the number of vertices in the largest component of the undirected graph defined by the adjacency matrix A.\n   A is an NxN adjacency matrix stored in row-major. A is an undirected graph.\n   Use HPX to compute in parallel.  Assume HPX has already been initialized.\n   Example:\n\n	 input: [[0, 1, 0, 0], [1, 0, 0, 0], [0, 0, 0, 1], [0, 0, 1, 0]]\n   output: 2\n*/\nint largestComponent(std::vector<int> const& A, size_t N) {",16_graph_largest_component,graph,cpp,hpx,0.2,0.95,True,2048,False,,False,False,,59,N/A,,,,,15.474072456359863,,,,,
"#include <hpx/hpx_main.hpp>\n\n/* Return the number of vertices in the largest component of the undirected graph defined by the adjacency matrix A.\n   A is an NxN adjacency matrix stored in row-major. A is an undirected graph.\n   Use HPX to compute in parallel.  Assume HPX has already been initialized.\n   Example:\n\n	 input: [[0, 1, 0, 0], [1, 0, 0, 0], [0, 0, 0, 1], [0, 0, 1, 0]]\n   output: 2\n*/\nint largestComponent(std::vector<int> const& A, size_t N) {",16_graph_largest_component,graph,cpp,hpx,0.2,0.95,True,2048,False,,False,False,,60,N/A,,,,,16.515655040740967,,,,,
"#include <hpx/hpx_main.hpp>\n\n/* Return the number of vertices in the largest component of the undirected graph defined by the adjacency matrix A.\n   A is an NxN adjacency matrix stored in row-major. A is an undirected graph.\n   Use HPX to compute in parallel.  Assume HPX has already been initialized.\n   Example:\n\n	 input: [[0, 1, 0, 0], [1, 0, 0, 0], [0, 0, 0, 1], [0, 0, 1, 0]]\n   output: 2\n*/\nint largestComponent(std::vector<int> const& A, size_t N) {",16_graph_largest_component,graph,cpp,hpx,0.2,0.95,True,2048,False,,False,False,,61,N/A,,,,,14.712945938110352,,,,,
"#include <hpx/hpx_main.hpp>\n\n/* Return the number of vertices in the largest component of the undirected graph defined by the adjacency matrix A.\n   A is an NxN adjacency matrix stored in row-major. A is an undirected graph.\n   Use HPX to compute in parallel.  Assume HPX has already been initialized.\n   Example:\n\n	 input: [[0, 1, 0, 0], [1, 0, 0, 0], [0, 0, 0, 1], [0, 0, 1, 0]]\n   output: 2\n*/\nint largestComponent(std::vector<int> const& A, size_t N) {",16_graph_largest_component,graph,cpp,hpx,0.2,0.95,True,2048,False,,False,False,,62,N/A,,,,,17.619181871414185,,,,,
"#include <hpx/hpx_main.hpp>\n\n/* Return the number of vertices in the largest component of the undirected graph defined by the adjacency matrix A.\n   A is an NxN adjacency matrix stored in row-major. A is an undirected graph.\n   Use HPX to compute in parallel.  Assume HPX has already been initialized.\n   Example:\n\n	 input: [[0, 1, 0, 0], [1, 0, 0, 0], [0, 0, 0, 1], [0, 0, 1, 0]]\n   output: 2\n*/\nint largestComponent(std::vector<int> const& A, size_t N) {",16_graph_largest_component,graph,cpp,hpx,0.2,0.95,True,2048,False,,False,False,,63,N/A,,,,,16.931400537490845,,,,,
"#include <hpx/hpx_main.hpp>\n\n/* Return the number of vertices in the largest component of the undirected graph defined by the adjacency matrix A.\n   A is an NxN adjacency matrix stored in row-major. A is an undirected graph.\n   Use HPX to compute in parallel.  Assume HPX has already been initialized.\n   Example:\n\n	 input: [[0, 1, 0, 0], [1, 0, 0, 0], [0, 0, 0, 1], [0, 0, 1, 0]]\n   output: 2\n*/\nint largestComponent(std::vector<int> const& A, size_t N) {",16_graph_largest_component,graph,cpp,hpx,0.2,0.95,True,2048,False,,False,False,,64,N/A,,,,,14.887696027755737,,,,,
"#include <hpx/hpx_main.hpp>\n\n/* Return the number of vertices in the largest component of the undirected graph defined by the adjacency matrix A.\n   A is an NxN adjacency matrix stored in row-major. A is an undirected graph.\n   Use HPX to compute in parallel.  Assume HPX has already been initialized.\n   Example:\n\n	 input: [[0, 1, 0, 0], [1, 0, 0, 0], [0, 0, 0, 1], [0, 0, 1, 0]]\n   output: 2\n*/\nint largestComponent(std::vector<int> const& A, size_t N) {",16_graph_largest_component,graph,cpp,hpx,0.2,0.95,True,2048,False,,False,False,,65,N/A,,,,,16.238213300704956,,,,,
"#include <hpx/hpx_main.hpp>\n\n/* Return the number of vertices in the largest component of the undirected graph defined by the adjacency matrix A.\n   A is an NxN adjacency matrix stored in row-major. A is an undirected graph.\n   Use HPX to compute in parallel.  Assume HPX has already been initialized.\n   Example:\n\n	 input: [[0, 1, 0, 0], [1, 0, 0, 0], [0, 0, 0, 1], [0, 0, 1, 0]]\n   output: 2\n*/\nint largestComponent(std::vector<int> const& A, size_t N) {",16_graph_largest_component,graph,cpp,hpx,0.2,0.95,True,2048,False,,False,False,,66,N/A,,,,,16.432151317596436,,,,,
"#include <hpx/hpx_main.hpp>\n\n/* Return the number of vertices in the largest component of the undirected graph defined by the adjacency matrix A.\n   A is an NxN adjacency matrix stored in row-major. A is an undirected graph.\n   Use HPX to compute in parallel.  Assume HPX has already been initialized.\n   Example:\n\n	 input: [[0, 1, 0, 0], [1, 0, 0, 0], [0, 0, 0, 1], [0, 0, 1, 0]]\n   output: 2\n*/\nint largestComponent(std::vector<int> const& A, size_t N) {",16_graph_largest_component,graph,cpp,hpx,0.2,0.95,True,2048,False,,False,False,,67,N/A,,,,,16.889566659927368,,,,,
"#include <hpx/hpx_main.hpp>\n\n/* Return the number of vertices in the largest component of the undirected graph defined by the adjacency matrix A.\n   A is an NxN adjacency matrix stored in row-major. A is an undirected graph.\n   Use HPX to compute in parallel.  Assume HPX has already been initialized.\n   Example:\n\n	 input: [[0, 1, 0, 0], [1, 0, 0, 0], [0, 0, 0, 1], [0, 0, 1, 0]]\n   output: 2\n*/\nint largestComponent(std::vector<int> const& A, size_t N) {",16_graph_largest_component,graph,cpp,hpx,0.2,0.95,True,2048,False,,False,False,,68,N/A,,,,,15.58242154121399,,,,,
"#include <hpx/hpx_main.hpp>\n\n/* Return the number of vertices in the largest component of the undirected graph defined by the adjacency matrix A.\n   A is an NxN adjacency matrix stored in row-major. A is an undirected graph.\n   Use HPX to compute in parallel.  Assume HPX has already been initialized.\n   Example:\n\n	 input: [[0, 1, 0, 0], [1, 0, 0, 0], [0, 0, 0, 1], [0, 0, 1, 0]]\n   output: 2\n*/\nint largestComponent(std::vector<int> const& A, size_t N) {",16_graph_largest_component,graph,cpp,hpx,0.2,0.95,True,2048,False,,False,False,,69,N/A,,,,,14.195888042449951,,,,,
"#include <hpx/hpx_main.hpp>\n\n/* Return the number of vertices in the largest component of the undirected graph defined by the adjacency matrix A.\n   A is an NxN adjacency matrix stored in row-major. A is an undirected graph.\n   Use HPX to compute in parallel.  Assume HPX has already been initialized.\n   Example:\n\n	 input: [[0, 1, 0, 0], [1, 0, 0, 0], [0, 0, 0, 1], [0, 0, 1, 0]]\n   output: 2\n*/\nint largestComponent(std::vector<int> const& A, size_t N) {",16_graph_largest_component,graph,cpp,hpx,0.2,0.95,True,2048,False,,False,False,,70,N/A,,,,,14.4659743309021,,,,,
"#include <hpx/hpx_main.hpp>\n\n/* Return the number of vertices in the largest component of the undirected graph defined by the adjacency matrix A.\n   A is an NxN adjacency matrix stored in row-major. A is an undirected graph.\n   Use HPX to compute in parallel.  Assume HPX has already been initialized.\n   Example:\n\n	 input: [[0, 1, 0, 0], [1, 0, 0, 0], [0, 0, 0, 1], [0, 0, 1, 0]]\n   output: 2\n*/\nint largestComponent(std::vector<int> const& A, size_t N) {",16_graph_largest_component,graph,cpp,hpx,0.2,0.95,True,2048,False,,False,False,,71,N/A,,,,,14.720083951950073,,,,,
"#include <hpx/hpx_main.hpp>\n\n/* Return the number of vertices in the largest component of the undirected graph defined by the adjacency matrix A.\n   A is an NxN adjacency matrix stored in row-major. A is an undirected graph.\n   Use HPX to compute in parallel.  Assume HPX has already been initialized.\n   Example:\n\n	 input: [[0, 1, 0, 0], [1, 0, 0, 0], [0, 0, 0, 1], [0, 0, 1, 0]]\n   output: 2\n*/\nint largestComponent(std::vector<int> const& A, size_t N) {",16_graph_largest_component,graph,cpp,hpx,0.2,0.95,True,2048,False,,False,False,,72,N/A,,,,,15.38057541847229,,,,,
"#include <hpx/hpx_main.hpp>\n\n/* Return the number of vertices in the largest component of the undirected graph defined by the adjacency matrix A.\n   A is an NxN adjacency matrix stored in row-major. A is an undirected graph.\n   Use HPX to compute in parallel.  Assume HPX has already been initialized.\n   Example:\n\n	 input: [[0, 1, 0, 0], [1, 0, 0, 0], [0, 0, 0, 1], [0, 0, 1, 0]]\n   output: 2\n*/\nint largestComponent(std::vector<int> const& A, size_t N) {",16_graph_largest_component,graph,cpp,hpx,0.2,0.95,True,2048,False,,False,False,,73,N/A,,,,,16.357850313186646,,,,,
"#include <hpx/hpx_main.hpp>\n\n/* Return the number of vertices in the largest component of the undirected graph defined by the adjacency matrix A.\n   A is an NxN adjacency matrix stored in row-major. A is an undirected graph.\n   Use HPX to compute in parallel.  Assume HPX has already been initialized.\n   Example:\n\n	 input: [[0, 1, 0, 0], [1, 0, 0, 0], [0, 0, 0, 1], [0, 0, 1, 0]]\n   output: 2\n*/\nint largestComponent(std::vector<int> const& A, size_t N) {",16_graph_largest_component,graph,cpp,hpx,0.2,0.95,True,2048,False,,False,False,,74,N/A,,,,,15.83326244354248,,,,,
"#include <hpx/hpx_main.hpp>\n\n/* Return the number of vertices in the largest component of the undirected graph defined by the adjacency matrix A.\n   A is an NxN adjacency matrix stored in row-major. A is an undirected graph.\n   Use HPX to compute in parallel.  Assume HPX has already been initialized.\n   Example:\n\n	 input: [[0, 1, 0, 0], [1, 0, 0, 0], [0, 0, 0, 1], [0, 0, 1, 0]]\n   output: 2\n*/\nint largestComponent(std::vector<int> const& A, size_t N) {",16_graph_largest_component,graph,cpp,hpx,0.2,0.95,True,2048,False,,False,False,,75,N/A,,,,,15.920426845550537,,,,,
"#include <hpx/hpx_main.hpp>\n\n/* Return the number of vertices in the largest component of the undirected graph defined by the adjacency matrix A.\n   A is an NxN adjacency matrix stored in row-major. A is an undirected graph.\n   Use HPX to compute in parallel.  Assume HPX has already been initialized.\n   Example:\n\n	 input: [[0, 1, 0, 0], [1, 0, 0, 0], [0, 0, 0, 1], [0, 0, 1, 0]]\n   output: 2\n*/\nint largestComponent(std::vector<int> const& A, size_t N) {",16_graph_largest_component,graph,cpp,hpx,0.2,0.95,True,2048,False,,False,False,,76,N/A,,,,,15.238646745681763,,,,,
"#include <hpx/hpx_main.hpp>\n\n/* Return the number of vertices in the largest component of the undirected graph defined by the adjacency matrix A.\n   A is an NxN adjacency matrix stored in row-major. A is an undirected graph.\n   Use HPX to compute in parallel.  Assume HPX has already been initialized.\n   Example:\n\n	 input: [[0, 1, 0, 0], [1, 0, 0, 0], [0, 0, 0, 1], [0, 0, 1, 0]]\n   output: 2\n*/\nint largestComponent(std::vector<int> const& A, size_t N) {",16_graph_largest_component,graph,cpp,hpx,0.2,0.95,True,2048,False,,False,False,,77,N/A,,,,,14.528342485427856,,,,,
"#include <hpx/hpx_main.hpp>\n\n/* Return the number of vertices in the largest component of the undirected graph defined by the adjacency matrix A.\n   A is an NxN adjacency matrix stored in row-major. A is an undirected graph.\n   Use HPX to compute in parallel.  Assume HPX has already been initialized.\n   Example:\n\n	 input: [[0, 1, 0, 0], [1, 0, 0, 0], [0, 0, 0, 1], [0, 0, 1, 0]]\n   output: 2\n*/\nint largestComponent(std::vector<int> const& A, size_t N) {",16_graph_largest_component,graph,cpp,hpx,0.2,0.95,True,2048,False,,False,False,,78,N/A,,,,,14.933666944503784,,,,,
"#include <hpx/hpx_main.hpp>\n\n/* Return the number of vertices in the largest component of the undirected graph defined by the adjacency matrix A.\n   A is an NxN adjacency matrix stored in row-major. A is an undirected graph.\n   Use HPX to compute in parallel.  Assume HPX has already been initialized.\n   Example:\n\n	 input: [[0, 1, 0, 0], [1, 0, 0, 0], [0, 0, 0, 1], [0, 0, 1, 0]]\n   output: 2\n*/\nint largestComponent(std::vector<int> const& A, size_t N) {",16_graph_largest_component,graph,cpp,hpx,0.2,0.95,True,2048,False,"int largestComponent(std::vector<int> const& A, size_t N) {\n    if (N == 0) return 0;\n\n    std::vector<std::atomic<unsigned char>> visited(N);\n    for (auto& x : visited) x.store(0, std::memory_order_relaxed);\n\n    auto bfs = [&](std::size_t start",False,False,,79,N/A,,,,,13.520790100097656,,,,,
"#include <hpx/hpx_main.hpp>\n\n/* Return the number of vertices in the largest component of the undirected graph defined by the adjacency matrix A.\n   A is an NxN adjacency matrix stored in row-major. A is an undirected graph.\n   Use HPX to compute in parallel.  Assume HPX has already been initialized.\n   Example:\n\n	 input: [[0, 1, 0, 0], [1, 0, 0, 0], [0, 0, 0, 1], [0, 0, 1, 0]]\n   output: 2\n*/\nint largestComponent(std::vector<int> const& A, size_t N) {",16_graph_largest_component,graph,cpp,hpx,0.2,0.95,True,2048,False,,False,False,,80,N/A,,,,,14.781509160995483,,,,,
"#include <hpx/hpx_main.hpp>\n\n/* Return the number of vertices in the largest component of the undirected graph defined by the adjacency matrix A.\n   A is an NxN adjacency matrix stored in row-major. A is an undirected graph.\n   Use HPX to compute in parallel.  Assume HPX has already been initialized.\n   Example:\n\n	 input: [[0, 1, 0, 0], [1, 0, 0, 0], [0, 0, 0, 1], [0, 0, 1, 0]]\n   output: 2\n*/\nint largestComponent(std::vector<int> const& A, size_t N) {",16_graph_largest_component,graph,cpp,hpx,0.2,0.95,True,2048,False,,False,False,,81,N/A,,,,,14.093583345413208,,,,,
"#include <hpx/hpx_main.hpp>\n\n/* Return the number of vertices in the largest component of the undirected graph defined by the adjacency matrix A.\n   A is an NxN adjacency matrix stored in row-major. A is an undirected graph.\n   Use HPX to compute in parallel.  Assume HPX has already been initialized.\n   Example:\n\n	 input: [[0, 1, 0, 0], [1, 0, 0, 0], [0, 0, 0, 1], [0, 0, 1, 0]]\n   output: 2\n*/\nint largestComponent(std::vector<int> const& A, size_t N) {",16_graph_largest_component,graph,cpp,hpx,0.2,0.95,True,2048,False,,False,False,,82,N/A,,,,,15.924611568450928,,,,,
"#include <hpx/hpx_main.hpp>\n\n/* Return the number of vertices in the largest component of the undirected graph defined by the adjacency matrix A.\n   A is an NxN adjacency matrix stored in row-major. A is an undirected graph.\n   Use HPX to compute in parallel.  Assume HPX has already been initialized.\n   Example:\n\n	 input: [[0, 1, 0, 0], [1, 0, 0, 0], [0, 0, 0, 1], [0, 0, 1, 0]]\n   output: 2\n*/\nint largestComponent(std::vector<int> const& A, size_t N) {",16_graph_largest_component,graph,cpp,hpx,0.2,0.95,True,2048,False,,False,False,,83,N/A,,,,,16.101338863372803,,,,,
"#include <hpx/hpx_main.hpp>\n\n/* Return the number of vertices in the largest component of the undirected graph defined by the adjacency matrix A.\n   A is an NxN adjacency matrix stored in row-major. A is an undirected graph.\n   Use HPX to compute in parallel.  Assume HPX has already been initialized.\n   Example:\n\n	 input: [[0, 1, 0, 0], [1, 0, 0, 0], [0, 0, 0, 1], [0, 0, 1, 0]]\n   output: 2\n*/\nint largestComponent(std::vector<int> const& A, size_t N) {",16_graph_largest_component,graph,cpp,hpx,0.2,0.95,True,2048,False,,False,False,,84,N/A,,,,,16.83712363243103,,,,,
"#include <hpx/hpx_main.hpp>\n\n/* Return the number of vertices in the largest component of the undirected graph defined by the adjacency matrix A.\n   A is an NxN adjacency matrix stored in row-major. A is an undirected graph.\n   Use HPX to compute in parallel.  Assume HPX has already been initialized.\n   Example:\n\n	 input: [[0, 1, 0, 0], [1, 0, 0, 0], [0, 0, 0, 1], [0, 0, 1, 0]]\n   output: 2\n*/\nint largestComponent(std::vector<int> const& A, size_t N) {",16_graph_largest_component,graph,cpp,hpx,0.2,0.95,True,2048,False,,False,False,,85,N/A,,,,,16.984246730804443,,,,,
"#include <hpx/hpx_main.hpp>\n\n/* Return the number of vertices in the largest component of the undirected graph defined by the adjacency matrix A.\n   A is an NxN adjacency matrix stored in row-major. A is an undirected graph.\n   Use HPX to compute in parallel.  Assume HPX has already been initialized.\n   Example:\n\n	 input: [[0, 1, 0, 0], [1, 0, 0, 0], [0, 0, 0, 1], [0, 0, 1, 0]]\n   output: 2\n*/\nint largestComponent(std::vector<int> const& A, size_t N) {",16_graph_largest_component,graph,cpp,hpx,0.2,0.95,True,2048,False,,False,False,,86,N/A,,,,,15.300806283950806,,,,,
"#include <hpx/hpx_main.hpp>\n\n/* Return the number of vertices in the largest component of the undirected graph defined by the adjacency matrix A.\n   A is an NxN adjacency matrix stored in row-major. A is an undirected graph.\n   Use HPX to compute in parallel.  Assume HPX has already been initialized.\n   Example:\n\n	 input: [[0, 1, 0, 0], [1, 0, 0, 0], [0, 0, 0, 1], [0, 0, 1, 0]]\n   output: 2\n*/\nint largestComponent(std::vector<int> const& A, size_t N) {",16_graph_largest_component,graph,cpp,hpx,0.2,0.95,True,2048,False,,False,False,,87,N/A,,,,,15.990904569625854,,,,,
"#include <hpx/hpx_main.hpp>\n\n/* Return the number of vertices in the largest component of the undirected graph defined by the adjacency matrix A.\n   A is an NxN adjacency matrix stored in row-major. A is an undirected graph.\n   Use HPX to compute in parallel.  Assume HPX has already been initialized.\n   Example:\n\n	 input: [[0, 1, 0, 0], [1, 0, 0, 0], [0, 0, 0, 1], [0, 0, 1, 0]]\n   output: 2\n*/\nint largestComponent(std::vector<int> const& A, size_t N) {",16_graph_largest_component,graph,cpp,hpx,0.2,0.95,True,2048,False,,False,False,,88,N/A,,,,,16.393417358398438,,,,,
"#include <hpx/hpx_main.hpp>\n\n/* Return the number of vertices in the largest component of the undirected graph defined by the adjacency matrix A.\n   A is an NxN adjacency matrix stored in row-major. A is an undirected graph.\n   Use HPX to compute in parallel.  Assume HPX has already been initialized.\n   Example:\n\n	 input: [[0, 1, 0, 0], [1, 0, 0, 0], [0, 0, 0, 1], [0, 0, 1, 0]]\n   output: 2\n*/\nint largestComponent(std::vector<int> const& A, size_t N) {",16_graph_largest_component,graph,cpp,hpx,0.2,0.95,True,2048,False,,False,False,,89,N/A,,,,,14.494730472564697,,,,,
"#include <hpx/hpx_main.hpp>\n\n/* Return the number of vertices in the largest component of the undirected graph defined by the adjacency matrix A.\n   A is an NxN adjacency matrix stored in row-major. A is an undirected graph.\n   Use HPX to compute in parallel.  Assume HPX has already been initialized.\n   Example:\n\n	 input: [[0, 1, 0, 0], [1, 0, 0, 0], [0, 0, 0, 1], [0, 0, 1, 0]]\n   output: 2\n*/\nint largestComponent(std::vector<int> const& A, size_t N) {",16_graph_largest_component,graph,cpp,hpx,0.2,0.95,True,2048,False,,False,False,,90,N/A,,,,,16.09880781173706,,,,,
"#include <hpx/hpx_main.hpp>\n\n/* Return the number of vertices in the largest component of the undirected graph defined by the adjacency matrix A.\n   A is an NxN adjacency matrix stored in row-major. A is an undirected graph.\n   Use HPX to compute in parallel.  Assume HPX has already been initialized.\n   Example:\n\n	 input: [[0, 1, 0, 0], [1, 0, 0, 0], [0, 0, 0, 1], [0, 0, 1, 0]]\n   output: 2\n*/\nint largestComponent(std::vector<int> const& A, size_t N) {",16_graph_largest_component,graph,cpp,hpx,0.2,0.95,True,2048,False,,False,False,,91,N/A,,,,,15.563544511795044,,,,,
"#include <hpx/hpx_main.hpp>\n\n/* Return the number of vertices in the largest component of the undirected graph defined by the adjacency matrix A.\n   A is an NxN adjacency matrix stored in row-major. A is an undirected graph.\n   Use HPX to compute in parallel.  Assume HPX has already been initialized.\n   Example:\n\n	 input: [[0, 1, 0, 0], [1, 0, 0, 0], [0, 0, 0, 1], [0, 0, 1, 0]]\n   output: 2\n*/\nint largestComponent(std::vector<int> const& A, size_t N) {",16_graph_largest_component,graph,cpp,hpx,0.2,0.95,True,2048,False,,False,False,,92,N/A,,,,,16.111656427383423,,,,,
"#include <hpx/hpx_main.hpp>\n\n/* Return the number of vertices in the largest component of the undirected graph defined by the adjacency matrix A.\n   A is an NxN adjacency matrix stored in row-major. A is an undirected graph.\n   Use HPX to compute in parallel.  Assume HPX has already been initialized.\n   Example:\n\n	 input: [[0, 1, 0, 0], [1, 0, 0, 0], [0, 0, 0, 1], [0, 0, 1, 0]]\n   output: 2\n*/\nint largestComponent(std::vector<int> const& A, size_t N) {",16_graph_largest_component,graph,cpp,hpx,0.2,0.95,True,2048,False,,False,False,,93,N/A,,,,,16.669128894805908,,,,,
"#include <hpx/hpx_main.hpp>\n\n/* Return the number of vertices in the largest component of the undirected graph defined by the adjacency matrix A.\n   A is an NxN adjacency matrix stored in row-major. A is an undirected graph.\n   Use HPX to compute in parallel.  Assume HPX has already been initialized.\n   Example:\n\n	 input: [[0, 1, 0, 0], [1, 0, 0, 0], [0, 0, 0, 1], [0, 0, 1, 0]]\n   output: 2\n*/\nint largestComponent(std::vector<int> const& A, size_t N) {",16_graph_largest_component,graph,cpp,hpx,0.2,0.95,True,2048,False,,False,False,,94,N/A,,,,,15.919122457504272,,,,,
"#include <hpx/hpx_main.hpp>\n\n/* Return the number of vertices in the largest component of the undirected graph defined by the adjacency matrix A.\n   A is an NxN adjacency matrix stored in row-major. A is an undirected graph.\n   Use HPX to compute in parallel.  Assume HPX has already been initialized.\n   Example:\n\n	 input: [[0, 1, 0, 0], [1, 0, 0, 0], [0, 0, 0, 1], [0, 0, 1, 0]]\n   output: 2\n*/\nint largestComponent(std::vector<int> const& A, size_t N) {",16_graph_largest_component,graph,cpp,hpx,0.2,0.95,True,2048,False,,False,False,,95,N/A,,,,,15.214030742645264,,,,,
"#include <hpx/hpx_main.hpp>\n\n/* Return the number of vertices in the largest component of the undirected graph defined by the adjacency matrix A.\n   A is an NxN adjacency matrix stored in row-major. A is an undirected graph.\n   Use HPX to compute in parallel.  Assume HPX has already been initialized.\n   Example:\n\n	 input: [[0, 1, 0, 0], [1, 0, 0, 0], [0, 0, 0, 1], [0, 0, 1, 0]]\n   output: 2\n*/\nint largestComponent(std::vector<int> const& A, size_t N) {",16_graph_largest_component,graph,cpp,hpx,0.2,0.95,True,2048,False,,False,False,,96,N/A,,,,,17.89498257637024,,,,,
"#include <hpx/hpx_main.hpp>\n\n/* Return the number of vertices in the largest component of the undirected graph defined by the adjacency matrix A.\n   A is an NxN adjacency matrix stored in row-major. A is an undirected graph.\n   Use HPX to compute in parallel.  Assume HPX has already been initialized.\n   Example:\n\n	 input: [[0, 1, 0, 0], [1, 0, 0, 0], [0, 0, 0, 1], [0, 0, 1, 0]]\n   output: 2\n*/\nint largestComponent(std::vector<int> const& A, size_t N) {",16_graph_largest_component,graph,cpp,hpx,0.2,0.95,True,2048,False,,False,False,,97,N/A,,,,,18.61966109275818,,,,,
"#include <hpx/hpx_main.hpp>\n\n/* Return the number of vertices in the largest component of the undirected graph defined by the adjacency matrix A.\n   A is an NxN adjacency matrix stored in row-major. A is an undirected graph.\n   Use HPX to compute in parallel.  Assume HPX has already been initialized.\n   Example:\n\n	 input: [[0, 1, 0, 0], [1, 0, 0, 0], [0, 0, 0, 1], [0, 0, 1, 0]]\n   output: 2\n*/\nint largestComponent(std::vector<int> const& A, size_t N) {",16_graph_largest_component,graph,cpp,hpx,0.2,0.95,True,2048,False,,False,False,,98,N/A,,,,,16.4329674243927,,,,,
"#include <hpx/hpx_main.hpp>\n\n/* Return the number of vertices in the largest component of the undirected graph defined by the adjacency matrix A.\n   A is an NxN adjacency matrix stored in row-major. A is an undirected graph.\n   Use HPX to compute in parallel.  Assume HPX has already been initialized.\n   Example:\n\n	 input: [[0, 1, 0, 0], [1, 0, 0, 0], [0, 0, 0, 1], [0, 0, 1, 0]]\n   output: 2\n*/\nint largestComponent(std::vector<int> const& A, size_t N) {",16_graph_largest_component,graph,cpp,hpx,0.2,0.95,True,2048,False,,False,False,,99,N/A,,,,,16.37191605567932,,,,,
"#include <hpx/hpx_main.hpp>\n\n/* Compute the highest node degree in the undirected graph. The graph is defined in the adjacency matrix A.\n   A is an NxN adjacency matrix stored in row-major. A is an undirected graph.\n   Use HPX to compute in parallel.  Assume HPX has already been initialized.\n   Example:\n\n	 input: [[0, 0, 0, 1], [0, 0, 0, 1], [0, 0, 0, 1], [1, 1, 1, 0]]\n   output: 3\n*/\nint maxDegree(std::vector<int> const& A, size_t N) {",17_graph_highest_degree,graph,cpp,hpx,0.2,0.95,True,2048,False,,False,False,,0,N/A,,,,,16.422260999679565,,,,,
"#include <hpx/hpx_main.hpp>\n\n/* Compute the highest node degree in the undirected graph. The graph is defined in the adjacency matrix A.\n   A is an NxN adjacency matrix stored in row-major. A is an undirected graph.\n   Use HPX to compute in parallel.  Assume HPX has already been initialized.\n   Example:\n\n	 input: [[0, 0, 0, 1], [0, 0, 0, 1], [0, 0, 0, 1], [1, 1, 1, 0]]\n   output: 3\n*/\nint maxDegree(std::vector<int> const& A, size_t N) {",17_graph_highest_degree,graph,cpp,hpx,0.2,0.95,True,2048,False,"int maxDegree(std::vector<int> const& A, size_t N) {\n    if (N == 0) return 0;\n\n    std::vector<int> degrees(N, 0);\n\n    hpx::for_loop(hpx::execution::par, size_t(0), N, [&](size_t i) {\n        int deg = 0;\n        auto row = A.data() + i * N;\n        for (size_t j = 0; j < N; ++j) deg += row[j];\n        degrees[i] = deg;\n    });\n\n    return *std::max_element(degrees.begin(), degrees.end());\n}",True,True,0.003903596,1,N/A,,,,,14.249338865280151,0.0,True,True,0.0049951386,1.0
"#include <hpx/hpx_main.hpp>\n\n/* Compute the highest node degree in the undirected graph. The graph is defined in the adjacency matrix A.\n   A is an NxN adjacency matrix stored in row-major. A is an undirected graph.\n   Use HPX to compute in parallel.  Assume HPX has already been initialized.\n   Example:\n\n	 input: [[0, 0, 0, 1], [0, 0, 0, 1], [0, 0, 0, 1], [1, 1, 1, 0]]\n   output: 3\n*/\nint maxDegree(std::vector<int> const& A, size_t N) {",17_graph_highest_degree,graph,cpp,hpx,0.2,0.95,True,2048,False,"int maxDegree(std::vector<int> const& A, size_t N) {\n    if (N == 0) return 0;\n\n    std::vector<int> degrees(N, 0);\n\n    hpx::for_loop(hpx::execution::par, size_t(0), N, [&](size_t i) {\n        int deg = 0;\n        auto row = A.data() + i * N;\n        for (size_t j = 0; j < N; ++j) deg += row[j];\n        degrees[i] = deg;\n    });\n\n    return *std::max_element(degrees.begin(), degrees.end());\n}",True,True,0.003903596,1,N/A,,,,,14.249338865280151,1.0,True,True,0.003468225,2.0
"#include <hpx/hpx_main.hpp>\n\n/* Compute the highest node degree in the undirected graph. The graph is defined in the adjacency matrix A.\n   A is an NxN adjacency matrix stored in row-major. A is an undirected graph.\n   Use HPX to compute in parallel.  Assume HPX has already been initialized.\n   Example:\n\n	 input: [[0, 0, 0, 1], [0, 0, 0, 1], [0, 0, 0, 1], [1, 1, 1, 0]]\n   output: 3\n*/\nint maxDegree(std::vector<int> const& A, size_t N) {",17_graph_highest_degree,graph,cpp,hpx,0.2,0.95,True,2048,False,"int maxDegree(std::vector<int> const& A, size_t N) {\n    if (N == 0) return 0;\n\n    std::vector<int> degrees(N, 0);\n\n    hpx::for_loop(hpx::execution::par, size_t(0), N, [&](size_t i) {\n        int deg = 0;\n        auto row = A.data() + i * N;\n        for (size_t j = 0; j < N; ++j) deg += row[j];\n        degrees[i] = deg;\n    });\n\n    return *std::max_element(degrees.begin(), degrees.end());\n}",True,True,0.003903596,1,N/A,,,,,14.249338865280151,2.0,True,True,0.0022694724,4.0
"#include <hpx/hpx_main.hpp>\n\n/* Compute the highest node degree in the undirected graph. The graph is defined in the adjacency matrix A.\n   A is an NxN adjacency matrix stored in row-major. A is an undirected graph.\n   Use HPX to compute in parallel.  Assume HPX has already been initialized.\n   Example:\n\n	 input: [[0, 0, 0, 1], [0, 0, 0, 1], [0, 0, 0, 1], [1, 1, 1, 0]]\n   output: 3\n*/\nint maxDegree(std::vector<int> const& A, size_t N) {",17_graph_highest_degree,graph,cpp,hpx,0.2,0.95,True,2048,False,"int maxDegree(std::vector<int> const& A, size_t N) {\n    if (N == 0) return 0;\n\n    std::vector<int> degrees(N, 0);\n\n    hpx::for_loop(hpx::execution::par, size_t(0), N, [&](size_t i) {\n        int deg = 0;\n        auto row = A.data() + i * N;\n        for (size_t j = 0; j < N; ++j) deg += row[j];\n        degrees[i] = deg;\n    });\n\n    return *std::max_element(degrees.begin(), degrees.end());\n}",True,True,0.003903596,1,N/A,,,,,14.249338865280151,3.0,True,True,0.0020626776,8.0
"#include <hpx/hpx_main.hpp>\n\n/* Compute the highest node degree in the undirected graph. The graph is defined in the adjacency matrix A.\n   A is an NxN adjacency matrix stored in row-major. A is an undirected graph.\n   Use HPX to compute in parallel.  Assume HPX has already been initialized.\n   Example:\n\n	 input: [[0, 0, 0, 1], [0, 0, 0, 1], [0, 0, 0, 1], [1, 1, 1, 0]]\n   output: 3\n*/\nint maxDegree(std::vector<int> const& A, size_t N) {",17_graph_highest_degree,graph,cpp,hpx,0.2,0.95,True,2048,False,"int maxDegree(std::vector<int> const& A, size_t N) {\n    if (N == 0) return 0;\n\n    std::vector<int> degrees(N, 0);\n\n    hpx::for_loop(hpx::execution::par, size_t(0), N, [&](size_t i) {\n        int deg = 0;\n        auto row = A.data() + i * N;\n        for (size_t j = 0; j < N; ++j) deg += row[j];\n        degrees[i] = deg;\n    });\n\n    return *std::max_element(degrees.begin(), degrees.end());\n}",True,True,0.003903596,1,N/A,,,,,14.249338865280151,4.0,True,True,0.0020061682,16.0
"#include <hpx/hpx_main.hpp>\n\n/* Compute the highest node degree in the undirected graph. The graph is defined in the adjacency matrix A.\n   A is an NxN adjacency matrix stored in row-major. A is an undirected graph.\n   Use HPX to compute in parallel.  Assume HPX has already been initialized.\n   Example:\n\n	 input: [[0, 0, 0, 1], [0, 0, 0, 1], [0, 0, 0, 1], [1, 1, 1, 0]]\n   output: 3\n*/\nint maxDegree(std::vector<int> const& A, size_t N) {",17_graph_highest_degree,graph,cpp,hpx,0.2,0.95,True,2048,False,,False,False,,2,N/A,,,,,14.757545232772827,,,,,
"#include <hpx/hpx_main.hpp>\n\n/* Compute the highest node degree in the undirected graph. The graph is defined in the adjacency matrix A.\n   A is an NxN adjacency matrix stored in row-major. A is an undirected graph.\n   Use HPX to compute in parallel.  Assume HPX has already been initialized.\n   Example:\n\n	 input: [[0, 0, 0, 1], [0, 0, 0, 1], [0, 0, 0, 1], [1, 1, 1, 0]]\n   output: 3\n*/\nint maxDegree(std::vector<int> const& A, size_t N) {",17_graph_highest_degree,graph,cpp,hpx,0.2,0.95,True,2048,False,,False,False,,3,N/A,,,,,16.22576355934143,,,,,
"#include <hpx/hpx_main.hpp>\n\n/* Compute the highest node degree in the undirected graph. The graph is defined in the adjacency matrix A.\n   A is an NxN adjacency matrix stored in row-major. A is an undirected graph.\n   Use HPX to compute in parallel.  Assume HPX has already been initialized.\n   Example:\n\n	 input: [[0, 0, 0, 1], [0, 0, 0, 1], [0, 0, 0, 1], [1, 1, 1, 0]]\n   output: 3\n*/\nint maxDegree(std::vector<int> const& A, size_t N) {",17_graph_highest_degree,graph,cpp,hpx,0.2,0.95,True,2048,False,,False,False,,4,N/A,,,,,16.6115083694458,,,,,
"#include <hpx/hpx_main.hpp>\n\n/* Compute the highest node degree in the undirected graph. The graph is defined in the adjacency matrix A.\n   A is an NxN adjacency matrix stored in row-major. A is an undirected graph.\n   Use HPX to compute in parallel.  Assume HPX has already been initialized.\n   Example:\n\n	 input: [[0, 0, 0, 1], [0, 0, 0, 1], [0, 0, 0, 1], [1, 1, 1, 0]]\n   output: 3\n*/\nint maxDegree(std::vector<int> const& A, size_t N) {",17_graph_highest_degree,graph,cpp,hpx,0.2,0.95,True,2048,False,"int maxDegree(std::vector<int> const& A, size_t N) {\n    auto first = hpx::util::counting_iterator<size_t>(0);\n    auto last  = hpx::util::counting_iterator<size_t>(N);\n\n    return hpx::transform_reduce(\n        hpx::execution::par, first, last, 0,\n        [](int a, int b) { return std::max(a, b); },\n        [&](size_t i) {\n            auto row = A.data() + i * N;\n            return std::accumulate(row, row + N, 0);\n        }\n    );\n}",True,True,0.0033762322,5,N/A,,,,,14.514210939407349,0.0,True,True,0.006988545,1.0
"#include <hpx/hpx_main.hpp>\n\n/* Compute the highest node degree in the undirected graph. The graph is defined in the adjacency matrix A.\n   A is an NxN adjacency matrix stored in row-major. A is an undirected graph.\n   Use HPX to compute in parallel.  Assume HPX has already been initialized.\n   Example:\n\n	 input: [[0, 0, 0, 1], [0, 0, 0, 1], [0, 0, 0, 1], [1, 1, 1, 0]]\n   output: 3\n*/\nint maxDegree(std::vector<int> const& A, size_t N) {",17_graph_highest_degree,graph,cpp,hpx,0.2,0.95,True,2048,False,"int maxDegree(std::vector<int> const& A, size_t N) {\n    auto first = hpx::util::counting_iterator<size_t>(0);\n    auto last  = hpx::util::counting_iterator<size_t>(N);\n\n    return hpx::transform_reduce(\n        hpx::execution::par, first, last, 0,\n        [](int a, int b) { return std::max(a, b); },\n        [&](size_t i) {\n            auto row = A.data() + i * N;\n            return std::accumulate(row, row + N, 0);\n        }\n    );\n}",True,True,0.0033762322,5,N/A,,,,,14.514210939407349,1.0,True,True,0.0030761906,2.0
"#include <hpx/hpx_main.hpp>\n\n/* Compute the highest node degree in the undirected graph. The graph is defined in the adjacency matrix A.\n   A is an NxN adjacency matrix stored in row-major. A is an undirected graph.\n   Use HPX to compute in parallel.  Assume HPX has already been initialized.\n   Example:\n\n	 input: [[0, 0, 0, 1], [0, 0, 0, 1], [0, 0, 0, 1], [1, 1, 1, 0]]\n   output: 3\n*/\nint maxDegree(std::vector<int> const& A, size_t N) {",17_graph_highest_degree,graph,cpp,hpx,0.2,0.95,True,2048,False,"int maxDegree(std::vector<int> const& A, size_t N) {\n    auto first = hpx::util::counting_iterator<size_t>(0);\n    auto last  = hpx::util::counting_iterator<size_t>(N);\n\n    return hpx::transform_reduce(\n        hpx::execution::par, first, last, 0,\n        [](int a, int b) { return std::max(a, b); },\n        [&](size_t i) {\n            auto row = A.data() + i * N;\n            return std::accumulate(row, row + N, 0);\n        }\n    );\n}",True,True,0.0033762322,5,N/A,,,,,14.514210939407349,2.0,True,True,0.0023853046,4.0
"#include <hpx/hpx_main.hpp>\n\n/* Compute the highest node degree in the undirected graph. The graph is defined in the adjacency matrix A.\n   A is an NxN adjacency matrix stored in row-major. A is an undirected graph.\n   Use HPX to compute in parallel.  Assume HPX has already been initialized.\n   Example:\n\n	 input: [[0, 0, 0, 1], [0, 0, 0, 1], [0, 0, 0, 1], [1, 1, 1, 0]]\n   output: 3\n*/\nint maxDegree(std::vector<int> const& A, size_t N) {",17_graph_highest_degree,graph,cpp,hpx,0.2,0.95,True,2048,False,"int maxDegree(std::vector<int> const& A, size_t N) {\n    auto first = hpx::util::counting_iterator<size_t>(0);\n    auto last  = hpx::util::counting_iterator<size_t>(N);\n\n    return hpx::transform_reduce(\n        hpx::execution::par, first, last, 0,\n        [](int a, int b) { return std::max(a, b); },\n        [&](size_t i) {\n            auto row = A.data() + i * N;\n            return std::accumulate(row, row + N, 0);\n        }\n    );\n}",True,True,0.0033762322,5,N/A,,,,,14.514210939407349,3.0,True,True,0.001808124,8.0
"#include <hpx/hpx_main.hpp>\n\n/* Compute the highest node degree in the undirected graph. The graph is defined in the adjacency matrix A.\n   A is an NxN adjacency matrix stored in row-major. A is an undirected graph.\n   Use HPX to compute in parallel.  Assume HPX has already been initialized.\n   Example:\n\n	 input: [[0, 0, 0, 1], [0, 0, 0, 1], [0, 0, 0, 1], [1, 1, 1, 0]]\n   output: 3\n*/\nint maxDegree(std::vector<int> const& A, size_t N) {",17_graph_highest_degree,graph,cpp,hpx,0.2,0.95,True,2048,False,"int maxDegree(std::vector<int> const& A, size_t N) {\n    auto first = hpx::util::counting_iterator<size_t>(0);\n    auto last  = hpx::util::counting_iterator<size_t>(N);\n\n    return hpx::transform_reduce(\n        hpx::execution::par, first, last, 0,\n        [](int a, int b) { return std::max(a, b); },\n        [&](size_t i) {\n            auto row = A.data() + i * N;\n            return std::accumulate(row, row + N, 0);\n        }\n    );\n}",True,True,0.0033762322,5,N/A,,,,,14.514210939407349,4.0,True,True,0.0019645174,16.0
"#include <hpx/hpx_main.hpp>\n\n/* Compute the highest node degree in the undirected graph. The graph is defined in the adjacency matrix A.\n   A is an NxN adjacency matrix stored in row-major. A is an undirected graph.\n   Use HPX to compute in parallel.  Assume HPX has already been initialized.\n   Example:\n\n	 input: [[0, 0, 0, 1], [0, 0, 0, 1], [0, 0, 0, 1], [1, 1, 1, 0]]\n   output: 3\n*/\nint maxDegree(std::vector<int> const& A, size_t N) {",17_graph_highest_degree,graph,cpp,hpx,0.2,0.95,True,2048,False,"int maxDegree(std::vector<int> const& A, size_t N) {\n    if (N == 0) return 0;\n\n    auto first = hpx::util::counting_iterator<std::size_t>(0);\n    auto last  = hpx::util::counting_iterator<std::size_t>(N);\n\n    return hpx::transform_reduce(\n        hpx::execution::par, first, last, 0,\n        [](int a, int b) { return std::max(a, b); },\n        [&](std::size_t i) {\n            auto row = A.data() + i * N;\n            int deg = std::accumulate(row, row + N, 0);\n            return deg - row[i]; // ignore diagonal\n        }\n    );\n}",True,True,0.0033817024,6,N/A,,,,,15.38021969795227,0.0,True,True,0.0040555324,1.0
"#include <hpx/hpx_main.hpp>\n\n/* Compute the highest node degree in the undirected graph. The graph is defined in the adjacency matrix A.\n   A is an NxN adjacency matrix stored in row-major. A is an undirected graph.\n   Use HPX to compute in parallel.  Assume HPX has already been initialized.\n   Example:\n\n	 input: [[0, 0, 0, 1], [0, 0, 0, 1], [0, 0, 0, 1], [1, 1, 1, 0]]\n   output: 3\n*/\nint maxDegree(std::vector<int> const& A, size_t N) {",17_graph_highest_degree,graph,cpp,hpx,0.2,0.95,True,2048,False,"int maxDegree(std::vector<int> const& A, size_t N) {\n    if (N == 0) return 0;\n\n    auto first = hpx::util::counting_iterator<std::size_t>(0);\n    auto last  = hpx::util::counting_iterator<std::size_t>(N);\n\n    return hpx::transform_reduce(\n        hpx::execution::par, first, last, 0,\n        [](int a, int b) { return std::max(a, b); },\n        [&](std::size_t i) {\n            auto row = A.data() + i * N;\n            int deg = std::accumulate(row, row + N, 0);\n            return deg - row[i]; // ignore diagonal\n        }\n    );\n}",True,True,0.0033817024,6,N/A,,,,,15.38021969795227,1.0,True,True,0.0028756674,2.0
"#include <hpx/hpx_main.hpp>\n\n/* Compute the highest node degree in the undirected graph. The graph is defined in the adjacency matrix A.\n   A is an NxN adjacency matrix stored in row-major. A is an undirected graph.\n   Use HPX to compute in parallel.  Assume HPX has already been initialized.\n   Example:\n\n	 input: [[0, 0, 0, 1], [0, 0, 0, 1], [0, 0, 0, 1], [1, 1, 1, 0]]\n   output: 3\n*/\nint maxDegree(std::vector<int> const& A, size_t N) {",17_graph_highest_degree,graph,cpp,hpx,0.2,0.95,True,2048,False,"int maxDegree(std::vector<int> const& A, size_t N) {\n    if (N == 0) return 0;\n\n    auto first = hpx::util::counting_iterator<std::size_t>(0);\n    auto last  = hpx::util::counting_iterator<std::size_t>(N);\n\n    return hpx::transform_reduce(\n        hpx::execution::par, first, last, 0,\n        [](int a, int b) { return std::max(a, b); },\n        [&](std::size_t i) {\n            auto row = A.data() + i * N;\n            int deg = std::accumulate(row, row + N, 0);\n            return deg - row[i]; // ignore diagonal\n        }\n    );\n}",True,True,0.0033817024,6,N/A,,,,,15.38021969795227,2.0,True,True,0.002356746,4.0
"#include <hpx/hpx_main.hpp>\n\n/* Compute the highest node degree in the undirected graph. The graph is defined in the adjacency matrix A.\n   A is an NxN adjacency matrix stored in row-major. A is an undirected graph.\n   Use HPX to compute in parallel.  Assume HPX has already been initialized.\n   Example:\n\n	 input: [[0, 0, 0, 1], [0, 0, 0, 1], [0, 0, 0, 1], [1, 1, 1, 0]]\n   output: 3\n*/\nint maxDegree(std::vector<int> const& A, size_t N) {",17_graph_highest_degree,graph,cpp,hpx,0.2,0.95,True,2048,False,"int maxDegree(std::vector<int> const& A, size_t N) {\n    if (N == 0) return 0;\n\n    auto first = hpx::util::counting_iterator<std::size_t>(0);\n    auto last  = hpx::util::counting_iterator<std::size_t>(N);\n\n    return hpx::transform_reduce(\n        hpx::execution::par, first, last, 0,\n        [](int a, int b) { return std::max(a, b); },\n        [&](std::size_t i) {\n            auto row = A.data() + i * N;\n            int deg = std::accumulate(row, row + N, 0);\n            return deg - row[i]; // ignore diagonal\n        }\n    );\n}",True,True,0.0033817024,6,N/A,,,,,15.38021969795227,3.0,True,True,0.0019350614,8.0
"#include <hpx/hpx_main.hpp>\n\n/* Compute the highest node degree in the undirected graph. The graph is defined in the adjacency matrix A.\n   A is an NxN adjacency matrix stored in row-major. A is an undirected graph.\n   Use HPX to compute in parallel.  Assume HPX has already been initialized.\n   Example:\n\n	 input: [[0, 0, 0, 1], [0, 0, 0, 1], [0, 0, 0, 1], [1, 1, 1, 0]]\n   output: 3\n*/\nint maxDegree(std::vector<int> const& A, size_t N) {",17_graph_highest_degree,graph,cpp,hpx,0.2,0.95,True,2048,False,"int maxDegree(std::vector<int> const& A, size_t N) {\n    if (N == 0) return 0;\n\n    auto first = hpx::util::counting_iterator<std::size_t>(0);\n    auto last  = hpx::util::counting_iterator<std::size_t>(N);\n\n    return hpx::transform_reduce(\n        hpx::execution::par, first, last, 0,\n        [](int a, int b) { return std::max(a, b); },\n        [&](std::size_t i) {\n            auto row = A.data() + i * N;\n            int deg = std::accumulate(row, row + N, 0);\n            return deg - row[i]; // ignore diagonal\n        }\n    );\n}",True,True,0.0033817024,6,N/A,,,,,15.38021969795227,4.0,True,True,0.001900842,16.0
"#include <hpx/hpx_main.hpp>\n\n/* Compute the highest node degree in the undirected graph. The graph is defined in the adjacency matrix A.\n   A is an NxN adjacency matrix stored in row-major. A is an undirected graph.\n   Use HPX to compute in parallel.  Assume HPX has already been initialized.\n   Example:\n\n	 input: [[0, 0, 0, 1], [0, 0, 0, 1], [0, 0, 0, 1], [1, 1, 1, 0]]\n   output: 3\n*/\nint maxDegree(std::vector<int> const& A, size_t N) {",17_graph_highest_degree,graph,cpp,hpx,0.2,0.95,True,2048,False,"int maxDegree(std::vector<int> const& A, size_t N) {\n    using hpx::execution::par;\n    auto first = hpx::util::make_counting_iterator<std::size_t>(0);\n    auto last  = hpx",False,True,,7,N/A,,,,,14.34175157546997,,,,,
"#include <hpx/hpx_main.hpp>\n\n/* Compute the highest node degree in the undirected graph. The graph is defined in the adjacency matrix A.\n   A is an NxN adjacency matrix stored in row-major. A is an undirected graph.\n   Use HPX to compute in parallel.  Assume HPX has already been initialized.\n   Example:\n\n	 input: [[0, 0, 0, 1], [0, 0, 0, 1], [0, 0, 0, 1], [1, 1, 1, 0]]\n   output: 3\n*/\nint maxDegree(std::vector<int> const& A, size_t N) {",17_graph_highest_degree,graph,cpp,hpx,0.2,0.95,True,2048,False,"int maxDegree(std::vector<int> const& A, size_t N) {\n    using hpx::execution::par;\n    using hpx::util::counting_iterator;\n\n    auto first = counting_iterator<size_t>(0);\n    auto last  = counting_iterator<size_t>(N);\n\n    return hpx::transform_reduce(\n        par, first, last, 0,\n        [](int a, int b) { return a > b ? a : b; },            // max\n        [&](size_t i) {                                        // degree of row i\n            int deg = 0;\n            size_t base = i * N;\n            for (size_t j = 0; j < N; ++j) deg += A[base + j];\n            return deg;\n        });\n}",True,True,0.0033694572,8,N/A,,,,,14.575678586959839,0.0,True,True,0.0044135642,1.0
"#include <hpx/hpx_main.hpp>\n\n/* Compute the highest node degree in the undirected graph. The graph is defined in the adjacency matrix A.\n   A is an NxN adjacency matrix stored in row-major. A is an undirected graph.\n   Use HPX to compute in parallel.  Assume HPX has already been initialized.\n   Example:\n\n	 input: [[0, 0, 0, 1], [0, 0, 0, 1], [0, 0, 0, 1], [1, 1, 1, 0]]\n   output: 3\n*/\nint maxDegree(std::vector<int> const& A, size_t N) {",17_graph_highest_degree,graph,cpp,hpx,0.2,0.95,True,2048,False,"int maxDegree(std::vector<int> const& A, size_t N) {\n    using hpx::execution::par;\n    using hpx::util::counting_iterator;\n\n    auto first = counting_iterator<size_t>(0);\n    auto last  = counting_iterator<size_t>(N);\n\n    return hpx::transform_reduce(\n        par, first, last, 0,\n        [](int a, int b) { return a > b ? a : b; },            // max\n        [&](size_t i) {                                        // degree of row i\n            int deg = 0;\n            size_t base = i * N;\n            for (size_t j = 0; j < N; ++j) deg += A[base + j];\n            return deg;\n        });\n}",True,True,0.0033694572,8,N/A,,,,,14.575678586959839,1.0,True,True,0.0031883294,2.0
"#include <hpx/hpx_main.hpp>\n\n/* Compute the highest node degree in the undirected graph. The graph is defined in the adjacency matrix A.\n   A is an NxN adjacency matrix stored in row-major. A is an undirected graph.\n   Use HPX to compute in parallel.  Assume HPX has already been initialized.\n   Example:\n\n	 input: [[0, 0, 0, 1], [0, 0, 0, 1], [0, 0, 0, 1], [1, 1, 1, 0]]\n   output: 3\n*/\nint maxDegree(std::vector<int> const& A, size_t N) {",17_graph_highest_degree,graph,cpp,hpx,0.2,0.95,True,2048,False,"int maxDegree(std::vector<int> const& A, size_t N) {\n    using hpx::execution::par;\n    using hpx::util::counting_iterator;\n\n    auto first = counting_iterator<size_t>(0);\n    auto last  = counting_iterator<size_t>(N);\n\n    return hpx::transform_reduce(\n        par, first, last, 0,\n        [](int a, int b) { return a > b ? a : b; },            // max\n        [&](size_t i) {                                        // degree of row i\n            int deg = 0;\n            size_t base = i * N;\n            for (size_t j = 0; j < N; ++j) deg += A[base + j];\n            return deg;\n        });\n}",True,True,0.0033694572,8,N/A,,,,,14.575678586959839,2.0,True,True,0.002267336,4.0
"#include <hpx/hpx_main.hpp>\n\n/* Compute the highest node degree in the undirected graph. The graph is defined in the adjacency matrix A.\n   A is an NxN adjacency matrix stored in row-major. A is an undirected graph.\n   Use HPX to compute in parallel.  Assume HPX has already been initialized.\n   Example:\n\n	 input: [[0, 0, 0, 1], [0, 0, 0, 1], [0, 0, 0, 1], [1, 1, 1, 0]]\n   output: 3\n*/\nint maxDegree(std::vector<int> const& A, size_t N) {",17_graph_highest_degree,graph,cpp,hpx,0.2,0.95,True,2048,False,"int maxDegree(std::vector<int> const& A, size_t N) {\n    using hpx::execution::par;\n    using hpx::util::counting_iterator;\n\n    auto first = counting_iterator<size_t>(0);\n    auto last  = counting_iterator<size_t>(N);\n\n    return hpx::transform_reduce(\n        par, first, last, 0,\n        [](int a, int b) { return a > b ? a : b; },            // max\n        [&](size_t i) {                                        // degree of row i\n            int deg = 0;\n            size_t base = i * N;\n            for (size_t j = 0; j < N; ++j) deg += A[base + j];\n            return deg;\n        });\n}",True,True,0.0033694572,8,N/A,,,,,14.575678586959839,3.0,True,True,0.0019626656,8.0
"#include <hpx/hpx_main.hpp>\n\n/* Compute the highest node degree in the undirected graph. The graph is defined in the adjacency matrix A.\n   A is an NxN adjacency matrix stored in row-major. A is an undirected graph.\n   Use HPX to compute in parallel.  Assume HPX has already been initialized.\n   Example:\n\n	 input: [[0, 0, 0, 1], [0, 0, 0, 1], [0, 0, 0, 1], [1, 1, 1, 0]]\n   output: 3\n*/\nint maxDegree(std::vector<int> const& A, size_t N) {",17_graph_highest_degree,graph,cpp,hpx,0.2,0.95,True,2048,False,"int maxDegree(std::vector<int> const& A, size_t N) {\n    using hpx::execution::par;\n    using hpx::util::counting_iterator;\n\n    auto first = counting_iterator<size_t>(0);\n    auto last  = counting_iterator<size_t>(N);\n\n    return hpx::transform_reduce(\n        par, first, last, 0,\n        [](int a, int b) { return a > b ? a : b; },            // max\n        [&](size_t i) {                                        // degree of row i\n            int deg = 0;\n            size_t base = i * N;\n            for (size_t j = 0; j < N; ++j) deg += A[base + j];\n            return deg;\n        });\n}",True,True,0.0033694572,8,N/A,,,,,14.575678586959839,4.0,True,True,0.0018977322,16.0
"#include <hpx/hpx_main.hpp>\n\n/* Compute the highest node degree in the undirected graph. The graph is defined in the adjacency matrix A.\n   A is an NxN adjacency matrix stored in row-major. A is an undirected graph.\n   Use HPX to compute in parallel.  Assume HPX has already been initialized.\n   Example:\n\n	 input: [[0, 0, 0, 1], [0, 0, 0, 1], [0, 0, 0, 1], [1, 1, 1, 0]]\n   output: 3\n*/\nint maxDegree(std::vector<int> const& A, size_t N) {",17_graph_highest_degree,graph,cpp,hpx,0.2,0.95,True,2048,False,"int maxDegree(std::vector<int> const& A, size_t N) {\n    if (N == 0) return 0;\n\n    auto first = hpx::util::counting_iterator<size_t>(0);\n    auto last  = hpx::util::counting_iterator<size_t>(N);\n\n    return hpx::transform_reduce(\n        hpx::execution::par, first, last,\n        0,\n        [](int a, int b) { return a > b ? a : b; },\n        [&](size_t i) {\n            int deg = 0;\n            size_t base = i * N;\n            for (size_t j = 0; j < N; ++j) deg += A[base + j];\n            // exclude self-loop if present\n            deg -= A[base + i];\n            return deg;\n        }\n    );\n}",True,True,0.0033176892,9,N/A,,,,,12.960834980010986,0.0,True,True,0.0047159148,1.0
"#include <hpx/hpx_main.hpp>\n\n/* Compute the highest node degree in the undirected graph. The graph is defined in the adjacency matrix A.\n   A is an NxN adjacency matrix stored in row-major. A is an undirected graph.\n   Use HPX to compute in parallel.  Assume HPX has already been initialized.\n   Example:\n\n	 input: [[0, 0, 0, 1], [0, 0, 0, 1], [0, 0, 0, 1], [1, 1, 1, 0]]\n   output: 3\n*/\nint maxDegree(std::vector<int> const& A, size_t N) {",17_graph_highest_degree,graph,cpp,hpx,0.2,0.95,True,2048,False,"int maxDegree(std::vector<int> const& A, size_t N) {\n    if (N == 0) return 0;\n\n    auto first = hpx::util::counting_iterator<size_t>(0);\n    auto last  = hpx::util::counting_iterator<size_t>(N);\n\n    return hpx::transform_reduce(\n        hpx::execution::par, first, last,\n        0,\n        [](int a, int b) { return a > b ? a : b; },\n        [&](size_t i) {\n            int deg = 0;\n            size_t base = i * N;\n            for (size_t j = 0; j < N; ++j) deg += A[base + j];\n            // exclude self-loop if present\n            deg -= A[base + i];\n            return deg;\n        }\n    );\n}",True,True,0.0033176892,9,N/A,,,,,12.960834980010986,1.0,True,True,0.0034289946,2.0
"#include <hpx/hpx_main.hpp>\n\n/* Compute the highest node degree in the undirected graph. The graph is defined in the adjacency matrix A.\n   A is an NxN adjacency matrix stored in row-major. A is an undirected graph.\n   Use HPX to compute in parallel.  Assume HPX has already been initialized.\n   Example:\n\n	 input: [[0, 0, 0, 1], [0, 0, 0, 1], [0, 0, 0, 1], [1, 1, 1, 0]]\n   output: 3\n*/\nint maxDegree(std::vector<int> const& A, size_t N) {",17_graph_highest_degree,graph,cpp,hpx,0.2,0.95,True,2048,False,"int maxDegree(std::vector<int> const& A, size_t N) {\n    if (N == 0) return 0;\n\n    auto first = hpx::util::counting_iterator<size_t>(0);\n    auto last  = hpx::util::counting_iterator<size_t>(N);\n\n    return hpx::transform_reduce(\n        hpx::execution::par, first, last,\n        0,\n        [](int a, int b) { return a > b ? a : b; },\n        [&](size_t i) {\n            int deg = 0;\n            size_t base = i * N;\n            for (size_t j = 0; j < N; ++j) deg += A[base + j];\n            // exclude self-loop if present\n            deg -= A[base + i];\n            return deg;\n        }\n    );\n}",True,True,0.0033176892,9,N/A,,,,,12.960834980010986,2.0,True,True,0.0023217076,4.0
"#include <hpx/hpx_main.hpp>\n\n/* Compute the highest node degree in the undirected graph. The graph is defined in the adjacency matrix A.\n   A is an NxN adjacency matrix stored in row-major. A is an undirected graph.\n   Use HPX to compute in parallel.  Assume HPX has already been initialized.\n   Example:\n\n	 input: [[0, 0, 0, 1], [0, 0, 0, 1], [0, 0, 0, 1], [1, 1, 1, 0]]\n   output: 3\n*/\nint maxDegree(std::vector<int> const& A, size_t N) {",17_graph_highest_degree,graph,cpp,hpx,0.2,0.95,True,2048,False,"int maxDegree(std::vector<int> const& A, size_t N) {\n    if (N == 0) return 0;\n\n    auto first = hpx::util::counting_iterator<size_t>(0);\n    auto last  = hpx::util::counting_iterator<size_t>(N);\n\n    return hpx::transform_reduce(\n        hpx::execution::par, first, last,\n        0,\n        [](int a, int b) { return a > b ? a : b; },\n        [&](size_t i) {\n            int deg = 0;\n            size_t base = i * N;\n            for (size_t j = 0; j < N; ++j) deg += A[base + j];\n            // exclude self-loop if present\n            deg -= A[base + i];\n            return deg;\n        }\n    );\n}",True,True,0.0033176892,9,N/A,,,,,12.960834980010986,3.0,True,True,0.0019813532,8.0
"#include <hpx/hpx_main.hpp>\n\n/* Compute the highest node degree in the undirected graph. The graph is defined in the adjacency matrix A.\n   A is an NxN adjacency matrix stored in row-major. A is an undirected graph.\n   Use HPX to compute in parallel.  Assume HPX has already been initialized.\n   Example:\n\n	 input: [[0, 0, 0, 1], [0, 0, 0, 1], [0, 0, 0, 1], [1, 1, 1, 0]]\n   output: 3\n*/\nint maxDegree(std::vector<int> const& A, size_t N) {",17_graph_highest_degree,graph,cpp,hpx,0.2,0.95,True,2048,False,"int maxDegree(std::vector<int> const& A, size_t N) {\n    if (N == 0) return 0;\n\n    auto first = hpx::util::counting_iterator<size_t>(0);\n    auto last  = hpx::util::counting_iterator<size_t>(N);\n\n    return hpx::transform_reduce(\n        hpx::execution::par, first, last,\n        0,\n        [](int a, int b) { return a > b ? a : b; },\n        [&](size_t i) {\n            int deg = 0;\n            size_t base = i * N;\n            for (size_t j = 0; j < N; ++j) deg += A[base + j];\n            // exclude self-loop if present\n            deg -= A[base + i];\n            return deg;\n        }\n    );\n}",True,True,0.0033176892,9,N/A,,,,,12.960834980010986,4.0,True,True,0.0019904926,16.0
"#include <hpx/hpx_main.hpp>\n\n/* Compute the highest node degree in the undirected graph. The graph is defined in the adjacency matrix A.\n   A is an NxN adjacency matrix stored in row-major. A is an undirected graph.\n   Use HPX to compute in parallel.  Assume HPX has already been initialized.\n   Example:\n\n	 input: [[0, 0, 0, 1], [0, 0, 0, 1], [0, 0, 0, 1], [1, 1, 1, 0]]\n   output: 3\n*/\nint maxDegree(std::vector<int> const& A, size_t N) {",17_graph_highest_degree,graph,cpp,hpx,0.2,0.95,True,2048,False,"int maxDegree(std::vector<int> const& A, size_t N) {\n    if (N == 0) return 0;\n\n    std::vector<hpx::future<int>> futs;\n    futs.reserve(N);\n\n    for (size_t i = 0; i < N; ++i) {\n        futs.emplace_back(hpx::async([&, i]() -> int {\n            int deg = 0;\n            size_t base = i * N;\n            for (size_t j = 0; j < N; ++j)\n                deg += A[base + j];\n            return deg;\n        }));\n    }\n\n    int maxdeg = 0;\n    for (auto& f : futs)\n        maxdeg = std::max(maxdeg, f.get());\n\n    return maxdeg;\n}",True,True,0.0034833998,10,N/A,,,,,15.089162826538086,0.0,True,True,0.0074706366,1.0
"#include <hpx/hpx_main.hpp>\n\n/* Compute the highest node degree in the undirected graph. The graph is defined in the adjacency matrix A.\n   A is an NxN adjacency matrix stored in row-major. A is an undirected graph.\n   Use HPX to compute in parallel.  Assume HPX has already been initialized.\n   Example:\n\n	 input: [[0, 0, 0, 1], [0, 0, 0, 1], [0, 0, 0, 1], [1, 1, 1, 0]]\n   output: 3\n*/\nint maxDegree(std::vector<int> const& A, size_t N) {",17_graph_highest_degree,graph,cpp,hpx,0.2,0.95,True,2048,False,"int maxDegree(std::vector<int> const& A, size_t N) {\n    if (N == 0) return 0;\n\n    std::vector<hpx::future<int>> futs;\n    futs.reserve(N);\n\n    for (size_t i = 0; i < N; ++i) {\n        futs.emplace_back(hpx::async([&, i]() -> int {\n            int deg = 0;\n            size_t base = i * N;\n            for (size_t j = 0; j < N; ++j)\n                deg += A[base + j];\n            return deg;\n        }));\n    }\n\n    int maxdeg = 0;\n    for (auto& f : futs)\n        maxdeg = std::max(maxdeg, f.get());\n\n    return maxdeg;\n}",True,True,0.0034833998,10,N/A,,,,,15.089162826538086,1.0,True,True,0.0071857916,2.0
"#include <hpx/hpx_main.hpp>\n\n/* Compute the highest node degree in the undirected graph. The graph is defined in the adjacency matrix A.\n   A is an NxN adjacency matrix stored in row-major. A is an undirected graph.\n   Use HPX to compute in parallel.  Assume HPX has already been initialized.\n   Example:\n\n	 input: [[0, 0, 0, 1], [0, 0, 0, 1], [0, 0, 0, 1], [1, 1, 1, 0]]\n   output: 3\n*/\nint maxDegree(std::vector<int> const& A, size_t N) {",17_graph_highest_degree,graph,cpp,hpx,0.2,0.95,True,2048,False,"int maxDegree(std::vector<int> const& A, size_t N) {\n    if (N == 0) return 0;\n\n    std::vector<hpx::future<int>> futs;\n    futs.reserve(N);\n\n    for (size_t i = 0; i < N; ++i) {\n        futs.emplace_back(hpx::async([&, i]() -> int {\n            int deg = 0;\n            size_t base = i * N;\n            for (size_t j = 0; j < N; ++j)\n                deg += A[base + j];\n            return deg;\n        }));\n    }\n\n    int maxdeg = 0;\n    for (auto& f : futs)\n        maxdeg = std::max(maxdeg, f.get());\n\n    return maxdeg;\n}",True,True,0.0034833998,10,N/A,,,,,15.089162826538086,2.0,True,True,0.0057980756,4.0
"#include <hpx/hpx_main.hpp>\n\n/* Compute the highest node degree in the undirected graph. The graph is defined in the adjacency matrix A.\n   A is an NxN adjacency matrix stored in row-major. A is an undirected graph.\n   Use HPX to compute in parallel.  Assume HPX has already been initialized.\n   Example:\n\n	 input: [[0, 0, 0, 1], [0, 0, 0, 1], [0, 0, 0, 1], [1, 1, 1, 0]]\n   output: 3\n*/\nint maxDegree(std::vector<int> const& A, size_t N) {",17_graph_highest_degree,graph,cpp,hpx,0.2,0.95,True,2048,False,"int maxDegree(std::vector<int> const& A, size_t N) {\n    if (N == 0) return 0;\n\n    std::vector<hpx::future<int>> futs;\n    futs.reserve(N);\n\n    for (size_t i = 0; i < N; ++i) {\n        futs.emplace_back(hpx::async([&, i]() -> int {\n            int deg = 0;\n            size_t base = i * N;\n            for (size_t j = 0; j < N; ++j)\n                deg += A[base + j];\n            return deg;\n        }));\n    }\n\n    int maxdeg = 0;\n    for (auto& f : futs)\n        maxdeg = std::max(maxdeg, f.get());\n\n    return maxdeg;\n}",True,True,0.0034833998,10,N/A,,,,,15.089162826538086,3.0,True,True,0.005215692,8.0
"#include <hpx/hpx_main.hpp>\n\n/* Compute the highest node degree in the undirected graph. The graph is defined in the adjacency matrix A.\n   A is an NxN adjacency matrix stored in row-major. A is an undirected graph.\n   Use HPX to compute in parallel.  Assume HPX has already been initialized.\n   Example:\n\n	 input: [[0, 0, 0, 1], [0, 0, 0, 1], [0, 0, 0, 1], [1, 1, 1, 0]]\n   output: 3\n*/\nint maxDegree(std::vector<int> const& A, size_t N) {",17_graph_highest_degree,graph,cpp,hpx,0.2,0.95,True,2048,False,"int maxDegree(std::vector<int> const& A, size_t N) {\n    if (N == 0) return 0;\n\n    std::vector<hpx::future<int>> futs;\n    futs.reserve(N);\n\n    for (size_t i = 0; i < N; ++i) {\n        futs.emplace_back(hpx::async([&, i]() -> int {\n            int deg = 0;\n            size_t base = i * N;\n            for (size_t j = 0; j < N; ++j)\n                deg += A[base + j];\n            return deg;\n        }));\n    }\n\n    int maxdeg = 0;\n    for (auto& f : futs)\n        maxdeg = std::max(maxdeg, f.get());\n\n    return maxdeg;\n}",True,True,0.0034833998,10,N/A,,,,,15.089162826538086,4.0,True,True,0.0061206004,16.0
"#include <hpx/hpx_main.hpp>\n\n/* Compute the highest node degree in the undirected graph. The graph is defined in the adjacency matrix A.\n   A is an NxN adjacency matrix stored in row-major. A is an undirected graph.\n   Use HPX to compute in parallel.  Assume HPX has already been initialized.\n   Example:\n\n	 input: [[0, 0, 0, 1], [0, 0, 0, 1], [0, 0, 0, 1], [1, 1, 1, 0]]\n   output: 3\n*/\nint maxDegree(std::vector<int> const& A, size_t N) {",17_graph_highest_degree,graph,cpp,hpx,0.2,0.95,True,2048,False,,False,False,,11,N/A,,,,,16.41257882118225,,,,,
"#include <hpx/hpx_main.hpp>\n\n/* Compute the highest node degree in the undirected graph. The graph is defined in the adjacency matrix A.\n   A is an NxN adjacency matrix stored in row-major. A is an undirected graph.\n   Use HPX to compute in parallel.  Assume HPX has already been initialized.\n   Example:\n\n	 input: [[0, 0, 0, 1], [0, 0, 0, 1], [0, 0, 0, 1], [1, 1, 1, 0]]\n   output: 3\n*/\nint maxDegree(std::vector<int> const& A, size_t N) {",17_graph_highest_degree,graph,cpp,hpx,0.2,0.95,True,2048,False,,False,False,,12,N/A,,,,,16.392770767211914,,,,,
"#include <hpx/hpx_main.hpp>\n\n/* Compute the highest node degree in the undirected graph. The graph is defined in the adjacency matrix A.\n   A is an NxN adjacency matrix stored in row-major. A is an undirected graph.\n   Use HPX to compute in parallel.  Assume HPX has already been initialized.\n   Example:\n\n	 input: [[0, 0, 0, 1], [0, 0, 0, 1], [0, 0, 0, 1], [1, 1, 1, 0]]\n   output: 3\n*/\nint maxDegree(std::vector<int> const& A, size_t N) {",17_graph_highest_degree,graph,cpp,hpx,0.2,0.95,True,2048,False,,False,False,,13,N/A,,,,,16.740560293197632,,,,,
"#include <hpx/hpx_main.hpp>\n\n/* Compute the highest node degree in the undirected graph. The graph is defined in the adjacency matrix A.\n   A is an NxN adjacency matrix stored in row-major. A is an undirected graph.\n   Use HPX to compute in parallel.  Assume HPX has already been initialized.\n   Example:\n\n	 input: [[0, 0, 0, 1], [0, 0, 0, 1], [0, 0, 0, 1], [1, 1, 1, 0]]\n   output: 3\n*/\nint maxDegree(std::vector<int> const& A, size_t N) {",17_graph_highest_degree,graph,cpp,hpx,0.2,0.95,True,2048,False,"int maxDegree(std::vector<int> const& A, size_t N) {\n    if (N == 0) return 0;\n\n    using hpx::execution::par;\n    auto first = hpx::util::counting_iterator<std::size_t>(0);\n    auto last  = hpx::util::counting_iterator<std::size_t>(N);\n\n    auto row_degree = [&](std::size_t i) -> int {\n        std::size_t off = i * N;\n        int s = 0;\n        for (std::size_t j = 0; j < N; ++j)\n            if (j != i) s += A[off + j];\n        return s;\n    };\n\n    return hpx::transform_reduce(\n        par, first, last, 0,\n        [](int a, int b) { return a > b ? a : b; },\n        row_degree\n    );\n}",True,True,0.0034201756,14,N/A,,,,,13.938976764678955,0.0,True,True,0.0091727252,1.0
"#include <hpx/hpx_main.hpp>\n\n/* Compute the highest node degree in the undirected graph. The graph is defined in the adjacency matrix A.\n   A is an NxN adjacency matrix stored in row-major. A is an undirected graph.\n   Use HPX to compute in parallel.  Assume HPX has already been initialized.\n   Example:\n\n	 input: [[0, 0, 0, 1], [0, 0, 0, 1], [0, 0, 0, 1], [1, 1, 1, 0]]\n   output: 3\n*/\nint maxDegree(std::vector<int> const& A, size_t N) {",17_graph_highest_degree,graph,cpp,hpx,0.2,0.95,True,2048,False,"int maxDegree(std::vector<int> const& A, size_t N) {\n    if (N == 0) return 0;\n\n    using hpx::execution::par;\n    auto first = hpx::util::counting_iterator<std::size_t>(0);\n    auto last  = hpx::util::counting_iterator<std::size_t>(N);\n\n    auto row_degree = [&](std::size_t i) -> int {\n        std::size_t off = i * N;\n        int s = 0;\n        for (std::size_t j = 0; j < N; ++j)\n            if (j != i) s += A[off + j];\n        return s;\n    };\n\n    return hpx::transform_reduce(\n        par, first, last, 0,\n        [](int a, int b) { return a > b ? a : b; },\n        row_degree\n    );\n}",True,True,0.0034201756,14,N/A,,,,,13.938976764678955,1.0,True,True,0.004899696,2.0
"#include <hpx/hpx_main.hpp>\n\n/* Compute the highest node degree in the undirected graph. The graph is defined in the adjacency matrix A.\n   A is an NxN adjacency matrix stored in row-major. A is an undirected graph.\n   Use HPX to compute in parallel.  Assume HPX has already been initialized.\n   Example:\n\n	 input: [[0, 0, 0, 1], [0, 0, 0, 1], [0, 0, 0, 1], [1, 1, 1, 0]]\n   output: 3\n*/\nint maxDegree(std::vector<int> const& A, size_t N) {",17_graph_highest_degree,graph,cpp,hpx,0.2,0.95,True,2048,False,"int maxDegree(std::vector<int> const& A, size_t N) {\n    if (N == 0) return 0;\n\n    using hpx::execution::par;\n    auto first = hpx::util::counting_iterator<std::size_t>(0);\n    auto last  = hpx::util::counting_iterator<std::size_t>(N);\n\n    auto row_degree = [&](std::size_t i) -> int {\n        std::size_t off = i * N;\n        int s = 0;\n        for (std::size_t j = 0; j < N; ++j)\n            if (j != i) s += A[off + j];\n        return s;\n    };\n\n    return hpx::transform_reduce(\n        par, first, last, 0,\n        [](int a, int b) { return a > b ? a : b; },\n        row_degree\n    );\n}",True,True,0.0034201756,14,N/A,,,,,13.938976764678955,2.0,True,True,0.0028173968,4.0
"#include <hpx/hpx_main.hpp>\n\n/* Compute the highest node degree in the undirected graph. The graph is defined in the adjacency matrix A.\n   A is an NxN adjacency matrix stored in row-major. A is an undirected graph.\n   Use HPX to compute in parallel.  Assume HPX has already been initialized.\n   Example:\n\n	 input: [[0, 0, 0, 1], [0, 0, 0, 1], [0, 0, 0, 1], [1, 1, 1, 0]]\n   output: 3\n*/\nint maxDegree(std::vector<int> const& A, size_t N) {",17_graph_highest_degree,graph,cpp,hpx,0.2,0.95,True,2048,False,"int maxDegree(std::vector<int> const& A, size_t N) {\n    if (N == 0) return 0;\n\n    using hpx::execution::par;\n    auto first = hpx::util::counting_iterator<std::size_t>(0);\n    auto last  = hpx::util::counting_iterator<std::size_t>(N);\n\n    auto row_degree = [&](std::size_t i) -> int {\n        std::size_t off = i * N;\n        int s = 0;\n        for (std::size_t j = 0; j < N; ++j)\n            if (j != i) s += A[off + j];\n        return s;\n    };\n\n    return hpx::transform_reduce(\n        par, first, last, 0,\n        [](int a, int b) { return a > b ? a : b; },\n        row_degree\n    );\n}",True,True,0.0034201756,14,N/A,,,,,13.938976764678955,3.0,True,True,0.0018663628,8.0
"#include <hpx/hpx_main.hpp>\n\n/* Compute the highest node degree in the undirected graph. The graph is defined in the adjacency matrix A.\n   A is an NxN adjacency matrix stored in row-major. A is an undirected graph.\n   Use HPX to compute in parallel.  Assume HPX has already been initialized.\n   Example:\n\n	 input: [[0, 0, 0, 1], [0, 0, 0, 1], [0, 0, 0, 1], [1, 1, 1, 0]]\n   output: 3\n*/\nint maxDegree(std::vector<int> const& A, size_t N) {",17_graph_highest_degree,graph,cpp,hpx,0.2,0.95,True,2048,False,"int maxDegree(std::vector<int> const& A, size_t N) {\n    if (N == 0) return 0;\n\n    using hpx::execution::par;\n    auto first = hpx::util::counting_iterator<std::size_t>(0);\n    auto last  = hpx::util::counting_iterator<std::size_t>(N);\n\n    auto row_degree = [&](std::size_t i) -> int {\n        std::size_t off = i * N;\n        int s = 0;\n        for (std::size_t j = 0; j < N; ++j)\n            if (j != i) s += A[off + j];\n        return s;\n    };\n\n    return hpx::transform_reduce(\n        par, first, last, 0,\n        [](int a, int b) { return a > b ? a : b; },\n        row_degree\n    );\n}",True,True,0.0034201756,14,N/A,,,,,13.938976764678955,4.0,True,True,0.0018993834,16.0
"#include <hpx/hpx_main.hpp>\n\n/* Compute the highest node degree in the undirected graph. The graph is defined in the adjacency matrix A.\n   A is an NxN adjacency matrix stored in row-major. A is an undirected graph.\n   Use HPX to compute in parallel.  Assume HPX has already been initialized.\n   Example:\n\n	 input: [[0, 0, 0, 1], [0, 0, 0, 1], [0, 0, 0, 1], [1, 1, 1, 0]]\n   output: 3\n*/\nint maxDegree(std::vector<int> const& A, size_t N) {",17_graph_highest_degree,graph,cpp,hpx,0.2,0.95,True,2048,False,"int maxDegree(std::vector<int> const& A, size_t N) {\n    if (N == 0 || A.size() != N * N) return 0;\n\n    std::vector<int> degrees(N, 0);\n\n    hpx::for_loop(hpx::execution::par, size_t(0), N, [&](size_t i) {\n        int sum = 0;\n        size_t base = i * N;\n        for (size_t j = 0; j < N; ++j) sum += A[base + j];\n        degrees[i] = sum;\n    });\n\n    return hpx::reduce(hpx::execution::par, degrees.begin(), degrees.end(), 0,\n                       [](int a, int b) { return a > b ? a : b; });\n}",True,True,0.0036462214,15,N/A,,,,,15.502763509750366,0.0,True,True,0.0050554218,1.0
"#include <hpx/hpx_main.hpp>\n\n/* Compute the highest node degree in the undirected graph. The graph is defined in the adjacency matrix A.\n   A is an NxN adjacency matrix stored in row-major. A is an undirected graph.\n   Use HPX to compute in parallel.  Assume HPX has already been initialized.\n   Example:\n\n	 input: [[0, 0, 0, 1], [0, 0, 0, 1], [0, 0, 0, 1], [1, 1, 1, 0]]\n   output: 3\n*/\nint maxDegree(std::vector<int> const& A, size_t N) {",17_graph_highest_degree,graph,cpp,hpx,0.2,0.95,True,2048,False,"int maxDegree(std::vector<int> const& A, size_t N) {\n    if (N == 0 || A.size() != N * N) return 0;\n\n    std::vector<int> degrees(N, 0);\n\n    hpx::for_loop(hpx::execution::par, size_t(0), N, [&](size_t i) {\n        int sum = 0;\n        size_t base = i * N;\n        for (size_t j = 0; j < N; ++j) sum += A[base + j];\n        degrees[i] = sum;\n    });\n\n    return hpx::reduce(hpx::execution::par, degrees.begin(), degrees.end(), 0,\n                       [](int a, int b) { return a > b ? a : b; });\n}",True,True,0.0036462214,15,N/A,,,,,15.502763509750366,1.0,True,True,0.0030104338,2.0
"#include <hpx/hpx_main.hpp>\n\n/* Compute the highest node degree in the undirected graph. The graph is defined in the adjacency matrix A.\n   A is an NxN adjacency matrix stored in row-major. A is an undirected graph.\n   Use HPX to compute in parallel.  Assume HPX has already been initialized.\n   Example:\n\n	 input: [[0, 0, 0, 1], [0, 0, 0, 1], [0, 0, 0, 1], [1, 1, 1, 0]]\n   output: 3\n*/\nint maxDegree(std::vector<int> const& A, size_t N) {",17_graph_highest_degree,graph,cpp,hpx,0.2,0.95,True,2048,False,"int maxDegree(std::vector<int> const& A, size_t N) {\n    if (N == 0 || A.size() != N * N) return 0;\n\n    std::vector<int> degrees(N, 0);\n\n    hpx::for_loop(hpx::execution::par, size_t(0), N, [&](size_t i) {\n        int sum = 0;\n        size_t base = i * N;\n        for (size_t j = 0; j < N; ++j) sum += A[base + j];\n        degrees[i] = sum;\n    });\n\n    return hpx::reduce(hpx::execution::par, degrees.begin(), degrees.end(), 0,\n                       [](int a, int b) { return a > b ? a : b; });\n}",True,True,0.0036462214,15,N/A,,,,,15.502763509750366,2.0,True,True,0.0023601844,4.0
"#include <hpx/hpx_main.hpp>\n\n/* Compute the highest node degree in the undirected graph. The graph is defined in the adjacency matrix A.\n   A is an NxN adjacency matrix stored in row-major. A is an undirected graph.\n   Use HPX to compute in parallel.  Assume HPX has already been initialized.\n   Example:\n\n	 input: [[0, 0, 0, 1], [0, 0, 0, 1], [0, 0, 0, 1], [1, 1, 1, 0]]\n   output: 3\n*/\nint maxDegree(std::vector<int> const& A, size_t N) {",17_graph_highest_degree,graph,cpp,hpx,0.2,0.95,True,2048,False,"int maxDegree(std::vector<int> const& A, size_t N) {\n    if (N == 0 || A.size() != N * N) return 0;\n\n    std::vector<int> degrees(N, 0);\n\n    hpx::for_loop(hpx::execution::par, size_t(0), N, [&](size_t i) {\n        int sum = 0;\n        size_t base = i * N;\n        for (size_t j = 0; j < N; ++j) sum += A[base + j];\n        degrees[i] = sum;\n    });\n\n    return hpx::reduce(hpx::execution::par, degrees.begin(), degrees.end(), 0,\n                       [](int a, int b) { return a > b ? a : b; });\n}",True,True,0.0036462214,15,N/A,,,,,15.502763509750366,3.0,True,True,0.0020737546,8.0
"#include <hpx/hpx_main.hpp>\n\n/* Compute the highest node degree in the undirected graph. The graph is defined in the adjacency matrix A.\n   A is an NxN adjacency matrix stored in row-major. A is an undirected graph.\n   Use HPX to compute in parallel.  Assume HPX has already been initialized.\n   Example:\n\n	 input: [[0, 0, 0, 1], [0, 0, 0, 1], [0, 0, 0, 1], [1, 1, 1, 0]]\n   output: 3\n*/\nint maxDegree(std::vector<int> const& A, size_t N) {",17_graph_highest_degree,graph,cpp,hpx,0.2,0.95,True,2048,False,"int maxDegree(std::vector<int> const& A, size_t N) {\n    if (N == 0 || A.size() != N * N) return 0;\n\n    std::vector<int> degrees(N, 0);\n\n    hpx::for_loop(hpx::execution::par, size_t(0), N, [&](size_t i) {\n        int sum = 0;\n        size_t base = i * N;\n        for (size_t j = 0; j < N; ++j) sum += A[base + j];\n        degrees[i] = sum;\n    });\n\n    return hpx::reduce(hpx::execution::par, degrees.begin(), degrees.end(), 0,\n                       [](int a, int b) { return a > b ? a : b; });\n}",True,True,0.0036462214,15,N/A,,,,,15.502763509750366,4.0,True,True,0.0026757358,16.0
"#include <hpx/hpx_main.hpp>\n\n/* Compute the highest node degree in the undirected graph. The graph is defined in the adjacency matrix A.\n   A is an NxN adjacency matrix stored in row-major. A is an undirected graph.\n   Use HPX to compute in parallel.  Assume HPX has already been initialized.\n   Example:\n\n	 input: [[0, 0, 0, 1], [0, 0, 0, 1], [0, 0, 0, 1], [1, 1, 1, 0]]\n   output: 3\n*/\nint maxDegree(std::vector<int> const& A, size_t N) {",17_graph_highest_degree,graph,cpp,hpx,0.2,0.95,True,2048,False,,False,False,,16,N/A,,,,,16.48508644104004,,,,,
"#include <hpx/hpx_main.hpp>\n\n/* Compute the highest node degree in the undirected graph. The graph is defined in the adjacency matrix A.\n   A is an NxN adjacency matrix stored in row-major. A is an undirected graph.\n   Use HPX to compute in parallel.  Assume HPX has already been initialized.\n   Example:\n\n	 input: [[0, 0, 0, 1], [0, 0, 0, 1], [0, 0, 0, 1], [1, 1, 1, 0]]\n   output: 3\n*/\nint maxDegree(std::vector<int> const& A, size_t N) {",17_graph_highest_degree,graph,cpp,hpx,0.2,0.95,True,2048,False,,False,False,,17,N/A,,,,,16.559418439865112,,,,,
"#include <hpx/hpx_main.hpp>\n\n/* Compute the highest node degree in the undirected graph. The graph is defined in the adjacency matrix A.\n   A is an NxN adjacency matrix stored in row-major. A is an undirected graph.\n   Use HPX to compute in parallel.  Assume HPX has already been initialized.\n   Example:\n\n	 input: [[0, 0, 0, 1], [0, 0, 0, 1], [0, 0, 0, 1], [1, 1, 1, 0]]\n   output: 3\n*/\nint maxDegree(std::vector<int> const& A, size_t N) {",17_graph_highest_degree,graph,cpp,hpx,0.2,0.95,True,2048,False,,False,False,,18,N/A,,,,,15.934791564941406,,,,,
"#include <hpx/hpx_main.hpp>\n\n/* Compute the highest node degree in the undirected graph. The graph is defined in the adjacency matrix A.\n   A is an NxN adjacency matrix stored in row-major. A is an undirected graph.\n   Use HPX to compute in parallel.  Assume HPX has already been initialized.\n   Example:\n\n	 input: [[0, 0, 0, 1], [0, 0, 0, 1], [0, 0, 0, 1], [1, 1, 1, 0]]\n   output: 3\n*/\nint maxDegree(std::vector<int> const& A, size_t N) {",17_graph_highest_degree,graph,cpp,hpx,0.2,0.95,True,2048,False,"int maxDegree(std::vector<int> const& A, size_t N) {\n    if (N == 0) return 0;\n\n    auto first = hpx::util::counting_iterator<size_t>(0);\n    auto last  = first + N;\n\n    return hpx::transform_reduce(\n        hpx::execution::par,\n        first, last,\n        0,\n        [](int a, int b) { return a > b ? a : b; },\n        [&](size_t i) {\n            int sum = 0;\n            size_t base = i * N;\n            for (size_t j = 0; j < N; ++j)\n                sum += A[base + j];\n            return sum;\n        });\n}",True,True,0.0034012838,19,N/A,,,,,13.666664361953735,0.0,True,True,0.0051228878,1.0
"#include <hpx/hpx_main.hpp>\n\n/* Compute the highest node degree in the undirected graph. The graph is defined in the adjacency matrix A.\n   A is an NxN adjacency matrix stored in row-major. A is an undirected graph.\n   Use HPX to compute in parallel.  Assume HPX has already been initialized.\n   Example:\n\n	 input: [[0, 0, 0, 1], [0, 0, 0, 1], [0, 0, 0, 1], [1, 1, 1, 0]]\n   output: 3\n*/\nint maxDegree(std::vector<int> const& A, size_t N) {",17_graph_highest_degree,graph,cpp,hpx,0.2,0.95,True,2048,False,"int maxDegree(std::vector<int> const& A, size_t N) {\n    if (N == 0) return 0;\n\n    auto first = hpx::util::counting_iterator<size_t>(0);\n    auto last  = first + N;\n\n    return hpx::transform_reduce(\n        hpx::execution::par,\n        first, last,\n        0,\n        [](int a, int b) { return a > b ? a : b; },\n        [&](size_t i) {\n            int sum = 0;\n            size_t base = i * N;\n            for (size_t j = 0; j < N; ++j)\n                sum += A[base + j];\n            return sum;\n        });\n}",True,True,0.0034012838,19,N/A,,,,,13.666664361953735,1.0,True,True,0.002978505,2.0
"#include <hpx/hpx_main.hpp>\n\n/* Compute the highest node degree in the undirected graph. The graph is defined in the adjacency matrix A.\n   A is an NxN adjacency matrix stored in row-major. A is an undirected graph.\n   Use HPX to compute in parallel.  Assume HPX has already been initialized.\n   Example:\n\n	 input: [[0, 0, 0, 1], [0, 0, 0, 1], [0, 0, 0, 1], [1, 1, 1, 0]]\n   output: 3\n*/\nint maxDegree(std::vector<int> const& A, size_t N) {",17_graph_highest_degree,graph,cpp,hpx,0.2,0.95,True,2048,False,"int maxDegree(std::vector<int> const& A, size_t N) {\n    if (N == 0) return 0;\n\n    auto first = hpx::util::counting_iterator<size_t>(0);\n    auto last  = first + N;\n\n    return hpx::transform_reduce(\n        hpx::execution::par,\n        first, last,\n        0,\n        [](int a, int b) { return a > b ? a : b; },\n        [&](size_t i) {\n            int sum = 0;\n            size_t base = i * N;\n            for (size_t j = 0; j < N; ++j)\n                sum += A[base + j];\n            return sum;\n        });\n}",True,True,0.0034012838,19,N/A,,,,,13.666664361953735,2.0,True,True,0.0024292136,4.0
"#include <hpx/hpx_main.hpp>\n\n/* Compute the highest node degree in the undirected graph. The graph is defined in the adjacency matrix A.\n   A is an NxN adjacency matrix stored in row-major. A is an undirected graph.\n   Use HPX to compute in parallel.  Assume HPX has already been initialized.\n   Example:\n\n	 input: [[0, 0, 0, 1], [0, 0, 0, 1], [0, 0, 0, 1], [1, 1, 1, 0]]\n   output: 3\n*/\nint maxDegree(std::vector<int> const& A, size_t N) {",17_graph_highest_degree,graph,cpp,hpx,0.2,0.95,True,2048,False,"int maxDegree(std::vector<int> const& A, size_t N) {\n    if (N == 0) return 0;\n\n    auto first = hpx::util::counting_iterator<size_t>(0);\n    auto last  = first + N;\n\n    return hpx::transform_reduce(\n        hpx::execution::par,\n        first, last,\n        0,\n        [](int a, int b) { return a > b ? a : b; },\n        [&](size_t i) {\n            int sum = 0;\n            size_t base = i * N;\n            for (size_t j = 0; j < N; ++j)\n                sum += A[base + j];\n            return sum;\n        });\n}",True,True,0.0034012838,19,N/A,,,,,13.666664361953735,3.0,True,True,0.0019351074,8.0
"#include <hpx/hpx_main.hpp>\n\n/* Compute the highest node degree in the undirected graph. The graph is defined in the adjacency matrix A.\n   A is an NxN adjacency matrix stored in row-major. A is an undirected graph.\n   Use HPX to compute in parallel.  Assume HPX has already been initialized.\n   Example:\n\n	 input: [[0, 0, 0, 1], [0, 0, 0, 1], [0, 0, 0, 1], [1, 1, 1, 0]]\n   output: 3\n*/\nint maxDegree(std::vector<int> const& A, size_t N) {",17_graph_highest_degree,graph,cpp,hpx,0.2,0.95,True,2048,False,"int maxDegree(std::vector<int> const& A, size_t N) {\n    if (N == 0) return 0;\n\n    auto first = hpx::util::counting_iterator<size_t>(0);\n    auto last  = first + N;\n\n    return hpx::transform_reduce(\n        hpx::execution::par,\n        first, last,\n        0,\n        [](int a, int b) { return a > b ? a : b; },\n        [&](size_t i) {\n            int sum = 0;\n            size_t base = i * N;\n            for (size_t j = 0; j < N; ++j)\n                sum += A[base + j];\n            return sum;\n        });\n}",True,True,0.0034012838,19,N/A,,,,,13.666664361953735,4.0,True,True,0.0020414434,16.0
"#include <hpx/hpx_main.hpp>\n\n/* Compute the highest node degree in the undirected graph. The graph is defined in the adjacency matrix A.\n   A is an NxN adjacency matrix stored in row-major. A is an undirected graph.\n   Use HPX to compute in parallel.  Assume HPX has already been initialized.\n   Example:\n\n	 input: [[0, 0, 0, 1], [0, 0, 0, 1], [0, 0, 0, 1], [1, 1, 1, 0]]\n   output: 3\n*/\nint maxDegree(std::vector<int> const& A, size_t N) {",17_graph_highest_degree,graph,cpp,hpx,0.2,0.95,True,2048,False,"{\n    if (N == 0) return 0;\n\n    int maxdeg = 0;\n    hpx::for_loop(\n        hpx::execution::par, std::size_t(0), N,\n        hpx::reduction(maxdeg, hpx::max<int>()),\n        [&](std::size_t i, auto& red) {\n            int deg = 0;\n            std::size_t base = i * N;\n            for (std::size_t j = 0; j < N; ++j) {\n                deg += A[base + j];\n            }\n            red.combine(deg);\n        });\n    return maxdeg;\n}",False,True,,20,N/A,,,,,12.792906761169434,,,,,
"#include <hpx/hpx_main.hpp>\n\n/* Compute the highest node degree in the undirected graph. The graph is defined in the adjacency matrix A.\n   A is an NxN adjacency matrix stored in row-major. A is an undirected graph.\n   Use HPX to compute in parallel.  Assume HPX has already been initialized.\n   Example:\n\n	 input: [[0, 0, 0, 1], [0, 0, 0, 1], [0, 0, 0, 1], [1, 1, 1, 0]]\n   output: 3\n*/\nint maxDegree(std::vector<int> const& A, size_t N) {",17_graph_highest_degree,graph,cpp,hpx,0.2,0.95,True,2048,False,"int maxDegree(std::vector<int> const& A, size_t N) {\n    if (N == 0) return 0;\n\n    std::vector<int> degrees(N, 0);\n\n    hpx::for_loop(hpx::execution::par, std::size_t(0), N, [&](std::size_t i) {\n        auto row = A.data() + i * N;\n        degrees[i] = std::accumulate(row, row + N, 0);\n    });\n\n    return *hpx::max_element(hpx::execution::par, degrees.begin(), degrees.end());\n}",True,True,0.0038681104,21,N/A,,,,,12.453693151473999,0.0,True,True,0.0043063024,1.0
"#include <hpx/hpx_main.hpp>\n\n/* Compute the highest node degree in the undirected graph. The graph is defined in the adjacency matrix A.\n   A is an NxN adjacency matrix stored in row-major. A is an undirected graph.\n   Use HPX to compute in parallel.  Assume HPX has already been initialized.\n   Example:\n\n	 input: [[0, 0, 0, 1], [0, 0, 0, 1], [0, 0, 0, 1], [1, 1, 1, 0]]\n   output: 3\n*/\nint maxDegree(std::vector<int> const& A, size_t N) {",17_graph_highest_degree,graph,cpp,hpx,0.2,0.95,True,2048,False,"int maxDegree(std::vector<int> const& A, size_t N) {\n    if (N == 0) return 0;\n\n    std::vector<int> degrees(N, 0);\n\n    hpx::for_loop(hpx::execution::par, std::size_t(0), N, [&](std::size_t i) {\n        auto row = A.data() + i * N;\n        degrees[i] = std::accumulate(row, row + N, 0);\n    });\n\n    return *hpx::max_element(hpx::execution::par, degrees.begin(), degrees.end());\n}",True,True,0.0038681104,21,N/A,,,,,12.453693151473999,1.0,True,True,0.0032889462,2.0
"#include <hpx/hpx_main.hpp>\n\n/* Compute the highest node degree in the undirected graph. The graph is defined in the adjacency matrix A.\n   A is an NxN adjacency matrix stored in row-major. A is an undirected graph.\n   Use HPX to compute in parallel.  Assume HPX has already been initialized.\n   Example:\n\n	 input: [[0, 0, 0, 1], [0, 0, 0, 1], [0, 0, 0, 1], [1, 1, 1, 0]]\n   output: 3\n*/\nint maxDegree(std::vector<int> const& A, size_t N) {",17_graph_highest_degree,graph,cpp,hpx,0.2,0.95,True,2048,False,"int maxDegree(std::vector<int> const& A, size_t N) {\n    if (N == 0) return 0;\n\n    std::vector<int> degrees(N, 0);\n\n    hpx::for_loop(hpx::execution::par, std::size_t(0), N, [&](std::size_t i) {\n        auto row = A.data() + i * N;\n        degrees[i] = std::accumulate(row, row + N, 0);\n    });\n\n    return *hpx::max_element(hpx::execution::par, degrees.begin(), degrees.end());\n}",True,True,0.0038681104,21,N/A,,,,,12.453693151473999,2.0,True,True,0.0024503296,4.0
"#include <hpx/hpx_main.hpp>\n\n/* Compute the highest node degree in the undirected graph. The graph is defined in the adjacency matrix A.\n   A is an NxN adjacency matrix stored in row-major. A is an undirected graph.\n   Use HPX to compute in parallel.  Assume HPX has already been initialized.\n   Example:\n\n	 input: [[0, 0, 0, 1], [0, 0, 0, 1], [0, 0, 0, 1], [1, 1, 1, 0]]\n   output: 3\n*/\nint maxDegree(std::vector<int> const& A, size_t N) {",17_graph_highest_degree,graph,cpp,hpx,0.2,0.95,True,2048,False,"int maxDegree(std::vector<int> const& A, size_t N) {\n    if (N == 0) return 0;\n\n    std::vector<int> degrees(N, 0);\n\n    hpx::for_loop(hpx::execution::par, std::size_t(0), N, [&](std::size_t i) {\n        auto row = A.data() + i * N;\n        degrees[i] = std::accumulate(row, row + N, 0);\n    });\n\n    return *hpx::max_element(hpx::execution::par, degrees.begin(), degrees.end());\n}",True,True,0.0038681104,21,N/A,,,,,12.453693151473999,3.0,True,True,0.0022453344,8.0
"#include <hpx/hpx_main.hpp>\n\n/* Compute the highest node degree in the undirected graph. The graph is defined in the adjacency matrix A.\n   A is an NxN adjacency matrix stored in row-major. A is an undirected graph.\n   Use HPX to compute in parallel.  Assume HPX has already been initialized.\n   Example:\n\n	 input: [[0, 0, 0, 1], [0, 0, 0, 1], [0, 0, 0, 1], [1, 1, 1, 0]]\n   output: 3\n*/\nint maxDegree(std::vector<int> const& A, size_t N) {",17_graph_highest_degree,graph,cpp,hpx,0.2,0.95,True,2048,False,"int maxDegree(std::vector<int> const& A, size_t N) {\n    if (N == 0) return 0;\n\n    std::vector<int> degrees(N, 0);\n\n    hpx::for_loop(hpx::execution::par, std::size_t(0), N, [&](std::size_t i) {\n        auto row = A.data() + i * N;\n        degrees[i] = std::accumulate(row, row + N, 0);\n    });\n\n    return *hpx::max_element(hpx::execution::par, degrees.begin(), degrees.end());\n}",True,True,0.0038681104,21,N/A,,,,,12.453693151473999,4.0,True,True,0.0022538866,16.0
"#include <hpx/hpx_main.hpp>\n\n/* Compute the highest node degree in the undirected graph. The graph is defined in the adjacency matrix A.\n   A is an NxN adjacency matrix stored in row-major. A is an undirected graph.\n   Use HPX to compute in parallel.  Assume HPX has already been initialized.\n   Example:\n\n	 input: [[0, 0, 0, 1], [0, 0, 0, 1], [0, 0, 0, 1], [1, 1, 1, 0]]\n   output: 3\n*/\nint maxDegree(std::vector<int> const& A, size_t N) {",17_graph_highest_degree,graph,cpp,hpx,0.2,0.95,True,2048,False,,False,False,,22,N/A,,,,,13.750902652740479,,,,,
"#include <hpx/hpx_main.hpp>\n\n/* Compute the highest node degree in the undirected graph. The graph is defined in the adjacency matrix A.\n   A is an NxN adjacency matrix stored in row-major. A is an undirected graph.\n   Use HPX to compute in parallel.  Assume HPX has already been initialized.\n   Example:\n\n	 input: [[0, 0, 0, 1], [0, 0, 0, 1], [0, 0, 0, 1], [1, 1, 1, 0]]\n   output: 3\n*/\nint maxDegree(std::vector<int> const& A, size_t N) {",17_graph_highest_degree,graph,cpp,hpx,0.2,0.95,True,2048,False,,False,False,,23,N/A,,,,,15.616295099258423,,,,,
"#include <hpx/hpx_main.hpp>\n\n/* Compute the highest node degree in the undirected graph. The graph is defined in the adjacency matrix A.\n   A is an NxN adjacency matrix stored in row-major. A is an undirected graph.\n   Use HPX to compute in parallel.  Assume HPX has already been initialized.\n   Example:\n\n	 input: [[0, 0, 0, 1], [0, 0, 0, 1], [0, 0, 0, 1], [1, 1, 1, 0]]\n   output: 3\n*/\nint maxDegree(std::vector<int> const& A, size_t N) {",17_graph_highest_degree,graph,cpp,hpx,0.2,0.95,True,2048,False,"int maxDegree(std::vector<int> const& A, size_t N) {\n    if (N == 0) return 0;\n    if (A.size() != N * N) throw std::invalid_argument(""A must be N*N"");\n\n    auto begin = hpx::util::counting_iterator<std::size_t>(0);\n    auto end   = hpx::util::counting_iterator<std::size_t>(N);\n\n    auto row_degree = [&A, N](std::size_t i) -> std::size_t {",False,True,,24,N/A,,,,,12.895163297653198,,,,,
"#include <hpx/hpx_main.hpp>\n\n/* Compute the highest node degree in the undirected graph. The graph is defined in the adjacency matrix A.\n   A is an NxN adjacency matrix stored in row-major. A is an undirected graph.\n   Use HPX to compute in parallel.  Assume HPX has already been initialized.\n   Example:\n\n	 input: [[0, 0, 0, 1], [0, 0, 0, 1], [0, 0, 0, 1], [1, 1, 1, 0]]\n   output: 3\n*/\nint maxDegree(std::vector<int> const& A, size_t N) {",17_graph_highest_degree,graph,cpp,hpx,0.2,0.95,True,2048,False,"int maxDegree(std::vector<int> const& A, size_t N) {\n    if (N == 0) return 0;\n\n    std::vector<std::size_t> rows(N);\n    std::iota(rows.begin(), rows.end(), 0);\n\n    auto maxop = [](int a, int b) { return a < b ? b : a; };\n    auto degree = [&](std::size_t i) {\n        int d = 0;\n        auto const* row = &A[i * N];\n        for (std::size_t j = 0; j < N; ++j) d += row[j];\n        return d;\n    };\n\n    return hpx::transform_reduce(hpx::execution::par, rows.begin(), rows.end(), 0, maxop, degree);\n}",True,True,0.0033742024,25,N/A,,,,,12.489559173583984,0.0,True,True,0.0051414286,1.0
"#include <hpx/hpx_main.hpp>\n\n/* Compute the highest node degree in the undirected graph. The graph is defined in the adjacency matrix A.\n   A is an NxN adjacency matrix stored in row-major. A is an undirected graph.\n   Use HPX to compute in parallel.  Assume HPX has already been initialized.\n   Example:\n\n	 input: [[0, 0, 0, 1], [0, 0, 0, 1], [0, 0, 0, 1], [1, 1, 1, 0]]\n   output: 3\n*/\nint maxDegree(std::vector<int> const& A, size_t N) {",17_graph_highest_degree,graph,cpp,hpx,0.2,0.95,True,2048,False,"int maxDegree(std::vector<int> const& A, size_t N) {\n    if (N == 0) return 0;\n\n    std::vector<std::size_t> rows(N);\n    std::iota(rows.begin(), rows.end(), 0);\n\n    auto maxop = [](int a, int b) { return a < b ? b : a; };\n    auto degree = [&](std::size_t i) {\n        int d = 0;\n        auto const* row = &A[i * N];\n        for (std::size_t j = 0; j < N; ++j) d += row[j];\n        return d;\n    };\n\n    return hpx::transform_reduce(hpx::execution::par, rows.begin(), rows.end(), 0, maxop, degree);\n}",True,True,0.0033742024,25,N/A,,,,,12.489559173583984,1.0,True,True,0.0028508042,2.0
"#include <hpx/hpx_main.hpp>\n\n/* Compute the highest node degree in the undirected graph. The graph is defined in the adjacency matrix A.\n   A is an NxN adjacency matrix stored in row-major. A is an undirected graph.\n   Use HPX to compute in parallel.  Assume HPX has already been initialized.\n   Example:\n\n	 input: [[0, 0, 0, 1], [0, 0, 0, 1], [0, 0, 0, 1], [1, 1, 1, 0]]\n   output: 3\n*/\nint maxDegree(std::vector<int> const& A, size_t N) {",17_graph_highest_degree,graph,cpp,hpx,0.2,0.95,True,2048,False,"int maxDegree(std::vector<int> const& A, size_t N) {\n    if (N == 0) return 0;\n\n    std::vector<std::size_t> rows(N);\n    std::iota(rows.begin(), rows.end(), 0);\n\n    auto maxop = [](int a, int b) { return a < b ? b : a; };\n    auto degree = [&](std::size_t i) {\n        int d = 0;\n        auto const* row = &A[i * N];\n        for (std::size_t j = 0; j < N; ++j) d += row[j];\n        return d;\n    };\n\n    return hpx::transform_reduce(hpx::execution::par, rows.begin(), rows.end(), 0, maxop, degree);\n}",True,True,0.0033742024,25,N/A,,,,,12.489559173583984,2.0,True,True,0.0020913482,4.0
"#include <hpx/hpx_main.hpp>\n\n/* Compute the highest node degree in the undirected graph. The graph is defined in the adjacency matrix A.\n   A is an NxN adjacency matrix stored in row-major. A is an undirected graph.\n   Use HPX to compute in parallel.  Assume HPX has already been initialized.\n   Example:\n\n	 input: [[0, 0, 0, 1], [0, 0, 0, 1], [0, 0, 0, 1], [1, 1, 1, 0]]\n   output: 3\n*/\nint maxDegree(std::vector<int> const& A, size_t N) {",17_graph_highest_degree,graph,cpp,hpx,0.2,0.95,True,2048,False,"int maxDegree(std::vector<int> const& A, size_t N) {\n    if (N == 0) return 0;\n\n    std::vector<std::size_t> rows(N);\n    std::iota(rows.begin(), rows.end(), 0);\n\n    auto maxop = [](int a, int b) { return a < b ? b : a; };\n    auto degree = [&](std::size_t i) {\n        int d = 0;\n        auto const* row = &A[i * N];\n        for (std::size_t j = 0; j < N; ++j) d += row[j];\n        return d;\n    };\n\n    return hpx::transform_reduce(hpx::execution::par, rows.begin(), rows.end(), 0, maxop, degree);\n}",True,True,0.0033742024,25,N/A,,,,,12.489559173583984,3.0,True,True,0.0020435072,8.0
"#include <hpx/hpx_main.hpp>\n\n/* Compute the highest node degree in the undirected graph. The graph is defined in the adjacency matrix A.\n   A is an NxN adjacency matrix stored in row-major. A is an undirected graph.\n   Use HPX to compute in parallel.  Assume HPX has already been initialized.\n   Example:\n\n	 input: [[0, 0, 0, 1], [0, 0, 0, 1], [0, 0, 0, 1], [1, 1, 1, 0]]\n   output: 3\n*/\nint maxDegree(std::vector<int> const& A, size_t N) {",17_graph_highest_degree,graph,cpp,hpx,0.2,0.95,True,2048,False,"int maxDegree(std::vector<int> const& A, size_t N) {\n    if (N == 0) return 0;\n\n    std::vector<std::size_t> rows(N);\n    std::iota(rows.begin(), rows.end(), 0);\n\n    auto maxop = [](int a, int b) { return a < b ? b : a; };\n    auto degree = [&](std::size_t i) {\n        int d = 0;\n        auto const* row = &A[i * N];\n        for (std::size_t j = 0; j < N; ++j) d += row[j];\n        return d;\n    };\n\n    return hpx::transform_reduce(hpx::execution::par, rows.begin(), rows.end(), 0, maxop, degree);\n}",True,True,0.0033742024,25,N/A,,,,,12.489559173583984,4.0,True,True,0.001981415,16.0
"#include <hpx/hpx_main.hpp>\n\n/* Compute the highest node degree in the undirected graph. The graph is defined in the adjacency matrix A.\n   A is an NxN adjacency matrix stored in row-major. A is an undirected graph.\n   Use HPX to compute in parallel.  Assume HPX has already been initialized.\n   Example:\n\n	 input: [[0, 0, 0, 1], [0, 0, 0, 1], [0, 0, 0, 1], [1, 1, 1, 0]]\n   output: 3\n*/\nint maxDegree(std::vector<int> const& A, size_t N) {",17_graph_highest_degree,graph,cpp,hpx,0.2,0.95,True,2048,False,"int maxDegree(std::vector<int> const& A, size_t N) {\n    if (N == 0) return 0;\n\n    std::vector<int> degrees(N, 0);\n\n    hpx::for_loop(hpx::execution::par, size_t(0), N, [&](size_t i) {\n        auto first = A.begin() + i * N;\n        auto last  = first + N;\n        degrees[i] = std::accumulate(first, last, 0);\n    });\n\n    return hpx::reduce(hpx::execution::par, degrees.begin(), degrees.end(), 0,\n                       [](int a, int b) { return a > b ? a : b; });\n}",True,True,0.0038812734,26,N/A,,,,,12.93691372871399,0.0,True,True,0.0053698468,1.0
"#include <hpx/hpx_main.hpp>\n\n/* Compute the highest node degree in the undirected graph. The graph is defined in the adjacency matrix A.\n   A is an NxN adjacency matrix stored in row-major. A is an undirected graph.\n   Use HPX to compute in parallel.  Assume HPX has already been initialized.\n   Example:\n\n	 input: [[0, 0, 0, 1], [0, 0, 0, 1], [0, 0, 0, 1], [1, 1, 1, 0]]\n   output: 3\n*/\nint maxDegree(std::vector<int> const& A, size_t N) {",17_graph_highest_degree,graph,cpp,hpx,0.2,0.95,True,2048,False,"int maxDegree(std::vector<int> const& A, size_t N) {\n    if (N == 0) return 0;\n\n    std::vector<int> degrees(N, 0);\n\n    hpx::for_loop(hpx::execution::par, size_t(0), N, [&](size_t i) {\n        auto first = A.begin() + i * N;\n        auto last  = first + N;\n        degrees[i] = std::accumulate(first, last, 0);\n    });\n\n    return hpx::reduce(hpx::execution::par, degrees.begin(), degrees.end(), 0,\n                       [](int a, int b) { return a > b ? a : b; });\n}",True,True,0.0038812734,26,N/A,,,,,12.93691372871399,1.0,True,True,0.0030469928,2.0
"#include <hpx/hpx_main.hpp>\n\n/* Compute the highest node degree in the undirected graph. The graph is defined in the adjacency matrix A.\n   A is an NxN adjacency matrix stored in row-major. A is an undirected graph.\n   Use HPX to compute in parallel.  Assume HPX has already been initialized.\n   Example:\n\n	 input: [[0, 0, 0, 1], [0, 0, 0, 1], [0, 0, 0, 1], [1, 1, 1, 0]]\n   output: 3\n*/\nint maxDegree(std::vector<int> const& A, size_t N) {",17_graph_highest_degree,graph,cpp,hpx,0.2,0.95,True,2048,False,"int maxDegree(std::vector<int> const& A, size_t N) {\n    if (N == 0) return 0;\n\n    std::vector<int> degrees(N, 0);\n\n    hpx::for_loop(hpx::execution::par, size_t(0), N, [&](size_t i) {\n        auto first = A.begin() + i * N;\n        auto last  = first + N;\n        degrees[i] = std::accumulate(first, last, 0);\n    });\n\n    return hpx::reduce(hpx::execution::par, degrees.begin(), degrees.end(), 0,\n                       [](int a, int b) { return a > b ? a : b; });\n}",True,True,0.0038812734,26,N/A,,,,,12.93691372871399,2.0,True,True,0.002273051,4.0
"#include <hpx/hpx_main.hpp>\n\n/* Compute the highest node degree in the undirected graph. The graph is defined in the adjacency matrix A.\n   A is an NxN adjacency matrix stored in row-major. A is an undirected graph.\n   Use HPX to compute in parallel.  Assume HPX has already been initialized.\n   Example:\n\n	 input: [[0, 0, 0, 1], [0, 0, 0, 1], [0, 0, 0, 1], [1, 1, 1, 0]]\n   output: 3\n*/\nint maxDegree(std::vector<int> const& A, size_t N) {",17_graph_highest_degree,graph,cpp,hpx,0.2,0.95,True,2048,False,"int maxDegree(std::vector<int> const& A, size_t N) {\n    if (N == 0) return 0;\n\n    std::vector<int> degrees(N, 0);\n\n    hpx::for_loop(hpx::execution::par, size_t(0), N, [&](size_t i) {\n        auto first = A.begin() + i * N;\n        auto last  = first + N;\n        degrees[i] = std::accumulate(first, last, 0);\n    });\n\n    return hpx::reduce(hpx::execution::par, degrees.begin(), degrees.end(), 0,\n                       [](int a, int b) { return a > b ? a : b; });\n}",True,True,0.0038812734,26,N/A,,,,,12.93691372871399,3.0,True,True,0.0020526384,8.0
"#include <hpx/hpx_main.hpp>\n\n/* Compute the highest node degree in the undirected graph. The graph is defined in the adjacency matrix A.\n   A is an NxN adjacency matrix stored in row-major. A is an undirected graph.\n   Use HPX to compute in parallel.  Assume HPX has already been initialized.\n   Example:\n\n	 input: [[0, 0, 0, 1], [0, 0, 0, 1], [0, 0, 0, 1], [1, 1, 1, 0]]\n   output: 3\n*/\nint maxDegree(std::vector<int> const& A, size_t N) {",17_graph_highest_degree,graph,cpp,hpx,0.2,0.95,True,2048,False,"int maxDegree(std::vector<int> const& A, size_t N) {\n    if (N == 0) return 0;\n\n    std::vector<int> degrees(N, 0);\n\n    hpx::for_loop(hpx::execution::par, size_t(0), N, [&](size_t i) {\n        auto first = A.begin() + i * N;\n        auto last  = first + N;\n        degrees[i] = std::accumulate(first, last, 0);\n    });\n\n    return hpx::reduce(hpx::execution::par, degrees.begin(), degrees.end(), 0,\n                       [](int a, int b) { return a > b ? a : b; });\n}",True,True,0.0038812734,26,N/A,,,,,12.93691372871399,4.0,True,True,0.0022204252,16.0
"#include <hpx/hpx_main.hpp>\n\n/* Compute the highest node degree in the undirected graph. The graph is defined in the adjacency matrix A.\n   A is an NxN adjacency matrix stored in row-major. A is an undirected graph.\n   Use HPX to compute in parallel.  Assume HPX has already been initialized.\n   Example:\n\n	 input: [[0, 0, 0, 1], [0, 0, 0, 1], [0, 0, 0, 1], [1, 1, 1, 0]]\n   output: 3\n*/\nint maxDegree(std::vector<int> const& A, size_t N) {",17_graph_highest_degree,graph,cpp,hpx,0.2,0.95,True,2048,False,,False,False,,27,N/A,,,,,19.644729137420654,,,,,
"#include <hpx/hpx_main.hpp>\n\n/* Compute the highest node degree in the undirected graph. The graph is defined in the adjacency matrix A.\n   A is an NxN adjacency matrix stored in row-major. A is an undirected graph.\n   Use HPX to compute in parallel.  Assume HPX has already been initialized.\n   Example:\n\n	 input: [[0, 0, 0, 1], [0, 0, 0, 1], [0, 0, 0, 1], [1, 1, 1, 0]]\n   output: 3\n*/\nint maxDegree(std::vector<int> const& A, size_t N) {",17_graph_highest_degree,graph,cpp,hpx,0.2,0.95,True,2048,False,,False,False,,28,N/A,,,,,16.81500792503357,,,,,
"#include <hpx/hpx_main.hpp>\n\n/* Compute the highest node degree in the undirected graph. The graph is defined in the adjacency matrix A.\n   A is an NxN adjacency matrix stored in row-major. A is an undirected graph.\n   Use HPX to compute in parallel.  Assume HPX has already been initialized.\n   Example:\n\n	 input: [[0, 0, 0, 1], [0, 0, 0, 1], [0, 0, 0, 1], [1, 1, 1, 0]]\n   output: 3\n*/\nint maxDegree(std::vector<int> const& A, size_t N) {",17_graph_highest_degree,graph,cpp,hpx,0.2,0.95,True,2048,False,"int maxDegree(std::vector<int> const& A, size_t N) {\n    if (N == 0) return 0;\n\n    auto first = hpx::util::counting_iterator<size_t>(0);\n    auto last  = hpx::util::counting_iterator<size_t>(N);\n\n    return hpx::transform_reduce(\n        hpx::execution::par, first, last, 0,\n        [](int a, int b) { return a > b ? a : b; },\n        [&](size_t i) {\n            int d = 0;\n            auto row = &A[i * N];\n            for (size_t j = 0; j < N; ++j)\n                d += (j != i) ? row[j] : 0;  // ignore diagonal\n            return d;\n        });\n}",True,True,0.0033663582,29,N/A,,,,,13.294452905654907,0.0,True,True,0.006452361,1.0
"#include <hpx/hpx_main.hpp>\n\n/* Compute the highest node degree in the undirected graph. The graph is defined in the adjacency matrix A.\n   A is an NxN adjacency matrix stored in row-major. A is an undirected graph.\n   Use HPX to compute in parallel.  Assume HPX has already been initialized.\n   Example:\n\n	 input: [[0, 0, 0, 1], [0, 0, 0, 1], [0, 0, 0, 1], [1, 1, 1, 0]]\n   output: 3\n*/\nint maxDegree(std::vector<int> const& A, size_t N) {",17_graph_highest_degree,graph,cpp,hpx,0.2,0.95,True,2048,False,"int maxDegree(std::vector<int> const& A, size_t N) {\n    if (N == 0) return 0;\n\n    auto first = hpx::util::counting_iterator<size_t>(0);\n    auto last  = hpx::util::counting_iterator<size_t>(N);\n\n    return hpx::transform_reduce(\n        hpx::execution::par, first, last, 0,\n        [](int a, int b) { return a > b ? a : b; },\n        [&](size_t i) {\n            int d = 0;\n            auto row = &A[i * N];\n            for (size_t j = 0; j < N; ++j)\n                d += (j != i) ? row[j] : 0;  // ignore diagonal\n            return d;\n        });\n}",True,True,0.0033663582,29,N/A,,,,,13.294452905654907,1.0,True,True,0.0036591054,2.0
"#include <hpx/hpx_main.hpp>\n\n/* Compute the highest node degree in the undirected graph. The graph is defined in the adjacency matrix A.\n   A is an NxN adjacency matrix stored in row-major. A is an undirected graph.\n   Use HPX to compute in parallel.  Assume HPX has already been initialized.\n   Example:\n\n	 input: [[0, 0, 0, 1], [0, 0, 0, 1], [0, 0, 0, 1], [1, 1, 1, 0]]\n   output: 3\n*/\nint maxDegree(std::vector<int> const& A, size_t N) {",17_graph_highest_degree,graph,cpp,hpx,0.2,0.95,True,2048,False,"int maxDegree(std::vector<int> const& A, size_t N) {\n    if (N == 0) return 0;\n\n    auto first = hpx::util::counting_iterator<size_t>(0);\n    auto last  = hpx::util::counting_iterator<size_t>(N);\n\n    return hpx::transform_reduce(\n        hpx::execution::par, first, last, 0,\n        [](int a, int b) { return a > b ? a : b; },\n        [&](size_t i) {\n            int d = 0;\n            auto row = &A[i * N];\n            for (size_t j = 0; j < N; ++j)\n                d += (j != i) ? row[j] : 0;  // ignore diagonal\n            return d;\n        });\n}",True,True,0.0033663582,29,N/A,,,,,13.294452905654907,2.0,True,True,0.0025567942,4.0
"#include <hpx/hpx_main.hpp>\n\n/* Compute the highest node degree in the undirected graph. The graph is defined in the adjacency matrix A.\n   A is an NxN adjacency matrix stored in row-major. A is an undirected graph.\n   Use HPX to compute in parallel.  Assume HPX has already been initialized.\n   Example:\n\n	 input: [[0, 0, 0, 1], [0, 0, 0, 1], [0, 0, 0, 1], [1, 1, 1, 0]]\n   output: 3\n*/\nint maxDegree(std::vector<int> const& A, size_t N) {",17_graph_highest_degree,graph,cpp,hpx,0.2,0.95,True,2048,False,"int maxDegree(std::vector<int> const& A, size_t N) {\n    if (N == 0) return 0;\n\n    auto first = hpx::util::counting_iterator<size_t>(0);\n    auto last  = hpx::util::counting_iterator<size_t>(N);\n\n    return hpx::transform_reduce(\n        hpx::execution::par, first, last, 0,\n        [](int a, int b) { return a > b ? a : b; },\n        [&](size_t i) {\n            int d = 0;\n            auto row = &A[i * N];\n            for (size_t j = 0; j < N; ++j)\n                d += (j != i) ? row[j] : 0;  // ignore diagonal\n            return d;\n        });\n}",True,True,0.0033663582,29,N/A,,,,,13.294452905654907,3.0,True,True,0.0018055134,8.0
"#include <hpx/hpx_main.hpp>\n\n/* Compute the highest node degree in the undirected graph. The graph is defined in the adjacency matrix A.\n   A is an NxN adjacency matrix stored in row-major. A is an undirected graph.\n   Use HPX to compute in parallel.  Assume HPX has already been initialized.\n   Example:\n\n	 input: [[0, 0, 0, 1], [0, 0, 0, 1], [0, 0, 0, 1], [1, 1, 1, 0]]\n   output: 3\n*/\nint maxDegree(std::vector<int> const& A, size_t N) {",17_graph_highest_degree,graph,cpp,hpx,0.2,0.95,True,2048,False,"int maxDegree(std::vector<int> const& A, size_t N) {\n    if (N == 0) return 0;\n\n    auto first = hpx::util::counting_iterator<size_t>(0);\n    auto last  = hpx::util::counting_iterator<size_t>(N);\n\n    return hpx::transform_reduce(\n        hpx::execution::par, first, last, 0,\n        [](int a, int b) { return a > b ? a : b; },\n        [&](size_t i) {\n            int d = 0;\n            auto row = &A[i * N];\n            for (size_t j = 0; j < N; ++j)\n                d += (j != i) ? row[j] : 0;  // ignore diagonal\n            return d;\n        });\n}",True,True,0.0033663582,29,N/A,,,,,13.294452905654907,4.0,True,True,0.0019484674,16.0
"#include <hpx/hpx_main.hpp>\n\n/* Compute the highest node degree in the undirected graph. The graph is defined in the adjacency matrix A.\n   A is an NxN adjacency matrix stored in row-major. A is an undirected graph.\n   Use HPX to compute in parallel.  Assume HPX has already been initialized.\n   Example:\n\n	 input: [[0, 0, 0, 1], [0, 0, 0, 1], [0, 0, 0, 1], [1, 1, 1, 0]]\n   output: 3\n*/\nint maxDegree(std::vector<int> const& A, size_t N) {",17_graph_highest_degree,graph,cpp,hpx,0.2,0.95,True,2048,False,,False,False,,30,N/A,,,,,17.35891318321228,,,,,
"#include <hpx/hpx_main.hpp>\n\n/* Compute the highest node degree in the undirected graph. The graph is defined in the adjacency matrix A.\n   A is an NxN adjacency matrix stored in row-major. A is an undirected graph.\n   Use HPX to compute in parallel.  Assume HPX has already been initialized.\n   Example:\n\n	 input: [[0, 0, 0, 1], [0, 0, 0, 1], [0, 0, 0, 1], [1, 1, 1, 0]]\n   output: 3\n*/\nint maxDegree(std::vector<int> const& A, size_t N) {",17_graph_highest_degree,graph,cpp,hpx,0.2,0.95,True,2048,False,,False,False,,31,N/A,,,,,33.162041902542114,,,,,
"#include <hpx/hpx_main.hpp>\n\n/* Compute the highest node degree in the undirected graph. The graph is defined in the adjacency matrix A.\n   A is an NxN adjacency matrix stored in row-major. A is an undirected graph.\n   Use HPX to compute in parallel.  Assume HPX has already been initialized.\n   Example:\n\n	 input: [[0, 0, 0, 1], [0, 0, 0, 1], [0, 0, 0, 1], [1, 1, 1, 0]]\n   output: 3\n*/\nint maxDegree(std::vector<int> const& A, size_t N) {",17_graph_highest_degree,graph,cpp,hpx,0.2,0.95,True,2048,False,#include <hpx/algorithm.hpp>\n#include <hpx/iterator_support/counting_iterator,False,False,,32,N/A,,,,,17.353615283966064,,,,,
"#include <hpx/hpx_main.hpp>\n\n/* Compute the highest node degree in the undirected graph. The graph is defined in the adjacency matrix A.\n   A is an NxN adjacency matrix stored in row-major. A is an undirected graph.\n   Use HPX to compute in parallel.  Assume HPX has already been initialized.\n   Example:\n\n	 input: [[0, 0, 0, 1], [0, 0, 0, 1], [0, 0, 0, 1], [1, 1, 1, 0]]\n   output: 3\n*/\nint maxDegree(std::vector<int> const& A, size_t N) {",17_graph_highest_degree,graph,cpp,hpx,0.2,0.95,True,2048,False,"int maxDegree(std::vector<int> const& A, size_t N) {\n    using hpx::execution::par;\n    using hpx::util::counting_iterator;\n\n    auto first = counting_iterator<size_t>(0);\n    auto last  = counting_iterator<size_t>(N);\n\n    return hpx::transform_reduce(\n        par, first, last, 0,\n        [](int a, int b) { return std::max(a, b); },\n        [&](size_t i) {\n            auto row = A.data() + i * N;\n            return std::accumulate(row, row + N, 0);\n        }\n    );\n}",True,True,0.003420223,33,N/A,,,,,11.771745204925537,0.0,True,True,0.005262865,1.0
"#include <hpx/hpx_main.hpp>\n\n/* Compute the highest node degree in the undirected graph. The graph is defined in the adjacency matrix A.\n   A is an NxN adjacency matrix stored in row-major. A is an undirected graph.\n   Use HPX to compute in parallel.  Assume HPX has already been initialized.\n   Example:\n\n	 input: [[0, 0, 0, 1], [0, 0, 0, 1], [0, 0, 0, 1], [1, 1, 1, 0]]\n   output: 3\n*/\nint maxDegree(std::vector<int> const& A, size_t N) {",17_graph_highest_degree,graph,cpp,hpx,0.2,0.95,True,2048,False,"int maxDegree(std::vector<int> const& A, size_t N) {\n    using hpx::execution::par;\n    using hpx::util::counting_iterator;\n\n    auto first = counting_iterator<size_t>(0);\n    auto last  = counting_iterator<size_t>(N);\n\n    return hpx::transform_reduce(\n        par, first, last, 0,\n        [](int a, int b) { return std::max(a, b); },\n        [&](size_t i) {\n            auto row = A.data() + i * N;\n            return std::accumulate(row, row + N, 0);\n        }\n    );\n}",True,True,0.003420223,33,N/A,,,,,11.771745204925537,1.0,True,True,0.0036070798,2.0
"#include <hpx/hpx_main.hpp>\n\n/* Compute the highest node degree in the undirected graph. The graph is defined in the adjacency matrix A.\n   A is an NxN adjacency matrix stored in row-major. A is an undirected graph.\n   Use HPX to compute in parallel.  Assume HPX has already been initialized.\n   Example:\n\n	 input: [[0, 0, 0, 1], [0, 0, 0, 1], [0, 0, 0, 1], [1, 1, 1, 0]]\n   output: 3\n*/\nint maxDegree(std::vector<int> const& A, size_t N) {",17_graph_highest_degree,graph,cpp,hpx,0.2,0.95,True,2048,False,"int maxDegree(std::vector<int> const& A, size_t N) {\n    using hpx::execution::par;\n    using hpx::util::counting_iterator;\n\n    auto first = counting_iterator<size_t>(0);\n    auto last  = counting_iterator<size_t>(N);\n\n    return hpx::transform_reduce(\n        par, first, last, 0,\n        [](int a, int b) { return std::max(a, b); },\n        [&](size_t i) {\n            auto row = A.data() + i * N;\n            return std::accumulate(row, row + N, 0);\n        }\n    );\n}",True,True,0.003420223,33,N/A,,,,,11.771745204925537,2.0,True,True,0.0024655316,4.0
"#include <hpx/hpx_main.hpp>\n\n/* Compute the highest node degree in the undirected graph. The graph is defined in the adjacency matrix A.\n   A is an NxN adjacency matrix stored in row-major. A is an undirected graph.\n   Use HPX to compute in parallel.  Assume HPX has already been initialized.\n   Example:\n\n	 input: [[0, 0, 0, 1], [0, 0, 0, 1], [0, 0, 0, 1], [1, 1, 1, 0]]\n   output: 3\n*/\nint maxDegree(std::vector<int> const& A, size_t N) {",17_graph_highest_degree,graph,cpp,hpx,0.2,0.95,True,2048,False,"int maxDegree(std::vector<int> const& A, size_t N) {\n    using hpx::execution::par;\n    using hpx::util::counting_iterator;\n\n    auto first = counting_iterator<size_t>(0);\n    auto last  = counting_iterator<size_t>(N);\n\n    return hpx::transform_reduce(\n        par, first, last, 0,\n        [](int a, int b) { return std::max(a, b); },\n        [&](size_t i) {\n            auto row = A.data() + i * N;\n            return std::accumulate(row, row + N, 0);\n        }\n    );\n}",True,True,0.003420223,33,N/A,,,,,11.771745204925537,3.0,True,True,0.001909431,8.0
"#include <hpx/hpx_main.hpp>\n\n/* Compute the highest node degree in the undirected graph. The graph is defined in the adjacency matrix A.\n   A is an NxN adjacency matrix stored in row-major. A is an undirected graph.\n   Use HPX to compute in parallel.  Assume HPX has already been initialized.\n   Example:\n\n	 input: [[0, 0, 0, 1], [0, 0, 0, 1], [0, 0, 0, 1], [1, 1, 1, 0]]\n   output: 3\n*/\nint maxDegree(std::vector<int> const& A, size_t N) {",17_graph_highest_degree,graph,cpp,hpx,0.2,0.95,True,2048,False,"int maxDegree(std::vector<int> const& A, size_t N) {\n    using hpx::execution::par;\n    using hpx::util::counting_iterator;\n\n    auto first = counting_iterator<size_t>(0);\n    auto last  = counting_iterator<size_t>(N);\n\n    return hpx::transform_reduce(\n        par, first, last, 0,\n        [](int a, int b) { return std::max(a, b); },\n        [&](size_t i) {\n            auto row = A.data() + i * N;\n            return std::accumulate(row, row + N, 0);\n        }\n    );\n}",True,True,0.003420223,33,N/A,,,,,11.771745204925537,4.0,True,True,0.0019754788,16.0
"#include <hpx/hpx_main.hpp>\n\n/* Compute the highest node degree in the undirected graph. The graph is defined in the adjacency matrix A.\n   A is an NxN adjacency matrix stored in row-major. A is an undirected graph.\n   Use HPX to compute in parallel.  Assume HPX has already been initialized.\n   Example:\n\n	 input: [[0, 0, 0, 1], [0, 0, 0, 1], [0, 0, 0, 1], [1, 1, 1, 0]]\n   output: 3\n*/\nint maxDegree(std::vector<int> const& A, size_t N) {",17_graph_highest_degree,graph,cpp,hpx,0.2,0.95,True,2048,False,"int maxDegree(std::vector<int> const& A, size_t N) {\n    if (N == 0) return 0;\n\n    std::vector<int> degrees(N, 0);\n\n    hpx::for_loop(hpx::execution::par, std::size_t(0), N,\n        [&](std::size_t i) {\n            int sum = 0;\n            auto row = A.data() + i * N;\n            for (std::size_t j = 0; j < N; ++j)\n                sum += row[j];\n            degrees[i] = sum;\n        });\n\n    return hpx::reduce(hpx::execution::par,\n                       degrees.begin(), degrees.end(),\n                       0,\n                       [](int a, int b) { return std::max(a, b); });\n}",True,True,0.0033537204,34,N/A,,,,,13.689274787902832,0.0,True,True,0.0044455088,1.0
"#include <hpx/hpx_main.hpp>\n\n/* Compute the highest node degree in the undirected graph. The graph is defined in the adjacency matrix A.\n   A is an NxN adjacency matrix stored in row-major. A is an undirected graph.\n   Use HPX to compute in parallel.  Assume HPX has already been initialized.\n   Example:\n\n	 input: [[0, 0, 0, 1], [0, 0, 0, 1], [0, 0, 0, 1], [1, 1, 1, 0]]\n   output: 3\n*/\nint maxDegree(std::vector<int> const& A, size_t N) {",17_graph_highest_degree,graph,cpp,hpx,0.2,0.95,True,2048,False,"int maxDegree(std::vector<int> const& A, size_t N) {\n    if (N == 0) return 0;\n\n    std::vector<int> degrees(N, 0);\n\n    hpx::for_loop(hpx::execution::par, std::size_t(0), N,\n        [&](std::size_t i) {\n            int sum = 0;\n            auto row = A.data() + i * N;\n            for (std::size_t j = 0; j < N; ++j)\n                sum += row[j];\n            degrees[i] = sum;\n        });\n\n    return hpx::reduce(hpx::execution::par,\n                       degrees.begin(), degrees.end(),\n                       0,\n                       [](int a, int b) { return std::max(a, b); });\n}",True,True,0.0033537204,34,N/A,,,,,13.689274787902832,1.0,True,True,0.0028818262,2.0
"#include <hpx/hpx_main.hpp>\n\n/* Compute the highest node degree in the undirected graph. The graph is defined in the adjacency matrix A.\n   A is an NxN adjacency matrix stored in row-major. A is an undirected graph.\n   Use HPX to compute in parallel.  Assume HPX has already been initialized.\n   Example:\n\n	 input: [[0, 0, 0, 1], [0, 0, 0, 1], [0, 0, 0, 1], [1, 1, 1, 0]]\n   output: 3\n*/\nint maxDegree(std::vector<int> const& A, size_t N) {",17_graph_highest_degree,graph,cpp,hpx,0.2,0.95,True,2048,False,"int maxDegree(std::vector<int> const& A, size_t N) {\n    if (N == 0) return 0;\n\n    std::vector<int> degrees(N, 0);\n\n    hpx::for_loop(hpx::execution::par, std::size_t(0), N,\n        [&](std::size_t i) {\n            int sum = 0;\n            auto row = A.data() + i * N;\n            for (std::size_t j = 0; j < N; ++j)\n                sum += row[j];\n            degrees[i] = sum;\n        });\n\n    return hpx::reduce(hpx::execution::par,\n                       degrees.begin(), degrees.end(),\n                       0,\n                       [](int a, int b) { return std::max(a, b); });\n}",True,True,0.0033537204,34,N/A,,,,,13.689274787902832,2.0,True,True,0.001994088,4.0
"#include <hpx/hpx_main.hpp>\n\n/* Compute the highest node degree in the undirected graph. The graph is defined in the adjacency matrix A.\n   A is an NxN adjacency matrix stored in row-major. A is an undirected graph.\n   Use HPX to compute in parallel.  Assume HPX has already been initialized.\n   Example:\n\n	 input: [[0, 0, 0, 1], [0, 0, 0, 1], [0, 0, 0, 1], [1, 1, 1, 0]]\n   output: 3\n*/\nint maxDegree(std::vector<int> const& A, size_t N) {",17_graph_highest_degree,graph,cpp,hpx,0.2,0.95,True,2048,False,"int maxDegree(std::vector<int> const& A, size_t N) {\n    if (N == 0) return 0;\n\n    std::vector<int> degrees(N, 0);\n\n    hpx::for_loop(hpx::execution::par, std::size_t(0), N,\n        [&](std::size_t i) {\n            int sum = 0;\n            auto row = A.data() + i * N;\n            for (std::size_t j = 0; j < N; ++j)\n                sum += row[j];\n            degrees[i] = sum;\n        });\n\n    return hpx::reduce(hpx::execution::par,\n                       degrees.begin(), degrees.end(),\n                       0,\n                       [](int a, int b) { return std::max(a, b); });\n}",True,True,0.0033537204,34,N/A,,,,,13.689274787902832,3.0,True,True,0.0020486054,8.0
"#include <hpx/hpx_main.hpp>\n\n/* Compute the highest node degree in the undirected graph. The graph is defined in the adjacency matrix A.\n   A is an NxN adjacency matrix stored in row-major. A is an undirected graph.\n   Use HPX to compute in parallel.  Assume HPX has already been initialized.\n   Example:\n\n	 input: [[0, 0, 0, 1], [0, 0, 0, 1], [0, 0, 0, 1], [1, 1, 1, 0]]\n   output: 3\n*/\nint maxDegree(std::vector<int> const& A, size_t N) {",17_graph_highest_degree,graph,cpp,hpx,0.2,0.95,True,2048,False,"int maxDegree(std::vector<int> const& A, size_t N) {\n    if (N == 0) return 0;\n\n    std::vector<int> degrees(N, 0);\n\n    hpx::for_loop(hpx::execution::par, std::size_t(0), N,\n        [&](std::size_t i) {\n            int sum = 0;\n            auto row = A.data() + i * N;\n            for (std::size_t j = 0; j < N; ++j)\n                sum += row[j];\n            degrees[i] = sum;\n        });\n\n    return hpx::reduce(hpx::execution::par,\n                       degrees.begin(), degrees.end(),\n                       0,\n                       [](int a, int b) { return std::max(a, b); });\n}",True,True,0.0033537204,34,N/A,,,,,13.689274787902832,4.0,True,True,0.002163313,16.0
"#include <hpx/hpx_main.hpp>\n\n/* Compute the highest node degree in the undirected graph. The graph is defined in the adjacency matrix A.\n   A is an NxN adjacency matrix stored in row-major. A is an undirected graph.\n   Use HPX to compute in parallel.  Assume HPX has already been initialized.\n   Example:\n\n	 input: [[0, 0, 0, 1], [0, 0, 0, 1], [0, 0, 0, 1], [1, 1, 1, 0]]\n   output: 3\n*/\nint maxDegree(std::vector<int> const& A, size_t N) {",17_graph_highest_degree,graph,cpp,hpx,0.2,0.95,True,2048,False,"int maxDegree(std::vector<int> const& A, size_t N) {\n    if (N == 0) return 0;\n\n    std::vector<int> degrees(N, 0);\n\n    hpx::for_loop(hpx::execution::par, size_t(0), N, [&](size_t i) {\n        int sum = 0;\n        size_t row = i * N;",False,True,,35,N/A,,,,,14.581697225570679,,,,,
"#include <hpx/hpx_main.hpp>\n\n/* Compute the highest node degree in the undirected graph. The graph is defined in the adjacency matrix A.\n   A is an NxN adjacency matrix stored in row-major. A is an undirected graph.\n   Use HPX to compute in parallel.  Assume HPX has already been initialized.\n   Example:\n\n	 input: [[0, 0, 0, 1], [0, 0, 0, 1], [0, 0, 0, 1], [1, 1, 1, 0]]\n   output: 3\n*/\nint maxDegree(std::vector<int> const& A, size_t N) {",17_graph_highest_degree,graph,cpp,hpx,0.2,0.95,True,2048,False,"int maxDegree(std::vector<int> const& A, size_t N) {\n    if (N == 0) return 0;\n\n    auto first = hpx::util::counting_iterator<std::size_t>(0);\n    auto last  = hpx::util::counting_iterator<std::size_t>(N);\n\n    return hpx::transform_reduce(\n        hpx::execution::par, first,",False,True,,36,N/A,,,,,14.308797359466553,,,,,
"#include <hpx/hpx_main.hpp>\n\n/* Compute the highest node degree in the undirected graph. The graph is defined in the adjacency matrix A.\n   A is an NxN adjacency matrix stored in row-major. A is an undirected graph.\n   Use HPX to compute in parallel.  Assume HPX has already been initialized.\n   Example:\n\n	 input: [[0, 0, 0, 1], [0, 0, 0, 1], [0, 0, 0, 1], [1, 1, 1, 0]]\n   output: 3\n*/\nint maxDegree(std::vector<int> const& A, size_t N) {",17_graph_highest_degree,graph,cpp,hpx,0.2,0.95,True,2048,False,"int maxDegree(std::vector<int> const& A, size_t N) {\n    if (N == 0) return 0;\n\n    using hpx::util::counting_iterator;\n\n    auto max_deg = hpx::transform_reduce(\n        hpx::execution::par,\n        counting_iterator<std::size_t>(0),\n        counting_iterator<std::size_t>(N),\n        std::size_t(0),\n        [](std::size_t a, std::size_t b) { return a > b ? a : b; },\n        [&](std::size_t i) {\n            std::size_t sum = 0;\n            std::size_t base = i * N;\n            for (std::size_t j = 0; j < N; ++j) {\n                sum += static_cast<std::size_t>(A[base + j]);\n            }\n            return sum;\n        });\n\n    return static_cast<int>(max_deg);\n}",True,True,0.003359724,37,N/A,,,,,11.669962167739868,0.0,True,True,0.004922757,1.0
"#include <hpx/hpx_main.hpp>\n\n/* Compute the highest node degree in the undirected graph. The graph is defined in the adjacency matrix A.\n   A is an NxN adjacency matrix stored in row-major. A is an undirected graph.\n   Use HPX to compute in parallel.  Assume HPX has already been initialized.\n   Example:\n\n	 input: [[0, 0, 0, 1], [0, 0, 0, 1], [0, 0, 0, 1], [1, 1, 1, 0]]\n   output: 3\n*/\nint maxDegree(std::vector<int> const& A, size_t N) {",17_graph_highest_degree,graph,cpp,hpx,0.2,0.95,True,2048,False,"int maxDegree(std::vector<int> const& A, size_t N) {\n    if (N == 0) return 0;\n\n    using hpx::util::counting_iterator;\n\n    auto max_deg = hpx::transform_reduce(\n        hpx::execution::par,\n        counting_iterator<std::size_t>(0),\n        counting_iterator<std::size_t>(N),\n        std::size_t(0),\n        [](std::size_t a, std::size_t b) { return a > b ? a : b; },\n        [&](std::size_t i) {\n            std::size_t sum = 0;\n            std::size_t base = i * N;\n            for (std::size_t j = 0; j < N; ++j) {\n                sum += static_cast<std::size_t>(A[base + j]);\n            }\n            return sum;\n        });\n\n    return static_cast<int>(max_deg);\n}",True,True,0.003359724,37,N/A,,,,,11.669962167739868,1.0,True,True,0.0032430982,2.0
"#include <hpx/hpx_main.hpp>\n\n/* Compute the highest node degree in the undirected graph. The graph is defined in the adjacency matrix A.\n   A is an NxN adjacency matrix stored in row-major. A is an undirected graph.\n   Use HPX to compute in parallel.  Assume HPX has already been initialized.\n   Example:\n\n	 input: [[0, 0, 0, 1], [0, 0, 0, 1], [0, 0, 0, 1], [1, 1, 1, 0]]\n   output: 3\n*/\nint maxDegree(std::vector<int> const& A, size_t N) {",17_graph_highest_degree,graph,cpp,hpx,0.2,0.95,True,2048,False,"int maxDegree(std::vector<int> const& A, size_t N) {\n    if (N == 0) return 0;\n\n    using hpx::util::counting_iterator;\n\n    auto max_deg = hpx::transform_reduce(\n        hpx::execution::par,\n        counting_iterator<std::size_t>(0),\n        counting_iterator<std::size_t>(N),\n        std::size_t(0),\n        [](std::size_t a, std::size_t b) { return a > b ? a : b; },\n        [&](std::size_t i) {\n            std::size_t sum = 0;\n            std::size_t base = i * N;\n            for (std::size_t j = 0; j < N; ++j) {\n                sum += static_cast<std::size_t>(A[base + j]);\n            }\n            return sum;\n        });\n\n    return static_cast<int>(max_deg);\n}",True,True,0.003359724,37,N/A,,,,,11.669962167739868,2.0,True,True,0.0023135068,4.0
"#include <hpx/hpx_main.hpp>\n\n/* Compute the highest node degree in the undirected graph. The graph is defined in the adjacency matrix A.\n   A is an NxN adjacency matrix stored in row-major. A is an undirected graph.\n   Use HPX to compute in parallel.  Assume HPX has already been initialized.\n   Example:\n\n	 input: [[0, 0, 0, 1], [0, 0, 0, 1], [0, 0, 0, 1], [1, 1, 1, 0]]\n   output: 3\n*/\nint maxDegree(std::vector<int> const& A, size_t N) {",17_graph_highest_degree,graph,cpp,hpx,0.2,0.95,True,2048,False,"int maxDegree(std::vector<int> const& A, size_t N) {\n    if (N == 0) return 0;\n\n    using hpx::util::counting_iterator;\n\n    auto max_deg = hpx::transform_reduce(\n        hpx::execution::par,\n        counting_iterator<std::size_t>(0),\n        counting_iterator<std::size_t>(N),\n        std::size_t(0),\n        [](std::size_t a, std::size_t b) { return a > b ? a : b; },\n        [&](std::size_t i) {\n            std::size_t sum = 0;\n            std::size_t base = i * N;\n            for (std::size_t j = 0; j < N; ++j) {\n                sum += static_cast<std::size_t>(A[base + j]);\n            }\n            return sum;\n        });\n\n    return static_cast<int>(max_deg);\n}",True,True,0.003359724,37,N/A,,,,,11.669962167739868,3.0,True,True,0.0018078456,8.0
"#include <hpx/hpx_main.hpp>\n\n/* Compute the highest node degree in the undirected graph. The graph is defined in the adjacency matrix A.\n   A is an NxN adjacency matrix stored in row-major. A is an undirected graph.\n   Use HPX to compute in parallel.  Assume HPX has already been initialized.\n   Example:\n\n	 input: [[0, 0, 0, 1], [0, 0, 0, 1], [0, 0, 0, 1], [1, 1, 1, 0]]\n   output: 3\n*/\nint maxDegree(std::vector<int> const& A, size_t N) {",17_graph_highest_degree,graph,cpp,hpx,0.2,0.95,True,2048,False,"int maxDegree(std::vector<int> const& A, size_t N) {\n    if (N == 0) return 0;\n\n    using hpx::util::counting_iterator;\n\n    auto max_deg = hpx::transform_reduce(\n        hpx::execution::par,\n        counting_iterator<std::size_t>(0),\n        counting_iterator<std::size_t>(N),\n        std::size_t(0),\n        [](std::size_t a, std::size_t b) { return a > b ? a : b; },\n        [&](std::size_t i) {\n            std::size_t sum = 0;\n            std::size_t base = i * N;\n            for (std::size_t j = 0; j < N; ++j) {\n                sum += static_cast<std::size_t>(A[base + j]);\n            }\n            return sum;\n        });\n\n    return static_cast<int>(max_deg);\n}",True,True,0.003359724,37,N/A,,,,,11.669962167739868,4.0,True,True,0.0019839604,16.0
"#include <hpx/hpx_main.hpp>\n\n/* Compute the highest node degree in the undirected graph. The graph is defined in the adjacency matrix A.\n   A is an NxN adjacency matrix stored in row-major. A is an undirected graph.\n   Use HPX to compute in parallel.  Assume HPX has already been initialized.\n   Example:\n\n	 input: [[0, 0, 0, 1], [0, 0, 0, 1], [0, 0, 0, 1], [1, 1, 1, 0]]\n   output: 3\n*/\nint maxDegree(std::vector<int> const& A, size_t N) {",17_graph_highest_degree,graph,cpp,hpx,0.2,0.95,True,2048,False,,False,False,,38,N/A,,,,,13.952630996704102,,,,,
"#include <hpx/hpx_main.hpp>\n\n/* Compute the highest node degree in the undirected graph. The graph is defined in the adjacency matrix A.\n   A is an NxN adjacency matrix stored in row-major. A is an undirected graph.\n   Use HPX to compute in parallel.  Assume HPX has already been initialized.\n   Example:\n\n	 input: [[0, 0, 0, 1], [0, 0, 0, 1], [0, 0, 0, 1], [1, 1, 1, 0]]\n   output: 3\n*/\nint maxDegree(std::vector<int> const& A, size_t N) {",17_graph_highest_degree,graph,cpp,hpx,0.2,0.95,True,2048,False,,False,False,,39,N/A,,,,,13.574831485748291,,,,,
"#include <hpx/hpx_main.hpp>\n\n/* Compute the highest node degree in the undirected graph. The graph is defined in the adjacency matrix A.\n   A is an NxN adjacency matrix stored in row-major. A is an undirected graph.\n   Use HPX to compute in parallel.  Assume HPX has already been initialized.\n   Example:\n\n	 input: [[0, 0, 0, 1], [0, 0, 0, 1], [0, 0, 0, 1], [1, 1, 1, 0]]\n   output: 3\n*/\nint maxDegree(std::vector<int> const& A, size_t N) {",17_graph_highest_degree,graph,cpp,hpx,0.2,0.95,True,2048,False,,False,False,,40,N/A,,,,,14.429887056350708,,,,,
"#include <hpx/hpx_main.hpp>\n\n/* Compute the highest node degree in the undirected graph. The graph is defined in the adjacency matrix A.\n   A is an NxN adjacency matrix stored in row-major. A is an undirected graph.\n   Use HPX to compute in parallel.  Assume HPX has already been initialized.\n   Example:\n\n	 input: [[0, 0, 0, 1], [0, 0, 0, 1], [0, 0, 0, 1], [1, 1, 1, 0]]\n   output: 3\n*/\nint maxDegree(std::vector<int> const& A, size_t N) {",17_graph_highest_degree,graph,cpp,hpx,0.2,0.95,True,2048,False,"int maxDegree(std::vector<int> const& A, size_t N) {\n    if (N == 0) return 0;\n\n    std::vector<int> degrees(N, 0);\n\n    hpx::for_loop(hpx::execution::par, std::size_t(0), N, [&](std::size_t i) {\n        int s = 0;\n        auto const* row = A.data() + i * N;\n        for (std::size_t j = 0; j < N; ++j) s += row[j];\n        degrees[i] = s;\n    });\n\n    return hpx::reduce(hpx::execution::par, degrees.begin(), degrees.end(), 0,\n                       [](int a, int b) { return a > b ? a : b; });\n}",True,True,0.0033826216,41,N/A,,,,,11.74491810798645,0.0,True,True,0.0046983564,1.0
"#include <hpx/hpx_main.hpp>\n\n/* Compute the highest node degree in the undirected graph. The graph is defined in the adjacency matrix A.\n   A is an NxN adjacency matrix stored in row-major. A is an undirected graph.\n   Use HPX to compute in parallel.  Assume HPX has already been initialized.\n   Example:\n\n	 input: [[0, 0, 0, 1], [0, 0, 0, 1], [0, 0, 0, 1], [1, 1, 1, 0]]\n   output: 3\n*/\nint maxDegree(std::vector<int> const& A, size_t N) {",17_graph_highest_degree,graph,cpp,hpx,0.2,0.95,True,2048,False,"int maxDegree(std::vector<int> const& A, size_t N) {\n    if (N == 0) return 0;\n\n    std::vector<int> degrees(N, 0);\n\n    hpx::for_loop(hpx::execution::par, std::size_t(0), N, [&](std::size_t i) {\n        int s = 0;\n        auto const* row = A.data() + i * N;\n        for (std::size_t j = 0; j < N; ++j) s += row[j];\n        degrees[i] = s;\n    });\n\n    return hpx::reduce(hpx::execution::par, degrees.begin(), degrees.end(), 0,\n                       [](int a, int b) { return a > b ? a : b; });\n}",True,True,0.0033826216,41,N/A,,,,,11.74491810798645,1.0,True,True,0.0031105224,2.0
"#include <hpx/hpx_main.hpp>\n\n/* Compute the highest node degree in the undirected graph. The graph is defined in the adjacency matrix A.\n   A is an NxN adjacency matrix stored in row-major. A is an undirected graph.\n   Use HPX to compute in parallel.  Assume HPX has already been initialized.\n   Example:\n\n	 input: [[0, 0, 0, 1], [0, 0, 0, 1], [0, 0, 0, 1], [1, 1, 1, 0]]\n   output: 3\n*/\nint maxDegree(std::vector<int> const& A, size_t N) {",17_graph_highest_degree,graph,cpp,hpx,0.2,0.95,True,2048,False,"int maxDegree(std::vector<int> const& A, size_t N) {\n    if (N == 0) return 0;\n\n    std::vector<int> degrees(N, 0);\n\n    hpx::for_loop(hpx::execution::par, std::size_t(0), N, [&](std::size_t i) {\n        int s = 0;\n        auto const* row = A.data() + i * N;\n        for (std::size_t j = 0; j < N; ++j) s += row[j];\n        degrees[i] = s;\n    });\n\n    return hpx::reduce(hpx::execution::par, degrees.begin(), degrees.end(), 0,\n                       [](int a, int b) { return a > b ? a : b; });\n}",True,True,0.0033826216,41,N/A,,,,,11.74491810798645,2.0,True,True,0.0023152156,4.0
"#include <hpx/hpx_main.hpp>\n\n/* Compute the highest node degree in the undirected graph. The graph is defined in the adjacency matrix A.\n   A is an NxN adjacency matrix stored in row-major. A is an undirected graph.\n   Use HPX to compute in parallel.  Assume HPX has already been initialized.\n   Example:\n\n	 input: [[0, 0, 0, 1], [0, 0, 0, 1], [0, 0, 0, 1], [1, 1, 1, 0]]\n   output: 3\n*/\nint maxDegree(std::vector<int> const& A, size_t N) {",17_graph_highest_degree,graph,cpp,hpx,0.2,0.95,True,2048,False,"int maxDegree(std::vector<int> const& A, size_t N) {\n    if (N == 0) return 0;\n\n    std::vector<int> degrees(N, 0);\n\n    hpx::for_loop(hpx::execution::par, std::size_t(0), N, [&](std::size_t i) {\n        int s = 0;\n        auto const* row = A.data() + i * N;\n        for (std::size_t j = 0; j < N; ++j) s += row[j];\n        degrees[i] = s;\n    });\n\n    return hpx::reduce(hpx::execution::par, degrees.begin(), degrees.end(), 0,\n                       [](int a, int b) { return a > b ? a : b; });\n}",True,True,0.0033826216,41,N/A,,,,,11.74491810798645,3.0,True,True,0.0020890842,8.0
"#include <hpx/hpx_main.hpp>\n\n/* Compute the highest node degree in the undirected graph. The graph is defined in the adjacency matrix A.\n   A is an NxN adjacency matrix stored in row-major. A is an undirected graph.\n   Use HPX to compute in parallel.  Assume HPX has already been initialized.\n   Example:\n\n	 input: [[0, 0, 0, 1], [0, 0, 0, 1], [0, 0, 0, 1], [1, 1, 1, 0]]\n   output: 3\n*/\nint maxDegree(std::vector<int> const& A, size_t N) {",17_graph_highest_degree,graph,cpp,hpx,0.2,0.95,True,2048,False,"int maxDegree(std::vector<int> const& A, size_t N) {\n    if (N == 0) return 0;\n\n    std::vector<int> degrees(N, 0);\n\n    hpx::for_loop(hpx::execution::par, std::size_t(0), N, [&](std::size_t i) {\n        int s = 0;\n        auto const* row = A.data() + i * N;\n        for (std::size_t j = 0; j < N; ++j) s += row[j];\n        degrees[i] = s;\n    });\n\n    return hpx::reduce(hpx::execution::par, degrees.begin(), degrees.end(), 0,\n                       [](int a, int b) { return a > b ? a : b; });\n}",True,True,0.0033826216,41,N/A,,,,,11.74491810798645,4.0,True,True,0.0021504168,16.0
"#include <hpx/hpx_main.hpp>\n\n/* Compute the highest node degree in the undirected graph. The graph is defined in the adjacency matrix A.\n   A is an NxN adjacency matrix stored in row-major. A is an undirected graph.\n   Use HPX to compute in parallel.  Assume HPX has already been initialized.\n   Example:\n\n	 input: [[0, 0, 0, 1], [0, 0, 0, 1], [0, 0, 0, 1], [1, 1, 1, 0]]\n   output: 3\n*/\nint maxDegree(std::vector<int> const& A, size_t N) {",17_graph_highest_degree,graph,cpp,hpx,0.2,0.95,True,2048,False,,False,False,,42,N/A,,,,,13.883126020431519,,,,,
"#include <hpx/hpx_main.hpp>\n\n/* Compute the highest node degree in the undirected graph. The graph is defined in the adjacency matrix A.\n   A is an NxN adjacency matrix stored in row-major. A is an undirected graph.\n   Use HPX to compute in parallel.  Assume HPX has already been initialized.\n   Example:\n\n	 input: [[0, 0, 0, 1], [0, 0, 0, 1], [0, 0, 0, 1], [1, 1, 1, 0]]\n   output: 3\n*/\nint maxDegree(std::vector<int> const& A, size_t N) {",17_graph_highest_degree,graph,cpp,hpx,0.2,0.95,True,2048,False,,False,False,,43,N/A,,,,,13.439202547073364,,,,,
"#include <hpx/hpx_main.hpp>\n\n/* Compute the highest node degree in the undirected graph. The graph is defined in the adjacency matrix A.\n   A is an NxN adjacency matrix stored in row-major. A is an undirected graph.\n   Use HPX to compute in parallel.  Assume HPX has already been initialized.\n   Example:\n\n	 input: [[0, 0, 0, 1], [0, 0, 0, 1], [0, 0, 0, 1], [1, 1, 1, 0]]\n   output: 3\n*/\nint maxDegree(std::vector<int> const& A, size_t N) {",17_graph_highest_degree,graph,cpp,hpx,0.2,0.95,True,2048,False,"int maxDegree(std::vector<int> const& A, size_t N) {\n    if (N == 0) return 0;\n\n    std::vector<int> degrees(N, 0);\n\n    hpx::for_loop(hpx::execution::par, size_t(0), N, [&](size_t i) {\n        int d = 0;\n        size_t base = i * N;\n        for (size_t j = 0; j < N; ++j) {\n            if (j != i) d += A[base + j];\n        }\n        degrees[i] = d;\n    });\n\n    return *std::max_element(degrees.begin(), degrees.end());\n}",True,True,0.0032063664,44,N/A,,,,,13.977595567703247,0.0,True,True,0.0112714716,1.0
"#include <hpx/hpx_main.hpp>\n\n/* Compute the highest node degree in the undirected graph. The graph is defined in the adjacency matrix A.\n   A is an NxN adjacency matrix stored in row-major. A is an undirected graph.\n   Use HPX to compute in parallel.  Assume HPX has already been initialized.\n   Example:\n\n	 input: [[0, 0, 0, 1], [0, 0, 0, 1], [0, 0, 0, 1], [1, 1, 1, 0]]\n   output: 3\n*/\nint maxDegree(std::vector<int> const& A, size_t N) {",17_graph_highest_degree,graph,cpp,hpx,0.2,0.95,True,2048,False,"int maxDegree(std::vector<int> const& A, size_t N) {\n    if (N == 0) return 0;\n\n    std::vector<int> degrees(N, 0);\n\n    hpx::for_loop(hpx::execution::par, size_t(0), N, [&](size_t i) {\n        int d = 0;\n        size_t base = i * N;\n        for (size_t j = 0; j < N; ++j) {\n            if (j != i) d += A[base + j];\n        }\n        degrees[i] = d;\n    });\n\n    return *std::max_element(degrees.begin(), degrees.end());\n}",True,True,0.0032063664,44,N/A,,,,,13.977595567703247,1.0,True,True,0.0057388934,2.0
"#include <hpx/hpx_main.hpp>\n\n/* Compute the highest node degree in the undirected graph. The graph is defined in the adjacency matrix A.\n   A is an NxN adjacency matrix stored in row-major. A is an undirected graph.\n   Use HPX to compute in parallel.  Assume HPX has already been initialized.\n   Example:\n\n	 input: [[0, 0, 0, 1], [0, 0, 0, 1], [0, 0, 0, 1], [1, 1, 1, 0]]\n   output: 3\n*/\nint maxDegree(std::vector<int> const& A, size_t N) {",17_graph_highest_degree,graph,cpp,hpx,0.2,0.95,True,2048,False,"int maxDegree(std::vector<int> const& A, size_t N) {\n    if (N == 0) return 0;\n\n    std::vector<int> degrees(N, 0);\n\n    hpx::for_loop(hpx::execution::par, size_t(0), N, [&](size_t i) {\n        int d = 0;\n        size_t base = i * N;\n        for (size_t j = 0; j < N; ++j) {\n            if (j != i) d += A[base + j];\n        }\n        degrees[i] = d;\n    });\n\n    return *std::max_element(degrees.begin(), degrees.end());\n}",True,True,0.0032063664,44,N/A,,,,,13.977595567703247,2.0,True,True,0.003349849,4.0
"#include <hpx/hpx_main.hpp>\n\n/* Compute the highest node degree in the undirected graph. The graph is defined in the adjacency matrix A.\n   A is an NxN adjacency matrix stored in row-major. A is an undirected graph.\n   Use HPX to compute in parallel.  Assume HPX has already been initialized.\n   Example:\n\n	 input: [[0, 0, 0, 1], [0, 0, 0, 1], [0, 0, 0, 1], [1, 1, 1, 0]]\n   output: 3\n*/\nint maxDegree(std::vector<int> const& A, size_t N) {",17_graph_highest_degree,graph,cpp,hpx,0.2,0.95,True,2048,False,"int maxDegree(std::vector<int> const& A, size_t N) {\n    if (N == 0) return 0;\n\n    std::vector<int> degrees(N, 0);\n\n    hpx::for_loop(hpx::execution::par, size_t(0), N, [&](size_t i) {\n        int d = 0;\n        size_t base = i * N;\n        for (size_t j = 0; j < N; ++j) {\n            if (j != i) d += A[base + j];\n        }\n        degrees[i] = d;\n    });\n\n    return *std::max_element(degrees.begin(), degrees.end());\n}",True,True,0.0032063664,44,N/A,,,,,13.977595567703247,3.0,True,True,0.001950587,8.0
"#include <hpx/hpx_main.hpp>\n\n/* Compute the highest node degree in the undirected graph. The graph is defined in the adjacency matrix A.\n   A is an NxN adjacency matrix stored in row-major. A is an undirected graph.\n   Use HPX to compute in parallel.  Assume HPX has already been initialized.\n   Example:\n\n	 input: [[0, 0, 0, 1], [0, 0, 0, 1], [0, 0, 0, 1], [1, 1, 1, 0]]\n   output: 3\n*/\nint maxDegree(std::vector<int> const& A, size_t N) {",17_graph_highest_degree,graph,cpp,hpx,0.2,0.95,True,2048,False,"int maxDegree(std::vector<int> const& A, size_t N) {\n    if (N == 0) return 0;\n\n    std::vector<int> degrees(N, 0);\n\n    hpx::for_loop(hpx::execution::par, size_t(0), N, [&](size_t i) {\n        int d = 0;\n        size_t base = i * N;\n        for (size_t j = 0; j < N; ++j) {\n            if (j != i) d += A[base + j];\n        }\n        degrees[i] = d;\n    });\n\n    return *std::max_element(degrees.begin(), degrees.end());\n}",True,True,0.0032063664,44,N/A,,,,,13.977595567703247,4.0,True,True,0.0019515608,16.0
"#include <hpx/hpx_main.hpp>\n\n/* Compute the highest node degree in the undirected graph. The graph is defined in the adjacency matrix A.\n   A is an NxN adjacency matrix stored in row-major. A is an undirected graph.\n   Use HPX to compute in parallel.  Assume HPX has already been initialized.\n   Example:\n\n	 input: [[0, 0, 0, 1], [0, 0, 0, 1], [0, 0, 0, 1], [1, 1, 1, 0]]\n   output: 3\n*/\nint maxDegree(std::vector<int> const& A, size_t N) {",17_graph_highest_degree,graph,cpp,hpx,0.2,0.95,True,2048,False,,False,False,,45,N/A,,,,,14.922364950180054,,,,,
"#include <hpx/hpx_main.hpp>\n\n/* Compute the highest node degree in the undirected graph. The graph is defined in the adjacency matrix A.\n   A is an NxN adjacency matrix stored in row-major. A is an undirected graph.\n   Use HPX to compute in parallel.  Assume HPX has already been initialized.\n   Example:\n\n	 input: [[0, 0, 0, 1], [0, 0, 0, 1], [0, 0, 0, 1], [1, 1, 1, 0]]\n   output: 3\n*/\nint maxDegree(std::vector<int> const& A, size_t N) {",17_graph_highest_degree,graph,cpp,hpx,0.2,0.95,True,2048,False,,False,False,,46,N/A,,,,,15.051792860031128,,,,,
"#include <hpx/hpx_main.hpp>\n\n/* Compute the highest node degree in the undirected graph. The graph is defined in the adjacency matrix A.\n   A is an NxN adjacency matrix stored in row-major. A is an undirected graph.\n   Use HPX to compute in parallel.  Assume HPX has already been initialized.\n   Example:\n\n	 input: [[0, 0, 0, 1], [0, 0, 0, 1], [0, 0, 0, 1], [1, 1, 1, 0]]\n   output: 3\n*/\nint maxDegree(std::vector<int> const& A, size_t N) {",17_graph_highest_degree,graph,cpp,hpx,0.2,0.95,True,2048,False,"int maxDegree(std::vector<int> const& A, size_t N) {\n    if (N == 0) return 0;\n\n    auto begin = hpx::util::counting_iterator<size_t>(0);\n    auto end   = hpx::util::counting_iterator<size_t>(N);\n\n    auto unary = [&](size_t i) -> size_t {\n        auto row = &A[i * N];\n        size_t sum = std::accumulate(row, row + N, size_t(0));\n        sum -= static_cast<size_t>(row[i]); // exclude diagonal\n        return sum;",False,True,,47,N/A,,,,,24.197202920913696,,,,,
"#include <hpx/hpx_main.hpp>\n\n/* Compute the highest node degree in the undirected graph. The graph is defined in the adjacency matrix A.\n   A is an NxN adjacency matrix stored in row-major. A is an undirected graph.\n   Use HPX to compute in parallel.  Assume HPX has already been initialized.\n   Example:\n\n	 input: [[0, 0, 0, 1], [0, 0, 0, 1], [0, 0, 0, 1], [1, 1, 1, 0]]\n   output: 3\n*/\nint maxDegree(std::vector<int> const& A, size_t N) {",17_graph_highest_degree,graph,cpp,hpx,0.2,0.95,True,2048,False,,False,False,,48,N/A,,,,,16.903189182281494,,,,,
"#include <hpx/hpx_main.hpp>\n\n/* Compute the highest node degree in the undirected graph. The graph is defined in the adjacency matrix A.\n   A is an NxN adjacency matrix stored in row-major. A is an undirected graph.\n   Use HPX to compute in parallel.  Assume HPX has already been initialized.\n   Example:\n\n	 input: [[0, 0, 0, 1], [0, 0, 0, 1], [0, 0, 0, 1], [1, 1, 1, 0]]\n   output: 3\n*/\nint maxDegree(std::vector<int> const& A, size_t N) {",17_graph_highest_degree,graph,cpp,hpx,0.2,0.95,True,2048,False,,False,False,,49,N/A,,,,,17.49305033683777,,,,,
"#include <hpx/hpx_main.hpp>\n\n/* Compute the highest node degree in the undirected graph. The graph is defined in the adjacency matrix A.\n   A is an NxN adjacency matrix stored in row-major. A is an undirected graph.\n   Use HPX to compute in parallel.  Assume HPX has already been initialized.\n   Example:\n\n	 input: [[0, 0, 0, 1], [0, 0, 0, 1], [0, 0, 0, 1], [1, 1, 1, 0]]\n   output: 3\n*/\nint maxDegree(std::vector<int> const& A, size_t N) {",17_graph_highest_degree,graph,cpp,hpx,0.2,0.95,True,2048,False,,False,False,,50,N/A,,,,,18.90435552597046,,,,,
"#include <hpx/hpx_main.hpp>\n\n/* Compute the highest node degree in the undirected graph. The graph is defined in the adjacency matrix A.\n   A is an NxN adjacency matrix stored in row-major. A is an undirected graph.\n   Use HPX to compute in parallel.  Assume HPX has already been initialized.\n   Example:\n\n	 input: [[0, 0, 0, 1], [0, 0, 0, 1], [0, 0, 0, 1], [1, 1, 1, 0]]\n   output: 3\n*/\nint maxDegree(std::vector<int> const& A, size_t N) {",17_graph_highest_degree,graph,cpp,hpx,0.2,0.95,True,2048,False,"int maxDegree(std::vector<int> const& A, size_t N) {\n    if (N == 0) return 0;\n\n    auto first = hpx::util::counting_iterator<size_t>(0);\n    auto last  = hpx::util::counting_iterator<size_t>(N);\n\n    return hpx::transform_reduce(\n        hpx::execution::par, first, last, 0,\n        [](int a, int b) { return a > b ? a : b; },\n        [&](size_t i) {\n            int sum = 0;\n            size_t base = i * N;\n            for (size_t j = 0; j < N; ++j) sum += A[base + j];\n            return sum;\n        });\n}",True,True,0.0032950008,51,N/A,,,,,12.956691026687622,0.0,True,True,0.004866896,1.0
"#include <hpx/hpx_main.hpp>\n\n/* Compute the highest node degree in the undirected graph. The graph is defined in the adjacency matrix A.\n   A is an NxN adjacency matrix stored in row-major. A is an undirected graph.\n   Use HPX to compute in parallel.  Assume HPX has already been initialized.\n   Example:\n\n	 input: [[0, 0, 0, 1], [0, 0, 0, 1], [0, 0, 0, 1], [1, 1, 1, 0]]\n   output: 3\n*/\nint maxDegree(std::vector<int> const& A, size_t N) {",17_graph_highest_degree,graph,cpp,hpx,0.2,0.95,True,2048,False,"int maxDegree(std::vector<int> const& A, size_t N) {\n    if (N == 0) return 0;\n\n    auto first = hpx::util::counting_iterator<size_t>(0);\n    auto last  = hpx::util::counting_iterator<size_t>(N);\n\n    return hpx::transform_reduce(\n        hpx::execution::par, first, last, 0,\n        [](int a, int b) { return a > b ? a : b; },\n        [&](size_t i) {\n            int sum = 0;\n            size_t base = i * N;\n            for (size_t j = 0; j < N; ++j) sum += A[base + j];\n            return sum;\n        });\n}",True,True,0.0032950008,51,N/A,,,,,12.956691026687622,1.0,True,True,0.0027152694,2.0
"#include <hpx/hpx_main.hpp>\n\n/* Compute the highest node degree in the undirected graph. The graph is defined in the adjacency matrix A.\n   A is an NxN adjacency matrix stored in row-major. A is an undirected graph.\n   Use HPX to compute in parallel.  Assume HPX has already been initialized.\n   Example:\n\n	 input: [[0, 0, 0, 1], [0, 0, 0, 1], [0, 0, 0, 1], [1, 1, 1, 0]]\n   output: 3\n*/\nint maxDegree(std::vector<int> const& A, size_t N) {",17_graph_highest_degree,graph,cpp,hpx,0.2,0.95,True,2048,False,"int maxDegree(std::vector<int> const& A, size_t N) {\n    if (N == 0) return 0;\n\n    auto first = hpx::util::counting_iterator<size_t>(0);\n    auto last  = hpx::util::counting_iterator<size_t>(N);\n\n    return hpx::transform_reduce(\n        hpx::execution::par, first, last, 0,\n        [](int a, int b) { return a > b ? a : b; },\n        [&](size_t i) {\n            int sum = 0;\n            size_t base = i * N;\n            for (size_t j = 0; j < N; ++j) sum += A[base + j];\n            return sum;\n        });\n}",True,True,0.0032950008,51,N/A,,,,,12.956691026687622,2.0,True,True,0.0023806662,4.0
"#include <hpx/hpx_main.hpp>\n\n/* Compute the highest node degree in the undirected graph. The graph is defined in the adjacency matrix A.\n   A is an NxN adjacency matrix stored in row-major. A is an undirected graph.\n   Use HPX to compute in parallel.  Assume HPX has already been initialized.\n   Example:\n\n	 input: [[0, 0, 0, 1], [0, 0, 0, 1], [0, 0, 0, 1], [1, 1, 1, 0]]\n   output: 3\n*/\nint maxDegree(std::vector<int> const& A, size_t N) {",17_graph_highest_degree,graph,cpp,hpx,0.2,0.95,True,2048,False,"int maxDegree(std::vector<int> const& A, size_t N) {\n    if (N == 0) return 0;\n\n    auto first = hpx::util::counting_iterator<size_t>(0);\n    auto last  = hpx::util::counting_iterator<size_t>(N);\n\n    return hpx::transform_reduce(\n        hpx::execution::par, first, last, 0,\n        [](int a, int b) { return a > b ? a : b; },\n        [&](size_t i) {\n            int sum = 0;\n            size_t base = i * N;\n            for (size_t j = 0; j < N; ++j) sum += A[base + j];\n            return sum;\n        });\n}",True,True,0.0032950008,51,N/A,,,,,12.956691026687622,3.0,True,True,0.001952601,8.0
"#include <hpx/hpx_main.hpp>\n\n/* Compute the highest node degree in the undirected graph. The graph is defined in the adjacency matrix A.\n   A is an NxN adjacency matrix stored in row-major. A is an undirected graph.\n   Use HPX to compute in parallel.  Assume HPX has already been initialized.\n   Example:\n\n	 input: [[0, 0, 0, 1], [0, 0, 0, 1], [0, 0, 0, 1], [1, 1, 1, 0]]\n   output: 3\n*/\nint maxDegree(std::vector<int> const& A, size_t N) {",17_graph_highest_degree,graph,cpp,hpx,0.2,0.95,True,2048,False,"int maxDegree(std::vector<int> const& A, size_t N) {\n    if (N == 0) return 0;\n\n    auto first = hpx::util::counting_iterator<size_t>(0);\n    auto last  = hpx::util::counting_iterator<size_t>(N);\n\n    return hpx::transform_reduce(\n        hpx::execution::par, first, last, 0,\n        [](int a, int b) { return a > b ? a : b; },\n        [&](size_t i) {\n            int sum = 0;\n            size_t base = i * N;\n            for (size_t j = 0; j < N; ++j) sum += A[base + j];\n            return sum;\n        });\n}",True,True,0.0032950008,51,N/A,,,,,12.956691026687622,4.0,True,True,0.0020647844,16.0
"#include <hpx/hpx_main.hpp>\n\n/* Compute the highest node degree in the undirected graph. The graph is defined in the adjacency matrix A.\n   A is an NxN adjacency matrix stored in row-major. A is an undirected graph.\n   Use HPX to compute in parallel.  Assume HPX has already been initialized.\n   Example:\n\n	 input: [[0, 0, 0, 1], [0, 0, 0, 1], [0, 0, 0, 1], [1, 1, 1, 0]]\n   output: 3\n*/\nint maxDegree(std::vector<int> const& A, size_t N) {",17_graph_highest_degree,graph,cpp,hpx,0.2,0.95,True,2048,False,,False,False,,52,N/A,,,,,18.408578395843506,,,,,
"#include <hpx/hpx_main.hpp>\n\n/* Compute the highest node degree in the undirected graph. The graph is defined in the adjacency matrix A.\n   A is an NxN adjacency matrix stored in row-major. A is an undirected graph.\n   Use HPX to compute in parallel.  Assume HPX has already been initialized.\n   Example:\n\n	 input: [[0, 0, 0, 1], [0, 0, 0, 1], [0, 0, 0, 1], [1, 1, 1, 0]]\n   output: 3\n*/\nint maxDegree(std::vector<int> const& A, size_t N) {",17_graph_highest_degree,graph,cpp,hpx,0.2,0.95,True,2048,False,"int maxDegree(std::vector<int> const& A, size_t N) {\n    if (N == 0) return 0;\n\n    std::vector<std::size_t> rows(N);\n    std::iota(rows.begin(), rows.end(), 0);\n\n    auto row_degree = [&](std::size_t i) {\n        int deg = 0;\n        std::size_t base = i * N;\n        for (std::size_t j = 0; j < N; ++j) {\n            if (j != i) deg += A[base + j]; // ignore diagonal\n        }\n        return deg;\n    };\n\n    return hpx::transform_reduce(\n        hpx::execution::par,\n        rows.begin(), rows.end(),\n        0,\n        [](int a, int b) { return std::max(a, b); },\n        row_degree\n    );\n}",True,True,0.0033987456,53,N/A,,,,,14.179092645645142,0.0,True,True,0.0093367588,1.0
"#include <hpx/hpx_main.hpp>\n\n/* Compute the highest node degree in the undirected graph. The graph is defined in the adjacency matrix A.\n   A is an NxN adjacency matrix stored in row-major. A is an undirected graph.\n   Use HPX to compute in parallel.  Assume HPX has already been initialized.\n   Example:\n\n	 input: [[0, 0, 0, 1], [0, 0, 0, 1], [0, 0, 0, 1], [1, 1, 1, 0]]\n   output: 3\n*/\nint maxDegree(std::vector<int> const& A, size_t N) {",17_graph_highest_degree,graph,cpp,hpx,0.2,0.95,True,2048,False,"int maxDegree(std::vector<int> const& A, size_t N) {\n    if (N == 0) return 0;\n\n    std::vector<std::size_t> rows(N);\n    std::iota(rows.begin(), rows.end(), 0);\n\n    auto row_degree = [&](std::size_t i) {\n        int deg = 0;\n        std::size_t base = i * N;\n        for (std::size_t j = 0; j < N; ++j) {\n            if (j != i) deg += A[base + j]; // ignore diagonal\n        }\n        return deg;\n    };\n\n    return hpx::transform_reduce(\n        hpx::execution::par,\n        rows.begin(), rows.end(),\n        0,\n        [](int a, int b) { return std::max(a, b); },\n        row_degree\n    );\n}",True,True,0.0033987456,53,N/A,,,,,14.179092645645142,1.0,True,True,0.0046539564,2.0
"#include <hpx/hpx_main.hpp>\n\n/* Compute the highest node degree in the undirected graph. The graph is defined in the adjacency matrix A.\n   A is an NxN adjacency matrix stored in row-major. A is an undirected graph.\n   Use HPX to compute in parallel.  Assume HPX has already been initialized.\n   Example:\n\n	 input: [[0, 0, 0, 1], [0, 0, 0, 1], [0, 0, 0, 1], [1, 1, 1, 0]]\n   output: 3\n*/\nint maxDegree(std::vector<int> const& A, size_t N) {",17_graph_highest_degree,graph,cpp,hpx,0.2,0.95,True,2048,False,"int maxDegree(std::vector<int> const& A, size_t N) {\n    if (N == 0) return 0;\n\n    std::vector<std::size_t> rows(N);\n    std::iota(rows.begin(), rows.end(), 0);\n\n    auto row_degree = [&](std::size_t i) {\n        int deg = 0;\n        std::size_t base = i * N;\n        for (std::size_t j = 0; j < N; ++j) {\n            if (j != i) deg += A[base + j]; // ignore diagonal\n        }\n        return deg;\n    };\n\n    return hpx::transform_reduce(\n        hpx::execution::par,\n        rows.begin(), rows.end(),\n        0,\n        [](int a, int b) { return std::max(a, b); },\n        row_degree\n    );\n}",True,True,0.0033987456,53,N/A,,,,,14.179092645645142,2.0,True,True,0.0029568546,4.0
"#include <hpx/hpx_main.hpp>\n\n/* Compute the highest node degree in the undirected graph. The graph is defined in the adjacency matrix A.\n   A is an NxN adjacency matrix stored in row-major. A is an undirected graph.\n   Use HPX to compute in parallel.  Assume HPX has already been initialized.\n   Example:\n\n	 input: [[0, 0, 0, 1], [0, 0, 0, 1], [0, 0, 0, 1], [1, 1, 1, 0]]\n   output: 3\n*/\nint maxDegree(std::vector<int> const& A, size_t N) {",17_graph_highest_degree,graph,cpp,hpx,0.2,0.95,True,2048,False,"int maxDegree(std::vector<int> const& A, size_t N) {\n    if (N == 0) return 0;\n\n    std::vector<std::size_t> rows(N);\n    std::iota(rows.begin(), rows.end(), 0);\n\n    auto row_degree = [&](std::size_t i) {\n        int deg = 0;\n        std::size_t base = i * N;\n        for (std::size_t j = 0; j < N; ++j) {\n            if (j != i) deg += A[base + j]; // ignore diagonal\n        }\n        return deg;\n    };\n\n    return hpx::transform_reduce(\n        hpx::execution::par,\n        rows.begin(), rows.end(),\n        0,\n        [](int a, int b) { return std::max(a, b); },\n        row_degree\n    );\n}",True,True,0.0033987456,53,N/A,,,,,14.179092645645142,3.0,True,True,0.0017957508,8.0
"#include <hpx/hpx_main.hpp>\n\n/* Compute the highest node degree in the undirected graph. The graph is defined in the adjacency matrix A.\n   A is an NxN adjacency matrix stored in row-major. A is an undirected graph.\n   Use HPX to compute in parallel.  Assume HPX has already been initialized.\n   Example:\n\n	 input: [[0, 0, 0, 1], [0, 0, 0, 1], [0, 0, 0, 1], [1, 1, 1, 0]]\n   output: 3\n*/\nint maxDegree(std::vector<int> const& A, size_t N) {",17_graph_highest_degree,graph,cpp,hpx,0.2,0.95,True,2048,False,"int maxDegree(std::vector<int> const& A, size_t N) {\n    if (N == 0) return 0;\n\n    std::vector<std::size_t> rows(N);\n    std::iota(rows.begin(), rows.end(), 0);\n\n    auto row_degree = [&](std::size_t i) {\n        int deg = 0;\n        std::size_t base = i * N;\n        for (std::size_t j = 0; j < N; ++j) {\n            if (j != i) deg += A[base + j]; // ignore diagonal\n        }\n        return deg;\n    };\n\n    return hpx::transform_reduce(\n        hpx::execution::par,\n        rows.begin(), rows.end(),\n        0,\n        [](int a, int b) { return std::max(a, b); },\n        row_degree\n    );\n}",True,True,0.0033987456,53,N/A,,,,,14.179092645645142,4.0,True,True,0.001943097,16.0
"#include <hpx/hpx_main.hpp>\n\n/* Compute the highest node degree in the undirected graph. The graph is defined in the adjacency matrix A.\n   A is an NxN adjacency matrix stored in row-major. A is an undirected graph.\n   Use HPX to compute in parallel.  Assume HPX has already been initialized.\n   Example:\n\n	 input: [[0, 0, 0, 1], [0, 0, 0, 1], [0, 0, 0, 1], [1, 1, 1, 0]]\n   output: 3\n*/\nint maxDegree(std::vector<int> const& A, size_t N) {",17_graph_highest_degree,graph,cpp,hpx,0.2,0.95,True,2048,False,,False,False,,54,N/A,,,,,18.312167406082153,,,,,
"#include <hpx/hpx_main.hpp>\n\n/* Compute the highest node degree in the undirected graph. The graph is defined in the adjacency matrix A.\n   A is an NxN adjacency matrix stored in row-major. A is an undirected graph.\n   Use HPX to compute in parallel.  Assume HPX has already been initialized.\n   Example:\n\n	 input: [[0, 0, 0, 1], [0, 0, 0, 1], [0, 0, 0, 1], [1, 1, 1, 0]]\n   output: 3\n*/\nint maxDegree(std::vector<int> const& A, size_t N) {",17_graph_highest_degree,graph,cpp,hpx,0.2,0.95,True,2048,False,"int maxDegree(std::vector<int> const& A, size_t N) {\n    if (N == 0) return 0;\n\n    using hpx::execution::par;\n    using hpx::iterator_support::counting_iterator;\n\n    auto row_degree = [&A, N](size_t i) {\n        size_t base = i * N;\n        int sum = 0;\n        for (size_t j = 0; j < N; ++j) sum += A[base + j];\n        return sum;\n    };\n\n    return hpx::transform_reduce(\n        par,\n        counting_iterator<size_t>(0),\n        counting_iterator<size_t>(N),\n        0,\n        [](int a, int b) { return std::max(a, b); },\n        row_degree\n    );\n}",False,True,,55,N/A,,,,,18.394929885864258,,,,,
"#include <hpx/hpx_main.hpp>\n\n/* Compute the highest node degree in the undirected graph. The graph is defined in the adjacency matrix A.\n   A is an NxN adjacency matrix stored in row-major. A is an undirected graph.\n   Use HPX to compute in parallel.  Assume HPX has already been initialized.\n   Example:\n\n	 input: [[0, 0, 0, 1], [0, 0, 0, 1], [0, 0, 0, 1], [1, 1, 1, 0]]\n   output: 3\n*/\nint maxDegree(std::vector<int> const& A, size_t N) {",17_graph_highest_degree,graph,cpp,hpx,0.2,0.95,True,2048,False,,False,False,,56,N/A,,,,,18.894288539886475,,,,,
"#include <hpx/hpx_main.hpp>\n\n/* Compute the highest node degree in the undirected graph. The graph is defined in the adjacency matrix A.\n   A is an NxN adjacency matrix stored in row-major. A is an undirected graph.\n   Use HPX to compute in parallel.  Assume HPX has already been initialized.\n   Example:\n\n	 input: [[0, 0, 0, 1], [0, 0, 0, 1], [0, 0, 0, 1], [1, 1, 1, 0]]\n   output: 3\n*/\nint maxDegree(std::vector<int> const& A, size_t N) {",17_graph_highest_degree,graph,cpp,hpx,0.2,0.95,True,2048,False,,False,False,,57,N/A,,,,,16.752140045166016,,,,,
"#include <hpx/hpx_main.hpp>\n\n/* Compute the highest node degree in the undirected graph. The graph is defined in the adjacency matrix A.\n   A is an NxN adjacency matrix stored in row-major. A is an undirected graph.\n   Use HPX to compute in parallel.  Assume HPX has already been initialized.\n   Example:\n\n	 input: [[0, 0, 0, 1], [0, 0, 0, 1], [0, 0, 0, 1], [1, 1, 1, 0]]\n   output: 3\n*/\nint maxDegree(std::vector<int> const& A, size_t N) {",17_graph_highest_degree,graph,cpp,hpx,0.2,0.95,True,2048,False,,False,False,,58,N/A,,,,,16.41674494743347,,,,,
"#include <hpx/hpx_main.hpp>\n\n/* Compute the highest node degree in the undirected graph. The graph is defined in the adjacency matrix A.\n   A is an NxN adjacency matrix stored in row-major. A is an undirected graph.\n   Use HPX to compute in parallel.  Assume HPX has already been initialized.\n   Example:\n\n	 input: [[0, 0, 0, 1], [0, 0, 0, 1], [0, 0, 0, 1], [1, 1, 1, 0]]\n   output: 3\n*/\nint maxDegree(std::vector<int> const& A, size_t N) {",17_graph_highest_degree,graph,cpp,hpx,0.2,0.95,True,2048,False,"int maxDegree(std::vector<int> const& A, size_t N) {\n    if (N == 0) return 0;\n\n    auto first = hpx::util::counting_iterator<size_t>(0);\n    auto last  = hpx::util::counting_iterator<size_t>(N);\n\n    auto row_degree = [&](size_t i) -> int {\n        return std::accumulate(A.begin() + i * N, A.begin() + (i + 1) * N, 0);\n    };\n\n    return hpx::transform_reduce(\n        hpx::execution::par, first, last, 0,\n        [](int a, int b) { return std::max(a, b); },\n        row_degree\n    );\n}",True,True,0.0038419694,59,N/A,,,,,17.84831428527832,0.0,True,True,0.0050393542,1.0
"#include <hpx/hpx_main.hpp>\n\n/* Compute the highest node degree in the undirected graph. The graph is defined in the adjacency matrix A.\n   A is an NxN adjacency matrix stored in row-major. A is an undirected graph.\n   Use HPX to compute in parallel.  Assume HPX has already been initialized.\n   Example:\n\n	 input: [[0, 0, 0, 1], [0, 0, 0, 1], [0, 0, 0, 1], [1, 1, 1, 0]]\n   output: 3\n*/\nint maxDegree(std::vector<int> const& A, size_t N) {",17_graph_highest_degree,graph,cpp,hpx,0.2,0.95,True,2048,False,"int maxDegree(std::vector<int> const& A, size_t N) {\n    if (N == 0) return 0;\n\n    auto first = hpx::util::counting_iterator<size_t>(0);\n    auto last  = hpx::util::counting_iterator<size_t>(N);\n\n    auto row_degree = [&](size_t i) -> int {\n        return std::accumulate(A.begin() + i * N, A.begin() + (i + 1) * N, 0);\n    };\n\n    return hpx::transform_reduce(\n        hpx::execution::par, first, last, 0,\n        [](int a, int b) { return std::max(a, b); },\n        row_degree\n    );\n}",True,True,0.0038419694,59,N/A,,,,,17.84831428527832,1.0,True,True,0.0031616134,2.0
"#include <hpx/hpx_main.hpp>\n\n/* Compute the highest node degree in the undirected graph. The graph is defined in the adjacency matrix A.\n   A is an NxN adjacency matrix stored in row-major. A is an undirected graph.\n   Use HPX to compute in parallel.  Assume HPX has already been initialized.\n   Example:\n\n	 input: [[0, 0, 0, 1], [0, 0, 0, 1], [0, 0, 0, 1], [1, 1, 1, 0]]\n   output: 3\n*/\nint maxDegree(std::vector<int> const& A, size_t N) {",17_graph_highest_degree,graph,cpp,hpx,0.2,0.95,True,2048,False,"int maxDegree(std::vector<int> const& A, size_t N) {\n    if (N == 0) return 0;\n\n    auto first = hpx::util::counting_iterator<size_t>(0);\n    auto last  = hpx::util::counting_iterator<size_t>(N);\n\n    auto row_degree = [&](size_t i) -> int {\n        return std::accumulate(A.begin() + i * N, A.begin() + (i + 1) * N, 0);\n    };\n\n    return hpx::transform_reduce(\n        hpx::execution::par, first, last, 0,\n        [](int a, int b) { return std::max(a, b); },\n        row_degree\n    );\n}",True,True,0.0038419694,59,N/A,,,,,17.84831428527832,2.0,True,True,0.0023045656,4.0
"#include <hpx/hpx_main.hpp>\n\n/* Compute the highest node degree in the undirected graph. The graph is defined in the adjacency matrix A.\n   A is an NxN adjacency matrix stored in row-major. A is an undirected graph.\n   Use HPX to compute in parallel.  Assume HPX has already been initialized.\n   Example:\n\n	 input: [[0, 0, 0, 1], [0, 0, 0, 1], [0, 0, 0, 1], [1, 1, 1, 0]]\n   output: 3\n*/\nint maxDegree(std::vector<int> const& A, size_t N) {",17_graph_highest_degree,graph,cpp,hpx,0.2,0.95,True,2048,False,"int maxDegree(std::vector<int> const& A, size_t N) {\n    if (N == 0) return 0;\n\n    auto first = hpx::util::counting_iterator<size_t>(0);\n    auto last  = hpx::util::counting_iterator<size_t>(N);\n\n    auto row_degree = [&](size_t i) -> int {\n        return std::accumulate(A.begin() + i * N, A.begin() + (i + 1) * N, 0);\n    };\n\n    return hpx::transform_reduce(\n        hpx::execution::par, first, last, 0,\n        [](int a, int b) { return std::max(a, b); },\n        row_degree\n    );\n}",True,True,0.0038419694,59,N/A,,,,,17.84831428527832,3.0,True,True,0.0019464492,8.0
"#include <hpx/hpx_main.hpp>\n\n/* Compute the highest node degree in the undirected graph. The graph is defined in the adjacency matrix A.\n   A is an NxN adjacency matrix stored in row-major. A is an undirected graph.\n   Use HPX to compute in parallel.  Assume HPX has already been initialized.\n   Example:\n\n	 input: [[0, 0, 0, 1], [0, 0, 0, 1], [0, 0, 0, 1], [1, 1, 1, 0]]\n   output: 3\n*/\nint maxDegree(std::vector<int> const& A, size_t N) {",17_graph_highest_degree,graph,cpp,hpx,0.2,0.95,True,2048,False,"int maxDegree(std::vector<int> const& A, size_t N) {\n    if (N == 0) return 0;\n\n    auto first = hpx::util::counting_iterator<size_t>(0);\n    auto last  = hpx::util::counting_iterator<size_t>(N);\n\n    auto row_degree = [&](size_t i) -> int {\n        return std::accumulate(A.begin() + i * N, A.begin() + (i + 1) * N, 0);\n    };\n\n    return hpx::transform_reduce(\n        hpx::execution::par, first, last, 0,\n        [](int a, int b) { return std::max(a, b); },\n        row_degree\n    );\n}",True,True,0.0038419694,59,N/A,,,,,17.84831428527832,4.0,True,True,0.0020968146,16.0
"#include <hpx/hpx_main.hpp>\n\n/* Compute the highest node degree in the undirected graph. The graph is defined in the adjacency matrix A.\n   A is an NxN adjacency matrix stored in row-major. A is an undirected graph.\n   Use HPX to compute in parallel.  Assume HPX has already been initialized.\n   Example:\n\n	 input: [[0, 0, 0, 1], [0, 0, 0, 1], [0, 0, 0, 1], [1, 1, 1, 0]]\n   output: 3\n*/\nint maxDegree(std::vector<int> const& A, size_t N) {",17_graph_highest_degree,graph,cpp,hpx,0.2,0.95,True,2048,False,,False,False,,60,N/A,,,,,19.82389497756958,,,,,
"#include <hpx/hpx_main.hpp>\n\n/* Compute the highest node degree in the undirected graph. The graph is defined in the adjacency matrix A.\n   A is an NxN adjacency matrix stored in row-major. A is an undirected graph.\n   Use HPX to compute in parallel.  Assume HPX has already been initialized.\n   Example:\n\n	 input: [[0, 0, 0, 1], [0, 0, 0, 1], [0, 0, 0, 1], [1, 1, 1, 0]]\n   output: 3\n*/\nint maxDegree(std::vector<int> const& A, size_t N) {",17_graph_highest_degree,graph,cpp,hpx,0.2,0.95,True,2048,False,"int maxDegree(std::vector<int> const& A, size_t N) {\n    if (N == 0) return 0;\n\n    auto first = hpx::util::counting_iterator<size_t>(0);\n    auto last  = hpx::util::counting_iterator<size_t>(N);\n\n    return hpx::transform_reduce(\n        hpx::execution::par, first, last, 0,\n        [](int a, int b) { return std::max(a, b); },\n        [&](size_t i) {\n            const int* row = A.data() + i * N;\n            int sum = 0;\n            for (size_t j = 0; j < N; ++j) sum += row[j];\n            sum -= row[i]; // ignore self-loop if present\n            return sum;\n        });\n}",True,True,0.0033680272,61,N/A,,,,,15.96549916267395,0.0,True,True,0.0048763402,1.0
"#include <hpx/hpx_main.hpp>\n\n/* Compute the highest node degree in the undirected graph. The graph is defined in the adjacency matrix A.\n   A is an NxN adjacency matrix stored in row-major. A is an undirected graph.\n   Use HPX to compute in parallel.  Assume HPX has already been initialized.\n   Example:\n\n	 input: [[0, 0, 0, 1], [0, 0, 0, 1], [0, 0, 0, 1], [1, 1, 1, 0]]\n   output: 3\n*/\nint maxDegree(std::vector<int> const& A, size_t N) {",17_graph_highest_degree,graph,cpp,hpx,0.2,0.95,True,2048,False,"int maxDegree(std::vector<int> const& A, size_t N) {\n    if (N == 0) return 0;\n\n    auto first = hpx::util::counting_iterator<size_t>(0);\n    auto last  = hpx::util::counting_iterator<size_t>(N);\n\n    return hpx::transform_reduce(\n        hpx::execution::par, first, last, 0,\n        [](int a, int b) { return std::max(a, b); },\n        [&](size_t i) {\n            const int* row = A.data() + i * N;\n            int sum = 0;\n            for (size_t j = 0; j < N; ++j) sum += row[j];\n            sum -= row[i]; // ignore self-loop if present\n            return sum;\n        });\n}",True,True,0.0033680272,61,N/A,,,,,15.96549916267395,1.0,True,True,0.0035409074,2.0
"#include <hpx/hpx_main.hpp>\n\n/* Compute the highest node degree in the undirected graph. The graph is defined in the adjacency matrix A.\n   A is an NxN adjacency matrix stored in row-major. A is an undirected graph.\n   Use HPX to compute in parallel.  Assume HPX has already been initialized.\n   Example:\n\n	 input: [[0, 0, 0, 1], [0, 0, 0, 1], [0, 0, 0, 1], [1, 1, 1, 0]]\n   output: 3\n*/\nint maxDegree(std::vector<int> const& A, size_t N) {",17_graph_highest_degree,graph,cpp,hpx,0.2,0.95,True,2048,False,"int maxDegree(std::vector<int> const& A, size_t N) {\n    if (N == 0) return 0;\n\n    auto first = hpx::util::counting_iterator<size_t>(0);\n    auto last  = hpx::util::counting_iterator<size_t>(N);\n\n    return hpx::transform_reduce(\n        hpx::execution::par, first, last, 0,\n        [](int a, int b) { return std::max(a, b); },\n        [&](size_t i) {\n            const int* row = A.data() + i * N;\n            int sum = 0;\n            for (size_t j = 0; j < N; ++j) sum += row[j];\n            sum -= row[i]; // ignore self-loop if present\n            return sum;\n        });\n}",True,True,0.0033680272,61,N/A,,,,,15.96549916267395,2.0,True,True,0.0024493904,4.0
"#include <hpx/hpx_main.hpp>\n\n/* Compute the highest node degree in the undirected graph. The graph is defined in the adjacency matrix A.\n   A is an NxN adjacency matrix stored in row-major. A is an undirected graph.\n   Use HPX to compute in parallel.  Assume HPX has already been initialized.\n   Example:\n\n	 input: [[0, 0, 0, 1], [0, 0, 0, 1], [0, 0, 0, 1], [1, 1, 1, 0]]\n   output: 3\n*/\nint maxDegree(std::vector<int> const& A, size_t N) {",17_graph_highest_degree,graph,cpp,hpx,0.2,0.95,True,2048,False,"int maxDegree(std::vector<int> const& A, size_t N) {\n    if (N == 0) return 0;\n\n    auto first = hpx::util::counting_iterator<size_t>(0);\n    auto last  = hpx::util::counting_iterator<size_t>(N);\n\n    return hpx::transform_reduce(\n        hpx::execution::par, first, last, 0,\n        [](int a, int b) { return std::max(a, b); },\n        [&](size_t i) {\n            const int* row = A.data() + i * N;\n            int sum = 0;\n            for (size_t j = 0; j < N; ++j) sum += row[j];\n            sum -= row[i]; // ignore self-loop if present\n            return sum;\n        });\n}",True,True,0.0033680272,61,N/A,,,,,15.96549916267395,3.0,True,True,0.0020165622,8.0
"#include <hpx/hpx_main.hpp>\n\n/* Compute the highest node degree in the undirected graph. The graph is defined in the adjacency matrix A.\n   A is an NxN adjacency matrix stored in row-major. A is an undirected graph.\n   Use HPX to compute in parallel.  Assume HPX has already been initialized.\n   Example:\n\n	 input: [[0, 0, 0, 1], [0, 0, 0, 1], [0, 0, 0, 1], [1, 1, 1, 0]]\n   output: 3\n*/\nint maxDegree(std::vector<int> const& A, size_t N) {",17_graph_highest_degree,graph,cpp,hpx,0.2,0.95,True,2048,False,"int maxDegree(std::vector<int> const& A, size_t N) {\n    if (N == 0) return 0;\n\n    auto first = hpx::util::counting_iterator<size_t>(0);\n    auto last  = hpx::util::counting_iterator<size_t>(N);\n\n    return hpx::transform_reduce(\n        hpx::execution::par, first, last, 0,\n        [](int a, int b) { return std::max(a, b); },\n        [&](size_t i) {\n            const int* row = A.data() + i * N;\n            int sum = 0;\n            for (size_t j = 0; j < N; ++j) sum += row[j];\n            sum -= row[i]; // ignore self-loop if present\n            return sum;\n        });\n}",True,True,0.0033680272,61,N/A,,,,,15.96549916267395,4.0,True,True,0.0020148952,16.0
"#include <hpx/hpx_main.hpp>\n\n/* Compute the highest node degree in the undirected graph. The graph is defined in the adjacency matrix A.\n   A is an NxN adjacency matrix stored in row-major. A is an undirected graph.\n   Use HPX to compute in parallel.  Assume HPX has already been initialized.\n   Example:\n\n	 input: [[0, 0, 0, 1], [0, 0, 0, 1], [0, 0, 0, 1], [1, 1, 1, 0]]\n   output: 3\n*/\nint maxDegree(std::vector<int> const& A, size_t N) {",17_graph_highest_degree,graph,cpp,hpx,0.2,0.95,True,2048,False,"int maxDegree(std::vector<int> const& A, size_t N) {\n    if (N == 0) return 0;\n\n    std::vector<int> degrees(N, 0);\n\n    hpx::for_loop(hpx::execution::par, size_t(0), N, [&](size_t i) {\n        int sum = 0;\n        auto row = A.data() + i * N;\n        for (size_t j = 0; j < N; ++j) sum += row[j];\n        degrees[i] = sum;\n    });\n\n    return *hpx::max_element(hpx::execution::par, degrees.begin(), degrees.end());\n}",True,True,0.0033047552,62,N/A,,,,,16.330933570861816,0.0,True,True,0.0049065594,1.0
"#include <hpx/hpx_main.hpp>\n\n/* Compute the highest node degree in the undirected graph. The graph is defined in the adjacency matrix A.\n   A is an NxN adjacency matrix stored in row-major. A is an undirected graph.\n   Use HPX to compute in parallel.  Assume HPX has already been initialized.\n   Example:\n\n	 input: [[0, 0, 0, 1], [0, 0, 0, 1], [0, 0, 0, 1], [1, 1, 1, 0]]\n   output: 3\n*/\nint maxDegree(std::vector<int> const& A, size_t N) {",17_graph_highest_degree,graph,cpp,hpx,0.2,0.95,True,2048,False,"int maxDegree(std::vector<int> const& A, size_t N) {\n    if (N == 0) return 0;\n\n    std::vector<int> degrees(N, 0);\n\n    hpx::for_loop(hpx::execution::par, size_t(0), N, [&](size_t i) {\n        int sum = 0;\n        auto row = A.data() + i * N;\n        for (size_t j = 0; j < N; ++j) sum += row[j];\n        degrees[i] = sum;\n    });\n\n    return *hpx::max_element(hpx::execution::par, degrees.begin(), degrees.end());\n}",True,True,0.0033047552,62,N/A,,,,,16.330933570861816,1.0,True,True,0.0030275444,2.0
"#include <hpx/hpx_main.hpp>\n\n/* Compute the highest node degree in the undirected graph. The graph is defined in the adjacency matrix A.\n   A is an NxN adjacency matrix stored in row-major. A is an undirected graph.\n   Use HPX to compute in parallel.  Assume HPX has already been initialized.\n   Example:\n\n	 input: [[0, 0, 0, 1], [0, 0, 0, 1], [0, 0, 0, 1], [1, 1, 1, 0]]\n   output: 3\n*/\nint maxDegree(std::vector<int> const& A, size_t N) {",17_graph_highest_degree,graph,cpp,hpx,0.2,0.95,True,2048,False,"int maxDegree(std::vector<int> const& A, size_t N) {\n    if (N == 0) return 0;\n\n    std::vector<int> degrees(N, 0);\n\n    hpx::for_loop(hpx::execution::par, size_t(0), N, [&](size_t i) {\n        int sum = 0;\n        auto row = A.data() + i * N;\n        for (size_t j = 0; j < N; ++j) sum += row[j];\n        degrees[i] = sum;\n    });\n\n    return *hpx::max_element(hpx::execution::par, degrees.begin(), degrees.end());\n}",True,True,0.0033047552,62,N/A,,,,,16.330933570861816,2.0,True,True,0.00239872,4.0
"#include <hpx/hpx_main.hpp>\n\n/* Compute the highest node degree in the undirected graph. The graph is defined in the adjacency matrix A.\n   A is an NxN adjacency matrix stored in row-major. A is an undirected graph.\n   Use HPX to compute in parallel.  Assume HPX has already been initialized.\n   Example:\n\n	 input: [[0, 0, 0, 1], [0, 0, 0, 1], [0, 0, 0, 1], [1, 1, 1, 0]]\n   output: 3\n*/\nint maxDegree(std::vector<int> const& A, size_t N) {",17_graph_highest_degree,graph,cpp,hpx,0.2,0.95,True,2048,False,"int maxDegree(std::vector<int> const& A, size_t N) {\n    if (N == 0) return 0;\n\n    std::vector<int> degrees(N, 0);\n\n    hpx::for_loop(hpx::execution::par, size_t(0), N, [&](size_t i) {\n        int sum = 0;\n        auto row = A.data() + i * N;\n        for (size_t j = 0; j < N; ++j) sum += row[j];\n        degrees[i] = sum;\n    });\n\n    return *hpx::max_element(hpx::execution::par, degrees.begin(), degrees.end());\n}",True,True,0.0033047552,62,N/A,,,,,16.330933570861816,3.0,True,True,0.0019964882,8.0
"#include <hpx/hpx_main.hpp>\n\n/* Compute the highest node degree in the undirected graph. The graph is defined in the adjacency matrix A.\n   A is an NxN adjacency matrix stored in row-major. A is an undirected graph.\n   Use HPX to compute in parallel.  Assume HPX has already been initialized.\n   Example:\n\n	 input: [[0, 0, 0, 1], [0, 0, 0, 1], [0, 0, 0, 1], [1, 1, 1, 0]]\n   output: 3\n*/\nint maxDegree(std::vector<int> const& A, size_t N) {",17_graph_highest_degree,graph,cpp,hpx,0.2,0.95,True,2048,False,"int maxDegree(std::vector<int> const& A, size_t N) {\n    if (N == 0) return 0;\n\n    std::vector<int> degrees(N, 0);\n\n    hpx::for_loop(hpx::execution::par, size_t(0), N, [&](size_t i) {\n        int sum = 0;\n        auto row = A.data() + i * N;\n        for (size_t j = 0; j < N; ++j) sum += row[j];\n        degrees[i] = sum;\n    });\n\n    return *hpx::max_element(hpx::execution::par, degrees.begin(), degrees.end());\n}",True,True,0.0033047552,62,N/A,,,,,16.330933570861816,4.0,True,True,0.0022477114,16.0
"#include <hpx/hpx_main.hpp>\n\n/* Compute the highest node degree in the undirected graph. The graph is defined in the adjacency matrix A.\n   A is an NxN adjacency matrix stored in row-major. A is an undirected graph.\n   Use HPX to compute in parallel.  Assume HPX has already been initialized.\n   Example:\n\n	 input: [[0, 0, 0, 1], [0, 0, 0, 1], [0, 0, 0, 1], [1, 1, 1, 0]]\n   output: 3\n*/\nint maxDegree(std::vector<int> const& A, size_t N) {",17_graph_highest_degree,graph,cpp,hpx,0.2,0.95,True,2048,False,,False,False,,63,N/A,,,,,15.50041913986206,,,,,
"#include <hpx/hpx_main.hpp>\n\n/* Compute the highest node degree in the undirected graph. The graph is defined in the adjacency matrix A.\n   A is an NxN adjacency matrix stored in row-major. A is an undirected graph.\n   Use HPX to compute in parallel.  Assume HPX has already been initialized.\n   Example:\n\n	 input: [[0, 0, 0, 1], [0, 0, 0, 1], [0, 0, 0, 1], [1, 1, 1, 0]]\n   output: 3\n*/\nint maxDegree(std::vector<int> const& A, size_t N) {",17_graph_highest_degree,graph,cpp,hpx,0.2,0.95,True,2048,False,"int maxDegree(std::vector<int> const& A, size_t N) {\n    auto first = hpx::util::counting_iterator<std::size_t>(0);\n    auto last  = hpx::util::counting_iterator<std::size_t>(N);\n\n    auto row_degree = [&](std::size_t i) {\n        auto row_begin = A.data() + i * N;\n        return std::accumulate(row_begin, row_begin + N, 0);\n    };\n\n    return hpx::transform_reduce(\n        hpx::execution::par, first, last, 0,\n        [](int a, int b) { return a > b ? a : b; },\n        row_degree);\n}",True,True,0.0033517964,64,N/A,,,,,15.751996517181396,0.0,True,True,0.0046159916,1.0
"#include <hpx/hpx_main.hpp>\n\n/* Compute the highest node degree in the undirected graph. The graph is defined in the adjacency matrix A.\n   A is an NxN adjacency matrix stored in row-major. A is an undirected graph.\n   Use HPX to compute in parallel.  Assume HPX has already been initialized.\n   Example:\n\n	 input: [[0, 0, 0, 1], [0, 0, 0, 1], [0, 0, 0, 1], [1, 1, 1, 0]]\n   output: 3\n*/\nint maxDegree(std::vector<int> const& A, size_t N) {",17_graph_highest_degree,graph,cpp,hpx,0.2,0.95,True,2048,False,"int maxDegree(std::vector<int> const& A, size_t N) {\n    auto first = hpx::util::counting_iterator<std::size_t>(0);\n    auto last  = hpx::util::counting_iterator<std::size_t>(N);\n\n    auto row_degree = [&](std::size_t i) {\n        auto row_begin = A.data() + i * N;\n        return std::accumulate(row_begin, row_begin + N, 0);\n    };\n\n    return hpx::transform_reduce(\n        hpx::execution::par, first, last, 0,\n        [](int a, int b) { return a > b ? a : b; },\n        row_degree);\n}",True,True,0.0033517964,64,N/A,,,,,15.751996517181396,1.0,True,True,0.0032972366,2.0
"#include <hpx/hpx_main.hpp>\n\n/* Compute the highest node degree in the undirected graph. The graph is defined in the adjacency matrix A.\n   A is an NxN adjacency matrix stored in row-major. A is an undirected graph.\n   Use HPX to compute in parallel.  Assume HPX has already been initialized.\n   Example:\n\n	 input: [[0, 0, 0, 1], [0, 0, 0, 1], [0, 0, 0, 1], [1, 1, 1, 0]]\n   output: 3\n*/\nint maxDegree(std::vector<int> const& A, size_t N) {",17_graph_highest_degree,graph,cpp,hpx,0.2,0.95,True,2048,False,"int maxDegree(std::vector<int> const& A, size_t N) {\n    auto first = hpx::util::counting_iterator<std::size_t>(0);\n    auto last  = hpx::util::counting_iterator<std::size_t>(N);\n\n    auto row_degree = [&](std::size_t i) {\n        auto row_begin = A.data() + i * N;\n        return std::accumulate(row_begin, row_begin + N, 0);\n    };\n\n    return hpx::transform_reduce(\n        hpx::execution::par, first, last, 0,\n        [](int a, int b) { return a > b ? a : b; },\n        row_degree);\n}",True,True,0.0033517964,64,N/A,,,,,15.751996517181396,2.0,True,True,0.0022286894,4.0
"#include <hpx/hpx_main.hpp>\n\n/* Compute the highest node degree in the undirected graph. The graph is defined in the adjacency matrix A.\n   A is an NxN adjacency matrix stored in row-major. A is an undirected graph.\n   Use HPX to compute in parallel.  Assume HPX has already been initialized.\n   Example:\n\n	 input: [[0, 0, 0, 1], [0, 0, 0, 1], [0, 0, 0, 1], [1, 1, 1, 0]]\n   output: 3\n*/\nint maxDegree(std::vector<int> const& A, size_t N) {",17_graph_highest_degree,graph,cpp,hpx,0.2,0.95,True,2048,False,"int maxDegree(std::vector<int> const& A, size_t N) {\n    auto first = hpx::util::counting_iterator<std::size_t>(0);\n    auto last  = hpx::util::counting_iterator<std::size_t>(N);\n\n    auto row_degree = [&](std::size_t i) {\n        auto row_begin = A.data() + i * N;\n        return std::accumulate(row_begin, row_begin + N, 0);\n    };\n\n    return hpx::transform_reduce(\n        hpx::execution::par, first, last, 0,\n        [](int a, int b) { return a > b ? a : b; },\n        row_degree);\n}",True,True,0.0033517964,64,N/A,,,,,15.751996517181396,3.0,True,True,0.0018632654,8.0
"#include <hpx/hpx_main.hpp>\n\n/* Compute the highest node degree in the undirected graph. The graph is defined in the adjacency matrix A.\n   A is an NxN adjacency matrix stored in row-major. A is an undirected graph.\n   Use HPX to compute in parallel.  Assume HPX has already been initialized.\n   Example:\n\n	 input: [[0, 0, 0, 1], [0, 0, 0, 1], [0, 0, 0, 1], [1, 1, 1, 0]]\n   output: 3\n*/\nint maxDegree(std::vector<int> const& A, size_t N) {",17_graph_highest_degree,graph,cpp,hpx,0.2,0.95,True,2048,False,"int maxDegree(std::vector<int> const& A, size_t N) {\n    auto first = hpx::util::counting_iterator<std::size_t>(0);\n    auto last  = hpx::util::counting_iterator<std::size_t>(N);\n\n    auto row_degree = [&](std::size_t i) {\n        auto row_begin = A.data() + i * N;\n        return std::accumulate(row_begin, row_begin + N, 0);\n    };\n\n    return hpx::transform_reduce(\n        hpx::execution::par, first, last, 0,\n        [](int a, int b) { return a > b ? a : b; },\n        row_degree);\n}",True,True,0.0033517964,64,N/A,,,,,15.751996517181396,4.0,True,True,0.0020011668,16.0
"#include <hpx/hpx_main.hpp>\n\n/* Compute the highest node degree in the undirected graph. The graph is defined in the adjacency matrix A.\n   A is an NxN adjacency matrix stored in row-major. A is an undirected graph.\n   Use HPX to compute in parallel.  Assume HPX has already been initialized.\n   Example:\n\n	 input: [[0, 0, 0, 1], [0, 0, 0, 1], [0, 0, 0, 1], [1, 1, 1, 0]]\n   output: 3\n*/\nint maxDegree(std::vector<int> const& A, size_t N) {",17_graph_highest_degree,graph,cpp,hpx,0.2,0.95,True,2048,False,"int maxDegree(std::vector<int> const& A, size_t N) {\n    if (N == 0) return 0;\n\n    std::vector<int> degrees(N, 0);\n\n    hpx::for_loop(hpx::execution::par, std::size_t(0), N,\n        [&](std::size_t i) {\n            int sum = 0;\n            auto row = A.data() + i * N;\n            for (std::size_t j = 0; j < N; ++j) sum += row[j];\n            degrees[i] = sum;\n        });\n\n    return *hpx::max_element(hpx::execution::par, degrees.begin(), degrees.end());\n}",True,True,0.0033788298,65,N/A,,,,,16.279011249542236,0.0,True,True,0.0051738894,1.0
"#include <hpx/hpx_main.hpp>\n\n/* Compute the highest node degree in the undirected graph. The graph is defined in the adjacency matrix A.\n   A is an NxN adjacency matrix stored in row-major. A is an undirected graph.\n   Use HPX to compute in parallel.  Assume HPX has already been initialized.\n   Example:\n\n	 input: [[0, 0, 0, 1], [0, 0, 0, 1], [0, 0, 0, 1], [1, 1, 1, 0]]\n   output: 3\n*/\nint maxDegree(std::vector<int> const& A, size_t N) {",17_graph_highest_degree,graph,cpp,hpx,0.2,0.95,True,2048,False,"int maxDegree(std::vector<int> const& A, size_t N) {\n    if (N == 0) return 0;\n\n    std::vector<int> degrees(N, 0);\n\n    hpx::for_loop(hpx::execution::par, std::size_t(0), N,\n        [&](std::size_t i) {\n            int sum = 0;\n            auto row = A.data() + i * N;\n            for (std::size_t j = 0; j < N; ++j) sum += row[j];\n            degrees[i] = sum;\n        });\n\n    return *hpx::max_element(hpx::execution::par, degrees.begin(), degrees.end());\n}",True,True,0.0033788298,65,N/A,,,,,16.279011249542236,1.0,True,True,0.0033831204,2.0
"#include <hpx/hpx_main.hpp>\n\n/* Compute the highest node degree in the undirected graph. The graph is defined in the adjacency matrix A.\n   A is an NxN adjacency matrix stored in row-major. A is an undirected graph.\n   Use HPX to compute in parallel.  Assume HPX has already been initialized.\n   Example:\n\n	 input: [[0, 0, 0, 1], [0, 0, 0, 1], [0, 0, 0, 1], [1, 1, 1, 0]]\n   output: 3\n*/\nint maxDegree(std::vector<int> const& A, size_t N) {",17_graph_highest_degree,graph,cpp,hpx,0.2,0.95,True,2048,False,"int maxDegree(std::vector<int> const& A, size_t N) {\n    if (N == 0) return 0;\n\n    std::vector<int> degrees(N, 0);\n\n    hpx::for_loop(hpx::execution::par, std::size_t(0), N,\n        [&](std::size_t i) {\n            int sum = 0;\n            auto row = A.data() + i * N;\n            for (std::size_t j = 0; j < N; ++j) sum += row[j];\n            degrees[i] = sum;\n        });\n\n    return *hpx::max_element(hpx::execution::par, degrees.begin(), degrees.end());\n}",True,True,0.0033788298,65,N/A,,,,,16.279011249542236,2.0,True,True,0.0020256834,4.0
"#include <hpx/hpx_main.hpp>\n\n/* Compute the highest node degree in the undirected graph. The graph is defined in the adjacency matrix A.\n   A is an NxN adjacency matrix stored in row-major. A is an undirected graph.\n   Use HPX to compute in parallel.  Assume HPX has already been initialized.\n   Example:\n\n	 input: [[0, 0, 0, 1], [0, 0, 0, 1], [0, 0, 0, 1], [1, 1, 1, 0]]\n   output: 3\n*/\nint maxDegree(std::vector<int> const& A, size_t N) {",17_graph_highest_degree,graph,cpp,hpx,0.2,0.95,True,2048,False,"int maxDegree(std::vector<int> const& A, size_t N) {\n    if (N == 0) return 0;\n\n    std::vector<int> degrees(N, 0);\n\n    hpx::for_loop(hpx::execution::par, std::size_t(0), N,\n        [&](std::size_t i) {\n            int sum = 0;\n            auto row = A.data() + i * N;\n            for (std::size_t j = 0; j < N; ++j) sum += row[j];\n            degrees[i] = sum;\n        });\n\n    return *hpx::max_element(hpx::execution::par, degrees.begin(), degrees.end());\n}",True,True,0.0033788298,65,N/A,,,,,16.279011249542236,3.0,True,True,0.002203293,8.0
"#include <hpx/hpx_main.hpp>\n\n/* Compute the highest node degree in the undirected graph. The graph is defined in the adjacency matrix A.\n   A is an NxN adjacency matrix stored in row-major. A is an undirected graph.\n   Use HPX to compute in parallel.  Assume HPX has already been initialized.\n   Example:\n\n	 input: [[0, 0, 0, 1], [0, 0, 0, 1], [0, 0, 0, 1], [1, 1, 1, 0]]\n   output: 3\n*/\nint maxDegree(std::vector<int> const& A, size_t N) {",17_graph_highest_degree,graph,cpp,hpx,0.2,0.95,True,2048,False,"int maxDegree(std::vector<int> const& A, size_t N) {\n    if (N == 0) return 0;\n\n    std::vector<int> degrees(N, 0);\n\n    hpx::for_loop(hpx::execution::par, std::size_t(0), N,\n        [&](std::size_t i) {\n            int sum = 0;\n            auto row = A.data() + i * N;\n            for (std::size_t j = 0; j < N; ++j) sum += row[j];\n            degrees[i] = sum;\n        });\n\n    return *hpx::max_element(hpx::execution::par, degrees.begin(), degrees.end());\n}",True,True,0.0033788298,65,N/A,,,,,16.279011249542236,4.0,True,True,0.0022937048,16.0
"#include <hpx/hpx_main.hpp>\n\n/* Compute the highest node degree in the undirected graph. The graph is defined in the adjacency matrix A.\n   A is an NxN adjacency matrix stored in row-major. A is an undirected graph.\n   Use HPX to compute in parallel.  Assume HPX has already been initialized.\n   Example:\n\n	 input: [[0, 0, 0, 1], [0, 0, 0, 1], [0, 0, 0, 1], [1, 1, 1, 0]]\n   output: 3\n*/\nint maxDegree(std::vector<int> const& A, size_t N) {",17_graph_highest_degree,graph,cpp,hpx,0.2,0.95,True,2048,False,"int maxDegree(std::vector<int> const& A, size_t N) {\n    if (N == 0) return 0;\n\n    using idx_it = hpx::util::counting_iterator<std::size_t>;\n\n    return hpx::transform_reduce(\n        hpx::execution::par, idx_it(0), idx_it(N), 0,\n        [](int a, int b) { return std::max(a, b); },\n        [&](std::size_t i) {\n            int sum = 0;\n            std::size_t base = i * N;\n            for (std::size_t j = 0;",False,True,,66,N/A,,,,,15.510589599609375,,,,,
"#include <hpx/hpx_main.hpp>\n\n/* Compute the highest node degree in the undirected graph. The graph is defined in the adjacency matrix A.\n   A is an NxN adjacency matrix stored in row-major. A is an undirected graph.\n   Use HPX to compute in parallel.  Assume HPX has already been initialized.\n   Example:\n\n	 input: [[0, 0, 0, 1], [0, 0, 0, 1], [0, 0, 0, 1], [1, 1, 1, 0]]\n   output: 3\n*/\nint maxDegree(std::vector<int> const& A, size_t N) {",17_graph_highest_degree,graph,cpp,hpx,0.2,0.95,True,2048,False,,False,False,,67,N/A,,,,,15.914432048797607,,,,,
"#include <hpx/hpx_main.hpp>\n\n/* Compute the highest node degree in the undirected graph. The graph is defined in the adjacency matrix A.\n   A is an NxN adjacency matrix stored in row-major. A is an undirected graph.\n   Use HPX to compute in parallel.  Assume HPX has already been initialized.\n   Example:\n\n	 input: [[0, 0, 0, 1], [0, 0, 0, 1], [0, 0, 0, 1], [1, 1, 1, 0]]\n   output: 3\n*/\nint maxDegree(std::vector<int> const& A, size_t N) {",17_graph_highest_degree,graph,cpp,hpx,0.2,0.95,True,2048,False,,False,False,,68,N/A,,,,,17.251914024353027,,,,,
"#include <hpx/hpx_main.hpp>\n\n/* Compute the highest node degree in the undirected graph. The graph is defined in the adjacency matrix A.\n   A is an NxN adjacency matrix stored in row-major. A is an undirected graph.\n   Use HPX to compute in parallel.  Assume HPX has already been initialized.\n   Example:\n\n	 input: [[0, 0, 0, 1], [0, 0, 0, 1], [0, 0, 0, 1], [1, 1, 1, 0]]\n   output: 3\n*/\nint maxDegree(std::vector<int> const& A, size_t N) {",17_graph_highest_degree,graph,cpp,hpx,0.2,0.95,True,2048,False,"int maxDegree(std::vector<int> const& A, size_t N) {\n    using hpx::execution::par;\n    using counting_it = hpx::util::counting_iterator<std::size_t>;\n\n    return hpx::transform_reduce(\n        par,\n        counting_it(0), counting_it(N),\n        0,\n        [](int a, int b) { return a > b ? a : b; },\n        [&](std::size_t i) {\n            int deg = 0;\n            std::size_t base = i * N;\n            for (std::size_t j = 0; j < N; ++j)\n                deg += A[base + j];\n            return deg;\n        });\n}",True,True,0.0033990658,69,N/A,,,,,14.842554807662964,0.0,True,True,0.0046292046,1.0
"#include <hpx/hpx_main.hpp>\n\n/* Compute the highest node degree in the undirected graph. The graph is defined in the adjacency matrix A.\n   A is an NxN adjacency matrix stored in row-major. A is an undirected graph.\n   Use HPX to compute in parallel.  Assume HPX has already been initialized.\n   Example:\n\n	 input: [[0, 0, 0, 1], [0, 0, 0, 1], [0, 0, 0, 1], [1, 1, 1, 0]]\n   output: 3\n*/\nint maxDegree(std::vector<int> const& A, size_t N) {",17_graph_highest_degree,graph,cpp,hpx,0.2,0.95,True,2048,False,"int maxDegree(std::vector<int> const& A, size_t N) {\n    using hpx::execution::par;\n    using counting_it = hpx::util::counting_iterator<std::size_t>;\n\n    return hpx::transform_reduce(\n        par,\n        counting_it(0), counting_it(N),\n        0,\n        [](int a, int b) { return a > b ? a : b; },\n        [&](std::size_t i) {\n            int deg = 0;\n            std::size_t base = i * N;\n            for (std::size_t j = 0; j < N; ++j)\n                deg += A[base + j];\n            return deg;\n        });\n}",True,True,0.0033990658,69,N/A,,,,,14.842554807662964,1.0,True,True,0.0030019016,2.0
"#include <hpx/hpx_main.hpp>\n\n/* Compute the highest node degree in the undirected graph. The graph is defined in the adjacency matrix A.\n   A is an NxN adjacency matrix stored in row-major. A is an undirected graph.\n   Use HPX to compute in parallel.  Assume HPX has already been initialized.\n   Example:\n\n	 input: [[0, 0, 0, 1], [0, 0, 0, 1], [0, 0, 0, 1], [1, 1, 1, 0]]\n   output: 3\n*/\nint maxDegree(std::vector<int> const& A, size_t N) {",17_graph_highest_degree,graph,cpp,hpx,0.2,0.95,True,2048,False,"int maxDegree(std::vector<int> const& A, size_t N) {\n    using hpx::execution::par;\n    using counting_it = hpx::util::counting_iterator<std::size_t>;\n\n    return hpx::transform_reduce(\n        par,\n        counting_it(0), counting_it(N),\n        0,\n        [](int a, int b) { return a > b ? a : b; },\n        [&](std::size_t i) {\n            int deg = 0;\n            std::size_t base = i * N;\n            for (std::size_t j = 0; j < N; ++j)\n                deg += A[base + j];\n            return deg;\n        });\n}",True,True,0.0033990658,69,N/A,,,,,14.842554807662964,2.0,True,True,0.0022309054,4.0
"#include <hpx/hpx_main.hpp>\n\n/* Compute the highest node degree in the undirected graph. The graph is defined in the adjacency matrix A.\n   A is an NxN adjacency matrix stored in row-major. A is an undirected graph.\n   Use HPX to compute in parallel.  Assume HPX has already been initialized.\n   Example:\n\n	 input: [[0, 0, 0, 1], [0, 0, 0, 1], [0, 0, 0, 1], [1, 1, 1, 0]]\n   output: 3\n*/\nint maxDegree(std::vector<int> const& A, size_t N) {",17_graph_highest_degree,graph,cpp,hpx,0.2,0.95,True,2048,False,"int maxDegree(std::vector<int> const& A, size_t N) {\n    using hpx::execution::par;\n    using counting_it = hpx::util::counting_iterator<std::size_t>;\n\n    return hpx::transform_reduce(\n        par,\n        counting_it(0), counting_it(N),\n        0,\n        [](int a, int b) { return a > b ? a : b; },\n        [&](std::size_t i) {\n            int deg = 0;\n            std::size_t base = i * N;\n            for (std::size_t j = 0; j < N; ++j)\n                deg += A[base + j];\n            return deg;\n        });\n}",True,True,0.0033990658,69,N/A,,,,,14.842554807662964,3.0,True,True,0.0019765824,8.0
"#include <hpx/hpx_main.hpp>\n\n/* Compute the highest node degree in the undirected graph. The graph is defined in the adjacency matrix A.\n   A is an NxN adjacency matrix stored in row-major. A is an undirected graph.\n   Use HPX to compute in parallel.  Assume HPX has already been initialized.\n   Example:\n\n	 input: [[0, 0, 0, 1], [0, 0, 0, 1], [0, 0, 0, 1], [1, 1, 1, 0]]\n   output: 3\n*/\nint maxDegree(std::vector<int> const& A, size_t N) {",17_graph_highest_degree,graph,cpp,hpx,0.2,0.95,True,2048,False,"int maxDegree(std::vector<int> const& A, size_t N) {\n    using hpx::execution::par;\n    using counting_it = hpx::util::counting_iterator<std::size_t>;\n\n    return hpx::transform_reduce(\n        par,\n        counting_it(0), counting_it(N),\n        0,\n        [](int a, int b) { return a > b ? a : b; },\n        [&](std::size_t i) {\n            int deg = 0;\n            std::size_t base = i * N;\n            for (std::size_t j = 0; j < N; ++j)\n                deg += A[base + j];\n            return deg;\n        });\n}",True,True,0.0033990658,69,N/A,,,,,14.842554807662964,4.0,True,True,0.0019407262,16.0
"#include <hpx/hpx_main.hpp>\n\n/* Compute the highest node degree in the undirected graph. The graph is defined in the adjacency matrix A.\n   A is an NxN adjacency matrix stored in row-major. A is an undirected graph.\n   Use HPX to compute in parallel.  Assume HPX has already been initialized.\n   Example:\n\n	 input: [[0, 0, 0, 1], [0, 0, 0, 1], [0, 0, 0, 1], [1, 1, 1, 0]]\n   output: 3\n*/\nint maxDegree(std::vector<int> const& A, size_t N) {",17_graph_highest_degree,graph,cpp,hpx,0.2,0.95,True,2048,False,"int maxDegree(std::vector<int> const& A, size_t N) {",False,False,,70,N/A,,,,,15.540202617645264,,,,,
"#include <hpx/hpx_main.hpp>\n\n/* Compute the highest node degree in the undirected graph. The graph is defined in the adjacency matrix A.\n   A is an NxN adjacency matrix stored in row-major. A is an undirected graph.\n   Use HPX to compute in parallel.  Assume HPX has already been initialized.\n   Example:\n\n	 input: [[0, 0, 0, 1], [0, 0, 0, 1], [0, 0, 0, 1], [1, 1, 1, 0]]\n   output: 3\n*/\nint maxDegree(std::vector<int> const& A, size_t N) {",17_graph_highest_degree,graph,cpp,hpx,0.2,0.95,True,2048,False,,False,False,,71,N/A,,,,,14.953665018081665,,,,,
"#include <hpx/hpx_main.hpp>\n\n/* Compute the highest node degree in the undirected graph. The graph is defined in the adjacency matrix A.\n   A is an NxN adjacency matrix stored in row-major. A is an undirected graph.\n   Use HPX to compute in parallel.  Assume HPX has already been initialized.\n   Example:\n\n	 input: [[0, 0, 0, 1], [0, 0, 0, 1], [0, 0, 0, 1], [1, 1, 1, 0]]\n   output: 3\n*/\nint maxDegree(std::vector<int> const& A, size_t N) {",17_graph_highest_degree,graph,cpp,hpx,0.2,0.95,True,2048,False,,False,False,,72,N/A,,,,,15.766089916229248,,,,,
"#include <hpx/hpx_main.hpp>\n\n/* Compute the highest node degree in the undirected graph. The graph is defined in the adjacency matrix A.\n   A is an NxN adjacency matrix stored in row-major. A is an undirected graph.\n   Use HPX to compute in parallel.  Assume HPX has already been initialized.\n   Example:\n\n	 input: [[0, 0, 0, 1], [0, 0, 0, 1], [0, 0, 0, 1], [1, 1, 1, 0]]\n   output: 3\n*/\nint maxDegree(std::vector<int> const& A, size_t N) {",17_graph_highest_degree,graph,cpp,hpx,0.2,0.95,True,2048,False,,False,False,,73,N/A,,,,,16.05491280555725,,,,,
"#include <hpx/hpx_main.hpp>\n\n/* Compute the highest node degree in the undirected graph. The graph is defined in the adjacency matrix A.\n   A is an NxN adjacency matrix stored in row-major. A is an undirected graph.\n   Use HPX to compute in parallel.  Assume HPX has already been initialized.\n   Example:\n\n	 input: [[0, 0, 0, 1], [0, 0, 0, 1], [0, 0, 0, 1], [1, 1, 1, 0]]\n   output: 3\n*/\nint maxDegree(std::vector<int> const& A, size_t N) {",17_graph_highest_degree,graph,cpp,hpx,0.2,0.95,True,2048,False,,False,False,,74,N/A,,,,,14.7717125415802,,,,,
"#include <hpx/hpx_main.hpp>\n\n/* Compute the highest node degree in the undirected graph. The graph is defined in the adjacency matrix A.\n   A is an NxN adjacency matrix stored in row-major. A is an undirected graph.\n   Use HPX to compute in parallel.  Assume HPX has already been initialized.\n   Example:\n\n	 input: [[0, 0, 0, 1], [0, 0, 0, 1], [0, 0, 0, 1], [1, 1, 1, 0]]\n   output: 3\n*/\nint maxDegree(std::vector<int> const& A, size_t N) {",17_graph_highest_degree,graph,cpp,hpx,0.2,0.95,True,2048,False,,False,False,,75,N/A,,,,,14.286808252334595,,,,,
"#include <hpx/hpx_main.hpp>\n\n/* Compute the highest node degree in the undirected graph. The graph is defined in the adjacency matrix A.\n   A is an NxN adjacency matrix stored in row-major. A is an undirected graph.\n   Use HPX to compute in parallel.  Assume HPX has already been initialized.\n   Example:\n\n	 input: [[0, 0, 0, 1], [0, 0, 0, 1], [0, 0, 0, 1], [1, 1, 1, 0]]\n   output: 3\n*/\nint maxDegree(std::vector<int> const& A, size_t N) {",17_graph_highest_degree,graph,cpp,hpx,0.2,0.95,True,2048,False,,False,False,,76,N/A,,,,,14.02518916130066,,,,,
"#include <hpx/hpx_main.hpp>\n\n/* Compute the highest node degree in the undirected graph. The graph is defined in the adjacency matrix A.\n   A is an NxN adjacency matrix stored in row-major. A is an undirected graph.\n   Use HPX to compute in parallel.  Assume HPX has already been initialized.\n   Example:\n\n	 input: [[0, 0, 0, 1], [0, 0, 0, 1], [0, 0, 0, 1], [1, 1, 1, 0]]\n   output: 3\n*/\nint maxDegree(std::vector<int> const& A, size_t N) {",17_graph_highest_degree,graph,cpp,hpx,0.2,0.95,True,2048,False,"int maxDegree(std::vector<int> const& A, size_t N) {\n    auto first = hpx::make_counting_iterator<std::size_t>(0);\n    auto last  = hpx::make_counting_iterator<std::size_t>(N);\n\n    auto row_degree = [&](std::size_t i) {\n        auto row = A.data() + i * N;\n        int s = std::accumulate(row, row + N, 0);\n        return s - row[i]; // exclude self-loop\n    };\n\n    return hpx::transform_reduce(hpx::execution::par, first, last, 0,\n                                 [](int a, int b) { return std::max(a, b); },\n                                 row_degree);\n}",False,True,,77,N/A,,,,,8.927117824554443,,,,,
"#include <hpx/hpx_main.hpp>\n\n/* Compute the highest node degree in the undirected graph. The graph is defined in the adjacency matrix A.\n   A is an NxN adjacency matrix stored in row-major. A is an undirected graph.\n   Use HPX to compute in parallel.  Assume HPX has already been initialized.\n   Example:\n\n	 input: [[0, 0, 0, 1], [0, 0, 0, 1], [0, 0, 0, 1], [1, 1, 1, 0]]\n   output: 3\n*/\nint maxDegree(std::vector<int> const& A, size_t N) {",17_graph_highest_degree,graph,cpp,hpx,0.2,0.95,True,2048,False,,False,False,,78,N/A,,,,,14.86875867843628,,,,,
"#include <hpx/hpx_main.hpp>\n\n/* Compute the highest node degree in the undirected graph. The graph is defined in the adjacency matrix A.\n   A is an NxN adjacency matrix stored in row-major. A is an undirected graph.\n   Use HPX to compute in parallel.  Assume HPX has already been initialized.\n   Example:\n\n	 input: [[0, 0, 0, 1], [0, 0, 0, 1], [0, 0, 0, 1], [1, 1, 1, 0]]\n   output: 3\n*/\nint maxDegree(std::vector<int> const& A, size_t N) {",17_graph_highest_degree,graph,cpp,hpx,0.2,0.95,True,2048,False,,False,False,,79,N/A,,,,,14.495985507965088,,,,,
"#include <hpx/hpx_main.hpp>\n\n/* Compute the highest node degree in the undirected graph. The graph is defined in the adjacency matrix A.\n   A is an NxN adjacency matrix stored in row-major. A is an undirected graph.\n   Use HPX to compute in parallel.  Assume HPX has already been initialized.\n   Example:\n\n	 input: [[0, 0, 0, 1], [0, 0, 0, 1], [0, 0, 0, 1], [1, 1, 1, 0]]\n   output: 3\n*/\nint maxDegree(std::vector<int> const& A, size_t N) {",17_graph_highest_degree,graph,cpp,hpx,0.2,0.95,True,2048,False,"int maxDegree(std::vector<int> const& A, size_t N) {\n    if (A.size() != N * N) {\n        throw std::invalid_argument(""A size must be N*N"");\n    }\n\n    std::vector<int> degrees(N, 0);\n\n    hpx::for_loop(hpx::execution::par, size_t(0), N, [&](size_t i) {\n        int sum = 0;\n        auto const* row = A.data() + i * N;\n        for (size_t j = 0; j < N; ++j) {\n            sum += row[j];\n        }\n        degrees[i] = sum;\n    });\n\n    return hpx::reduce(hpx::execution::par, degrees.begin(), degrees.end(), 0,\n                       [](int a, int b) { return a > b ? a : b; });\n}",True,True,0.0038999814,80,N/A,,,,,12.790411233901978,0.0,True,True,0.0043356852,1.0
"#include <hpx/hpx_main.hpp>\n\n/* Compute the highest node degree in the undirected graph. The graph is defined in the adjacency matrix A.\n   A is an NxN adjacency matrix stored in row-major. A is an undirected graph.\n   Use HPX to compute in parallel.  Assume HPX has already been initialized.\n   Example:\n\n	 input: [[0, 0, 0, 1], [0, 0, 0, 1], [0, 0, 0, 1], [1, 1, 1, 0]]\n   output: 3\n*/\nint maxDegree(std::vector<int> const& A, size_t N) {",17_graph_highest_degree,graph,cpp,hpx,0.2,0.95,True,2048,False,"int maxDegree(std::vector<int> const& A, size_t N) {\n    if (A.size() != N * N) {\n        throw std::invalid_argument(""A size must be N*N"");\n    }\n\n    std::vector<int> degrees(N, 0);\n\n    hpx::for_loop(hpx::execution::par, size_t(0), N, [&](size_t i) {\n        int sum = 0;\n        auto const* row = A.data() + i * N;\n        for (size_t j = 0; j < N; ++j) {\n            sum += row[j];\n        }\n        degrees[i] = sum;\n    });\n\n    return hpx::reduce(hpx::execution::par, degrees.begin(), degrees.end(), 0,\n                       [](int a, int b) { return a > b ? a : b; });\n}",True,True,0.0038999814,80,N/A,,,,,12.790411233901978,1.0,True,True,0.0029549106,2.0
"#include <hpx/hpx_main.hpp>\n\n/* Compute the highest node degree in the undirected graph. The graph is defined in the adjacency matrix A.\n   A is an NxN adjacency matrix stored in row-major. A is an undirected graph.\n   Use HPX to compute in parallel.  Assume HPX has already been initialized.\n   Example:\n\n	 input: [[0, 0, 0, 1], [0, 0, 0, 1], [0, 0, 0, 1], [1, 1, 1, 0]]\n   output: 3\n*/\nint maxDegree(std::vector<int> const& A, size_t N) {",17_graph_highest_degree,graph,cpp,hpx,0.2,0.95,True,2048,False,"int maxDegree(std::vector<int> const& A, size_t N) {\n    if (A.size() != N * N) {\n        throw std::invalid_argument(""A size must be N*N"");\n    }\n\n    std::vector<int> degrees(N, 0);\n\n    hpx::for_loop(hpx::execution::par, size_t(0), N, [&](size_t i) {\n        int sum = 0;\n        auto const* row = A.data() + i * N;\n        for (size_t j = 0; j < N; ++j) {\n            sum += row[j];\n        }\n        degrees[i] = sum;\n    });\n\n    return hpx::reduce(hpx::execution::par, degrees.begin(), degrees.end(), 0,\n                       [](int a, int b) { return a > b ? a : b; });\n}",True,True,0.0038999814,80,N/A,,,,,12.790411233901978,2.0,True,True,0.0025633528,4.0
"#include <hpx/hpx_main.hpp>\n\n/* Compute the highest node degree in the undirected graph. The graph is defined in the adjacency matrix A.\n   A is an NxN adjacency matrix stored in row-major. A is an undirected graph.\n   Use HPX to compute in parallel.  Assume HPX has already been initialized.\n   Example:\n\n	 input: [[0, 0, 0, 1], [0, 0, 0, 1], [0, 0, 0, 1], [1, 1, 1, 0]]\n   output: 3\n*/\nint maxDegree(std::vector<int> const& A, size_t N) {",17_graph_highest_degree,graph,cpp,hpx,0.2,0.95,True,2048,False,"int maxDegree(std::vector<int> const& A, size_t N) {\n    if (A.size() != N * N) {\n        throw std::invalid_argument(""A size must be N*N"");\n    }\n\n    std::vector<int> degrees(N, 0);\n\n    hpx::for_loop(hpx::execution::par, size_t(0), N, [&](size_t i) {\n        int sum = 0;\n        auto const* row = A.data() + i * N;\n        for (size_t j = 0; j < N; ++j) {\n            sum += row[j];\n        }\n        degrees[i] = sum;\n    });\n\n    return hpx::reduce(hpx::execution::par, degrees.begin(), degrees.end(), 0,\n                       [](int a, int b) { return a > b ? a : b; });\n}",True,True,0.0038999814,80,N/A,,,,,12.790411233901978,3.0,True,True,0.0020811468,8.0
"#include <hpx/hpx_main.hpp>\n\n/* Compute the highest node degree in the undirected graph. The graph is defined in the adjacency matrix A.\n   A is an NxN adjacency matrix stored in row-major. A is an undirected graph.\n   Use HPX to compute in parallel.  Assume HPX has already been initialized.\n   Example:\n\n	 input: [[0, 0, 0, 1], [0, 0, 0, 1], [0, 0, 0, 1], [1, 1, 1, 0]]\n   output: 3\n*/\nint maxDegree(std::vector<int> const& A, size_t N) {",17_graph_highest_degree,graph,cpp,hpx,0.2,0.95,True,2048,False,"int maxDegree(std::vector<int> const& A, size_t N) {\n    if (A.size() != N * N) {\n        throw std::invalid_argument(""A size must be N*N"");\n    }\n\n    std::vector<int> degrees(N, 0);\n\n    hpx::for_loop(hpx::execution::par, size_t(0), N, [&](size_t i) {\n        int sum = 0;\n        auto const* row = A.data() + i * N;\n        for (size_t j = 0; j < N; ++j) {\n            sum += row[j];\n        }\n        degrees[i] = sum;\n    });\n\n    return hpx::reduce(hpx::execution::par, degrees.begin(), degrees.end(), 0,\n                       [](int a, int b) { return a > b ? a : b; });\n}",True,True,0.0038999814,80,N/A,,,,,12.790411233901978,4.0,True,True,0.0021126384,16.0
"#include <hpx/hpx_main.hpp>\n\n/* Compute the highest node degree in the undirected graph. The graph is defined in the adjacency matrix A.\n   A is an NxN adjacency matrix stored in row-major. A is an undirected graph.\n   Use HPX to compute in parallel.  Assume HPX has already been initialized.\n   Example:\n\n	 input: [[0, 0, 0, 1], [0, 0, 0, 1], [0, 0, 0, 1], [1, 1, 1, 0]]\n   output: 3\n*/\nint maxDegree(std::vector<int> const& A, size_t N) {",17_graph_highest_degree,graph,cpp,hpx,0.2,0.95,True,2048,False,"int maxDegree(std::vector<int> const& A, size_t N) {\n    if (N == 0) return 0;\n\n    std::vector<int> degrees(N, 0);\n\n    hpx::for_loop(hpx::execution::par, size_t(0), N, [&](size_t i) {\n        int d = 0;\n        size_t base = i * N;\n        for (size_t j = 0; j < N; ++j) {\n            if (j != i) d += A[base + j];\n        }\n        degrees[i] = d;\n    });\n\n    return hpx::reduce(hpx::execution::par, degrees.begin(), degrees.end(), 0,\n                       [](int a, int b) { return a < b ? b : a; });\n}",True,True,0.0032840396,81,N/A,,,,,12.86055326461792,0.0,True,True,0.0117221046,1.0
"#include <hpx/hpx_main.hpp>\n\n/* Compute the highest node degree in the undirected graph. The graph is defined in the adjacency matrix A.\n   A is an NxN adjacency matrix stored in row-major. A is an undirected graph.\n   Use HPX to compute in parallel.  Assume HPX has already been initialized.\n   Example:\n\n	 input: [[0, 0, 0, 1], [0, 0, 0, 1], [0, 0, 0, 1], [1, 1, 1, 0]]\n   output: 3\n*/\nint maxDegree(std::vector<int> const& A, size_t N) {",17_graph_highest_degree,graph,cpp,hpx,0.2,0.95,True,2048,False,"int maxDegree(std::vector<int> const& A, size_t N) {\n    if (N == 0) return 0;\n\n    std::vector<int> degrees(N, 0);\n\n    hpx::for_loop(hpx::execution::par, size_t(0), N, [&](size_t i) {\n        int d = 0;\n        size_t base = i * N;\n        for (size_t j = 0; j < N; ++j) {\n            if (j != i) d += A[base + j];\n        }\n        degrees[i] = d;\n    });\n\n    return hpx::reduce(hpx::execution::par, degrees.begin(), degrees.end(), 0,\n                       [](int a, int b) { return a < b ? b : a; });\n}",True,True,0.0032840396,81,N/A,,,,,12.86055326461792,1.0,True,True,0.005991446,2.0
"#include <hpx/hpx_main.hpp>\n\n/* Compute the highest node degree in the undirected graph. The graph is defined in the adjacency matrix A.\n   A is an NxN adjacency matrix stored in row-major. A is an undirected graph.\n   Use HPX to compute in parallel.  Assume HPX has already been initialized.\n   Example:\n\n	 input: [[0, 0, 0, 1], [0, 0, 0, 1], [0, 0, 0, 1], [1, 1, 1, 0]]\n   output: 3\n*/\nint maxDegree(std::vector<int> const& A, size_t N) {",17_graph_highest_degree,graph,cpp,hpx,0.2,0.95,True,2048,False,"int maxDegree(std::vector<int> const& A, size_t N) {\n    if (N == 0) return 0;\n\n    std::vector<int> degrees(N, 0);\n\n    hpx::for_loop(hpx::execution::par, size_t(0), N, [&](size_t i) {\n        int d = 0;\n        size_t base = i * N;\n        for (size_t j = 0; j < N; ++j) {\n            if (j != i) d += A[base + j];\n        }\n        degrees[i] = d;\n    });\n\n    return hpx::reduce(hpx::execution::par, degrees.begin(), degrees.end(), 0,\n                       [](int a, int b) { return a < b ? b : a; });\n}",True,True,0.0032840396,81,N/A,,,,,12.86055326461792,2.0,True,True,0.0031527664,4.0
"#include <hpx/hpx_main.hpp>\n\n/* Compute the highest node degree in the undirected graph. The graph is defined in the adjacency matrix A.\n   A is an NxN adjacency matrix stored in row-major. A is an undirected graph.\n   Use HPX to compute in parallel.  Assume HPX has already been initialized.\n   Example:\n\n	 input: [[0, 0, 0, 1], [0, 0, 0, 1], [0, 0, 0, 1], [1, 1, 1, 0]]\n   output: 3\n*/\nint maxDegree(std::vector<int> const& A, size_t N) {",17_graph_highest_degree,graph,cpp,hpx,0.2,0.95,True,2048,False,"int maxDegree(std::vector<int> const& A, size_t N) {\n    if (N == 0) return 0;\n\n    std::vector<int> degrees(N, 0);\n\n    hpx::for_loop(hpx::execution::par, size_t(0), N, [&](size_t i) {\n        int d = 0;\n        size_t base = i * N;\n        for (size_t j = 0; j < N; ++j) {\n            if (j != i) d += A[base + j];\n        }\n        degrees[i] = d;\n    });\n\n    return hpx::reduce(hpx::execution::par, degrees.begin(), degrees.end(), 0,\n                       [](int a, int b) { return a < b ? b : a; });\n}",True,True,0.0032840396,81,N/A,,,,,12.86055326461792,3.0,True,True,0.002061215,8.0
"#include <hpx/hpx_main.hpp>\n\n/* Compute the highest node degree in the undirected graph. The graph is defined in the adjacency matrix A.\n   A is an NxN adjacency matrix stored in row-major. A is an undirected graph.\n   Use HPX to compute in parallel.  Assume HPX has already been initialized.\n   Example:\n\n	 input: [[0, 0, 0, 1], [0, 0, 0, 1], [0, 0, 0, 1], [1, 1, 1, 0]]\n   output: 3\n*/\nint maxDegree(std::vector<int> const& A, size_t N) {",17_graph_highest_degree,graph,cpp,hpx,0.2,0.95,True,2048,False,"int maxDegree(std::vector<int> const& A, size_t N) {\n    if (N == 0) return 0;\n\n    std::vector<int> degrees(N, 0);\n\n    hpx::for_loop(hpx::execution::par, size_t(0), N, [&](size_t i) {\n        int d = 0;\n        size_t base = i * N;\n        for (size_t j = 0; j < N; ++j) {\n            if (j != i) d += A[base + j];\n        }\n        degrees[i] = d;\n    });\n\n    return hpx::reduce(hpx::execution::par, degrees.begin(), degrees.end(), 0,\n                       [](int a, int b) { return a < b ? b : a; });\n}",True,True,0.0032840396,81,N/A,,,,,12.86055326461792,4.0,True,True,0.0021521238,16.0
"#include <hpx/hpx_main.hpp>\n\n/* Compute the highest node degree in the undirected graph. The graph is defined in the adjacency matrix A.\n   A is an NxN adjacency matrix stored in row-major. A is an undirected graph.\n   Use HPX to compute in parallel.  Assume HPX has already been initialized.\n   Example:\n\n	 input: [[0, 0, 0, 1], [0, 0, 0, 1], [0, 0, 0, 1], [1, 1, 1, 0]]\n   output: 3\n*/\nint maxDegree(std::vector<int> const& A, size_t N) {",17_graph_highest_degree,graph,cpp,hpx,0.2,0.95,True,2048,False,,False,False,,82,N/A,,,,,15.54010534286499,,,,,
"#include <hpx/hpx_main.hpp>\n\n/* Compute the highest node degree in the undirected graph. The graph is defined in the adjacency matrix A.\n   A is an NxN adjacency matrix stored in row-major. A is an undirected graph.\n   Use HPX to compute in parallel.  Assume HPX has already been initialized.\n   Example:\n\n	 input: [[0, 0, 0, 1], [0, 0, 0, 1], [0, 0, 0, 1], [1, 1, 1, 0]]\n   output: 3\n*/\nint maxDegree(std::vector<int> const& A, size_t N) {",17_graph_highest_degree,graph,cpp,hpx,0.2,0.95,True,2048,False,,False,False,,83,N/A,,,,,14.520175695419312,,,,,
"#include <hpx/hpx_main.hpp>\n\n/* Compute the highest node degree in the undirected graph. The graph is defined in the adjacency matrix A.\n   A is an NxN adjacency matrix stored in row-major. A is an undirected graph.\n   Use HPX to compute in parallel.  Assume HPX has already been initialized.\n   Example:\n\n	 input: [[0, 0, 0, 1], [0, 0, 0, 1], [0, 0, 0, 1], [1, 1, 1, 0]]\n   output: 3\n*/\nint maxDegree(std::vector<int> const& A, size_t N) {",17_graph_highest_degree,graph,cpp,hpx,0.2,0.95,True,2048,False,"int maxDegree(std::vector<int> const& A, size_t N) {\n    if (N == 0) return 0;\n    if (A.size() != N * N) throw std::invalid_argument(""A size must be N*N"");\n\n    std::vector<hpx::future<int>> futures;\n    futures.reserve(N);\n\n    for (size_t i =",False,True,,84,N/A,,,,,15.53868818283081,,,,,
"#include <hpx/hpx_main.hpp>\n\n/* Compute the highest node degree in the undirected graph. The graph is defined in the adjacency matrix A.\n   A is an NxN adjacency matrix stored in row-major. A is an undirected graph.\n   Use HPX to compute in parallel.  Assume HPX has already been initialized.\n   Example:\n\n	 input: [[0, 0, 0, 1], [0, 0, 0, 1], [0, 0, 0, 1], [1, 1, 1, 0]]\n   output: 3\n*/\nint maxDegree(std::vector<int> const& A, size_t N) {",17_graph_highest_degree,graph,cpp,hpx,0.2,0.95,True,2048,False,,False,False,,85,N/A,,,,,14.998804807662964,,,,,
"#include <hpx/hpx_main.hpp>\n\n/* Compute the highest node degree in the undirected graph. The graph is defined in the adjacency matrix A.\n   A is an NxN adjacency matrix stored in row-major. A is an undirected graph.\n   Use HPX to compute in parallel.  Assume HPX has already been initialized.\n   Example:\n\n	 input: [[0, 0, 0, 1], [0, 0, 0, 1], [0, 0, 0, 1], [1, 1, 1, 0]]\n   output: 3\n*/\nint maxDegree(std::vector<int> const& A, size_t N) {",17_graph_highest_degree,graph,cpp,hpx,0.2,0.95,True,2048,False,,False,False,,86,N/A,,,,,15.707842111587524,,,,,
"#include <hpx/hpx_main.hpp>\n\n/* Compute the highest node degree in the undirected graph. The graph is defined in the adjacency matrix A.\n   A is an NxN adjacency matrix stored in row-major. A is an undirected graph.\n   Use HPX to compute in parallel.  Assume HPX has already been initialized.\n   Example:\n\n	 input: [[0, 0, 0, 1], [0, 0, 0, 1], [0, 0, 0, 1], [1, 1, 1, 0]]\n   output: 3\n*/\nint maxDegree(std::vector<int> const& A, size_t N) {",17_graph_highest_degree,graph,cpp,hpx,0.2,0.95,True,2048,False,"int maxDegree(std::vector<int> const& A, size_t N) {\n    if (N == 0) return 0;\n\n    std::vector<std::size_t> rows(N);\n    std::iota(rows.begin(), rows.end(), 0);\n\n    return hpx::transform_reduce(\n        hpx::execution::par,\n        rows.begin(), rows.end(),\n        0,\n        [](int a, int b) { return a > b ? a : b; },\n        [&](std::size_t i) {\n            const int* row = A.data() + i * N;\n            int deg = std::accumulate(row, row + N, 0);\n            return deg - row[i]; // ignore potential self-loop\n        });\n}",True,True,0.0038779556,87,N/A,,,,,12.80459451675415,0.0,True,True,0.0055543536,1.0
"#include <hpx/hpx_main.hpp>\n\n/* Compute the highest node degree in the undirected graph. The graph is defined in the adjacency matrix A.\n   A is an NxN adjacency matrix stored in row-major. A is an undirected graph.\n   Use HPX to compute in parallel.  Assume HPX has already been initialized.\n   Example:\n\n	 input: [[0, 0, 0, 1], [0, 0, 0, 1], [0, 0, 0, 1], [1, 1, 1, 0]]\n   output: 3\n*/\nint maxDegree(std::vector<int> const& A, size_t N) {",17_graph_highest_degree,graph,cpp,hpx,0.2,0.95,True,2048,False,"int maxDegree(std::vector<int> const& A, size_t N) {\n    if (N == 0) return 0;\n\n    std::vector<std::size_t> rows(N);\n    std::iota(rows.begin(), rows.end(), 0);\n\n    return hpx::transform_reduce(\n        hpx::execution::par,\n        rows.begin(), rows.end(),\n        0,\n        [](int a, int b) { return a > b ? a : b; },\n        [&](std::size_t i) {\n            const int* row = A.data() + i * N;\n            int deg = std::accumulate(row, row + N, 0);\n            return deg - row[i]; // ignore potential self-loop\n        });\n}",True,True,0.0038779556,87,N/A,,,,,12.80459451675415,1.0,True,True,0.0027819798,2.0
"#include <hpx/hpx_main.hpp>\n\n/* Compute the highest node degree in the undirected graph. The graph is defined in the adjacency matrix A.\n   A is an NxN adjacency matrix stored in row-major. A is an undirected graph.\n   Use HPX to compute in parallel.  Assume HPX has already been initialized.\n   Example:\n\n	 input: [[0, 0, 0, 1], [0, 0, 0, 1], [0, 0, 0, 1], [1, 1, 1, 0]]\n   output: 3\n*/\nint maxDegree(std::vector<int> const& A, size_t N) {",17_graph_highest_degree,graph,cpp,hpx,0.2,0.95,True,2048,False,"int maxDegree(std::vector<int> const& A, size_t N) {\n    if (N == 0) return 0;\n\n    std::vector<std::size_t> rows(N);\n    std::iota(rows.begin(), rows.end(), 0);\n\n    return hpx::transform_reduce(\n        hpx::execution::par,\n        rows.begin(), rows.end(),\n        0,\n        [](int a, int b) { return a > b ? a : b; },\n        [&](std::size_t i) {\n            const int* row = A.data() + i * N;\n            int deg = std::accumulate(row, row + N, 0);\n            return deg - row[i]; // ignore potential self-loop\n        });\n}",True,True,0.0038779556,87,N/A,,,,,12.80459451675415,2.0,True,True,0.0020175462,4.0
"#include <hpx/hpx_main.hpp>\n\n/* Compute the highest node degree in the undirected graph. The graph is defined in the adjacency matrix A.\n   A is an NxN adjacency matrix stored in row-major. A is an undirected graph.\n   Use HPX to compute in parallel.  Assume HPX has already been initialized.\n   Example:\n\n	 input: [[0, 0, 0, 1], [0, 0, 0, 1], [0, 0, 0, 1], [1, 1, 1, 0]]\n   output: 3\n*/\nint maxDegree(std::vector<int> const& A, size_t N) {",17_graph_highest_degree,graph,cpp,hpx,0.2,0.95,True,2048,False,"int maxDegree(std::vector<int> const& A, size_t N) {\n    if (N == 0) return 0;\n\n    std::vector<std::size_t> rows(N);\n    std::iota(rows.begin(), rows.end(), 0);\n\n    return hpx::transform_reduce(\n        hpx::execution::par,\n        rows.begin(), rows.end(),\n        0,\n        [](int a, int b) { return a > b ? a : b; },\n        [&](std::size_t i) {\n            const int* row = A.data() + i * N;\n            int deg = std::accumulate(row, row + N, 0);\n            return deg - row[i]; // ignore potential self-loop\n        });\n}",True,True,0.0038779556,87,N/A,,,,,12.80459451675415,3.0,True,True,0.002131671,8.0
"#include <hpx/hpx_main.hpp>\n\n/* Compute the highest node degree in the undirected graph. The graph is defined in the adjacency matrix A.\n   A is an NxN adjacency matrix stored in row-major. A is an undirected graph.\n   Use HPX to compute in parallel.  Assume HPX has already been initialized.\n   Example:\n\n	 input: [[0, 0, 0, 1], [0, 0, 0, 1], [0, 0, 0, 1], [1, 1, 1, 0]]\n   output: 3\n*/\nint maxDegree(std::vector<int> const& A, size_t N) {",17_graph_highest_degree,graph,cpp,hpx,0.2,0.95,True,2048,False,"int maxDegree(std::vector<int> const& A, size_t N) {\n    if (N == 0) return 0;\n\n    std::vector<std::size_t> rows(N);\n    std::iota(rows.begin(), rows.end(), 0);\n\n    return hpx::transform_reduce(\n        hpx::execution::par,\n        rows.begin(), rows.end(),\n        0,\n        [](int a, int b) { return a > b ? a : b; },\n        [&](std::size_t i) {\n            const int* row = A.data() + i * N;\n            int deg = std::accumulate(row, row + N, 0);\n            return deg - row[i]; // ignore potential self-loop\n        });\n}",True,True,0.0038779556,87,N/A,,,,,12.80459451675415,4.0,True,True,0.0019449604,16.0
"#include <hpx/hpx_main.hpp>\n\n/* Compute the highest node degree in the undirected graph. The graph is defined in the adjacency matrix A.\n   A is an NxN adjacency matrix stored in row-major. A is an undirected graph.\n   Use HPX to compute in parallel.  Assume HPX has already been initialized.\n   Example:\n\n	 input: [[0, 0, 0, 1], [0, 0, 0, 1], [0, 0, 0, 1], [1, 1, 1, 0]]\n   output: 3\n*/\nint maxDegree(std::vector<int> const& A, size_t N) {",17_graph_highest_degree,graph,cpp,hpx,0.2,0.95,True,2048,False,"int maxDegree(std::vector<int> const& A, size_t N) {\n    if (N == 0) return 0;\n\n    auto first = hpx::util::make_counting_iterator(std::size_t(0));\n    auto last  = hpx::util::make_counting_iterator(N);\n\n    return hpx::transform_reduce(\n        hpx::execution::par, first, last, 0,\n        [](int a, int b) { return a > b ? a : b; },\n        [&](std::size_t i) {\n            return std::accumulate(A.begin() + i * N, A.begin() + (i + 1) * N, 0);\n        });\n}",True,True,0.0038472292,88,N/A,,,,,9.52488088607788,0.0,True,True,0.004157859,1.0
"#include <hpx/hpx_main.hpp>\n\n/* Compute the highest node degree in the undirected graph. The graph is defined in the adjacency matrix A.\n   A is an NxN adjacency matrix stored in row-major. A is an undirected graph.\n   Use HPX to compute in parallel.  Assume HPX has already been initialized.\n   Example:\n\n	 input: [[0, 0, 0, 1], [0, 0, 0, 1], [0, 0, 0, 1], [1, 1, 1, 0]]\n   output: 3\n*/\nint maxDegree(std::vector<int> const& A, size_t N) {",17_graph_highest_degree,graph,cpp,hpx,0.2,0.95,True,2048,False,"int maxDegree(std::vector<int> const& A, size_t N) {\n    if (N == 0) return 0;\n\n    auto first = hpx::util::make_counting_iterator(std::size_t(0));\n    auto last  = hpx::util::make_counting_iterator(N);\n\n    return hpx::transform_reduce(\n        hpx::execution::par, first, last, 0,\n        [](int a, int b) { return a > b ? a : b; },\n        [&](std::size_t i) {\n            return std::accumulate(A.begin() + i * N, A.begin() + (i + 1) * N, 0);\n        });\n}",True,True,0.0038472292,88,N/A,,,,,9.52488088607788,1.0,True,True,0.0029015092,2.0
"#include <hpx/hpx_main.hpp>\n\n/* Compute the highest node degree in the undirected graph. The graph is defined in the adjacency matrix A.\n   A is an NxN adjacency matrix stored in row-major. A is an undirected graph.\n   Use HPX to compute in parallel.  Assume HPX has already been initialized.\n   Example:\n\n	 input: [[0, 0, 0, 1], [0, 0, 0, 1], [0, 0, 0, 1], [1, 1, 1, 0]]\n   output: 3\n*/\nint maxDegree(std::vector<int> const& A, size_t N) {",17_graph_highest_degree,graph,cpp,hpx,0.2,0.95,True,2048,False,"int maxDegree(std::vector<int> const& A, size_t N) {\n    if (N == 0) return 0;\n\n    auto first = hpx::util::make_counting_iterator(std::size_t(0));\n    auto last  = hpx::util::make_counting_iterator(N);\n\n    return hpx::transform_reduce(\n        hpx::execution::par, first, last, 0,\n        [](int a, int b) { return a > b ? a : b; },\n        [&](std::size_t i) {\n            return std::accumulate(A.begin() + i * N, A.begin() + (i + 1) * N, 0);\n        });\n}",True,True,0.0038472292,88,N/A,,,,,9.52488088607788,2.0,True,True,0.0024244128,4.0
"#include <hpx/hpx_main.hpp>\n\n/* Compute the highest node degree in the undirected graph. The graph is defined in the adjacency matrix A.\n   A is an NxN adjacency matrix stored in row-major. A is an undirected graph.\n   Use HPX to compute in parallel.  Assume HPX has already been initialized.\n   Example:\n\n	 input: [[0, 0, 0, 1], [0, 0, 0, 1], [0, 0, 0, 1], [1, 1, 1, 0]]\n   output: 3\n*/\nint maxDegree(std::vector<int> const& A, size_t N) {",17_graph_highest_degree,graph,cpp,hpx,0.2,0.95,True,2048,False,"int maxDegree(std::vector<int> const& A, size_t N) {\n    if (N == 0) return 0;\n\n    auto first = hpx::util::make_counting_iterator(std::size_t(0));\n    auto last  = hpx::util::make_counting_iterator(N);\n\n    return hpx::transform_reduce(\n        hpx::execution::par, first, last, 0,\n        [](int a, int b) { return a > b ? a : b; },\n        [&](std::size_t i) {\n            return std::accumulate(A.begin() + i * N, A.begin() + (i + 1) * N, 0);\n        });\n}",True,True,0.0038472292,88,N/A,,,,,9.52488088607788,3.0,True,True,0.0019762936,8.0
"#include <hpx/hpx_main.hpp>\n\n/* Compute the highest node degree in the undirected graph. The graph is defined in the adjacency matrix A.\n   A is an NxN adjacency matrix stored in row-major. A is an undirected graph.\n   Use HPX to compute in parallel.  Assume HPX has already been initialized.\n   Example:\n\n	 input: [[0, 0, 0, 1], [0, 0, 0, 1], [0, 0, 0, 1], [1, 1, 1, 0]]\n   output: 3\n*/\nint maxDegree(std::vector<int> const& A, size_t N) {",17_graph_highest_degree,graph,cpp,hpx,0.2,0.95,True,2048,False,"int maxDegree(std::vector<int> const& A, size_t N) {\n    if (N == 0) return 0;\n\n    auto first = hpx::util::make_counting_iterator(std::size_t(0));\n    auto last  = hpx::util::make_counting_iterator(N);\n\n    return hpx::transform_reduce(\n        hpx::execution::par, first, last, 0,\n        [](int a, int b) { return a > b ? a : b; },\n        [&](std::size_t i) {\n            return std::accumulate(A.begin() + i * N, A.begin() + (i + 1) * N, 0);\n        });\n}",True,True,0.0038472292,88,N/A,,,,,9.52488088607788,4.0,True,True,0.0020666712,16.0
"#include <hpx/hpx_main.hpp>\n\n/* Compute the highest node degree in the undirected graph. The graph is defined in the adjacency matrix A.\n   A is an NxN adjacency matrix stored in row-major. A is an undirected graph.\n   Use HPX to compute in parallel.  Assume HPX has already been initialized.\n   Example:\n\n	 input: [[0, 0, 0, 1], [0, 0, 0, 1], [0, 0, 0, 1], [1, 1, 1, 0]]\n   output: 3\n*/\nint maxDegree(std::vector<int> const& A, size_t N) {",17_graph_highest_degree,graph,cpp,hpx,0.2,0.95,True,2048,False,"int maxDegree(std::vector<int> const& A, size_t N) {\n    using hpx::execution::par;\n\n    if (N == 0) return 0;\n\n    std::vector<int> degrees(N, 0);\n\n    hpx::for_loop(par, size_t(0), N, [&](size_t i) {\n        int sum = 0;\n        size_t base = i * N;\n        for (size_t j = 0; j < N; ++j)\n            sum += A[base + j];\n        degrees[i] = sum;\n    });\n\n    int maxdeg = 0;\n    for (int d : degrees)\n        if (d > maxdeg) maxdeg = d;\n\n    return maxdeg;\n}",True,True,0.0034292792,89,N/A,,,,,13.673154830932617,0.0,True,True,0.0046064734,1.0
"#include <hpx/hpx_main.hpp>\n\n/* Compute the highest node degree in the undirected graph. The graph is defined in the adjacency matrix A.\n   A is an NxN adjacency matrix stored in row-major. A is an undirected graph.\n   Use HPX to compute in parallel.  Assume HPX has already been initialized.\n   Example:\n\n	 input: [[0, 0, 0, 1], [0, 0, 0, 1], [0, 0, 0, 1], [1, 1, 1, 0]]\n   output: 3\n*/\nint maxDegree(std::vector<int> const& A, size_t N) {",17_graph_highest_degree,graph,cpp,hpx,0.2,0.95,True,2048,False,"int maxDegree(std::vector<int> const& A, size_t N) {\n    using hpx::execution::par;\n\n    if (N == 0) return 0;\n\n    std::vector<int> degrees(N, 0);\n\n    hpx::for_loop(par, size_t(0), N, [&](size_t i) {\n        int sum = 0;\n        size_t base = i * N;\n        for (size_t j = 0; j < N; ++j)\n            sum += A[base + j];\n        degrees[i] = sum;\n    });\n\n    int maxdeg = 0;\n    for (int d : degrees)\n        if (d > maxdeg) maxdeg = d;\n\n    return maxdeg;\n}",True,True,0.0034292792,89,N/A,,,,,13.673154830932617,1.0,True,True,0.0032311508,2.0
"#include <hpx/hpx_main.hpp>\n\n/* Compute the highest node degree in the undirected graph. The graph is defined in the adjacency matrix A.\n   A is an NxN adjacency matrix stored in row-major. A is an undirected graph.\n   Use HPX to compute in parallel.  Assume HPX has already been initialized.\n   Example:\n\n	 input: [[0, 0, 0, 1], [0, 0, 0, 1], [0, 0, 0, 1], [1, 1, 1, 0]]\n   output: 3\n*/\nint maxDegree(std::vector<int> const& A, size_t N) {",17_graph_highest_degree,graph,cpp,hpx,0.2,0.95,True,2048,False,"int maxDegree(std::vector<int> const& A, size_t N) {\n    using hpx::execution::par;\n\n    if (N == 0) return 0;\n\n    std::vector<int> degrees(N, 0);\n\n    hpx::for_loop(par, size_t(0), N, [&](size_t i) {\n        int sum = 0;\n        size_t base = i * N;\n        for (size_t j = 0; j < N; ++j)\n            sum += A[base + j];\n        degrees[i] = sum;\n    });\n\n    int maxdeg = 0;\n    for (int d : degrees)\n        if (d > maxdeg) maxdeg = d;\n\n    return maxdeg;\n}",True,True,0.0034292792,89,N/A,,,,,13.673154830932617,2.0,True,True,0.0022673286,4.0
"#include <hpx/hpx_main.hpp>\n\n/* Compute the highest node degree in the undirected graph. The graph is defined in the adjacency matrix A.\n   A is an NxN adjacency matrix stored in row-major. A is an undirected graph.\n   Use HPX to compute in parallel.  Assume HPX has already been initialized.\n   Example:\n\n	 input: [[0, 0, 0, 1], [0, 0, 0, 1], [0, 0, 0, 1], [1, 1, 1, 0]]\n   output: 3\n*/\nint maxDegree(std::vector<int> const& A, size_t N) {",17_graph_highest_degree,graph,cpp,hpx,0.2,0.95,True,2048,False,"int maxDegree(std::vector<int> const& A, size_t N) {\n    using hpx::execution::par;\n\n    if (N == 0) return 0;\n\n    std::vector<int> degrees(N, 0);\n\n    hpx::for_loop(par, size_t(0), N, [&](size_t i) {\n        int sum = 0;\n        size_t base = i * N;\n        for (size_t j = 0; j < N; ++j)\n            sum += A[base + j];\n        degrees[i] = sum;\n    });\n\n    int maxdeg = 0;\n    for (int d : degrees)\n        if (d > maxdeg) maxdeg = d;\n\n    return maxdeg;\n}",True,True,0.0034292792,89,N/A,,,,,13.673154830932617,3.0,True,True,0.0019904666,8.0
"#include <hpx/hpx_main.hpp>\n\n/* Compute the highest node degree in the undirected graph. The graph is defined in the adjacency matrix A.\n   A is an NxN adjacency matrix stored in row-major. A is an undirected graph.\n   Use HPX to compute in parallel.  Assume HPX has already been initialized.\n   Example:\n\n	 input: [[0, 0, 0, 1], [0, 0, 0, 1], [0, 0, 0, 1], [1, 1, 1, 0]]\n   output: 3\n*/\nint maxDegree(std::vector<int> const& A, size_t N) {",17_graph_highest_degree,graph,cpp,hpx,0.2,0.95,True,2048,False,"int maxDegree(std::vector<int> const& A, size_t N) {\n    using hpx::execution::par;\n\n    if (N == 0) return 0;\n\n    std::vector<int> degrees(N, 0);\n\n    hpx::for_loop(par, size_t(0), N, [&](size_t i) {\n        int sum = 0;\n        size_t base = i * N;\n        for (size_t j = 0; j < N; ++j)\n            sum += A[base + j];\n        degrees[i] = sum;\n    });\n\n    int maxdeg = 0;\n    for (int d : degrees)\n        if (d > maxdeg) maxdeg = d;\n\n    return maxdeg;\n}",True,True,0.0034292792,89,N/A,,,,,13.673154830932617,4.0,True,True,0.0020656776,16.0
"#include <hpx/hpx_main.hpp>\n\n/* Compute the highest node degree in the undirected graph. The graph is defined in the adjacency matrix A.\n   A is an NxN adjacency matrix stored in row-major. A is an undirected graph.\n   Use HPX to compute in parallel.  Assume HPX has already been initialized.\n   Example:\n\n	 input: [[0, 0, 0, 1], [0, 0, 0, 1], [0, 0, 0, 1], [1, 1, 1, 0]]\n   output: 3\n*/\nint maxDegree(std::vector<int> const& A, size_t N) {",17_graph_highest_degree,graph,cpp,hpx,0.2,0.95,True,2048,False,,False,False,,90,N/A,,,,,15.388324499130249,,,,,
"#include <hpx/hpx_main.hpp>\n\n/* Compute the highest node degree in the undirected graph. The graph is defined in the adjacency matrix A.\n   A is an NxN adjacency matrix stored in row-major. A is an undirected graph.\n   Use HPX to compute in parallel.  Assume HPX has already been initialized.\n   Example:\n\n	 input: [[0, 0, 0, 1], [0, 0, 0, 1], [0, 0, 0, 1], [1, 1, 1, 0]]\n   output: 3\n*/\nint maxDegree(std::vector<int> const& A, size_t N) {",17_graph_highest_degree,graph,cpp,hpx,0.2,0.95,True,2048,False,"int maxDegree(std::vector<int> const& A, size_t N) {\n    using hpx::execution::par;\n\n    auto first = hpx::make_counting_iterator<std::size_t>(0);\n    auto last  = hpx::make_counting_iterator<std",False,True,,91,N/A,,,,,14.547627449035645,,,,,
"#include <hpx/hpx_main.hpp>\n\n/* Compute the highest node degree in the undirected graph. The graph is defined in the adjacency matrix A.\n   A is an NxN adjacency matrix stored in row-major. A is an undirected graph.\n   Use HPX to compute in parallel.  Assume HPX has already been initialized.\n   Example:\n\n	 input: [[0, 0, 0, 1], [0, 0, 0, 1], [0, 0, 0, 1], [1, 1, 1, 0]]\n   output: 3\n*/\nint maxDegree(std::vector<int> const& A, size_t N) {",17_graph_highest_degree,graph,cpp,hpx,0.2,0.95,True,2048,False,,False,False,,92,N/A,,,,,14.58796739578247,,,,,
"#include <hpx/hpx_main.hpp>\n\n/* Compute the highest node degree in the undirected graph. The graph is defined in the adjacency matrix A.\n   A is an NxN adjacency matrix stored in row-major. A is an undirected graph.\n   Use HPX to compute in parallel.  Assume HPX has already been initialized.\n   Example:\n\n	 input: [[0, 0, 0, 1], [0, 0, 0, 1], [0, 0, 0, 1], [1, 1, 1, 0]]\n   output: 3\n*/\nint maxDegree(std::vector<int> const& A, size_t N) {",17_graph_highest_degree,graph,cpp,hpx,0.2,0.95,True,2048,False,,False,False,,93,N/A,,,,,13.998234272003174,,,,,
"#include <hpx/hpx_main.hpp>\n\n/* Compute the highest node degree in the undirected graph. The graph is defined in the adjacency matrix A.\n   A is an NxN adjacency matrix stored in row-major. A is an undirected graph.\n   Use HPX to compute in parallel.  Assume HPX has already been initialized.\n   Example:\n\n	 input: [[0, 0, 0, 1], [0, 0, 0, 1], [0, 0, 0, 1], [1, 1, 1, 0]]\n   output: 3\n*/\nint maxDegree(std::vector<int> const& A, size_t N) {",17_graph_highest_degree,graph,cpp,hpx,0.2,0.95,True,2048,False,"int maxDegree(std::vector<int> const& A, size_t N) {\n    if (N == 0) return 0;\n\n    using idx_it = hpx::util::counting_iterator<std::size_t>;\n    return hpx::transform_reduce(\n        hpx::execution::par, idx_it(0), idx_it(N), 0,\n        [](int a, int b) { return std::max(a, b); },\n        [&](std::size_t i) {\n            int s = 0;\n            auto row = A.data() + i * N;\n            for (std::size_t j = 0; j < N; ++j) s += row[j];\n            return s;\n        });\n}",True,True,0.0033793284,94,N/A,,,,,13.293450593948364,0.0,True,True,0.0039442296,1.0
"#include <hpx/hpx_main.hpp>\n\n/* Compute the highest node degree in the undirected graph. The graph is defined in the adjacency matrix A.\n   A is an NxN adjacency matrix stored in row-major. A is an undirected graph.\n   Use HPX to compute in parallel.  Assume HPX has already been initialized.\n   Example:\n\n	 input: [[0, 0, 0, 1], [0, 0, 0, 1], [0, 0, 0, 1], [1, 1, 1, 0]]\n   output: 3\n*/\nint maxDegree(std::vector<int> const& A, size_t N) {",17_graph_highest_degree,graph,cpp,hpx,0.2,0.95,True,2048,False,"int maxDegree(std::vector<int> const& A, size_t N) {\n    if (N == 0) return 0;\n\n    using idx_it = hpx::util::counting_iterator<std::size_t>;\n    return hpx::transform_reduce(\n        hpx::execution::par, idx_it(0), idx_it(N), 0,\n        [](int a, int b) { return std::max(a, b); },\n        [&](std::size_t i) {\n            int s = 0;\n            auto row = A.data() + i * N;\n            for (std::size_t j = 0; j < N; ++j) s += row[j];\n            return s;\n        });\n}",True,True,0.0033793284,94,N/A,,,,,13.293450593948364,1.0,True,True,0.0027839236,2.0
"#include <hpx/hpx_main.hpp>\n\n/* Compute the highest node degree in the undirected graph. The graph is defined in the adjacency matrix A.\n   A is an NxN adjacency matrix stored in row-major. A is an undirected graph.\n   Use HPX to compute in parallel.  Assume HPX has already been initialized.\n   Example:\n\n	 input: [[0, 0, 0, 1], [0, 0, 0, 1], [0, 0, 0, 1], [1, 1, 1, 0]]\n   output: 3\n*/\nint maxDegree(std::vector<int> const& A, size_t N) {",17_graph_highest_degree,graph,cpp,hpx,0.2,0.95,True,2048,False,"int maxDegree(std::vector<int> const& A, size_t N) {\n    if (N == 0) return 0;\n\n    using idx_it = hpx::util::counting_iterator<std::size_t>;\n    return hpx::transform_reduce(\n        hpx::execution::par, idx_it(0), idx_it(N), 0,\n        [](int a, int b) { return std::max(a, b); },\n        [&](std::size_t i) {\n            int s = 0;\n            auto row = A.data() + i * N;\n            for (std::size_t j = 0; j < N; ++j) s += row[j];\n            return s;\n        });\n}",True,True,0.0033793284,94,N/A,,,,,13.293450593948364,2.0,True,True,0.0022281582,4.0
"#include <hpx/hpx_main.hpp>\n\n/* Compute the highest node degree in the undirected graph. The graph is defined in the adjacency matrix A.\n   A is an NxN adjacency matrix stored in row-major. A is an undirected graph.\n   Use HPX to compute in parallel.  Assume HPX has already been initialized.\n   Example:\n\n	 input: [[0, 0, 0, 1], [0, 0, 0, 1], [0, 0, 0, 1], [1, 1, 1, 0]]\n   output: 3\n*/\nint maxDegree(std::vector<int> const& A, size_t N) {",17_graph_highest_degree,graph,cpp,hpx,0.2,0.95,True,2048,False,"int maxDegree(std::vector<int> const& A, size_t N) {\n    if (N == 0) return 0;\n\n    using idx_it = hpx::util::counting_iterator<std::size_t>;\n    return hpx::transform_reduce(\n        hpx::execution::par, idx_it(0), idx_it(N), 0,\n        [](int a, int b) { return std::max(a, b); },\n        [&](std::size_t i) {\n            int s = 0;\n            auto row = A.data() + i * N;\n            for (std::size_t j = 0; j < N; ++j) s += row[j];\n            return s;\n        });\n}",True,True,0.0033793284,94,N/A,,,,,13.293450593948364,3.0,True,True,0.001977552,8.0
"#include <hpx/hpx_main.hpp>\n\n/* Compute the highest node degree in the undirected graph. The graph is defined in the adjacency matrix A.\n   A is an NxN adjacency matrix stored in row-major. A is an undirected graph.\n   Use HPX to compute in parallel.  Assume HPX has already been initialized.\n   Example:\n\n	 input: [[0, 0, 0, 1], [0, 0, 0, 1], [0, 0, 0, 1], [1, 1, 1, 0]]\n   output: 3\n*/\nint maxDegree(std::vector<int> const& A, size_t N) {",17_graph_highest_degree,graph,cpp,hpx,0.2,0.95,True,2048,False,"int maxDegree(std::vector<int> const& A, size_t N) {\n    if (N == 0) return 0;\n\n    using idx_it = hpx::util::counting_iterator<std::size_t>;\n    return hpx::transform_reduce(\n        hpx::execution::par, idx_it(0), idx_it(N), 0,\n        [](int a, int b) { return std::max(a, b); },\n        [&](std::size_t i) {\n            int s = 0;\n            auto row = A.data() + i * N;\n            for (std::size_t j = 0; j < N; ++j) s += row[j];\n            return s;\n        });\n}",True,True,0.0033793284,94,N/A,,,,,13.293450593948364,4.0,True,True,0.0019914186,16.0
"#include <hpx/hpx_main.hpp>\n\n/* Compute the highest node degree in the undirected graph. The graph is defined in the adjacency matrix A.\n   A is an NxN adjacency matrix stored in row-major. A is an undirected graph.\n   Use HPX to compute in parallel.  Assume HPX has already been initialized.\n   Example:\n\n	 input: [[0, 0, 0, 1], [0, 0, 0, 1], [0, 0, 0, 1], [1, 1, 1, 0]]\n   output: 3\n*/\nint maxDegree(std::vector<int> const& A, size_t N) {",17_graph_highest_degree,graph,cpp,hpx,0.2,0.95,True,2048,False,,False,False,,95,N/A,,,,,15.372410774230957,,,,,
"#include <hpx/hpx_main.hpp>\n\n/* Compute the highest node degree in the undirected graph. The graph is defined in the adjacency matrix A.\n   A is an NxN adjacency matrix stored in row-major. A is an undirected graph.\n   Use HPX to compute in parallel.  Assume HPX has already been initialized.\n   Example:\n\n	 input: [[0, 0, 0, 1], [0, 0, 0, 1], [0, 0, 0, 1], [1, 1, 1, 0]]\n   output: 3\n*/\nint maxDegree(std::vector<int> const& A, size_t N) {",17_graph_highest_degree,graph,cpp,hpx,0.2,0.95,True,2048,False,,False,False,,96,N/A,,,,,14.537749767303467,,,,,
"#include <hpx/hpx_main.hpp>\n\n/* Compute the highest node degree in the undirected graph. The graph is defined in the adjacency matrix A.\n   A is an NxN adjacency matrix stored in row-major. A is an undirected graph.\n   Use HPX to compute in parallel.  Assume HPX has already been initialized.\n   Example:\n\n	 input: [[0, 0, 0, 1], [0, 0, 0, 1], [0, 0, 0, 1], [1, 1, 1, 0]]\n   output: 3\n*/\nint maxDegree(std::vector<int> const& A, size_t N) {",17_graph_highest_degree,graph,cpp,hpx,0.2,0.95,True,2048,False,"int maxDegree(std::vector<int> const& A, size_t N) {\n    if (N == 0) return 0;\n\n    auto first = hpx::util::counting_iterator<std::size_t>(0);\n    auto last  = hpx::util::counting_iterator<std::size_t>(N);\n\n    std::size_t maxdeg = hpx::transform_reduce(\n        hpx::execution::par, first, last, std::size_t(0),\n        [](std::size_t a, std::size_t b) { return a > b ? a : b; },\n        [&](std::size_t i) {\n            std::size_t d = 0;\n            auto const* row = &A[i * N];\n            for (std::size_t j = 0; j < N; ++j) d += (row[j] != 0);\n            return d;\n        });\n\n    return static_cast<int>(maxdeg);\n}",True,True,0.003356337,97,N/A,,,,,12.72377634048462,0.0,True,True,0.0060954436,1.0
"#include <hpx/hpx_main.hpp>\n\n/* Compute the highest node degree in the undirected graph. The graph is defined in the adjacency matrix A.\n   A is an NxN adjacency matrix stored in row-major. A is an undirected graph.\n   Use HPX to compute in parallel.  Assume HPX has already been initialized.\n   Example:\n\n	 input: [[0, 0, 0, 1], [0, 0, 0, 1], [0, 0, 0, 1], [1, 1, 1, 0]]\n   output: 3\n*/\nint maxDegree(std::vector<int> const& A, size_t N) {",17_graph_highest_degree,graph,cpp,hpx,0.2,0.95,True,2048,False,"int maxDegree(std::vector<int> const& A, size_t N) {\n    if (N == 0) return 0;\n\n    auto first = hpx::util::counting_iterator<std::size_t>(0);\n    auto last  = hpx::util::counting_iterator<std::size_t>(N);\n\n    std::size_t maxdeg = hpx::transform_reduce(\n        hpx::execution::par, first, last, std::size_t(0),\n        [](std::size_t a, std::size_t b) { return a > b ? a : b; },\n        [&](std::size_t i) {\n            std::size_t d = 0;\n            auto const* row = &A[i * N];\n            for (std::size_t j = 0; j < N; ++j) d += (row[j] != 0);\n            return d;\n        });\n\n    return static_cast<int>(maxdeg);\n}",True,True,0.003356337,97,N/A,,,,,12.72377634048462,1.0,True,True,0.003505488,2.0
"#include <hpx/hpx_main.hpp>\n\n/* Compute the highest node degree in the undirected graph. The graph is defined in the adjacency matrix A.\n   A is an NxN adjacency matrix stored in row-major. A is an undirected graph.\n   Use HPX to compute in parallel.  Assume HPX has already been initialized.\n   Example:\n\n	 input: [[0, 0, 0, 1], [0, 0, 0, 1], [0, 0, 0, 1], [1, 1, 1, 0]]\n   output: 3\n*/\nint maxDegree(std::vector<int> const& A, size_t N) {",17_graph_highest_degree,graph,cpp,hpx,0.2,0.95,True,2048,False,"int maxDegree(std::vector<int> const& A, size_t N) {\n    if (N == 0) return 0;\n\n    auto first = hpx::util::counting_iterator<std::size_t>(0);\n    auto last  = hpx::util::counting_iterator<std::size_t>(N);\n\n    std::size_t maxdeg = hpx::transform_reduce(\n        hpx::execution::par, first, last, std::size_t(0),\n        [](std::size_t a, std::size_t b) { return a > b ? a : b; },\n        [&](std::size_t i) {\n            std::size_t d = 0;\n            auto const* row = &A[i * N];\n            for (std::size_t j = 0; j < N; ++j) d += (row[j] != 0);\n            return d;\n        });\n\n    return static_cast<int>(maxdeg);\n}",True,True,0.003356337,97,N/A,,,,,12.72377634048462,2.0,True,True,0.002301768,4.0
"#include <hpx/hpx_main.hpp>\n\n/* Compute the highest node degree in the undirected graph. The graph is defined in the adjacency matrix A.\n   A is an NxN adjacency matrix stored in row-major. A is an undirected graph.\n   Use HPX to compute in parallel.  Assume HPX has already been initialized.\n   Example:\n\n	 input: [[0, 0, 0, 1], [0, 0, 0, 1], [0, 0, 0, 1], [1, 1, 1, 0]]\n   output: 3\n*/\nint maxDegree(std::vector<int> const& A, size_t N) {",17_graph_highest_degree,graph,cpp,hpx,0.2,0.95,True,2048,False,"int maxDegree(std::vector<int> const& A, size_t N) {\n    if (N == 0) return 0;\n\n    auto first = hpx::util::counting_iterator<std::size_t>(0);\n    auto last  = hpx::util::counting_iterator<std::size_t>(N);\n\n    std::size_t maxdeg = hpx::transform_reduce(\n        hpx::execution::par, first, last, std::size_t(0),\n        [](std::size_t a, std::size_t b) { return a > b ? a : b; },\n        [&](std::size_t i) {\n            std::size_t d = 0;\n            auto const* row = &A[i * N];\n            for (std::size_t j = 0; j < N; ++j) d += (row[j] != 0);\n            return d;\n        });\n\n    return static_cast<int>(maxdeg);\n}",True,True,0.003356337,97,N/A,,,,,12.72377634048462,3.0,True,True,0.0018727168,8.0
"#include <hpx/hpx_main.hpp>\n\n/* Compute the highest node degree in the undirected graph. The graph is defined in the adjacency matrix A.\n   A is an NxN adjacency matrix stored in row-major. A is an undirected graph.\n   Use HPX to compute in parallel.  Assume HPX has already been initialized.\n   Example:\n\n	 input: [[0, 0, 0, 1], [0, 0, 0, 1], [0, 0, 0, 1], [1, 1, 1, 0]]\n   output: 3\n*/\nint maxDegree(std::vector<int> const& A, size_t N) {",17_graph_highest_degree,graph,cpp,hpx,0.2,0.95,True,2048,False,"int maxDegree(std::vector<int> const& A, size_t N) {\n    if (N == 0) return 0;\n\n    auto first = hpx::util::counting_iterator<std::size_t>(0);\n    auto last  = hpx::util::counting_iterator<std::size_t>(N);\n\n    std::size_t maxdeg = hpx::transform_reduce(\n        hpx::execution::par, first, last, std::size_t(0),\n        [](std::size_t a, std::size_t b) { return a > b ? a : b; },\n        [&](std::size_t i) {\n            std::size_t d = 0;\n            auto const* row = &A[i * N];\n            for (std::size_t j = 0; j < N; ++j) d += (row[j] != 0);\n            return d;\n        });\n\n    return static_cast<int>(maxdeg);\n}",True,True,0.003356337,97,N/A,,,,,12.72377634048462,4.0,True,True,0.001967579,16.0
"#include <hpx/hpx_main.hpp>\n\n/* Compute the highest node degree in the undirected graph. The graph is defined in the adjacency matrix A.\n   A is an NxN adjacency matrix stored in row-major. A is an undirected graph.\n   Use HPX to compute in parallel.  Assume HPX has already been initialized.\n   Example:\n\n	 input: [[0, 0, 0, 1], [0, 0, 0, 1], [0, 0, 0, 1], [1, 1, 1, 0]]\n   output: 3\n*/\nint maxDegree(std::vector<int> const& A, size_t N) {",17_graph_highest_degree,graph,cpp,hpx,0.2,0.95,True,2048,False,,False,False,,98,N/A,,,,,15.268995761871338,,,,,
"#include <hpx/hpx_main.hpp>\n\n/* Compute the highest node degree in the undirected graph. The graph is defined in the adjacency matrix A.\n   A is an NxN adjacency matrix stored in row-major. A is an undirected graph.\n   Use HPX to compute in parallel.  Assume HPX has already been initialized.\n   Example:\n\n	 input: [[0, 0, 0, 1], [0, 0, 0, 1], [0, 0, 0, 1], [1, 1, 1, 0]]\n   output: 3\n*/\nint maxDegree(std::vector<int> const& A, size_t N) {",17_graph_highest_degree,graph,cpp,hpx,0.2,0.95,True,2048,False,,False,False,,99,N/A,,,,,14.679702043533325,,,,,
"#include <hpx/hpx_main.hpp>\n\n/* Count the number of connected components in the undirected graph defined by the adjacency matrix A.\n   A is an NxN adjacency matrix stored in row-major. A is an undirected graph.\n	 Use HPX to compute in parallel.  Assume HPX has already been initialized.\n   Example:\n\n	 input: [[0, 1, 0, 0], [1, 0, 0, 0], [0, 0, 0, 1], [0, 0, 1, 0]]\n   output: 2\n*/\nint componentCount(std::vector<int> const& A, size_t N) {",18_graph_count_components,graph,cpp,hpx,0.2,0.95,True,2048,False,,False,False,,0,N/A,,,,,14.219569206237793,,,,,
"#include <hpx/hpx_main.hpp>\n\n/* Count the number of connected components in the undirected graph defined by the adjacency matrix A.\n   A is an NxN adjacency matrix stored in row-major. A is an undirected graph.\n	 Use HPX to compute in parallel.  Assume HPX has already been initialized.\n   Example:\n\n	 input: [[0, 1, 0, 0], [1, 0, 0, 0], [0, 0, 0, 1], [0, 0, 1, 0]]\n   output: 2\n*/\nint componentCount(std::vector<int> const& A, size_t N) {",18_graph_count_components,graph,cpp,hpx,0.2,0.95,True,2048,False,,False,False,,1,N/A,,,,,16.435001850128174,,,,,
"#include <hpx/hpx_main.hpp>\n\n/* Count the number of connected components in the undirected graph defined by the adjacency matrix A.\n   A is an NxN adjacency matrix stored in row-major. A is an undirected graph.\n	 Use HPX to compute in parallel.  Assume HPX has already been initialized.\n   Example:\n\n	 input: [[0, 1, 0, 0], [1, 0, 0, 0], [0, 0, 0, 1], [0, 0, 1, 0]]\n   output: 2\n*/\nint componentCount(std::vector<int> const& A, size_t N) {",18_graph_count_components,graph,cpp,hpx,0.2,0.95,True,2048,False,,False,False,,2,N/A,,,,,13.988867044448853,,,,,
"#include <hpx/hpx_main.hpp>\n\n/* Count the number of connected components in the undirected graph defined by the adjacency matrix A.\n   A is an NxN adjacency matrix stored in row-major. A is an undirected graph.\n	 Use HPX to compute in parallel.  Assume HPX has already been initialized.\n   Example:\n\n	 input: [[0, 1, 0, 0], [1, 0, 0, 0], [0, 0, 0, 1], [0, 0, 1, 0]]\n   output: 2\n*/\nint componentCount(std::vector<int> const& A, size_t N) {",18_graph_count_components,graph,cpp,hpx,0.2,0.95,True,2048,False,,False,False,,3,N/A,,,,,15.783942222595215,,,,,
"#include <hpx/hpx_main.hpp>\n\n/* Count the number of connected components in the undirected graph defined by the adjacency matrix A.\n   A is an NxN adjacency matrix stored in row-major. A is an undirected graph.\n	 Use HPX to compute in parallel.  Assume HPX has already been initialized.\n   Example:\n\n	 input: [[0, 1, 0, 0], [1, 0, 0, 0], [0, 0, 0, 1], [0, 0, 1, 0]]\n   output: 2\n*/\nint componentCount(std::vector<int> const& A, size_t N) {",18_graph_count_components,graph,cpp,hpx,0.2,0.95,True,2048,False,,False,False,,4,N/A,,,,,15.615013122558594,,,,,
"#include <hpx/hpx_main.hpp>\n\n/* Count the number of connected components in the undirected graph defined by the adjacency matrix A.\n   A is an NxN adjacency matrix stored in row-major. A is an undirected graph.\n	 Use HPX to compute in parallel.  Assume HPX has already been initialized.\n   Example:\n\n	 input: [[0, 1, 0, 0], [1, 0, 0, 0], [0, 0, 0, 1], [0, 0, 1, 0]]\n   output: 2\n*/\nint componentCount(std::vector<int> const& A, size_t N) {",18_graph_count_components,graph,cpp,hpx,0.2,0.95,True,2048,False,,False,False,,5,N/A,,,,,13.352080583572388,,,,,
"#include <hpx/hpx_main.hpp>\n\n/* Count the number of connected components in the undirected graph defined by the adjacency matrix A.\n   A is an NxN adjacency matrix stored in row-major. A is an undirected graph.\n	 Use HPX to compute in parallel.  Assume HPX has already been initialized.\n   Example:\n\n	 input: [[0, 1, 0, 0], [1, 0, 0, 0], [0, 0, 0, 1], [0, 0, 1, 0]]\n   output: 2\n*/\nint componentCount(std::vector<int> const& A, size_t N) {",18_graph_count_components,graph,cpp,hpx,0.2,0.95,True,2048,False,,False,False,,6,N/A,,,,,15.897019147872925,,,,,
"#include <hpx/hpx_main.hpp>\n\n/* Count the number of connected components in the undirected graph defined by the adjacency matrix A.\n   A is an NxN adjacency matrix stored in row-major. A is an undirected graph.\n	 Use HPX to compute in parallel.  Assume HPX has already been initialized.\n   Example:\n\n	 input: [[0, 1, 0, 0], [1, 0, 0, 0], [0, 0, 0, 1], [0, 0, 1, 0]]\n   output: 2\n*/\nint componentCount(std::vector<int> const& A, size_t N) {",18_graph_count_components,graph,cpp,hpx,0.2,0.95,True,2048,False,,False,False,,7,N/A,,,,,16.30271816253662,,,,,
"#include <hpx/hpx_main.hpp>\n\n/* Count the number of connected components in the undirected graph defined by the adjacency matrix A.\n   A is an NxN adjacency matrix stored in row-major. A is an undirected graph.\n	 Use HPX to compute in parallel.  Assume HPX has already been initialized.\n   Example:\n\n	 input: [[0, 1, 0, 0], [1, 0, 0, 0], [0, 0, 0, 1], [0, 0, 1, 0]]\n   output: 2\n*/\nint componentCount(std::vector<int> const& A, size_t N) {",18_graph_count_components,graph,cpp,hpx,0.2,0.95,True,2048,False,,False,False,,8,N/A,,,,,15.244663715362549,,,,,
"#include <hpx/hpx_main.hpp>\n\n/* Count the number of connected components in the undirected graph defined by the adjacency matrix A.\n   A is an NxN adjacency matrix stored in row-major. A is an undirected graph.\n	 Use HPX to compute in parallel.  Assume HPX has already been initialized.\n   Example:\n\n	 input: [[0, 1, 0, 0], [1, 0, 0, 0], [0, 0, 0, 1], [0, 0, 1, 0]]\n   output: 2\n*/\nint componentCount(std::vector<int> const& A, size_t N) {",18_graph_count_components,graph,cpp,hpx,0.2,0.95,True,2048,False,,False,False,,9,N/A,,,,,15.80420184135437,,,,,
"#include <hpx/hpx_main.hpp>\n\n/* Count the number of connected components in the undirected graph defined by the adjacency matrix A.\n   A is an NxN adjacency matrix stored in row-major. A is an undirected graph.\n	 Use HPX to compute in parallel.  Assume HPX has already been initialized.\n   Example:\n\n	 input: [[0, 1, 0, 0], [1, 0, 0, 0], [0, 0, 0, 1], [0, 0, 1, 0]]\n   output: 2\n*/\nint componentCount(std::vector<int> const& A, size_t N) {",18_graph_count_components,graph,cpp,hpx,0.2,0.95,True,2048,False,,False,False,,10,N/A,,,,,18.38020610809326,,,,,
"#include <hpx/hpx_main.hpp>\n\n/* Count the number of connected components in the undirected graph defined by the adjacency matrix A.\n   A is an NxN adjacency matrix stored in row-major. A is an undirected graph.\n	 Use HPX to compute in parallel.  Assume HPX has already been initialized.\n   Example:\n\n	 input: [[0, 1, 0, 0], [1, 0, 0, 0], [0, 0, 0, 1], [0, 0, 1, 0]]\n   output: 2\n*/\nint componentCount(std::vector<int> const& A, size_t N) {",18_graph_count_components,graph,cpp,hpx,0.2,0.95,True,2048,False,,False,False,,11,N/A,,,,,17.022625207901,,,,,
"#include <hpx/hpx_main.hpp>\n\n/* Count the number of connected components in the undirected graph defined by the adjacency matrix A.\n   A is an NxN adjacency matrix stored in row-major. A is an undirected graph.\n	 Use HPX to compute in parallel.  Assume HPX has already been initialized.\n   Example:\n\n	 input: [[0, 1, 0, 0], [1, 0, 0, 0], [0, 0, 0, 1], [0, 0, 1, 0]]\n   output: 2\n*/\nint componentCount(std::vector<int> const& A, size_t N) {",18_graph_count_components,graph,cpp,hpx,0.2,0.95,True,2048,False,,False,False,,12,N/A,,,,,16.612524271011353,,,,,
"#include <hpx/hpx_main.hpp>\n\n/* Count the number of connected components in the undirected graph defined by the adjacency matrix A.\n   A is an NxN adjacency matrix stored in row-major. A is an undirected graph.\n	 Use HPX to compute in parallel.  Assume HPX has already been initialized.\n   Example:\n\n	 input: [[0, 1, 0, 0], [1, 0, 0, 0], [0, 0, 0, 1], [0, 0, 1, 0]]\n   output: 2\n*/\nint componentCount(std::vector<int> const& A, size_t N) {",18_graph_count_components,graph,cpp,hpx,0.2,0.95,True,2048,False,,False,False,,13,N/A,,,,,15.32332706451416,,,,,
"#include <hpx/hpx_main.hpp>\n\n/* Count the number of connected components in the undirected graph defined by the adjacency matrix A.\n   A is an NxN adjacency matrix stored in row-major. A is an undirected graph.\n	 Use HPX to compute in parallel.  Assume HPX has already been initialized.\n   Example:\n\n	 input: [[0, 1, 0, 0], [1, 0, 0, 0], [0, 0, 0, 1], [0, 0, 1, 0]]\n   output: 2\n*/\nint componentCount(std::vector<int> const& A, size_t N) {",18_graph_count_components,graph,cpp,hpx,0.2,0.95,True,2048,False,,False,False,,14,N/A,,,,,15.523129224777222,,,,,
"#include <hpx/hpx_main.hpp>\n\n/* Count the number of connected components in the undirected graph defined by the adjacency matrix A.\n   A is an NxN adjacency matrix stored in row-major. A is an undirected graph.\n	 Use HPX to compute in parallel.  Assume HPX has already been initialized.\n   Example:\n\n	 input: [[0, 1, 0, 0], [1, 0, 0, 0], [0, 0, 0, 1], [0, 0, 1, 0]]\n   output: 2\n*/\nint componentCount(std::vector<int> const& A, size_t N) {",18_graph_count_components,graph,cpp,hpx,0.2,0.95,True,2048,False,,False,False,,15,N/A,,,,,19.36693048477173,,,,,
"#include <hpx/hpx_main.hpp>\n\n/* Count the number of connected components in the undirected graph defined by the adjacency matrix A.\n   A is an NxN adjacency matrix stored in row-major. A is an undirected graph.\n	 Use HPX to compute in parallel.  Assume HPX has already been initialized.\n   Example:\n\n	 input: [[0, 1, 0, 0], [1, 0, 0, 0], [0, 0, 0, 1], [0, 0, 1, 0]]\n   output: 2\n*/\nint componentCount(std::vector<int> const& A, size_t N) {",18_graph_count_components,graph,cpp,hpx,0.2,0.95,True,2048,False,,False,False,,16,N/A,,,,,17.981916427612305,,,,,
"#include <hpx/hpx_main.hpp>\n\n/* Count the number of connected components in the undirected graph defined by the adjacency matrix A.\n   A is an NxN adjacency matrix stored in row-major. A is an undirected graph.\n	 Use HPX to compute in parallel.  Assume HPX has already been initialized.\n   Example:\n\n	 input: [[0, 1, 0, 0], [1, 0, 0, 0], [0, 0, 0, 1], [0, 0, 1, 0]]\n   output: 2\n*/\nint componentCount(std::vector<int> const& A, size_t N) {",18_graph_count_components,graph,cpp,hpx,0.2,0.95,True,2048,False,,False,False,,17,N/A,,,,,17.209081649780273,,,,,
"#include <hpx/hpx_main.hpp>\n\n/* Count the number of connected components in the undirected graph defined by the adjacency matrix A.\n   A is an NxN adjacency matrix stored in row-major. A is an undirected graph.\n	 Use HPX to compute in parallel.  Assume HPX has already been initialized.\n   Example:\n\n	 input: [[0, 1, 0, 0], [1, 0, 0, 0], [0, 0, 0, 1], [0, 0, 1, 0]]\n   output: 2\n*/\nint componentCount(std::vector<int> const& A, size_t N) {",18_graph_count_components,graph,cpp,hpx,0.2,0.95,True,2048,False,,False,False,,18,N/A,,,,,19.743366956710815,,,,,
"#include <hpx/hpx_main.hpp>\n\n/* Count the number of connected components in the undirected graph defined by the adjacency matrix A.\n   A is an NxN adjacency matrix stored in row-major. A is an undirected graph.\n	 Use HPX to compute in parallel.  Assume HPX has already been initialized.\n   Example:\n\n	 input: [[0, 1, 0, 0], [1, 0, 0, 0], [0, 0, 0, 1], [0, 0, 1, 0]]\n   output: 2\n*/\nint componentCount(std::vector<int> const& A, size_t N) {",18_graph_count_components,graph,cpp,hpx,0.2,0.95,True,2048,False,,False,False,,19,N/A,,,,,15.845321655273438,,,,,
"#include <hpx/hpx_main.hpp>\n\n/* Count the number of connected components in the undirected graph defined by the adjacency matrix A.\n   A is an NxN adjacency matrix stored in row-major. A is an undirected graph.\n	 Use HPX to compute in parallel.  Assume HPX has already been initialized.\n   Example:\n\n	 input: [[0, 1, 0, 0], [1, 0, 0, 0], [0, 0, 0, 1], [0, 0, 1, 0]]\n   output: 2\n*/\nint componentCount(std::vector<int> const& A, size_t N) {",18_graph_count_components,graph,cpp,hpx,0.2,0.95,True,2048,False,,False,False,,20,N/A,,,,,17.41138744354248,,,,,
"#include <hpx/hpx_main.hpp>\n\n/* Count the number of connected components in the undirected graph defined by the adjacency matrix A.\n   A is an NxN adjacency matrix stored in row-major. A is an undirected graph.\n	 Use HPX to compute in parallel.  Assume HPX has already been initialized.\n   Example:\n\n	 input: [[0, 1, 0, 0], [1, 0, 0, 0], [0, 0, 0, 1], [0, 0, 1, 0]]\n   output: 2\n*/\nint componentCount(std::vector<int> const& A, size_t N) {",18_graph_count_components,graph,cpp,hpx,0.2,0.95,True,2048,False,,False,False,,21,N/A,,,,,17.137847900390625,,,,,
"#include <hpx/hpx_main.hpp>\n\n/* Count the number of connected components in the undirected graph defined by the adjacency matrix A.\n   A is an NxN adjacency matrix stored in row-major. A is an undirected graph.\n	 Use HPX to compute in parallel.  Assume HPX has already been initialized.\n   Example:\n\n	 input: [[0, 1, 0, 0], [1, 0, 0, 0], [0, 0, 0, 1], [0, 0, 1, 0]]\n   output: 2\n*/\nint componentCount(std::vector<int> const& A, size_t N) {",18_graph_count_components,graph,cpp,hpx,0.2,0.95,True,2048,False,,False,False,,22,N/A,,,,,16.850623846054077,,,,,
"#include <hpx/hpx_main.hpp>\n\n/* Count the number of connected components in the undirected graph defined by the adjacency matrix A.\n   A is an NxN adjacency matrix stored in row-major. A is an undirected graph.\n	 Use HPX to compute in parallel.  Assume HPX has already been initialized.\n   Example:\n\n	 input: [[0, 1, 0, 0], [1, 0, 0, 0], [0, 0, 0, 1], [0, 0, 1, 0]]\n   output: 2\n*/\nint componentCount(std::vector<int> const& A, size_t N) {",18_graph_count_components,graph,cpp,hpx,0.2,0.95,True,2048,False,,False,False,,23,N/A,,,,,15.439909219741821,,,,,
"#include <hpx/hpx_main.hpp>\n\n/* Count the number of connected components in the undirected graph defined by the adjacency matrix A.\n   A is an NxN adjacency matrix stored in row-major. A is an undirected graph.\n	 Use HPX to compute in parallel.  Assume HPX has already been initialized.\n   Example:\n\n	 input: [[0, 1, 0, 0], [1, 0, 0, 0], [0, 0, 0, 1], [0, 0, 1, 0]]\n   output: 2\n*/\nint componentCount(std::vector<int> const& A, size_t N) {",18_graph_count_components,graph,cpp,hpx,0.2,0.95,True,2048,False,,False,False,,24,N/A,,,,,17.090527296066284,,,,,
"#include <hpx/hpx_main.hpp>\n\n/* Count the number of connected components in the undirected graph defined by the adjacency matrix A.\n   A is an NxN adjacency matrix stored in row-major. A is an undirected graph.\n	 Use HPX to compute in parallel.  Assume HPX has already been initialized.\n   Example:\n\n	 input: [[0, 1, 0, 0], [1, 0, 0, 0], [0, 0, 0, 1], [0, 0, 1, 0]]\n   output: 2\n*/\nint componentCount(std::vector<int> const& A, size_t N) {",18_graph_count_components,graph,cpp,hpx,0.2,0.95,True,2048,False,,False,False,,25,N/A,,,,,18.18506622314453,,,,,
"#include <hpx/hpx_main.hpp>\n\n/* Count the number of connected components in the undirected graph defined by the adjacency matrix A.\n   A is an NxN adjacency matrix stored in row-major. A is an undirected graph.\n	 Use HPX to compute in parallel.  Assume HPX has already been initialized.\n   Example:\n\n	 input: [[0, 1, 0, 0], [1, 0, 0, 0], [0, 0, 0, 1], [0, 0, 1, 0]]\n   output: 2\n*/\nint componentCount(std::vector<int> const& A, size_t N) {",18_graph_count_components,graph,cpp,hpx,0.2,0.95,True,2048,False,,False,False,,26,N/A,,,,,17.56411075592041,,,,,
"#include <hpx/hpx_main.hpp>\n\n/* Count the number of connected components in the undirected graph defined by the adjacency matrix A.\n   A is an NxN adjacency matrix stored in row-major. A is an undirected graph.\n	 Use HPX to compute in parallel.  Assume HPX has already been initialized.\n   Example:\n\n	 input: [[0, 1, 0, 0], [1, 0, 0, 0], [0, 0, 0, 1], [0, 0, 1, 0]]\n   output: 2\n*/\nint componentCount(std::vector<int> const& A, size_t N) {",18_graph_count_components,graph,cpp,hpx,0.2,0.95,True,2048,False,,False,False,,27,N/A,,,,,18.260485410690308,,,,,
"#include <hpx/hpx_main.hpp>\n\n/* Count the number of connected components in the undirected graph defined by the adjacency matrix A.\n   A is an NxN adjacency matrix stored in row-major. A is an undirected graph.\n	 Use HPX to compute in parallel.  Assume HPX has already been initialized.\n   Example:\n\n	 input: [[0, 1, 0, 0], [1, 0, 0, 0], [0, 0, 0, 1], [0, 0, 1, 0]]\n   output: 2\n*/\nint componentCount(std::vector<int> const& A, size_t N) {",18_graph_count_components,graph,cpp,hpx,0.2,0.95,True,2048,False,,False,False,,28,N/A,,,,,17.430761337280273,,,,,
"#include <hpx/hpx_main.hpp>\n\n/* Count the number of connected components in the undirected graph defined by the adjacency matrix A.\n   A is an NxN adjacency matrix stored in row-major. A is an undirected graph.\n	 Use HPX to compute in parallel.  Assume HPX has already been initialized.\n   Example:\n\n	 input: [[0, 1, 0, 0], [1, 0, 0, 0], [0, 0, 0, 1], [0, 0, 1, 0]]\n   output: 2\n*/\nint componentCount(std::vector<int> const& A, size_t N) {",18_graph_count_components,graph,cpp,hpx,0.2,0.95,True,2048,False,,False,False,,29,N/A,,,,,16.0513117313385,,,,,
"#include <hpx/hpx_main.hpp>\n\n/* Count the number of connected components in the undirected graph defined by the adjacency matrix A.\n   A is an NxN adjacency matrix stored in row-major. A is an undirected graph.\n	 Use HPX to compute in parallel.  Assume HPX has already been initialized.\n   Example:\n\n	 input: [[0, 1, 0, 0], [1, 0, 0, 0], [0, 0, 0, 1], [0, 0, 1, 0]]\n   output: 2\n*/\nint componentCount(std::vector<int> const& A, size_t N) {",18_graph_count_components,graph,cpp,hpx,0.2,0.95,True,2048,False,,False,False,,30,N/A,,,,,16.95000386238098,,,,,
"#include <hpx/hpx_main.hpp>\n\n/* Count the number of connected components in the undirected graph defined by the adjacency matrix A.\n   A is an NxN adjacency matrix stored in row-major. A is an undirected graph.\n	 Use HPX to compute in parallel.  Assume HPX has already been initialized.\n   Example:\n\n	 input: [[0, 1, 0, 0], [1, 0, 0, 0], [0, 0, 0, 1], [0, 0, 1, 0]]\n   output: 2\n*/\nint componentCount(std::vector<int> const& A, size_t N) {",18_graph_count_components,graph,cpp,hpx,0.2,0.95,True,2048,False,,False,False,,31,N/A,,,,,18.354043006896973,,,,,
"#include <hpx/hpx_main.hpp>\n\n/* Count the number of connected components in the undirected graph defined by the adjacency matrix A.\n   A is an NxN adjacency matrix stored in row-major. A is an undirected graph.\n	 Use HPX to compute in parallel.  Assume HPX has already been initialized.\n   Example:\n\n	 input: [[0, 1, 0, 0], [1, 0, 0, 0], [0, 0, 0, 1], [0, 0, 1, 0]]\n   output: 2\n*/\nint componentCount(std::vector<int> const& A, size_t N) {",18_graph_count_components,graph,cpp,hpx,0.2,0.95,True,2048,False,,False,False,,32,N/A,,,,,17.713945150375366,,,,,
"#include <hpx/hpx_main.hpp>\n\n/* Count the number of connected components in the undirected graph defined by the adjacency matrix A.\n   A is an NxN adjacency matrix stored in row-major. A is an undirected graph.\n	 Use HPX to compute in parallel.  Assume HPX has already been initialized.\n   Example:\n\n	 input: [[0, 1, 0, 0], [1, 0, 0, 0], [0, 0, 0, 1], [0, 0, 1, 0]]\n   output: 2\n*/\nint componentCount(std::vector<int> const& A, size_t N) {",18_graph_count_components,graph,cpp,hpx,0.2,0.95,True,2048,False,,False,False,,33,N/A,,,,,17.233402013778687,,,,,
"#include <hpx/hpx_main.hpp>\n\n/* Count the number of connected components in the undirected graph defined by the adjacency matrix A.\n   A is an NxN adjacency matrix stored in row-major. A is an undirected graph.\n	 Use HPX to compute in parallel.  Assume HPX has already been initialized.\n   Example:\n\n	 input: [[0, 1, 0, 0], [1, 0, 0, 0], [0, 0, 0, 1], [0, 0, 1, 0]]\n   output: 2\n*/\nint componentCount(std::vector<int> const& A, size_t N) {",18_graph_count_components,graph,cpp,hpx,0.2,0.95,True,2048,False,,False,False,,34,N/A,,,,,20.00808572769165,,,,,
"#include <hpx/hpx_main.hpp>\n\n/* Count the number of connected components in the undirected graph defined by the adjacency matrix A.\n   A is an NxN adjacency matrix stored in row-major. A is an undirected graph.\n	 Use HPX to compute in parallel.  Assume HPX has already been initialized.\n   Example:\n\n	 input: [[0, 1, 0, 0], [1, 0, 0, 0], [0, 0, 0, 1], [0, 0, 1, 0]]\n   output: 2\n*/\nint componentCount(std::vector<int> const& A, size_t N) {",18_graph_count_components,graph,cpp,hpx,0.2,0.95,True,2048,False,,False,False,,35,N/A,,,,,19.066177368164062,,,,,
"#include <hpx/hpx_main.hpp>\n\n/* Count the number of connected components in the undirected graph defined by the adjacency matrix A.\n   A is an NxN adjacency matrix stored in row-major. A is an undirected graph.\n	 Use HPX to compute in parallel.  Assume HPX has already been initialized.\n   Example:\n\n	 input: [[0, 1, 0, 0], [1, 0, 0, 0], [0, 0, 0, 1], [0, 0, 1, 0]]\n   output: 2\n*/\nint componentCount(std::vector<int> const& A, size_t N) {",18_graph_count_components,graph,cpp,hpx,0.2,0.95,True,2048,False,,False,False,,36,N/A,,,,,17.339654207229614,,,,,
"#include <hpx/hpx_main.hpp>\n\n/* Count the number of connected components in the undirected graph defined by the adjacency matrix A.\n   A is an NxN adjacency matrix stored in row-major. A is an undirected graph.\n	 Use HPX to compute in parallel.  Assume HPX has already been initialized.\n   Example:\n\n	 input: [[0, 1, 0, 0], [1, 0, 0, 0], [0, 0, 0, 1], [0, 0, 1, 0]]\n   output: 2\n*/\nint componentCount(std::vector<int> const& A, size_t N) {",18_graph_count_components,graph,cpp,hpx,0.2,0.95,True,2048,False,,False,False,,37,N/A,,,,,17.117599487304688,,,,,
"#include <hpx/hpx_main.hpp>\n\n/* Count the number of connected components in the undirected graph defined by the adjacency matrix A.\n   A is an NxN adjacency matrix stored in row-major. A is an undirected graph.\n	 Use HPX to compute in parallel.  Assume HPX has already been initialized.\n   Example:\n\n	 input: [[0, 1, 0, 0], [1, 0, 0, 0], [0, 0, 0, 1], [0, 0, 1, 0]]\n   output: 2\n*/\nint componentCount(std::vector<int> const& A, size_t N) {",18_graph_count_components,graph,cpp,hpx,0.2,0.95,True,2048,False,,False,False,,38,N/A,,,,,17.39699411392212,,,,,
"#include <hpx/hpx_main.hpp>\n\n/* Count the number of connected components in the undirected graph defined by the adjacency matrix A.\n   A is an NxN adjacency matrix stored in row-major. A is an undirected graph.\n	 Use HPX to compute in parallel.  Assume HPX has already been initialized.\n   Example:\n\n	 input: [[0, 1, 0, 0], [1, 0, 0, 0], [0, 0, 0, 1], [0, 0, 1, 0]]\n   output: 2\n*/\nint componentCount(std::vector<int> const& A, size_t N) {",18_graph_count_components,graph,cpp,hpx,0.2,0.95,True,2048,False,,False,False,,39,N/A,,,,,17.567748546600342,,,,,
"#include <hpx/hpx_main.hpp>\n\n/* Count the number of connected components in the undirected graph defined by the adjacency matrix A.\n   A is an NxN adjacency matrix stored in row-major. A is an undirected graph.\n	 Use HPX to compute in parallel.  Assume HPX has already been initialized.\n   Example:\n\n	 input: [[0, 1, 0, 0], [1, 0, 0, 0], [0, 0, 0, 1], [0, 0, 1, 0]]\n   output: 2\n*/\nint componentCount(std::vector<int> const& A, size_t N) {",18_graph_count_components,graph,cpp,hpx,0.2,0.95,True,2048,False,,False,False,,40,N/A,,,,,15.81243348121643,,,,,
"#include <hpx/hpx_main.hpp>\n\n/* Count the number of connected components in the undirected graph defined by the adjacency matrix A.\n   A is an NxN adjacency matrix stored in row-major. A is an undirected graph.\n	 Use HPX to compute in parallel.  Assume HPX has already been initialized.\n   Example:\n\n	 input: [[0, 1, 0, 0], [1, 0, 0, 0], [0, 0, 0, 1], [0, 0, 1, 0]]\n   output: 2\n*/\nint componentCount(std::vector<int> const& A, size_t N) {",18_graph_count_components,graph,cpp,hpx,0.2,0.95,True,2048,False,,False,False,,41,N/A,,,,,17.03829526901245,,,,,
"#include <hpx/hpx_main.hpp>\n\n/* Count the number of connected components in the undirected graph defined by the adjacency matrix A.\n   A is an NxN adjacency matrix stored in row-major. A is an undirected graph.\n	 Use HPX to compute in parallel.  Assume HPX has already been initialized.\n   Example:\n\n	 input: [[0, 1, 0, 0], [1, 0, 0, 0], [0, 0, 0, 1], [0, 0, 1, 0]]\n   output: 2\n*/\nint componentCount(std::vector<int> const& A, size_t N) {",18_graph_count_components,graph,cpp,hpx,0.2,0.95,True,2048,False,,False,False,,42,N/A,,,,,17.158986806869507,,,,,
"#include <hpx/hpx_main.hpp>\n\n/* Count the number of connected components in the undirected graph defined by the adjacency matrix A.\n   A is an NxN adjacency matrix stored in row-major. A is an undirected graph.\n	 Use HPX to compute in parallel.  Assume HPX has already been initialized.\n   Example:\n\n	 input: [[0, 1, 0, 0], [1, 0, 0, 0], [0, 0, 0, 1], [0, 0, 1, 0]]\n   output: 2\n*/\nint componentCount(std::vector<int> const& A, size_t N) {",18_graph_count_components,graph,cpp,hpx,0.2,0.95,True,2048,False,,False,False,,43,N/A,,,,,14.42859411239624,,,,,
"#include <hpx/hpx_main.hpp>\n\n/* Count the number of connected components in the undirected graph defined by the adjacency matrix A.\n   A is an NxN adjacency matrix stored in row-major. A is an undirected graph.\n	 Use HPX to compute in parallel.  Assume HPX has already been initialized.\n   Example:\n\n	 input: [[0, 1, 0, 0], [1, 0, 0, 0], [0, 0, 0, 1], [0, 0, 1, 0]]\n   output: 2\n*/\nint componentCount(std::vector<int> const& A, size_t N) {",18_graph_count_components,graph,cpp,hpx,0.2,0.95,True,2048,False,,False,False,,44,N/A,,,,,16.615553855895996,,,,,
"#include <hpx/hpx_main.hpp>\n\n/* Count the number of connected components in the undirected graph defined by the adjacency matrix A.\n   A is an NxN adjacency matrix stored in row-major. A is an undirected graph.\n	 Use HPX to compute in parallel.  Assume HPX has already been initialized.\n   Example:\n\n	 input: [[0, 1, 0, 0], [1, 0, 0, 0], [0, 0, 0, 1], [0, 0, 1, 0]]\n   output: 2\n*/\nint componentCount(std::vector<int> const& A, size_t N) {",18_graph_count_components,graph,cpp,hpx,0.2,0.95,True,2048,False,,False,False,,45,N/A,,,,,16.895846128463745,,,,,
"#include <hpx/hpx_main.hpp>\n\n/* Count the number of connected components in the undirected graph defined by the adjacency matrix A.\n   A is an NxN adjacency matrix stored in row-major. A is an undirected graph.\n	 Use HPX to compute in parallel.  Assume HPX has already been initialized.\n   Example:\n\n	 input: [[0, 1, 0, 0], [1, 0, 0, 0], [0, 0, 0, 1], [0, 0, 1, 0]]\n   output: 2\n*/\nint componentCount(std::vector<int> const& A, size_t N) {",18_graph_count_components,graph,cpp,hpx,0.2,0.95,True,2048,False,,False,False,,46,N/A,,,,,17.09427499771118,,,,,
"#include <hpx/hpx_main.hpp>\n\n/* Count the number of connected components in the undirected graph defined by the adjacency matrix A.\n   A is an NxN adjacency matrix stored in row-major. A is an undirected graph.\n	 Use HPX to compute in parallel.  Assume HPX has already been initialized.\n   Example:\n\n	 input: [[0, 1, 0, 0], [1, 0, 0, 0], [0, 0, 0, 1], [0, 0, 1, 0]]\n   output: 2\n*/\nint componentCount(std::vector<int> const& A, size_t N) {",18_graph_count_components,graph,cpp,hpx,0.2,0.95,True,2048,False,,False,False,,47,N/A,,,,,14.770084619522095,,,,,
"#include <hpx/hpx_main.hpp>\n\n/* Count the number of connected components in the undirected graph defined by the adjacency matrix A.\n   A is an NxN adjacency matrix stored in row-major. A is an undirected graph.\n	 Use HPX to compute in parallel.  Assume HPX has already been initialized.\n   Example:\n\n	 input: [[0, 1, 0, 0], [1, 0, 0, 0], [0, 0, 0, 1], [0, 0, 1, 0]]\n   output: 2\n*/\nint componentCount(std::vector<int> const& A, size_t N) {",18_graph_count_components,graph,cpp,hpx,0.2,0.95,True,2048,False,,False,False,,48,N/A,,,,,14.147470712661743,,,,,
"#include <hpx/hpx_main.hpp>\n\n/* Count the number of connected components in the undirected graph defined by the adjacency matrix A.\n   A is an NxN adjacency matrix stored in row-major. A is an undirected graph.\n	 Use HPX to compute in parallel.  Assume HPX has already been initialized.\n   Example:\n\n	 input: [[0, 1, 0, 0], [1, 0, 0, 0], [0, 0, 0, 1], [0, 0, 1, 0]]\n   output: 2\n*/\nint componentCount(std::vector<int> const& A, size_t N) {",18_graph_count_components,graph,cpp,hpx,0.2,0.95,True,2048,False,,False,False,,49,N/A,,,,,16.010427713394165,,,,,
"#include <hpx/hpx_main.hpp>\n\n/* Count the number of connected components in the undirected graph defined by the adjacency matrix A.\n   A is an NxN adjacency matrix stored in row-major. A is an undirected graph.\n	 Use HPX to compute in parallel.  Assume HPX has already been initialized.\n   Example:\n\n	 input: [[0, 1, 0, 0], [1, 0, 0, 0], [0, 0, 0, 1], [0, 0, 1, 0]]\n   output: 2\n*/\nint componentCount(std::vector<int> const& A, size_t N) {",18_graph_count_components,graph,cpp,hpx,0.2,0.95,True,2048,False,,False,False,,50,N/A,,,,,14.570371627807617,,,,,
"#include <hpx/hpx_main.hpp>\n\n/* Count the number of connected components in the undirected graph defined by the adjacency matrix A.\n   A is an NxN adjacency matrix stored in row-major. A is an undirected graph.\n	 Use HPX to compute in parallel.  Assume HPX has already been initialized.\n   Example:\n\n	 input: [[0, 1, 0, 0], [1, 0, 0, 0], [0, 0, 0, 1], [0, 0, 1, 0]]\n   output: 2\n*/\nint componentCount(std::vector<int> const& A, size_t N) {",18_graph_count_components,graph,cpp,hpx,0.2,0.95,True,2048,False,,False,False,,51,N/A,,,,,15.902909517288208,,,,,
"#include <hpx/hpx_main.hpp>\n\n/* Count the number of connected components in the undirected graph defined by the adjacency matrix A.\n   A is an NxN adjacency matrix stored in row-major. A is an undirected graph.\n	 Use HPX to compute in parallel.  Assume HPX has already been initialized.\n   Example:\n\n	 input: [[0, 1, 0, 0], [1, 0, 0, 0], [0, 0, 0, 1], [0, 0, 1, 0]]\n   output: 2\n*/\nint componentCount(std::vector<int> const& A, size_t N) {",18_graph_count_components,graph,cpp,hpx,0.2,0.95,True,2048,False,,False,False,,52,N/A,,,,,15.082895278930664,,,,,
"#include <hpx/hpx_main.hpp>\n\n/* Count the number of connected components in the undirected graph defined by the adjacency matrix A.\n   A is an NxN adjacency matrix stored in row-major. A is an undirected graph.\n	 Use HPX to compute in parallel.  Assume HPX has already been initialized.\n   Example:\n\n	 input: [[0, 1, 0, 0], [1, 0, 0, 0], [0, 0, 0, 1], [0, 0, 1, 0]]\n   output: 2\n*/\nint componentCount(std::vector<int> const& A, size_t N) {",18_graph_count_components,graph,cpp,hpx,0.2,0.95,True,2048,False,,False,False,,53,N/A,,,,,14.811670064926147,,,,,
"#include <hpx/hpx_main.hpp>\n\n/* Count the number of connected components in the undirected graph defined by the adjacency matrix A.\n   A is an NxN adjacency matrix stored in row-major. A is an undirected graph.\n	 Use HPX to compute in parallel.  Assume HPX has already been initialized.\n   Example:\n\n	 input: [[0, 1, 0, 0], [1, 0, 0, 0], [0, 0, 0, 1], [0, 0, 1, 0]]\n   output: 2\n*/\nint componentCount(std::vector<int> const& A, size_t N) {",18_graph_count_components,graph,cpp,hpx,0.2,0.95,True,2048,False,,False,False,,54,N/A,,,,,14.674761533737183,,,,,
"#include <hpx/hpx_main.hpp>\n\n/* Count the number of connected components in the undirected graph defined by the adjacency matrix A.\n   A is an NxN adjacency matrix stored in row-major. A is an undirected graph.\n	 Use HPX to compute in parallel.  Assume HPX has already been initialized.\n   Example:\n\n	 input: [[0, 1, 0, 0], [1, 0, 0, 0], [0, 0, 0, 1], [0, 0, 1, 0]]\n   output: 2\n*/\nint componentCount(std::vector<int> const& A, size_t N) {",18_graph_count_components,graph,cpp,hpx,0.2,0.95,True,2048,False,,False,False,,55,N/A,,,,,15.06645154953003,,,,,
"#include <hpx/hpx_main.hpp>\n\n/* Count the number of connected components in the undirected graph defined by the adjacency matrix A.\n   A is an NxN adjacency matrix stored in row-major. A is an undirected graph.\n	 Use HPX to compute in parallel.  Assume HPX has already been initialized.\n   Example:\n\n	 input: [[0, 1, 0, 0], [1, 0, 0, 0], [0, 0, 0, 1], [0, 0, 1, 0]]\n   output: 2\n*/\nint componentCount(std::vector<int> const& A, size_t N) {",18_graph_count_components,graph,cpp,hpx,0.2,0.95,True,2048,False,,False,False,,56,N/A,,,,,14.883158445358276,,,,,
"#include <hpx/hpx_main.hpp>\n\n/* Count the number of connected components in the undirected graph defined by the adjacency matrix A.\n   A is an NxN adjacency matrix stored in row-major. A is an undirected graph.\n	 Use HPX to compute in parallel.  Assume HPX has already been initialized.\n   Example:\n\n	 input: [[0, 1, 0, 0], [1, 0, 0, 0], [0, 0, 0, 1], [0, 0, 1, 0]]\n   output: 2\n*/\nint componentCount(std::vector<int> const& A, size_t N) {",18_graph_count_components,graph,cpp,hpx,0.2,0.95,True,2048,False,,False,False,,57,N/A,,,,,16.747628927230835,,,,,
"#include <hpx/hpx_main.hpp>\n\n/* Count the number of connected components in the undirected graph defined by the adjacency matrix A.\n   A is an NxN adjacency matrix stored in row-major. A is an undirected graph.\n	 Use HPX to compute in parallel.  Assume HPX has already been initialized.\n   Example:\n\n	 input: [[0, 1, 0, 0], [1, 0, 0, 0], [0, 0, 0, 1], [0, 0, 1, 0]]\n   output: 2\n*/\nint componentCount(std::vector<int> const& A, size_t N) {",18_graph_count_components,graph,cpp,hpx,0.2,0.95,True,2048,False,,False,False,,58,N/A,,,,,14.38201904296875,,,,,
"#include <hpx/hpx_main.hpp>\n\n/* Count the number of connected components in the undirected graph defined by the adjacency matrix A.\n   A is an NxN adjacency matrix stored in row-major. A is an undirected graph.\n	 Use HPX to compute in parallel.  Assume HPX has already been initialized.\n   Example:\n\n	 input: [[0, 1, 0, 0], [1, 0, 0, 0], [0, 0, 0, 1], [0, 0, 1, 0]]\n   output: 2\n*/\nint componentCount(std::vector<int> const& A, size_t N) {",18_graph_count_components,graph,cpp,hpx,0.2,0.95,True,2048,False,,False,False,,59,N/A,,,,,16.430128574371338,,,,,
"#include <hpx/hpx_main.hpp>\n\n/* Count the number of connected components in the undirected graph defined by the adjacency matrix A.\n   A is an NxN adjacency matrix stored in row-major. A is an undirected graph.\n	 Use HPX to compute in parallel.  Assume HPX has already been initialized.\n   Example:\n\n	 input: [[0, 1, 0, 0], [1, 0, 0, 0], [0, 0, 0, 1], [0, 0, 1, 0]]\n   output: 2\n*/\nint componentCount(std::vector<int> const& A, size_t N) {",18_graph_count_components,graph,cpp,hpx,0.2,0.95,True,2048,False,,False,False,,60,N/A,,,,,14.913993835449219,,,,,
"#include <hpx/hpx_main.hpp>\n\n/* Count the number of connected components in the undirected graph defined by the adjacency matrix A.\n   A is an NxN adjacency matrix stored in row-major. A is an undirected graph.\n	 Use HPX to compute in parallel.  Assume HPX has already been initialized.\n   Example:\n\n	 input: [[0, 1, 0, 0], [1, 0, 0, 0], [0, 0, 0, 1], [0, 0, 1, 0]]\n   output: 2\n*/\nint componentCount(std::vector<int> const& A, size_t N) {",18_graph_count_components,graph,cpp,hpx,0.2,0.95,True,2048,False,,False,False,,61,N/A,,,,,16.449784994125366,,,,,
"#include <hpx/hpx_main.hpp>\n\n/* Count the number of connected components in the undirected graph defined by the adjacency matrix A.\n   A is an NxN adjacency matrix stored in row-major. A is an undirected graph.\n	 Use HPX to compute in parallel.  Assume HPX has already been initialized.\n   Example:\n\n	 input: [[0, 1, 0, 0], [1, 0, 0, 0], [0, 0, 0, 1], [0, 0, 1, 0]]\n   output: 2\n*/\nint componentCount(std::vector<int> const& A, size_t N) {",18_graph_count_components,graph,cpp,hpx,0.2,0.95,True,2048,False,"int componentCount(std::vector<int> const& A, size_t N) {\n    if (N == 0) return 0;\n\n    std::vector<std::atomic<char>> visited(N",False,False,,62,N/A,,,,,16.182276725769043,,,,,
"#include <hpx/hpx_main.hpp>\n\n/* Count the number of connected components in the undirected graph defined by the adjacency matrix A.\n   A is an NxN adjacency matrix stored in row-major. A is an undirected graph.\n	 Use HPX to compute in parallel.  Assume HPX has already been initialized.\n   Example:\n\n	 input: [[0, 1, 0, 0], [1, 0, 0, 0], [0, 0, 0, 1], [0, 0, 1, 0]]\n   output: 2\n*/\nint componentCount(std::vector<int> const& A, size_t N) {",18_graph_count_components,graph,cpp,hpx,0.2,0.95,True,2048,False,,False,False,,63,N/A,,,,,15.396548986434937,,,,,
"#include <hpx/hpx_main.hpp>\n\n/* Count the number of connected components in the undirected graph defined by the adjacency matrix A.\n   A is an NxN adjacency matrix stored in row-major. A is an undirected graph.\n	 Use HPX to compute in parallel.  Assume HPX has already been initialized.\n   Example:\n\n	 input: [[0, 1, 0, 0], [1, 0, 0, 0], [0, 0, 0, 1], [0, 0, 1, 0]]\n   output: 2\n*/\nint componentCount(std::vector<int> const& A, size_t N) {",18_graph_count_components,graph,cpp,hpx,0.2,0.95,True,2048,False,,False,False,,64,N/A,,,,,15.955534934997559,,,,,
"#include <hpx/hpx_main.hpp>\n\n/* Count the number of connected components in the undirected graph defined by the adjacency matrix A.\n   A is an NxN adjacency matrix stored in row-major. A is an undirected graph.\n	 Use HPX to compute in parallel.  Assume HPX has already been initialized.\n   Example:\n\n	 input: [[0, 1, 0, 0], [1, 0, 0, 0], [0, 0, 0, 1], [0, 0, 1, 0]]\n   output: 2\n*/\nint componentCount(std::vector<int> const& A, size_t N) {",18_graph_count_components,graph,cpp,hpx,0.2,0.95,True,2048,False,,False,False,,65,N/A,,,,,16.198214769363403,,,,,
"#include <hpx/hpx_main.hpp>\n\n/* Count the number of connected components in the undirected graph defined by the adjacency matrix A.\n   A is an NxN adjacency matrix stored in row-major. A is an undirected graph.\n	 Use HPX to compute in parallel.  Assume HPX has already been initialized.\n   Example:\n\n	 input: [[0, 1, 0, 0], [1, 0, 0, 0], [0, 0, 0, 1], [0, 0, 1, 0]]\n   output: 2\n*/\nint componentCount(std::vector<int> const& A, size_t N) {",18_graph_count_components,graph,cpp,hpx,0.2,0.95,True,2048,False,,False,False,,66,N/A,,,,,15.356679916381836,,,,,
"#include <hpx/hpx_main.hpp>\n\n/* Count the number of connected components in the undirected graph defined by the adjacency matrix A.\n   A is an NxN adjacency matrix stored in row-major. A is an undirected graph.\n	 Use HPX to compute in parallel.  Assume HPX has already been initialized.\n   Example:\n\n	 input: [[0, 1, 0, 0], [1, 0, 0, 0], [0, 0, 0, 1], [0, 0, 1, 0]]\n   output: 2\n*/\nint componentCount(std::vector<int> const& A, size_t N) {",18_graph_count_components,graph,cpp,hpx,0.2,0.95,True,2048,False,,False,False,,67,N/A,,,,,14.716738224029541,,,,,
"#include <hpx/hpx_main.hpp>\n\n/* Count the number of connected components in the undirected graph defined by the adjacency matrix A.\n   A is an NxN adjacency matrix stored in row-major. A is an undirected graph.\n	 Use HPX to compute in parallel.  Assume HPX has already been initialized.\n   Example:\n\n	 input: [[0, 1, 0, 0], [1, 0, 0, 0], [0, 0, 0, 1], [0, 0, 1, 0]]\n   output: 2\n*/\nint componentCount(std::vector<int> const& A, size_t N) {",18_graph_count_components,graph,cpp,hpx,0.2,0.95,True,2048,False,,False,False,,68,N/A,,,,,15.795948028564453,,,,,
"#include <hpx/hpx_main.hpp>\n\n/* Count the number of connected components in the undirected graph defined by the adjacency matrix A.\n   A is an NxN adjacency matrix stored in row-major. A is an undirected graph.\n	 Use HPX to compute in parallel.  Assume HPX has already been initialized.\n   Example:\n\n	 input: [[0, 1, 0, 0], [1, 0, 0, 0], [0, 0, 0, 1], [0, 0, 1, 0]]\n   output: 2\n*/\nint componentCount(std::vector<int> const& A, size_t N) {",18_graph_count_components,graph,cpp,hpx,0.2,0.95,True,2048,False,,False,False,,69,N/A,,,,,14.799196004867554,,,,,
"#include <hpx/hpx_main.hpp>\n\n/* Count the number of connected components in the undirected graph defined by the adjacency matrix A.\n   A is an NxN adjacency matrix stored in row-major. A is an undirected graph.\n	 Use HPX to compute in parallel.  Assume HPX has already been initialized.\n   Example:\n\n	 input: [[0, 1, 0, 0], [1, 0, 0, 0], [0, 0, 0, 1], [0, 0, 1, 0]]\n   output: 2\n*/\nint componentCount(std::vector<int> const& A, size_t N) {",18_graph_count_components,graph,cpp,hpx,0.2,0.95,True,2048,False,,False,False,,70,N/A,,,,,14.497256755828857,,,,,
"#include <hpx/hpx_main.hpp>\n\n/* Count the number of connected components in the undirected graph defined by the adjacency matrix A.\n   A is an NxN adjacency matrix stored in row-major. A is an undirected graph.\n	 Use HPX to compute in parallel.  Assume HPX has already been initialized.\n   Example:\n\n	 input: [[0, 1, 0, 0], [1, 0, 0, 0], [0, 0, 0, 1], [0, 0, 1, 0]]\n   output: 2\n*/\nint componentCount(std::vector<int> const& A, size_t N) {",18_graph_count_components,graph,cpp,hpx,0.2,0.95,True,2048,False,,False,False,,71,N/A,,,,,15.632272958755493,,,,,
"#include <hpx/hpx_main.hpp>\n\n/* Count the number of connected components in the undirected graph defined by the adjacency matrix A.\n   A is an NxN adjacency matrix stored in row-major. A is an undirected graph.\n	 Use HPX to compute in parallel.  Assume HPX has already been initialized.\n   Example:\n\n	 input: [[0, 1, 0, 0], [1, 0, 0, 0], [0, 0, 0, 1], [0, 0, 1, 0]]\n   output: 2\n*/\nint componentCount(std::vector<int> const& A, size_t N) {",18_graph_count_components,graph,cpp,hpx,0.2,0.95,True,2048,False,,False,False,,72,N/A,,,,,17.526318788528442,,,,,
"#include <hpx/hpx_main.hpp>\n\n/* Count the number of connected components in the undirected graph defined by the adjacency matrix A.\n   A is an NxN adjacency matrix stored in row-major. A is an undirected graph.\n	 Use HPX to compute in parallel.  Assume HPX has already been initialized.\n   Example:\n\n	 input: [[0, 1, 0, 0], [1, 0, 0, 0], [0, 0, 0, 1], [0, 0, 1, 0]]\n   output: 2\n*/\nint componentCount(std::vector<int> const& A, size_t N) {",18_graph_count_components,graph,cpp,hpx,0.2,0.95,True,2048,False,,False,False,,73,N/A,,,,,15.420669078826904,,,,,
"#include <hpx/hpx_main.hpp>\n\n/* Count the number of connected components in the undirected graph defined by the adjacency matrix A.\n   A is an NxN adjacency matrix stored in row-major. A is an undirected graph.\n	 Use HPX to compute in parallel.  Assume HPX has already been initialized.\n   Example:\n\n	 input: [[0, 1, 0, 0], [1, 0, 0, 0], [0, 0, 0, 1], [0, 0, 1, 0]]\n   output: 2\n*/\nint componentCount(std::vector<int> const& A, size_t N) {",18_graph_count_components,graph,cpp,hpx,0.2,0.95,True,2048,False,"int componentCount(std::vector<int> const& A, size_t N) {\n    if (N == 0) return 0;\n\n    std::vector<std::atomic<uint8_t>> visited(N);\n    for (auto& v : visited) v.store(0, std::memory_order_relaxed);\n\n    std::atomic<int> components{0};\n\n    hpx::for_loop(hpx::execution::par, size_t(0), N, [&](size_t i) {\n        uint8_t expected = 0;\n        if (!visited[i].compare_exchange_strong(expected, 1, std::memory_order_acq_rel))\n            return;\n\n        components.fetch_add(1, std::memory_order_relaxed);\n\n        std::vector<size_t> stack;\n        stack.push_back(i);\n\n        while (!stack.empty()) {\n            size_t u = stack.back();\n            stack.pop_back();\n\n            size_t row = u * N;\n            for (size_t v = 0; v < N; ++v) {\n                if (A[row + v]) {\n                    uint8_t exp = 0;\n                    if (visited[v].compare_exchange_strong(exp, 1, std::memory_order_acq_rel)) {\n                        stack.push_back(v);\n                    }\n                }\n            }\n        }\n    });\n\n    return components.load(std::memory_order_relaxed);\n}",True,True,0.0725547404,74,N/A,,,,,12.16427493095398,0.0,True,True,0.1054016414,1.0
"#include <hpx/hpx_main.hpp>\n\n/* Count the number of connected components in the undirected graph defined by the adjacency matrix A.\n   A is an NxN adjacency matrix stored in row-major. A is an undirected graph.\n	 Use HPX to compute in parallel.  Assume HPX has already been initialized.\n   Example:\n\n	 input: [[0, 1, 0, 0], [1, 0, 0, 0], [0, 0, 0, 1], [0, 0, 1, 0]]\n   output: 2\n*/\nint componentCount(std::vector<int> const& A, size_t N) {",18_graph_count_components,graph,cpp,hpx,0.2,0.95,True,2048,False,"int componentCount(std::vector<int> const& A, size_t N) {\n    if (N == 0) return 0;\n\n    std::vector<std::atomic<uint8_t>> visited(N);\n    for (auto& v : visited) v.store(0, std::memory_order_relaxed);\n\n    std::atomic<int> components{0};\n\n    hpx::for_loop(hpx::execution::par, size_t(0), N, [&](size_t i) {\n        uint8_t expected = 0;\n        if (!visited[i].compare_exchange_strong(expected, 1, std::memory_order_acq_rel))\n            return;\n\n        components.fetch_add(1, std::memory_order_relaxed);\n\n        std::vector<size_t> stack;\n        stack.push_back(i);\n\n        while (!stack.empty()) {\n            size_t u = stack.back();\n            stack.pop_back();\n\n            size_t row = u * N;\n            for (size_t v = 0; v < N; ++v) {\n                if (A[row + v]) {\n                    uint8_t exp = 0;\n                    if (visited[v].compare_exchange_strong(exp, 1, std::memory_order_acq_rel)) {\n                        stack.push_back(v);\n                    }\n                }\n            }\n        }\n    });\n\n    return components.load(std::memory_order_relaxed);\n}",True,True,0.0725547404,74,N/A,,,,,12.16427493095398,1.0,True,False,,2.0
"#include <hpx/hpx_main.hpp>\n\n/* Count the number of connected components in the undirected graph defined by the adjacency matrix A.\n   A is an NxN adjacency matrix stored in row-major. A is an undirected graph.\n	 Use HPX to compute in parallel.  Assume HPX has already been initialized.\n   Example:\n\n	 input: [[0, 1, 0, 0], [1, 0, 0, 0], [0, 0, 0, 1], [0, 0, 1, 0]]\n   output: 2\n*/\nint componentCount(std::vector<int> const& A, size_t N) {",18_graph_count_components,graph,cpp,hpx,0.2,0.95,True,2048,False,"int componentCount(std::vector<int> const& A, size_t N) {\n    if (N == 0) return 0;\n\n    std::vector<std::atomic<uint8_t>> visited(N);\n    for (auto& v : visited) v.store(0, std::memory_order_relaxed);\n\n    std::atomic<int> components{0};\n\n    hpx::for_loop(hpx::execution::par, size_t(0), N, [&](size_t i) {\n        uint8_t expected = 0;\n        if (!visited[i].compare_exchange_strong(expected, 1, std::memory_order_acq_rel))\n            return;\n\n        components.fetch_add(1, std::memory_order_relaxed);\n\n        std::vector<size_t> stack;\n        stack.push_back(i);\n\n        while (!stack.empty()) {\n            size_t u = stack.back();\n            stack.pop_back();\n\n            size_t row = u * N;\n            for (size_t v = 0; v < N; ++v) {\n                if (A[row + v]) {\n                    uint8_t exp = 0;\n                    if (visited[v].compare_exchange_strong(exp, 1, std::memory_order_acq_rel)) {\n                        stack.push_back(v);\n                    }\n                }\n            }\n        }\n    });\n\n    return components.load(std::memory_order_relaxed);\n}",True,True,0.0725547404,74,N/A,,,,,12.16427493095398,2.0,True,False,,4.0
"#include <hpx/hpx_main.hpp>\n\n/* Count the number of connected components in the undirected graph defined by the adjacency matrix A.\n   A is an NxN adjacency matrix stored in row-major. A is an undirected graph.\n	 Use HPX to compute in parallel.  Assume HPX has already been initialized.\n   Example:\n\n	 input: [[0, 1, 0, 0], [1, 0, 0, 0], [0, 0, 0, 1], [0, 0, 1, 0]]\n   output: 2\n*/\nint componentCount(std::vector<int> const& A, size_t N) {",18_graph_count_components,graph,cpp,hpx,0.2,0.95,True,2048,False,"int componentCount(std::vector<int> const& A, size_t N) {\n    if (N == 0) return 0;\n\n    std::vector<std::atomic<uint8_t>> visited(N);\n    for (auto& v : visited) v.store(0, std::memory_order_relaxed);\n\n    std::atomic<int> components{0};\n\n    hpx::for_loop(hpx::execution::par, size_t(0), N, [&](size_t i) {\n        uint8_t expected = 0;\n        if (!visited[i].compare_exchange_strong(expected, 1, std::memory_order_acq_rel))\n            return;\n\n        components.fetch_add(1, std::memory_order_relaxed);\n\n        std::vector<size_t> stack;\n        stack.push_back(i);\n\n        while (!stack.empty()) {\n            size_t u = stack.back();\n            stack.pop_back();\n\n            size_t row = u * N;\n            for (size_t v = 0; v < N; ++v) {\n                if (A[row + v]) {\n                    uint8_t exp = 0;\n                    if (visited[v].compare_exchange_strong(exp, 1, std::memory_order_acq_rel)) {\n                        stack.push_back(v);\n                    }\n                }\n            }\n        }\n    });\n\n    return components.load(std::memory_order_relaxed);\n}",True,True,0.0725547404,74,N/A,,,,,12.16427493095398,3.0,True,False,,8.0
"#include <hpx/hpx_main.hpp>\n\n/* Count the number of connected components in the undirected graph defined by the adjacency matrix A.\n   A is an NxN adjacency matrix stored in row-major. A is an undirected graph.\n	 Use HPX to compute in parallel.  Assume HPX has already been initialized.\n   Example:\n\n	 input: [[0, 1, 0, 0], [1, 0, 0, 0], [0, 0, 0, 1], [0, 0, 1, 0]]\n   output: 2\n*/\nint componentCount(std::vector<int> const& A, size_t N) {",18_graph_count_components,graph,cpp,hpx,0.2,0.95,True,2048,False,"int componentCount(std::vector<int> const& A, size_t N) {\n    if (N == 0) return 0;\n\n    std::vector<std::atomic<uint8_t>> visited(N);\n    for (auto& v : visited) v.store(0, std::memory_order_relaxed);\n\n    std::atomic<int> components{0};\n\n    hpx::for_loop(hpx::execution::par, size_t(0), N, [&](size_t i) {\n        uint8_t expected = 0;\n        if (!visited[i].compare_exchange_strong(expected, 1, std::memory_order_acq_rel))\n            return;\n\n        components.fetch_add(1, std::memory_order_relaxed);\n\n        std::vector<size_t> stack;\n        stack.push_back(i);\n\n        while (!stack.empty()) {\n            size_t u = stack.back();\n            stack.pop_back();\n\n            size_t row = u * N;\n            for (size_t v = 0; v < N; ++v) {\n                if (A[row + v]) {\n                    uint8_t exp = 0;\n                    if (visited[v].compare_exchange_strong(exp, 1, std::memory_order_acq_rel)) {\n                        stack.push_back(v);\n                    }\n                }\n            }\n        }\n    });\n\n    return components.load(std::memory_order_relaxed);\n}",True,True,0.0725547404,74,N/A,,,,,12.16427493095398,4.0,True,False,,16.0
"#include <hpx/hpx_main.hpp>\n\n/* Count the number of connected components in the undirected graph defined by the adjacency matrix A.\n   A is an NxN adjacency matrix stored in row-major. A is an undirected graph.\n	 Use HPX to compute in parallel.  Assume HPX has already been initialized.\n   Example:\n\n	 input: [[0, 1, 0, 0], [1, 0, 0, 0], [0, 0, 0, 1], [0, 0, 1, 0]]\n   output: 2\n*/\nint componentCount(std::vector<int> const& A, size_t N) {",18_graph_count_components,graph,cpp,hpx,0.2,0.95,True,2048,False,,False,False,,75,N/A,,,,,14.743827104568481,,,,,
"#include <hpx/hpx_main.hpp>\n\n/* Count the number of connected components in the undirected graph defined by the adjacency matrix A.\n   A is an NxN adjacency matrix stored in row-major. A is an undirected graph.\n	 Use HPX to compute in parallel.  Assume HPX has already been initialized.\n   Example:\n\n	 input: [[0, 1, 0, 0], [1, 0, 0, 0], [0, 0, 0, 1], [0, 0, 1, 0]]\n   output: 2\n*/\nint componentCount(std::vector<int> const& A, size_t N) {",18_graph_count_components,graph,cpp,hpx,0.2,0.95,True,2048,False,,False,False,,76,N/A,,,,,15.328895330429077,,,,,
"#include <hpx/hpx_main.hpp>\n\n/* Count the number of connected components in the undirected graph defined by the adjacency matrix A.\n   A is an NxN adjacency matrix stored in row-major. A is an undirected graph.\n	 Use HPX to compute in parallel.  Assume HPX has already been initialized.\n   Example:\n\n	 input: [[0, 1, 0, 0], [1, 0, 0, 0], [0, 0, 0, 1], [0, 0, 1, 0]]\n   output: 2\n*/\nint componentCount(std::vector<int> const& A, size_t N) {",18_graph_count_components,graph,cpp,hpx,0.2,0.95,True,2048,False,,False,False,,77,N/A,,,,,14.723129510879517,,,,,
"#include <hpx/hpx_main.hpp>\n\n/* Count the number of connected components in the undirected graph defined by the adjacency matrix A.\n   A is an NxN adjacency matrix stored in row-major. A is an undirected graph.\n	 Use HPX to compute in parallel.  Assume HPX has already been initialized.\n   Example:\n\n	 input: [[0, 1, 0, 0], [1, 0, 0, 0], [0, 0, 0, 1], [0, 0, 1, 0]]\n   output: 2\n*/\nint componentCount(std::vector<int> const& A, size_t N) {",18_graph_count_components,graph,cpp,hpx,0.2,0.95,True,2048,False,,False,False,,78,N/A,,,,,13.390014886856079,,,,,
"#include <hpx/hpx_main.hpp>\n\n/* Count the number of connected components in the undirected graph defined by the adjacency matrix A.\n   A is an NxN adjacency matrix stored in row-major. A is an undirected graph.\n	 Use HPX to compute in parallel.  Assume HPX has already been initialized.\n   Example:\n\n	 input: [[0, 1, 0, 0], [1, 0, 0, 0], [0, 0, 0, 1], [0, 0, 1, 0]]\n   output: 2\n*/\nint componentCount(std::vector<int> const& A, size_t N) {",18_graph_count_components,graph,cpp,hpx,0.2,0.95,True,2048,False,,False,False,,79,N/A,,,,,14.237512826919556,,,,,
"#include <hpx/hpx_main.hpp>\n\n/* Count the number of connected components in the undirected graph defined by the adjacency matrix A.\n   A is an NxN adjacency matrix stored in row-major. A is an undirected graph.\n	 Use HPX to compute in parallel.  Assume HPX has already been initialized.\n   Example:\n\n	 input: [[0, 1, 0, 0], [1, 0, 0, 0], [0, 0, 0, 1], [0, 0, 1, 0]]\n   output: 2\n*/\nint componentCount(std::vector<int> const& A, size_t N) {",18_graph_count_components,graph,cpp,hpx,0.2,0.95,True,2048,False,,False,False,,80,N/A,,,,,14.476552724838257,,,,,
"#include <hpx/hpx_main.hpp>\n\n/* Count the number of connected components in the undirected graph defined by the adjacency matrix A.\n   A is an NxN adjacency matrix stored in row-major. A is an undirected graph.\n	 Use HPX to compute in parallel.  Assume HPX has already been initialized.\n   Example:\n\n	 input: [[0, 1, 0, 0], [1, 0, 0, 0], [0, 0, 0, 1], [0, 0, 1, 0]]\n   output: 2\n*/\nint componentCount(std::vector<int> const& A, size_t N) {",18_graph_count_components,graph,cpp,hpx,0.2,0.95,True,2048,False,,False,False,,81,N/A,,,,,14.174900770187378,,,,,
"#include <hpx/hpx_main.hpp>\n\n/* Count the number of connected components in the undirected graph defined by the adjacency matrix A.\n   A is an NxN adjacency matrix stored in row-major. A is an undirected graph.\n	 Use HPX to compute in parallel.  Assume HPX has already been initialized.\n   Example:\n\n	 input: [[0, 1, 0, 0], [1, 0, 0, 0], [0, 0, 0, 1], [0, 0, 1, 0]]\n   output: 2\n*/\nint componentCount(std::vector<int> const& A, size_t N) {",18_graph_count_components,graph,cpp,hpx,0.2,0.95,True,2048,False,,False,False,,82,N/A,,,,,15.076318264007568,,,,,
"#include <hpx/hpx_main.hpp>\n\n/* Count the number of connected components in the undirected graph defined by the adjacency matrix A.\n   A is an NxN adjacency matrix stored in row-major. A is an undirected graph.\n	 Use HPX to compute in parallel.  Assume HPX has already been initialized.\n   Example:\n\n	 input: [[0, 1, 0, 0], [1, 0, 0, 0], [0, 0, 0, 1], [0, 0, 1, 0]]\n   output: 2\n*/\nint componentCount(std::vector<int> const& A, size_t N) {",18_graph_count_components,graph,cpp,hpx,0.2,0.95,True,2048,False,,False,False,,83,N/A,,,,,16.142024755477905,,,,,
"#include <hpx/hpx_main.hpp>\n\n/* Count the number of connected components in the undirected graph defined by the adjacency matrix A.\n   A is an NxN adjacency matrix stored in row-major. A is an undirected graph.\n	 Use HPX to compute in parallel.  Assume HPX has already been initialized.\n   Example:\n\n	 input: [[0, 1, 0, 0], [1, 0, 0, 0], [0, 0, 0, 1], [0, 0, 1, 0]]\n   output: 2\n*/\nint componentCount(std::vector<int> const& A, size_t N) {",18_graph_count_components,graph,cpp,hpx,0.2,0.95,True,2048,False,,False,False,,84,N/A,,,,,15.948094844818115,,,,,
"#include <hpx/hpx_main.hpp>\n\n/* Count the number of connected components in the undirected graph defined by the adjacency matrix A.\n   A is an NxN adjacency matrix stored in row-major. A is an undirected graph.\n	 Use HPX to compute in parallel.  Assume HPX has already been initialized.\n   Example:\n\n	 input: [[0, 1, 0, 0], [1, 0, 0, 0], [0, 0, 0, 1], [0, 0, 1, 0]]\n   output: 2\n*/\nint componentCount(std::vector<int> const& A, size_t N) {",18_graph_count_components,graph,cpp,hpx,0.2,0.95,True,2048,False,"int componentCount(std::vector<int> const& A, size_t N) {\n    if (N == 0) return 0;\n\n    std::vector<std::atomic<uint8_t>> visited(N);\n    for (auto& v : visited) v.store(0, std::memory_order_relaxed);\n\n    std::atomic<int> components{0};\n\n    hpx::for_loop(hpx::execution::par, size_t{0}, N, [&](size_t i) {\n        uint8_t expected = 0;\n        if (!visited[i].compare_exchange_strong(expected,",False,True,,85,N/A,,,,,14.953212022781372,,,,,
"#include <hpx/hpx_main.hpp>\n\n/* Count the number of connected components in the undirected graph defined by the adjacency matrix A.\n   A is an NxN adjacency matrix stored in row-major. A is an undirected graph.\n	 Use HPX to compute in parallel.  Assume HPX has already been initialized.\n   Example:\n\n	 input: [[0, 1, 0, 0], [1, 0, 0, 0], [0, 0, 0, 1], [0, 0, 1, 0]]\n   output: 2\n*/\nint componentCount(std::vector<int> const& A, size_t N) {",18_graph_count_components,graph,cpp,hpx,0.2,0.95,True,2048,False,,False,False,,86,N/A,,,,,14.369435787200928,,,,,
"#include <hpx/hpx_main.hpp>\n\n/* Count the number of connected components in the undirected graph defined by the adjacency matrix A.\n   A is an NxN adjacency matrix stored in row-major. A is an undirected graph.\n	 Use HPX to compute in parallel.  Assume HPX has already been initialized.\n   Example:\n\n	 input: [[0, 1, 0, 0], [1, 0, 0, 0], [0, 0, 0, 1], [0, 0, 1, 0]]\n   output: 2\n*/\nint componentCount(std::vector<int> const& A, size_t N) {",18_graph_count_components,graph,cpp,hpx,0.2,0.95,True,2048,False,,False,False,,87,N/A,,,,,13.661566019058228,,,,,
"#include <hpx/hpx_main.hpp>\n\n/* Count the number of connected components in the undirected graph defined by the adjacency matrix A.\n   A is an NxN adjacency matrix stored in row-major. A is an undirected graph.\n	 Use HPX to compute in parallel.  Assume HPX has already been initialized.\n   Example:\n\n	 input: [[0, 1, 0, 0], [1, 0, 0, 0], [0, 0, 0, 1], [0, 0, 1, 0]]\n   output: 2\n*/\nint componentCount(std::vector<int> const& A, size_t N) {",18_graph_count_components,graph,cpp,hpx,0.2,0.95,True,2048,False,,False,False,,88,N/A,,,,,14.840729713439941,,,,,
"#include <hpx/hpx_main.hpp>\n\n/* Count the number of connected components in the undirected graph defined by the adjacency matrix A.\n   A is an NxN adjacency matrix stored in row-major. A is an undirected graph.\n	 Use HPX to compute in parallel.  Assume HPX has already been initialized.\n   Example:\n\n	 input: [[0, 1, 0, 0], [1, 0, 0, 0], [0, 0, 0, 1], [0, 0, 1, 0]]\n   output: 2\n*/\nint componentCount(std::vector<int> const& A, size_t N) {",18_graph_count_components,graph,cpp,hpx,0.2,0.95,True,2048,False,,False,False,,89,N/A,,,,,16.136252880096436,,,,,
"#include <hpx/hpx_main.hpp>\n\n/* Count the number of connected components in the undirected graph defined by the adjacency matrix A.\n   A is an NxN adjacency matrix stored in row-major. A is an undirected graph.\n	 Use HPX to compute in parallel.  Assume HPX has already been initialized.\n   Example:\n\n	 input: [[0, 1, 0, 0], [1, 0, 0, 0], [0, 0, 0, 1], [0, 0, 1, 0]]\n   output: 2\n*/\nint componentCount(std::vector<int> const& A, size_t N) {",18_graph_count_components,graph,cpp,hpx,0.2,0.95,True,2048,False,,False,False,,90,N/A,,,,,14.190707445144653,,,,,
"#include <hpx/hpx_main.hpp>\n\n/* Count the number of connected components in the undirected graph defined by the adjacency matrix A.\n   A is an NxN adjacency matrix stored in row-major. A is an undirected graph.\n	 Use HPX to compute in parallel.  Assume HPX has already been initialized.\n   Example:\n\n	 input: [[0, 1, 0, 0], [1, 0, 0, 0], [0, 0, 0, 1], [0, 0, 1, 0]]\n   output: 2\n*/\nint componentCount(std::vector<int> const& A, size_t N) {",18_graph_count_components,graph,cpp,hpx,0.2,0.95,True,2048,False,,False,False,,91,N/A,,,,,15.316396236419678,,,,,
"#include <hpx/hpx_main.hpp>\n\n/* Count the number of connected components in the undirected graph defined by the adjacency matrix A.\n   A is an NxN adjacency matrix stored in row-major. A is an undirected graph.\n	 Use HPX to compute in parallel.  Assume HPX has already been initialized.\n   Example:\n\n	 input: [[0, 1, 0, 0], [1, 0, 0, 0], [0, 0, 0, 1], [0, 0, 1, 0]]\n   output: 2\n*/\nint componentCount(std::vector<int> const& A, size_t N) {",18_graph_count_components,graph,cpp,hpx,0.2,0.95,True,2048,False,,False,False,,92,N/A,,,,,14.848816871643066,,,,,
"#include <hpx/hpx_main.hpp>\n\n/* Count the number of connected components in the undirected graph defined by the adjacency matrix A.\n   A is an NxN adjacency matrix stored in row-major. A is an undirected graph.\n	 Use HPX to compute in parallel.  Assume HPX has already been initialized.\n   Example:\n\n	 input: [[0, 1, 0, 0], [1, 0, 0, 0], [0, 0, 0, 1], [0, 0, 1, 0]]\n   output: 2\n*/\nint componentCount(std::vector<int> const& A, size_t N) {",18_graph_count_components,graph,cpp,hpx,0.2,0.95,True,2048,False,,False,False,,93,N/A,,,,,14.59547472000122,,,,,
"#include <hpx/hpx_main.hpp>\n\n/* Count the number of connected components in the undirected graph defined by the adjacency matrix A.\n   A is an NxN adjacency matrix stored in row-major. A is an undirected graph.\n	 Use HPX to compute in parallel.  Assume HPX has already been initialized.\n   Example:\n\n	 input: [[0, 1, 0, 0], [1, 0, 0, 0], [0, 0, 0, 1], [0, 0, 1, 0]]\n   output: 2\n*/\nint componentCount(std::vector<int> const& A, size_t N) {",18_graph_count_components,graph,cpp,hpx,0.2,0.95,True,2048,False,,False,False,,94,N/A,,,,,16.423734426498413,,,,,
"#include <hpx/hpx_main.hpp>\n\n/* Count the number of connected components in the undirected graph defined by the adjacency matrix A.\n   A is an NxN adjacency matrix stored in row-major. A is an undirected graph.\n	 Use HPX to compute in parallel.  Assume HPX has already been initialized.\n   Example:\n\n	 input: [[0, 1, 0, 0], [1, 0, 0, 0], [0, 0, 0, 1], [0, 0, 1, 0]]\n   output: 2\n*/\nint componentCount(std::vector<int> const& A, size_t N) {",18_graph_count_components,graph,cpp,hpx,0.2,0.95,True,2048,False,,False,False,,95,N/A,,,,,16.27137064933777,,,,,
"#include <hpx/hpx_main.hpp>\n\n/* Count the number of connected components in the undirected graph defined by the adjacency matrix A.\n   A is an NxN adjacency matrix stored in row-major. A is an undirected graph.\n	 Use HPX to compute in parallel.  Assume HPX has already been initialized.\n   Example:\n\n	 input: [[0, 1, 0, 0], [1, 0, 0, 0], [0, 0, 0, 1], [0, 0, 1, 0]]\n   output: 2\n*/\nint componentCount(std::vector<int> const& A, size_t N) {",18_graph_count_components,graph,cpp,hpx,0.2,0.95,True,2048,False,,False,False,,96,N/A,,,,,15.898085117340088,,,,,
"#include <hpx/hpx_main.hpp>\n\n/* Count the number of connected components in the undirected graph defined by the adjacency matrix A.\n   A is an NxN adjacency matrix stored in row-major. A is an undirected graph.\n	 Use HPX to compute in parallel.  Assume HPX has already been initialized.\n   Example:\n\n	 input: [[0, 1, 0, 0], [1, 0, 0, 0], [0, 0, 0, 1], [0, 0, 1, 0]]\n   output: 2\n*/\nint componentCount(std::vector<int> const& A, size_t N) {",18_graph_count_components,graph,cpp,hpx,0.2,0.95,True,2048,False,,False,False,,97,N/A,,,,,15.120250940322876,,,,,
"#include <hpx/hpx_main.hpp>\n\n/* Count the number of connected components in the undirected graph defined by the adjacency matrix A.\n   A is an NxN adjacency matrix stored in row-major. A is an undirected graph.\n	 Use HPX to compute in parallel.  Assume HPX has already been initialized.\n   Example:\n\n	 input: [[0, 1, 0, 0], [1, 0, 0, 0], [0, 0, 0, 1], [0, 0, 1, 0]]\n   output: 2\n*/\nint componentCount(std::vector<int> const& A, size_t N) {",18_graph_count_components,graph,cpp,hpx,0.2,0.95,True,2048,False,,False,False,,98,N/A,,,,,15.320300817489624,,,,,
"#include <hpx/hpx_main.hpp>\n\n/* Count the number of connected components in the undirected graph defined by the adjacency matrix A.\n   A is an NxN adjacency matrix stored in row-major. A is an undirected graph.\n	 Use HPX to compute in parallel.  Assume HPX has already been initialized.\n   Example:\n\n	 input: [[0, 1, 0, 0], [1, 0, 0, 0], [0, 0, 0, 1], [0, 0, 1, 0]]\n   output: 2\n*/\nint componentCount(std::vector<int> const& A, size_t N) {",18_graph_count_components,graph,cpp,hpx,0.2,0.95,True,2048,False,,False,False,,99,N/A,,,,,13.964669227600098,,,,,
"#include <hpx/hpx_main.hpp>\n\n/* Return the length of the shortest path from source to dest in the undirected graph defined by the adjacency matrix A.\n   A is an NxN adjacency matrix stored in row-major. A is an undirected graph.\n   Use HPX to compute in parallel.  Assume HPX has already been initialized.\n   Example:\n\n	 input: [[0, 1, 1, 0], [1, 0, 0, 1], [1, 0, 0, 1], [0, 1, 1, 0]], source=0, dest=3\n   output: 2\n*/\nint shortestPathLength(std::vector<int> const& A, size_t N, int source, int dest) {",19_graph_shortest_path,graph,cpp,hpx,0.2,0.95,True,2048,False,,False,False,,0,N/A,,,,,15.156250953674316,,,,,
"#include <hpx/hpx_main.hpp>\n\n/* Return the length of the shortest path from source to dest in the undirected graph defined by the adjacency matrix A.\n   A is an NxN adjacency matrix stored in row-major. A is an undirected graph.\n   Use HPX to compute in parallel.  Assume HPX has already been initialized.\n   Example:\n\n	 input: [[0, 1, 1, 0], [1, 0, 0, 1], [1, 0, 0, 1], [0, 1, 1, 0]], source=0, dest=3\n   output: 2\n*/\nint shortestPathLength(std::vector<int> const& A, size_t N, int source, int dest) {",19_graph_shortest_path,graph,cpp,hpx,0.2,0.95,True,2048,False,,False,False,,1,N/A,,,,,13.93663215637207,,,,,
"#include <hpx/hpx_main.hpp>\n\n/* Return the length of the shortest path from source to dest in the undirected graph defined by the adjacency matrix A.\n   A is an NxN adjacency matrix stored in row-major. A is an undirected graph.\n   Use HPX to compute in parallel.  Assume HPX has already been initialized.\n   Example:\n\n	 input: [[0, 1, 1, 0], [1, 0, 0, 1], [1, 0, 0, 1], [0, 1, 1, 0]], source=0, dest=3\n   output: 2\n*/\nint shortestPathLength(std::vector<int> const& A, size_t N, int source, int dest) {",19_graph_shortest_path,graph,cpp,hpx,0.2,0.95,True,2048,False,,False,False,,2,N/A,,,,,15.650206089019775,,,,,
"#include <hpx/hpx_main.hpp>\n\n/* Return the length of the shortest path from source to dest in the undirected graph defined by the adjacency matrix A.\n   A is an NxN adjacency matrix stored in row-major. A is an undirected graph.\n   Use HPX to compute in parallel.  Assume HPX has already been initialized.\n   Example:\n\n	 input: [[0, 1, 1, 0], [1, 0, 0, 1], [1, 0, 0, 1], [0, 1, 1, 0]], source=0, dest=3\n   output: 2\n*/\nint shortestPathLength(std::vector<int> const& A, size_t N, int source, int dest) {",19_graph_shortest_path,graph,cpp,hpx,0.2,0.95,True,2048,False,,False,False,,3,N/A,,,,,14.750990390777588,,,,,
"#include <hpx/hpx_main.hpp>\n\n/* Return the length of the shortest path from source to dest in the undirected graph defined by the adjacency matrix A.\n   A is an NxN adjacency matrix stored in row-major. A is an undirected graph.\n   Use HPX to compute in parallel.  Assume HPX has already been initialized.\n   Example:\n\n	 input: [[0, 1, 1, 0], [1, 0, 0, 1], [1, 0, 0, 1], [0, 1, 1, 0]], source=0, dest=3\n   output: 2\n*/\nint shortestPathLength(std::vector<int> const& A, size_t N, int source, int dest) {",19_graph_shortest_path,graph,cpp,hpx,0.2,0.95,True,2048,False,,False,False,,4,N/A,,,,,15.418290138244629,,,,,
"#include <hpx/hpx_main.hpp>\n\n/* Return the length of the shortest path from source to dest in the undirected graph defined by the adjacency matrix A.\n   A is an NxN adjacency matrix stored in row-major. A is an undirected graph.\n   Use HPX to compute in parallel.  Assume HPX has already been initialized.\n   Example:\n\n	 input: [[0, 1, 1, 0], [1, 0, 0, 1], [1, 0, 0, 1], [0, 1, 1, 0]], source=0, dest=3\n   output: 2\n*/\nint shortestPathLength(std::vector<int> const& A, size_t N, int source, int dest) {",19_graph_shortest_path,graph,cpp,hpx,0.2,0.95,True,2048,False,,False,False,,5,N/A,,,,,14.18994927406311,,,,,
"#include <hpx/hpx_main.hpp>\n\n/* Return the length of the shortest path from source to dest in the undirected graph defined by the adjacency matrix A.\n   A is an NxN adjacency matrix stored in row-major. A is an undirected graph.\n   Use HPX to compute in parallel.  Assume HPX has already been initialized.\n   Example:\n\n	 input: [[0, 1, 1, 0], [1, 0, 0, 1], [1, 0, 0, 1], [0, 1, 1, 0]], source=0, dest=3\n   output: 2\n*/\nint shortestPathLength(std::vector<int> const& A, size_t N, int source, int dest) {",19_graph_shortest_path,graph,cpp,hpx,0.2,0.95,True,2048,False,,False,False,,6,N/A,,,,,15.254631757736206,,,,,
"#include <hpx/hpx_main.hpp>\n\n/* Return the length of the shortest path from source to dest in the undirected graph defined by the adjacency matrix A.\n   A is an NxN adjacency matrix stored in row-major. A is an undirected graph.\n   Use HPX to compute in parallel.  Assume HPX has already been initialized.\n   Example:\n\n	 input: [[0, 1, 1, 0], [1, 0, 0, 1], [1, 0, 0, 1], [0, 1, 1, 0]], source=0, dest=3\n   output: 2\n*/\nint shortestPathLength(std::vector<int> const& A, size_t N, int source, int dest) {",19_graph_shortest_path,graph,cpp,hpx,0.2,0.95,True,2048,False,,False,False,,7,N/A,,,,,15.548341512680054,,,,,
"#include <hpx/hpx_main.hpp>\n\n/* Return the length of the shortest path from source to dest in the undirected graph defined by the adjacency matrix A.\n   A is an NxN adjacency matrix stored in row-major. A is an undirected graph.\n   Use HPX to compute in parallel.  Assume HPX has already been initialized.\n   Example:\n\n	 input: [[0, 1, 1, 0], [1, 0, 0, 1], [1, 0, 0, 1], [0, 1, 1, 0]], source=0, dest=3\n   output: 2\n*/\nint shortestPathLength(std::vector<int> const& A, size_t N, int source, int dest) {",19_graph_shortest_path,graph,cpp,hpx,0.2,0.95,True,2048,False,,False,False,,8,N/A,,,,,14.325642108917236,,,,,
"#include <hpx/hpx_main.hpp>\n\n/* Return the length of the shortest path from source to dest in the undirected graph defined by the adjacency matrix A.\n   A is an NxN adjacency matrix stored in row-major. A is an undirected graph.\n   Use HPX to compute in parallel.  Assume HPX has already been initialized.\n   Example:\n\n	 input: [[0, 1, 1, 0], [1, 0, 0, 1], [1, 0, 0, 1], [0, 1, 1, 0]], source=0, dest=3\n   output: 2\n*/\nint shortestPathLength(std::vector<int> const& A, size_t N, int source, int dest) {",19_graph_shortest_path,graph,cpp,hpx,0.2,0.95,True,2048,False,,False,False,,9,N/A,,,,,14.586177110671997,,,,,
"#include <hpx/hpx_main.hpp>\n\n/* Return the length of the shortest path from source to dest in the undirected graph defined by the adjacency matrix A.\n   A is an NxN adjacency matrix stored in row-major. A is an undirected graph.\n   Use HPX to compute in parallel.  Assume HPX has already been initialized.\n   Example:\n\n	 input: [[0, 1, 1, 0], [1, 0, 0, 1], [1, 0, 0, 1], [0, 1, 1, 0]], source=0, dest=3\n   output: 2\n*/\nint shortestPathLength(std::vector<int> const& A, size_t N, int source, int dest) {",19_graph_shortest_path,graph,cpp,hpx,0.2,0.95,True,2048,False,,False,False,,10,N/A,,,,,15.63159966468811,,,,,
"#include <hpx/hpx_main.hpp>\n\n/* Return the length of the shortest path from source to dest in the undirected graph defined by the adjacency matrix A.\n   A is an NxN adjacency matrix stored in row-major. A is an undirected graph.\n   Use HPX to compute in parallel.  Assume HPX has already been initialized.\n   Example:\n\n	 input: [[0, 1, 1, 0], [1, 0, 0, 1], [1, 0, 0, 1], [0, 1, 1, 0]], source=0, dest=3\n   output: 2\n*/\nint shortestPathLength(std::vector<int> const& A, size_t N, int source, int dest) {",19_graph_shortest_path,graph,cpp,hpx,0.2,0.95,True,2048,False,,False,False,,11,N/A,,,,,13.608735799789429,,,,,
"#include <hpx/hpx_main.hpp>\n\n/* Return the length of the shortest path from source to dest in the undirected graph defined by the adjacency matrix A.\n   A is an NxN adjacency matrix stored in row-major. A is an undirected graph.\n   Use HPX to compute in parallel.  Assume HPX has already been initialized.\n   Example:\n\n	 input: [[0, 1, 1, 0], [1, 0, 0, 1], [1, 0, 0, 1], [0, 1, 1, 0]], source=0, dest=3\n   output: 2\n*/\nint shortestPathLength(std::vector<int> const& A, size_t N, int source, int dest) {",19_graph_shortest_path,graph,cpp,hpx,0.2,0.95,True,2048,False,,False,False,,12,N/A,,,,,22.27984642982483,,,,,
"#include <hpx/hpx_main.hpp>\n\n/* Return the length of the shortest path from source to dest in the undirected graph defined by the adjacency matrix A.\n   A is an NxN adjacency matrix stored in row-major. A is an undirected graph.\n   Use HPX to compute in parallel.  Assume HPX has already been initialized.\n   Example:\n\n	 input: [[0, 1, 1, 0], [1, 0, 0, 1], [1, 0, 0, 1], [0, 1, 1, 0]], source=0, dest=3\n   output: 2\n*/\nint shortestPathLength(std::vector<int> const& A, size_t N, int source, int dest) {",19_graph_shortest_path,graph,cpp,hpx,0.2,0.95,True,2048,False,,False,False,,13,N/A,,,,,14.920515060424805,,,,,
"#include <hpx/hpx_main.hpp>\n\n/* Return the length of the shortest path from source to dest in the undirected graph defined by the adjacency matrix A.\n   A is an NxN adjacency matrix stored in row-major. A is an undirected graph.\n   Use HPX to compute in parallel.  Assume HPX has already been initialized.\n   Example:\n\n	 input: [[0, 1, 1, 0], [1, 0, 0, 1], [1, 0, 0, 1], [0, 1, 1, 0]], source=0, dest=3\n   output: 2\n*/\nint shortestPathLength(std::vector<int> const& A, size_t N, int source, int dest) {",19_graph_shortest_path,graph,cpp,hpx,0.2,0.95,True,2048,False,,False,False,,14,N/A,,,,,22.973219871520996,,,,,
"#include <hpx/hpx_main.hpp>\n\n/* Return the length of the shortest path from source to dest in the undirected graph defined by the adjacency matrix A.\n   A is an NxN adjacency matrix stored in row-major. A is an undirected graph.\n   Use HPX to compute in parallel.  Assume HPX has already been initialized.\n   Example:\n\n	 input: [[0, 1, 1, 0], [1, 0, 0, 1], [1, 0, 0, 1], [0, 1, 1, 0]], source=0, dest=3\n   output: 2\n*/\nint shortestPathLength(std::vector<int> const& A, size_t N, int source, int dest) {",19_graph_shortest_path,graph,cpp,hpx,0.2,0.95,True,2048,False,,False,False,,15,N/A,,,,,21.113633632659912,,,,,
"#include <hpx/hpx_main.hpp>\n\n/* Return the length of the shortest path from source to dest in the undirected graph defined by the adjacency matrix A.\n   A is an NxN adjacency matrix stored in row-major. A is an undirected graph.\n   Use HPX to compute in parallel.  Assume HPX has already been initialized.\n   Example:\n\n	 input: [[0, 1, 1, 0], [1, 0, 0, 1], [1, 0, 0, 1], [0, 1, 1, 0]], source=0, dest=3\n   output: 2\n*/\nint shortestPathLength(std::vector<int> const& A, size_t N, int source, int dest) {",19_graph_shortest_path,graph,cpp,hpx,0.2,0.95,True,2048,False,,False,False,,16,N/A,,,,,28.929620027542114,,,,,
"#include <hpx/hpx_main.hpp>\n\n/* Return the length of the shortest path from source to dest in the undirected graph defined by the adjacency matrix A.\n   A is an NxN adjacency matrix stored in row-major. A is an undirected graph.\n   Use HPX to compute in parallel.  Assume HPX has already been initialized.\n   Example:\n\n	 input: [[0, 1, 1, 0], [1, 0, 0, 1], [1, 0, 0, 1], [0, 1, 1, 0]], source=0, dest=3\n   output: 2\n*/\nint shortestPathLength(std::vector<int> const& A, size_t N, int source, int dest) {",19_graph_shortest_path,graph,cpp,hpx,0.2,0.95,True,2048,False,,False,False,,17,N/A,,,,,21.579851865768433,,,,,
"#include <hpx/hpx_main.hpp>\n\n/* Return the length of the shortest path from source to dest in the undirected graph defined by the adjacency matrix A.\n   A is an NxN adjacency matrix stored in row-major. A is an undirected graph.\n   Use HPX to compute in parallel.  Assume HPX has already been initialized.\n   Example:\n\n	 input: [[0, 1, 1, 0], [1, 0, 0, 1], [1, 0, 0, 1], [0, 1, 1, 0]], source=0, dest=3\n   output: 2\n*/\nint shortestPathLength(std::vector<int> const& A, size_t N, int source, int dest) {",19_graph_shortest_path,graph,cpp,hpx,0.2,0.95,True,2048,False,,False,False,,18,N/A,,,,,19.69776940345764,,,,,
"#include <hpx/hpx_main.hpp>\n\n/* Return the length of the shortest path from source to dest in the undirected graph defined by the adjacency matrix A.\n   A is an NxN adjacency matrix stored in row-major. A is an undirected graph.\n   Use HPX to compute in parallel.  Assume HPX has already been initialized.\n   Example:\n\n	 input: [[0, 1, 1, 0], [1, 0, 0, 1], [1, 0, 0, 1], [0, 1, 1, 0]], source=0, dest=3\n   output: 2\n*/\nint shortestPathLength(std::vector<int> const& A, size_t N, int source, int dest) {",19_graph_shortest_path,graph,cpp,hpx,0.2,0.95,True,2048,False,,False,False,,19,N/A,,,,,23.20840072631836,,,,,
"#include <hpx/hpx_main.hpp>\n\n/* Return the length of the shortest path from source to dest in the undirected graph defined by the adjacency matrix A.\n   A is an NxN adjacency matrix stored in row-major. A is an undirected graph.\n   Use HPX to compute in parallel.  Assume HPX has already been initialized.\n   Example:\n\n	 input: [[0, 1, 1, 0], [1, 0, 0, 1], [1, 0, 0, 1], [0, 1, 1, 0]], source=0, dest=3\n   output: 2\n*/\nint shortestPathLength(std::vector<int> const& A, size_t N, int source, int dest) {",19_graph_shortest_path,graph,cpp,hpx,0.2,0.95,True,2048,False,,False,False,,20,N/A,,,,,22.181398391723633,,,,,
"#include <hpx/hpx_main.hpp>\n\n/* Return the length of the shortest path from source to dest in the undirected graph defined by the adjacency matrix A.\n   A is an NxN adjacency matrix stored in row-major. A is an undirected graph.\n   Use HPX to compute in parallel.  Assume HPX has already been initialized.\n   Example:\n\n	 input: [[0, 1, 1, 0], [1, 0, 0, 1], [1, 0, 0, 1], [0, 1, 1, 0]], source=0, dest=3\n   output: 2\n*/\nint shortestPathLength(std::vector<int> const& A, size_t N, int source, int dest) {",19_graph_shortest_path,graph,cpp,hpx,0.2,0.95,True,2048,False,,False,False,,21,N/A,,,,,31.277395486831665,,,,,
"#include <hpx/hpx_main.hpp>\n\n/* Return the length of the shortest path from source to dest in the undirected graph defined by the adjacency matrix A.\n   A is an NxN adjacency matrix stored in row-major. A is an undirected graph.\n   Use HPX to compute in parallel.  Assume HPX has already been initialized.\n   Example:\n\n	 input: [[0, 1, 1, 0], [1, 0, 0, 1], [1, 0, 0, 1], [0, 1, 1, 0]], source=0, dest=3\n   output: 2\n*/\nint shortestPathLength(std::vector<int> const& A, size_t N, int source, int dest) {",19_graph_shortest_path,graph,cpp,hpx,0.2,0.95,True,2048,False,,False,False,,22,N/A,,,,,21.388665199279785,,,,,
"#include <hpx/hpx_main.hpp>\n\n/* Return the length of the shortest path from source to dest in the undirected graph defined by the adjacency matrix A.\n   A is an NxN adjacency matrix stored in row-major. A is an undirected graph.\n   Use HPX to compute in parallel.  Assume HPX has already been initialized.\n   Example:\n\n	 input: [[0, 1, 1, 0], [1, 0, 0, 1], [1, 0, 0, 1], [0, 1, 1, 0]], source=0, dest=3\n   output: 2\n*/\nint shortestPathLength(std::vector<int> const& A, size_t N, int source, int dest) {",19_graph_shortest_path,graph,cpp,hpx,0.2,0.95,True,2048,False,,False,False,,23,N/A,,,,,16.839782238006592,,,,,
"#include <hpx/hpx_main.hpp>\n\n/* Return the length of the shortest path from source to dest in the undirected graph defined by the adjacency matrix A.\n   A is an NxN adjacency matrix stored in row-major. A is an undirected graph.\n   Use HPX to compute in parallel.  Assume HPX has already been initialized.\n   Example:\n\n	 input: [[0, 1, 1, 0], [1, 0, 0, 1], [1, 0, 0, 1], [0, 1, 1, 0]], source=0, dest=3\n   output: 2\n*/\nint shortestPathLength(std::vector<int> const& A, size_t N, int source, int dest) {",19_graph_shortest_path,graph,cpp,hpx,0.2,0.95,True,2048,False,,False,False,,24,N/A,,,,,17.442212343215942,,,,,
"#include <hpx/hpx_main.hpp>\n\n/* Return the length of the shortest path from source to dest in the undirected graph defined by the adjacency matrix A.\n   A is an NxN adjacency matrix stored in row-major. A is an undirected graph.\n   Use HPX to compute in parallel.  Assume HPX has already been initialized.\n   Example:\n\n	 input: [[0, 1, 1, 0], [1, 0, 0, 1], [1, 0, 0, 1], [0, 1, 1, 0]], source=0, dest=3\n   output: 2\n*/\nint shortestPathLength(std::vector<int> const& A, size_t N, int source, int dest) {",19_graph_shortest_path,graph,cpp,hpx,0.2,0.95,True,2048,False,,False,False,,25,N/A,,,,,21.014421939849854,,,,,
"#include <hpx/hpx_main.hpp>\n\n/* Return the length of the shortest path from source to dest in the undirected graph defined by the adjacency matrix A.\n   A is an NxN adjacency matrix stored in row-major. A is an undirected graph.\n   Use HPX to compute in parallel.  Assume HPX has already been initialized.\n   Example:\n\n	 input: [[0, 1, 1, 0], [1, 0, 0, 1], [1, 0, 0, 1], [0, 1, 1, 0]], source=0, dest=3\n   output: 2\n*/\nint shortestPathLength(std::vector<int> const& A, size_t N, int source, int dest) {",19_graph_shortest_path,graph,cpp,hpx,0.2,0.95,True,2048,False,,False,False,,26,N/A,,,,,22.028624057769775,,,,,
"#include <hpx/hpx_main.hpp>\n\n/* Return the length of the shortest path from source to dest in the undirected graph defined by the adjacency matrix A.\n   A is an NxN adjacency matrix stored in row-major. A is an undirected graph.\n   Use HPX to compute in parallel.  Assume HPX has already been initialized.\n   Example:\n\n	 input: [[0, 1, 1, 0], [1, 0, 0, 1], [1, 0, 0, 1], [0, 1, 1, 0]], source=0, dest=3\n   output: 2\n*/\nint shortestPathLength(std::vector<int> const& A, size_t N, int source, int dest) {",19_graph_shortest_path,graph,cpp,hpx,0.2,0.95,True,2048,False,,False,False,,27,N/A,,,,,18.16258406639099,,,,,
"#include <hpx/hpx_main.hpp>\n\n/* Return the length of the shortest path from source to dest in the undirected graph defined by the adjacency matrix A.\n   A is an NxN adjacency matrix stored in row-major. A is an undirected graph.\n   Use HPX to compute in parallel.  Assume HPX has already been initialized.\n   Example:\n\n	 input: [[0, 1, 1, 0], [1, 0, 0, 1], [1, 0, 0, 1], [0, 1, 1, 0]], source=0, dest=3\n   output: 2\n*/\nint shortestPathLength(std::vector<int> const& A, size_t N, int source, int dest) {",19_graph_shortest_path,graph,cpp,hpx,0.2,0.95,True,2048,False,,False,False,,28,N/A,,,,,20.464184522628784,,,,,
"#include <hpx/hpx_main.hpp>\n\n/* Return the length of the shortest path from source to dest in the undirected graph defined by the adjacency matrix A.\n   A is an NxN adjacency matrix stored in row-major. A is an undirected graph.\n   Use HPX to compute in parallel.  Assume HPX has already been initialized.\n   Example:\n\n	 input: [[0, 1, 1, 0], [1, 0, 0, 1], [1, 0, 0, 1], [0, 1, 1, 0]], source=0, dest=3\n   output: 2\n*/\nint shortestPathLength(std::vector<int> const& A, size_t N, int source, int dest) {",19_graph_shortest_path,graph,cpp,hpx,0.2,0.95,True,2048,False,,False,False,,29,N/A,,,,,18.984792709350586,,,,,
"#include <hpx/hpx_main.hpp>\n\n/* Return the length of the shortest path from source to dest in the undirected graph defined by the adjacency matrix A.\n   A is an NxN adjacency matrix stored in row-major. A is an undirected graph.\n   Use HPX to compute in parallel.  Assume HPX has already been initialized.\n   Example:\n\n	 input: [[0, 1, 1, 0], [1, 0, 0, 1], [1, 0, 0, 1], [0, 1, 1, 0]], source=0, dest=3\n   output: 2\n*/\nint shortestPathLength(std::vector<int> const& A, size_t N, int source, int dest) {",19_graph_shortest_path,graph,cpp,hpx,0.2,0.95,True,2048,False,,False,False,,30,N/A,,,,,22.396271228790283,,,,,
"#include <hpx/hpx_main.hpp>\n\n/* Return the length of the shortest path from source to dest in the undirected graph defined by the adjacency matrix A.\n   A is an NxN adjacency matrix stored in row-major. A is an undirected graph.\n   Use HPX to compute in parallel.  Assume HPX has already been initialized.\n   Example:\n\n	 input: [[0, 1, 1, 0], [1, 0, 0, 1], [1, 0, 0, 1], [0, 1, 1, 0]], source=0, dest=3\n   output: 2\n*/\nint shortestPathLength(std::vector<int> const& A, size_t N, int source, int dest) {",19_graph_shortest_path,graph,cpp,hpx,0.2,0.95,True,2048,False,,False,False,,31,N/A,,,,,19.43082594871521,,,,,
"#include <hpx/hpx_main.hpp>\n\n/* Return the length of the shortest path from source to dest in the undirected graph defined by the adjacency matrix A.\n   A is an NxN adjacency matrix stored in row-major. A is an undirected graph.\n   Use HPX to compute in parallel.  Assume HPX has already been initialized.\n   Example:\n\n	 input: [[0, 1, 1, 0], [1, 0, 0, 1], [1, 0, 0, 1], [0, 1, 1, 0]], source=0, dest=3\n   output: 2\n*/\nint shortestPathLength(std::vector<int> const& A, size_t N, int source, int dest) {",19_graph_shortest_path,graph,cpp,hpx,0.2,0.95,True,2048,False,,False,False,,32,N/A,,,,,18.98603343963623,,,,,
"#include <hpx/hpx_main.hpp>\n\n/* Return the length of the shortest path from source to dest in the undirected graph defined by the adjacency matrix A.\n   A is an NxN adjacency matrix stored in row-major. A is an undirected graph.\n   Use HPX to compute in parallel.  Assume HPX has already been initialized.\n   Example:\n\n	 input: [[0, 1, 1, 0], [1, 0, 0, 1], [1, 0, 0, 1], [0, 1, 1, 0]], source=0, dest=3\n   output: 2\n*/\nint shortestPathLength(std::vector<int> const& A, size_t N, int source, int dest) {",19_graph_shortest_path,graph,cpp,hpx,0.2,0.95,True,2048,False,,False,False,,33,N/A,,,,,20.808797359466553,,,,,
"#include <hpx/hpx_main.hpp>\n\n/* Return the length of the shortest path from source to dest in the undirected graph defined by the adjacency matrix A.\n   A is an NxN adjacency matrix stored in row-major. A is an undirected graph.\n   Use HPX to compute in parallel.  Assume HPX has already been initialized.\n   Example:\n\n	 input: [[0, 1, 1, 0], [1, 0, 0, 1], [1, 0, 0, 1], [0, 1, 1, 0]], source=0, dest=3\n   output: 2\n*/\nint shortestPathLength(std::vector<int> const& A, size_t N, int source, int dest) {",19_graph_shortest_path,graph,cpp,hpx,0.2,0.95,True,2048,False,,False,False,,34,N/A,,,,,17.0787353515625,,,,,
"#include <hpx/hpx_main.hpp>\n\n/* Return the length of the shortest path from source to dest in the undirected graph defined by the adjacency matrix A.\n   A is an NxN adjacency matrix stored in row-major. A is an undirected graph.\n   Use HPX to compute in parallel.  Assume HPX has already been initialized.\n   Example:\n\n	 input: [[0, 1, 1, 0], [1, 0, 0, 1], [1, 0, 0, 1], [0, 1, 1, 0]], source=0, dest=3\n   output: 2\n*/\nint shortestPathLength(std::vector<int> const& A, size_t N, int source, int dest) {",19_graph_shortest_path,graph,cpp,hpx,0.2,0.95,True,2048,False,,False,False,,35,N/A,,,,,16.680911779403687,,,,,
"#include <hpx/hpx_main.hpp>\n\n/* Return the length of the shortest path from source to dest in the undirected graph defined by the adjacency matrix A.\n   A is an NxN adjacency matrix stored in row-major. A is an undirected graph.\n   Use HPX to compute in parallel.  Assume HPX has already been initialized.\n   Example:\n\n	 input: [[0, 1, 1, 0], [1, 0, 0, 1], [1, 0, 0, 1], [0, 1, 1, 0]], source=0, dest=3\n   output: 2\n*/\nint shortestPathLength(std::vector<int> const& A, size_t N, int source, int dest) {",19_graph_shortest_path,graph,cpp,hpx,0.2,0.95,True,2048,False,,False,False,,36,N/A,,,,,17.380411386489868,,,,,
"#include <hpx/hpx_main.hpp>\n\n/* Return the length of the shortest path from source to dest in the undirected graph defined by the adjacency matrix A.\n   A is an NxN adjacency matrix stored in row-major. A is an undirected graph.\n   Use HPX to compute in parallel.  Assume HPX has already been initialized.\n   Example:\n\n	 input: [[0, 1, 1, 0], [1, 0, 0, 1], [1, 0, 0, 1], [0, 1, 1, 0]], source=0, dest=3\n   output: 2\n*/\nint shortestPathLength(std::vector<int> const& A, size_t N, int source, int dest) {",19_graph_shortest_path,graph,cpp,hpx,0.2,0.95,True,2048,False,,False,False,,37,N/A,,,,,17.360244512557983,,,,,
"#include <hpx/hpx_main.hpp>\n\n/* Return the length of the shortest path from source to dest in the undirected graph defined by the adjacency matrix A.\n   A is an NxN adjacency matrix stored in row-major. A is an undirected graph.\n   Use HPX to compute in parallel.  Assume HPX has already been initialized.\n   Example:\n\n	 input: [[0, 1, 1, 0], [1, 0, 0, 1], [1, 0, 0, 1], [0, 1, 1, 0]], source=0, dest=3\n   output: 2\n*/\nint shortestPathLength(std::vector<int> const& A, size_t N, int source, int dest) {",19_graph_shortest_path,graph,cpp,hpx,0.2,0.95,True,2048,False,,False,False,,38,N/A,,,,,18.72410011291504,,,,,
"#include <hpx/hpx_main.hpp>\n\n/* Return the length of the shortest path from source to dest in the undirected graph defined by the adjacency matrix A.\n   A is an NxN adjacency matrix stored in row-major. A is an undirected graph.\n   Use HPX to compute in parallel.  Assume HPX has already been initialized.\n   Example:\n\n	 input: [[0, 1, 1, 0], [1, 0, 0, 1], [1, 0, 0, 1], [0, 1, 1, 0]], source=0, dest=3\n   output: 2\n*/\nint shortestPathLength(std::vector<int> const& A, size_t N, int source, int dest) {",19_graph_shortest_path,graph,cpp,hpx,0.2,0.95,True,2048,False,,False,False,,39,N/A,,,,,22.75467538833618,,,,,
"#include <hpx/hpx_main.hpp>\n\n/* Return the length of the shortest path from source to dest in the undirected graph defined by the adjacency matrix A.\n   A is an NxN adjacency matrix stored in row-major. A is an undirected graph.\n   Use HPX to compute in parallel.  Assume HPX has already been initialized.\n   Example:\n\n	 input: [[0, 1, 1, 0], [1, 0, 0, 1], [1, 0, 0, 1], [0, 1, 1, 0]], source=0, dest=3\n   output: 2\n*/\nint shortestPathLength(std::vector<int> const& A, size_t N, int source, int dest) {",19_graph_shortest_path,graph,cpp,hpx,0.2,0.95,True,2048,False,,False,False,,40,N/A,,,,,21.245898485183716,,,,,
"#include <hpx/hpx_main.hpp>\n\n/* Return the length of the shortest path from source to dest in the undirected graph defined by the adjacency matrix A.\n   A is an NxN adjacency matrix stored in row-major. A is an undirected graph.\n   Use HPX to compute in parallel.  Assume HPX has already been initialized.\n   Example:\n\n	 input: [[0, 1, 1, 0], [1, 0, 0, 1], [1, 0, 0, 1], [0, 1, 1, 0]], source=0, dest=3\n   output: 2\n*/\nint shortestPathLength(std::vector<int> const& A, size_t N, int source, int dest) {",19_graph_shortest_path,graph,cpp,hpx,0.2,0.95,True,2048,False,,False,False,,41,N/A,,,,,21.247150897979736,,,,,
"#include <hpx/hpx_main.hpp>\n\n/* Return the length of the shortest path from source to dest in the undirected graph defined by the adjacency matrix A.\n   A is an NxN adjacency matrix stored in row-major. A is an undirected graph.\n   Use HPX to compute in parallel.  Assume HPX has already been initialized.\n   Example:\n\n	 input: [[0, 1, 1, 0], [1, 0, 0, 1], [1, 0, 0, 1], [0, 1, 1, 0]], source=0, dest=3\n   output: 2\n*/\nint shortestPathLength(std::vector<int> const& A, size_t N, int source, int dest) {",19_graph_shortest_path,graph,cpp,hpx,0.2,0.95,True,2048,False,,False,False,,42,N/A,,,,,18.107012033462524,,,,,
"#include <hpx/hpx_main.hpp>\n\n/* Return the length of the shortest path from source to dest in the undirected graph defined by the adjacency matrix A.\n   A is an NxN adjacency matrix stored in row-major. A is an undirected graph.\n   Use HPX to compute in parallel.  Assume HPX has already been initialized.\n   Example:\n\n	 input: [[0, 1, 1, 0], [1, 0, 0, 1], [1, 0, 0, 1], [0, 1, 1, 0]], source=0, dest=3\n   output: 2\n*/\nint shortestPathLength(std::vector<int> const& A, size_t N, int source, int dest) {",19_graph_shortest_path,graph,cpp,hpx,0.2,0.95,True,2048,False,,False,False,,43,N/A,,,,,19.893901109695435,,,,,
"#include <hpx/hpx_main.hpp>\n\n/* Return the length of the shortest path from source to dest in the undirected graph defined by the adjacency matrix A.\n   A is an NxN adjacency matrix stored in row-major. A is an undirected graph.\n   Use HPX to compute in parallel.  Assume HPX has already been initialized.\n   Example:\n\n	 input: [[0, 1, 1, 0], [1, 0, 0, 1], [1, 0, 0, 1], [0, 1, 1, 0]], source=0, dest=3\n   output: 2\n*/\nint shortestPathLength(std::vector<int> const& A, size_t N, int source, int dest) {",19_graph_shortest_path,graph,cpp,hpx,0.2,0.95,True,2048,False,,False,False,,44,N/A,,,,,16.970155239105225,,,,,
"#include <hpx/hpx_main.hpp>\n\n/* Return the length of the shortest path from source to dest in the undirected graph defined by the adjacency matrix A.\n   A is an NxN adjacency matrix stored in row-major. A is an undirected graph.\n   Use HPX to compute in parallel.  Assume HPX has already been initialized.\n   Example:\n\n	 input: [[0, 1, 1, 0], [1, 0, 0, 1], [1, 0, 0, 1], [0, 1, 1, 0]], source=0, dest=3\n   output: 2\n*/\nint shortestPathLength(std::vector<int> const& A, size_t N, int source, int dest) {",19_graph_shortest_path,graph,cpp,hpx,0.2,0.95,True,2048,False,,False,False,,45,N/A,,,,,18.882133722305298,,,,,
"#include <hpx/hpx_main.hpp>\n\n/* Return the length of the shortest path from source to dest in the undirected graph defined by the adjacency matrix A.\n   A is an NxN adjacency matrix stored in row-major. A is an undirected graph.\n   Use HPX to compute in parallel.  Assume HPX has already been initialized.\n   Example:\n\n	 input: [[0, 1, 1, 0], [1, 0, 0, 1], [1, 0, 0, 1], [0, 1, 1, 0]], source=0, dest=3\n   output: 2\n*/\nint shortestPathLength(std::vector<int> const& A, size_t N, int source, int dest) {",19_graph_shortest_path,graph,cpp,hpx,0.2,0.95,True,2048,False,,False,False,,46,N/A,,,,,19.57822847366333,,,,,
"#include <hpx/hpx_main.hpp>\n\n/* Return the length of the shortest path from source to dest in the undirected graph defined by the adjacency matrix A.\n   A is an NxN adjacency matrix stored in row-major. A is an undirected graph.\n   Use HPX to compute in parallel.  Assume HPX has already been initialized.\n   Example:\n\n	 input: [[0, 1, 1, 0], [1, 0, 0, 1], [1, 0, 0, 1], [0, 1, 1, 0]], source=0, dest=3\n   output: 2\n*/\nint shortestPathLength(std::vector<int> const& A, size_t N, int source, int dest) {",19_graph_shortest_path,graph,cpp,hpx,0.2,0.95,True,2048,False,"int shortestPathLength(std::vector<int> const& A, size_t N, int source, int dest) {\n    if (N == 0 || source < 0 || dest < 0 || static_cast<size_t>(source) >= N || static_cast<size_t>(dest) >= N)\n        return -1;\n    if",False,False,,47,N/A,,,,,21.64350175857544,,,,,
"#include <hpx/hpx_main.hpp>\n\n/* Return the length of the shortest path from source to dest in the undirected graph defined by the adjacency matrix A.\n   A is an NxN adjacency matrix stored in row-major. A is an undirected graph.\n   Use HPX to compute in parallel.  Assume HPX has already been initialized.\n   Example:\n\n	 input: [[0, 1, 1, 0], [1, 0, 0, 1], [1, 0, 0, 1], [0, 1, 1, 0]], source=0, dest=3\n   output: 2\n*/\nint shortestPathLength(std::vector<int> const& A, size_t N, int source, int dest) {",19_graph_shortest_path,graph,cpp,hpx,0.2,0.95,True,2048,False,,False,False,,48,N/A,,,,,19.058138608932495,,,,,
"#include <hpx/hpx_main.hpp>\n\n/* Return the length of the shortest path from source to dest in the undirected graph defined by the adjacency matrix A.\n   A is an NxN adjacency matrix stored in row-major. A is an undirected graph.\n   Use HPX to compute in parallel.  Assume HPX has already been initialized.\n   Example:\n\n	 input: [[0, 1, 1, 0], [1, 0, 0, 1], [1, 0, 0, 1], [0, 1, 1, 0]], source=0, dest=3\n   output: 2\n*/\nint shortestPathLength(std::vector<int> const& A, size_t N, int source, int dest) {",19_graph_shortest_path,graph,cpp,hpx,0.2,0.95,True,2048,False,,False,False,,49,N/A,,,,,17.9469051361084,,,,,
"#include <hpx/hpx_main.hpp>\n\n/* Return the length of the shortest path from source to dest in the undirected graph defined by the adjacency matrix A.\n   A is an NxN adjacency matrix stored in row-major. A is an undirected graph.\n   Use HPX to compute in parallel.  Assume HPX has already been initialized.\n   Example:\n\n	 input: [[0, 1, 1, 0], [1, 0, 0, 1], [1, 0, 0, 1], [0, 1, 1, 0]], source=0, dest=3\n   output: 2\n*/\nint shortestPathLength(std::vector<int> const& A, size_t N, int source, int dest) {",19_graph_shortest_path,graph,cpp,hpx,0.2,0.95,True,2048,False,,False,False,,50,N/A,,,,,18.367716550827026,,,,,
"#include <hpx/hpx_main.hpp>\n\n/* Return the length of the shortest path from source to dest in the undirected graph defined by the adjacency matrix A.\n   A is an NxN adjacency matrix stored in row-major. A is an undirected graph.\n   Use HPX to compute in parallel.  Assume HPX has already been initialized.\n   Example:\n\n	 input: [[0, 1, 1, 0], [1, 0, 0, 1], [1, 0, 0, 1], [0, 1, 1, 0]], source=0, dest=3\n   output: 2\n*/\nint shortestPathLength(std::vector<int> const& A, size_t N, int source, int dest) {",19_graph_shortest_path,graph,cpp,hpx,0.2,0.95,True,2048,False,,False,False,,51,N/A,,,,,20.152086973190308,,,,,
"#include <hpx/hpx_main.hpp>\n\n/* Return the length of the shortest path from source to dest in the undirected graph defined by the adjacency matrix A.\n   A is an NxN adjacency matrix stored in row-major. A is an undirected graph.\n   Use HPX to compute in parallel.  Assume HPX has already been initialized.\n   Example:\n\n	 input: [[0, 1, 1, 0], [1, 0, 0, 1], [1, 0, 0, 1], [0, 1, 1, 0]], source=0, dest=3\n   output: 2\n*/\nint shortestPathLength(std::vector<int> const& A, size_t N, int source, int dest) {",19_graph_shortest_path,graph,cpp,hpx,0.2,0.95,True,2048,False,,False,False,,52,N/A,,,,,13.960931777954102,,,,,
"#include <hpx/hpx_main.hpp>\n\n/* Return the length of the shortest path from source to dest in the undirected graph defined by the adjacency matrix A.\n   A is an NxN adjacency matrix stored in row-major. A is an undirected graph.\n   Use HPX to compute in parallel.  Assume HPX has already been initialized.\n   Example:\n\n	 input: [[0, 1, 1, 0], [1, 0, 0, 1], [1, 0, 0, 1], [0, 1, 1, 0]], source=0, dest=3\n   output: 2\n*/\nint shortestPathLength(std::vector<int> const& A, size_t N, int source, int dest) {",19_graph_shortest_path,graph,cpp,hpx,0.2,0.95,True,2048,False,,False,False,,53,N/A,,,,,18.293102741241455,,,,,
"#include <hpx/hpx_main.hpp>\n\n/* Return the length of the shortest path from source to dest in the undirected graph defined by the adjacency matrix A.\n   A is an NxN adjacency matrix stored in row-major. A is an undirected graph.\n   Use HPX to compute in parallel.  Assume HPX has already been initialized.\n   Example:\n\n	 input: [[0, 1, 1, 0], [1, 0, 0, 1], [1, 0, 0, 1], [0, 1, 1, 0]], source=0, dest=3\n   output: 2\n*/\nint shortestPathLength(std::vector<int> const& A, size_t N, int source, int dest) {",19_graph_shortest_path,graph,cpp,hpx,0.2,0.95,True,2048,False,,False,False,,54,N/A,,,,,18.323858976364136,,,,,
"#include <hpx/hpx_main.hpp>\n\n/* Return the length of the shortest path from source to dest in the undirected graph defined by the adjacency matrix A.\n   A is an NxN adjacency matrix stored in row-major. A is an undirected graph.\n   Use HPX to compute in parallel.  Assume HPX has already been initialized.\n   Example:\n\n	 input: [[0, 1, 1, 0], [1, 0, 0, 1], [1, 0, 0, 1], [0, 1, 1, 0]], source=0, dest=3\n   output: 2\n*/\nint shortestPathLength(std::vector<int> const& A, size_t N, int source, int dest) {",19_graph_shortest_path,graph,cpp,hpx,0.2,0.95,True,2048,False,,False,False,,55,N/A,,,,,15.664392948150635,,,,,
"#include <hpx/hpx_main.hpp>\n\n/* Return the length of the shortest path from source to dest in the undirected graph defined by the adjacency matrix A.\n   A is an NxN adjacency matrix stored in row-major. A is an undirected graph.\n   Use HPX to compute in parallel.  Assume HPX has already been initialized.\n   Example:\n\n	 input: [[0, 1, 1, 0], [1, 0, 0, 1], [1, 0, 0, 1], [0, 1, 1, 0]], source=0, dest=3\n   output: 2\n*/\nint shortestPathLength(std::vector<int> const& A, size_t N, int source, int dest) {",19_graph_shortest_path,graph,cpp,hpx,0.2,0.95,True,2048,False,,False,False,,56,N/A,,,,,17.901296615600586,,,,,
"#include <hpx/hpx_main.hpp>\n\n/* Return the length of the shortest path from source to dest in the undirected graph defined by the adjacency matrix A.\n   A is an NxN adjacency matrix stored in row-major. A is an undirected graph.\n   Use HPX to compute in parallel.  Assume HPX has already been initialized.\n   Example:\n\n	 input: [[0, 1, 1, 0], [1, 0, 0, 1], [1, 0, 0, 1], [0, 1, 1, 0]], source=0, dest=3\n   output: 2\n*/\nint shortestPathLength(std::vector<int> const& A, size_t N, int source, int dest) {",19_graph_shortest_path,graph,cpp,hpx,0.2,0.95,True,2048,False,,False,False,,57,N/A,,,,,18.79539918899536,,,,,
"#include <hpx/hpx_main.hpp>\n\n/* Return the length of the shortest path from source to dest in the undirected graph defined by the adjacency matrix A.\n   A is an NxN adjacency matrix stored in row-major. A is an undirected graph.\n   Use HPX to compute in parallel.  Assume HPX has already been initialized.\n   Example:\n\n	 input: [[0, 1, 1, 0], [1, 0, 0, 1], [1, 0, 0, 1], [0, 1, 1, 0]], source=0, dest=3\n   output: 2\n*/\nint shortestPathLength(std::vector<int> const& A, size_t N, int source, int dest) {",19_graph_shortest_path,graph,cpp,hpx,0.2,0.95,True,2048,False,,False,False,,58,N/A,,,,,25.01841163635254,,,,,
"#include <hpx/hpx_main.hpp>\n\n/* Return the length of the shortest path from source to dest in the undirected graph defined by the adjacency matrix A.\n   A is an NxN adjacency matrix stored in row-major. A is an undirected graph.\n   Use HPX to compute in parallel.  Assume HPX has already been initialized.\n   Example:\n\n	 input: [[0, 1, 1, 0], [1, 0, 0, 1], [1, 0, 0, 1], [0, 1, 1, 0]], source=0, dest=3\n   output: 2\n*/\nint shortestPathLength(std::vector<int> const& A, size_t N, int source, int dest) {",19_graph_shortest_path,graph,cpp,hpx,0.2,0.95,True,2048,False,,False,False,,59,N/A,,,,,17.21157169342041,,,,,
"#include <hpx/hpx_main.hpp>\n\n/* Return the length of the shortest path from source to dest in the undirected graph defined by the adjacency matrix A.\n   A is an NxN adjacency matrix stored in row-major. A is an undirected graph.\n   Use HPX to compute in parallel.  Assume HPX has already been initialized.\n   Example:\n\n	 input: [[0, 1, 1, 0], [1, 0, 0, 1], [1, 0, 0, 1], [0, 1, 1, 0]], source=0, dest=3\n   output: 2\n*/\nint shortestPathLength(std::vector<int> const& A, size_t N, int source, int dest) {",19_graph_shortest_path,graph,cpp,hpx,0.2,0.95,True,2048,False,,False,False,,60,N/A,,,,,22.370765686035156,,,,,
"#include <hpx/hpx_main.hpp>\n\n/* Return the length of the shortest path from source to dest in the undirected graph defined by the adjacency matrix A.\n   A is an NxN adjacency matrix stored in row-major. A is an undirected graph.\n   Use HPX to compute in parallel.  Assume HPX has already been initialized.\n   Example:\n\n	 input: [[0, 1, 1, 0], [1, 0, 0, 1], [1, 0, 0, 1], [0, 1, 1, 0]], source=0, dest=3\n   output: 2\n*/\nint shortestPathLength(std::vector<int> const& A, size_t N, int source, int dest) {",19_graph_shortest_path,graph,cpp,hpx,0.2,0.95,True,2048,False,,False,False,,61,N/A,,,,,19.229440927505493,,,,,
"#include <hpx/hpx_main.hpp>\n\n/* Return the length of the shortest path from source to dest in the undirected graph defined by the adjacency matrix A.\n   A is an NxN adjacency matrix stored in row-major. A is an undirected graph.\n   Use HPX to compute in parallel.  Assume HPX has already been initialized.\n   Example:\n\n	 input: [[0, 1, 1, 0], [1, 0, 0, 1], [1, 0, 0, 1], [0, 1, 1, 0]], source=0, dest=3\n   output: 2\n*/\nint shortestPathLength(std::vector<int> const& A, size_t N, int source, int dest) {",19_graph_shortest_path,graph,cpp,hpx,0.2,0.95,True,2048,False,,False,False,,62,N/A,,,,,18.433324098587036,,,,,
"#include <hpx/hpx_main.hpp>\n\n/* Return the length of the shortest path from source to dest in the undirected graph defined by the adjacency matrix A.\n   A is an NxN adjacency matrix stored in row-major. A is an undirected graph.\n   Use HPX to compute in parallel.  Assume HPX has already been initialized.\n   Example:\n\n	 input: [[0, 1, 1, 0], [1, 0, 0, 1], [1, 0, 0, 1], [0, 1, 1, 0]], source=0, dest=3\n   output: 2\n*/\nint shortestPathLength(std::vector<int> const& A, size_t N, int source, int dest) {",19_graph_shortest_path,graph,cpp,hpx,0.2,0.95,True,2048,False,,False,False,,63,N/A,,,,,21.54776930809021,,,,,
"#include <hpx/hpx_main.hpp>\n\n/* Return the length of the shortest path from source to dest in the undirected graph defined by the adjacency matrix A.\n   A is an NxN adjacency matrix stored in row-major. A is an undirected graph.\n   Use HPX to compute in parallel.  Assume HPX has already been initialized.\n   Example:\n\n	 input: [[0, 1, 1, 0], [1, 0, 0, 1], [1, 0, 0, 1], [0, 1, 1, 0]], source=0, dest=3\n   output: 2\n*/\nint shortestPathLength(std::vector<int> const& A, size_t N, int source, int dest) {",19_graph_shortest_path,graph,cpp,hpx,0.2,0.95,True,2048,False,,False,False,,64,N/A,,,,,25.396895170211792,,,,,
"#include <hpx/hpx_main.hpp>\n\n/* Return the length of the shortest path from source to dest in the undirected graph defined by the adjacency matrix A.\n   A is an NxN adjacency matrix stored in row-major. A is an undirected graph.\n   Use HPX to compute in parallel.  Assume HPX has already been initialized.\n   Example:\n\n	 input: [[0, 1, 1, 0], [1, 0, 0, 1], [1, 0, 0, 1], [0, 1, 1, 0]], source=0, dest=3\n   output: 2\n*/\nint shortestPathLength(std::vector<int> const& A, size_t N, int source, int dest) {",19_graph_shortest_path,graph,cpp,hpx,0.2,0.95,True,2048,False,,False,False,,65,N/A,,,,,17.638992309570312,,,,,
"#include <hpx/hpx_main.hpp>\n\n/* Return the length of the shortest path from source to dest in the undirected graph defined by the adjacency matrix A.\n   A is an NxN adjacency matrix stored in row-major. A is an undirected graph.\n   Use HPX to compute in parallel.  Assume HPX has already been initialized.\n   Example:\n\n	 input: [[0, 1, 1, 0], [1, 0, 0, 1], [1, 0, 0, 1], [0, 1, 1, 0]], source=0, dest=3\n   output: 2\n*/\nint shortestPathLength(std::vector<int> const& A, size_t N, int source, int dest) {",19_graph_shortest_path,graph,cpp,hpx,0.2,0.95,True,2048,False,,False,False,,66,N/A,,,,,19.931095361709595,,,,,
"#include <hpx/hpx_main.hpp>\n\n/* Return the length of the shortest path from source to dest in the undirected graph defined by the adjacency matrix A.\n   A is an NxN adjacency matrix stored in row-major. A is an undirected graph.\n   Use HPX to compute in parallel.  Assume HPX has already been initialized.\n   Example:\n\n	 input: [[0, 1, 1, 0], [1, 0, 0, 1], [1, 0, 0, 1], [0, 1, 1, 0]], source=0, dest=3\n   output: 2\n*/\nint shortestPathLength(std::vector<int> const& A, size_t N, int source, int dest) {",19_graph_shortest_path,graph,cpp,hpx,0.2,0.95,True,2048,False,,False,False,,67,N/A,,,,,17.857848167419434,,,,,
"#include <hpx/hpx_main.hpp>\n\n/* Return the length of the shortest path from source to dest in the undirected graph defined by the adjacency matrix A.\n   A is an NxN adjacency matrix stored in row-major. A is an undirected graph.\n   Use HPX to compute in parallel.  Assume HPX has already been initialized.\n   Example:\n\n	 input: [[0, 1, 1, 0], [1, 0, 0, 1], [1, 0, 0, 1], [0, 1, 1, 0]], source=0, dest=3\n   output: 2\n*/\nint shortestPathLength(std::vector<int> const& A, size_t N, int source, int dest) {",19_graph_shortest_path,graph,cpp,hpx,0.2,0.95,True,2048,False,,False,False,,68,N/A,,,,,23.162517547607422,,,,,
"#include <hpx/hpx_main.hpp>\n\n/* Return the length of the shortest path from source to dest in the undirected graph defined by the adjacency matrix A.\n   A is an NxN adjacency matrix stored in row-major. A is an undirected graph.\n   Use HPX to compute in parallel.  Assume HPX has already been initialized.\n   Example:\n\n	 input: [[0, 1, 1, 0], [1, 0, 0, 1], [1, 0, 0, 1], [0, 1, 1, 0]], source=0, dest=3\n   output: 2\n*/\nint shortestPathLength(std::vector<int> const& A, size_t N, int source, int dest) {",19_graph_shortest_path,graph,cpp,hpx,0.2,0.95,True,2048,False,,False,False,,69,N/A,,,,,20.431464910507202,,,,,
"#include <hpx/hpx_main.hpp>\n\n/* Return the length of the shortest path from source to dest in the undirected graph defined by the adjacency matrix A.\n   A is an NxN adjacency matrix stored in row-major. A is an undirected graph.\n   Use HPX to compute in parallel.  Assume HPX has already been initialized.\n   Example:\n\n	 input: [[0, 1, 1, 0], [1, 0, 0, 1], [1, 0, 0, 1], [0, 1, 1, 0]], source=0, dest=3\n   output: 2\n*/\nint shortestPathLength(std::vector<int> const& A, size_t N, int source, int dest) {",19_graph_shortest_path,graph,cpp,hpx,0.2,0.95,True,2048,False,,False,False,,70,N/A,,,,,18.211803913116455,,,,,
"#include <hpx/hpx_main.hpp>\n\n/* Return the length of the shortest path from source to dest in the undirected graph defined by the adjacency matrix A.\n   A is an NxN adjacency matrix stored in row-major. A is an undirected graph.\n   Use HPX to compute in parallel.  Assume HPX has already been initialized.\n   Example:\n\n	 input: [[0, 1, 1, 0], [1, 0, 0, 1], [1, 0, 0, 1], [0, 1, 1, 0]], source=0, dest=3\n   output: 2\n*/\nint shortestPathLength(std::vector<int> const& A, size_t N, int source, int dest) {",19_graph_shortest_path,graph,cpp,hpx,0.2,0.95,True,2048,False,,False,False,,71,N/A,,,,,24.39160966873169,,,,,
"#include <hpx/hpx_main.hpp>\n\n/* Return the length of the shortest path from source to dest in the undirected graph defined by the adjacency matrix A.\n   A is an NxN adjacency matrix stored in row-major. A is an undirected graph.\n   Use HPX to compute in parallel.  Assume HPX has already been initialized.\n   Example:\n\n	 input: [[0, 1, 1, 0], [1, 0, 0, 1], [1, 0, 0, 1], [0, 1, 1, 0]], source=0, dest=3\n   output: 2\n*/\nint shortestPathLength(std::vector<int> const& A, size_t N, int source, int dest) {",19_graph_shortest_path,graph,cpp,hpx,0.2,0.95,True,2048,False,,False,False,,72,N/A,,,,,30.488582134246826,,,,,
"#include <hpx/hpx_main.hpp>\n\n/* Return the length of the shortest path from source to dest in the undirected graph defined by the adjacency matrix A.\n   A is an NxN adjacency matrix stored in row-major. A is an undirected graph.\n   Use HPX to compute in parallel.  Assume HPX has already been initialized.\n   Example:\n\n	 input: [[0, 1, 1, 0], [1, 0, 0, 1], [1, 0, 0, 1], [0, 1, 1, 0]], source=0, dest=3\n   output: 2\n*/\nint shortestPathLength(std::vector<int> const& A, size_t N, int source, int dest) {",19_graph_shortest_path,graph,cpp,hpx,0.2,0.95,True,2048,False,,False,False,,73,N/A,,,,,21.02956771850586,,,,,
"#include <hpx/hpx_main.hpp>\n\n/* Return the length of the shortest path from source to dest in the undirected graph defined by the adjacency matrix A.\n   A is an NxN adjacency matrix stored in row-major. A is an undirected graph.\n   Use HPX to compute in parallel.  Assume HPX has already been initialized.\n   Example:\n\n	 input: [[0, 1, 1, 0], [1, 0, 0, 1], [1, 0, 0, 1], [0, 1, 1, 0]], source=0, dest=3\n   output: 2\n*/\nint shortestPathLength(std::vector<int> const& A, size_t N, int source, int dest) {",19_graph_shortest_path,graph,cpp,hpx,0.2,0.95,True,2048,False,,False,False,,74,N/A,,,,,33.192160844802856,,,,,
"#include <hpx/hpx_main.hpp>\n\n/* Return the length of the shortest path from source to dest in the undirected graph defined by the adjacency matrix A.\n   A is an NxN adjacency matrix stored in row-major. A is an undirected graph.\n   Use HPX to compute in parallel.  Assume HPX has already been initialized.\n   Example:\n\n	 input: [[0, 1, 1, 0], [1, 0, 0, 1], [1, 0, 0, 1], [0, 1, 1, 0]], source=0, dest=3\n   output: 2\n*/\nint shortestPathLength(std::vector<int> const& A, size_t N, int source, int dest) {",19_graph_shortest_path,graph,cpp,hpx,0.2,0.95,True,2048,False,,False,False,,75,N/A,,,,,23.197265625,,,,,
"#include <hpx/hpx_main.hpp>\n\n/* Return the length of the shortest path from source to dest in the undirected graph defined by the adjacency matrix A.\n   A is an NxN adjacency matrix stored in row-major. A is an undirected graph.\n   Use HPX to compute in parallel.  Assume HPX has already been initialized.\n   Example:\n\n	 input: [[0, 1, 1, 0], [1, 0, 0, 1], [1, 0, 0, 1], [0, 1, 1, 0]], source=0, dest=3\n   output: 2\n*/\nint shortestPathLength(std::vector<int> const& A, size_t N, int source, int dest) {",19_graph_shortest_path,graph,cpp,hpx,0.2,0.95,True,2048,False,,False,False,,76,N/A,,,,,22.733809232711792,,,,,
"#include <hpx/hpx_main.hpp>\n\n/* Return the length of the shortest path from source to dest in the undirected graph defined by the adjacency matrix A.\n   A is an NxN adjacency matrix stored in row-major. A is an undirected graph.\n   Use HPX to compute in parallel.  Assume HPX has already been initialized.\n   Example:\n\n	 input: [[0, 1, 1, 0], [1, 0, 0, 1], [1, 0, 0, 1], [0, 1, 1, 0]], source=0, dest=3\n   output: 2\n*/\nint shortestPathLength(std::vector<int> const& A, size_t N, int source, int dest) {",19_graph_shortest_path,graph,cpp,hpx,0.2,0.95,True,2048,False,,False,False,,77,N/A,,,,,18.23370099067688,,,,,
"#include <hpx/hpx_main.hpp>\n\n/* Return the length of the shortest path from source to dest in the undirected graph defined by the adjacency matrix A.\n   A is an NxN adjacency matrix stored in row-major. A is an undirected graph.\n   Use HPX to compute in parallel.  Assume HPX has already been initialized.\n   Example:\n\n	 input: [[0, 1, 1, 0], [1, 0, 0, 1], [1, 0, 0, 1], [0, 1, 1, 0]], source=0, dest=3\n   output: 2\n*/\nint shortestPathLength(std::vector<int> const& A, size_t N, int source, int dest) {",19_graph_shortest_path,graph,cpp,hpx,0.2,0.95,True,2048,False,,False,False,,78,N/A,,,,,23.06618905067444,,,,,
"#include <hpx/hpx_main.hpp>\n\n/* Return the length of the shortest path from source to dest in the undirected graph defined by the adjacency matrix A.\n   A is an NxN adjacency matrix stored in row-major. A is an undirected graph.\n   Use HPX to compute in parallel.  Assume HPX has already been initialized.\n   Example:\n\n	 input: [[0, 1, 1, 0], [1, 0, 0, 1], [1, 0, 0, 1], [0, 1, 1, 0]], source=0, dest=3\n   output: 2\n*/\nint shortestPathLength(std::vector<int> const& A, size_t N, int source, int dest) {",19_graph_shortest_path,graph,cpp,hpx,0.2,0.95,True,2048,False,,False,False,,79,N/A,,,,,19.139187574386597,,,,,
"#include <hpx/hpx_main.hpp>\n\n/* Return the length of the shortest path from source to dest in the undirected graph defined by the adjacency matrix A.\n   A is an NxN adjacency matrix stored in row-major. A is an undirected graph.\n   Use HPX to compute in parallel.  Assume HPX has already been initialized.\n   Example:\n\n	 input: [[0, 1, 1, 0], [1, 0, 0, 1], [1, 0, 0, 1], [0, 1, 1, 0]], source=0, dest=3\n   output: 2\n*/\nint shortestPathLength(std::vector<int> const& A, size_t N, int source, int dest) {",19_graph_shortest_path,graph,cpp,hpx,0.2,0.95,True,2048,False,,False,False,,80,N/A,,,,,38.80078482627869,,,,,
"#include <hpx/hpx_main.hpp>\n\n/* Return the length of the shortest path from source to dest in the undirected graph defined by the adjacency matrix A.\n   A is an NxN adjacency matrix stored in row-major. A is an undirected graph.\n   Use HPX to compute in parallel.  Assume HPX has already been initialized.\n   Example:\n\n	 input: [[0, 1, 1, 0], [1, 0, 0, 1], [1, 0, 0, 1], [0, 1, 1, 0]], source=0, dest=3\n   output: 2\n*/\nint shortestPathLength(std::vector<int> const& A, size_t N, int source, int dest) {",19_graph_shortest_path,graph,cpp,hpx,0.2,0.95,True,2048,False,,False,False,,81,N/A,,,,,17.20548725128174,,,,,
"#include <hpx/hpx_main.hpp>\n\n/* Return the length of the shortest path from source to dest in the undirected graph defined by the adjacency matrix A.\n   A is an NxN adjacency matrix stored in row-major. A is an undirected graph.\n   Use HPX to compute in parallel.  Assume HPX has already been initialized.\n   Example:\n\n	 input: [[0, 1, 1, 0], [1, 0, 0, 1], [1, 0, 0, 1], [0, 1, 1, 0]], source=0, dest=3\n   output: 2\n*/\nint shortestPathLength(std::vector<int> const& A, size_t N, int source, int dest) {",19_graph_shortest_path,graph,cpp,hpx,0.2,0.95,True,2048,False,,False,False,,82,N/A,,,,,27.587582111358643,,,,,
"#include <hpx/hpx_main.hpp>\n\n/* Return the length of the shortest path from source to dest in the undirected graph defined by the adjacency matrix A.\n   A is an NxN adjacency matrix stored in row-major. A is an undirected graph.\n   Use HPX to compute in parallel.  Assume HPX has already been initialized.\n   Example:\n\n	 input: [[0, 1, 1, 0], [1, 0, 0, 1], [1, 0, 0, 1], [0, 1, 1, 0]], source=0, dest=3\n   output: 2\n*/\nint shortestPathLength(std::vector<int> const& A, size_t N, int source, int dest) {",19_graph_shortest_path,graph,cpp,hpx,0.2,0.95,True,2048,False,,False,False,,83,N/A,,,,,19.657206773757935,,,,,
"#include <hpx/hpx_main.hpp>\n\n/* Return the length of the shortest path from source to dest in the undirected graph defined by the adjacency matrix A.\n   A is an NxN adjacency matrix stored in row-major. A is an undirected graph.\n   Use HPX to compute in parallel.  Assume HPX has already been initialized.\n   Example:\n\n	 input: [[0, 1, 1, 0], [1, 0, 0, 1], [1, 0, 0, 1], [0, 1, 1, 0]], source=0, dest=3\n   output: 2\n*/\nint shortestPathLength(std::vector<int> const& A, size_t N, int source, int dest) {",19_graph_shortest_path,graph,cpp,hpx,0.2,0.95,True,2048,False,,False,False,,84,N/A,,,,,18.84139132499695,,,,,
"#include <hpx/hpx_main.hpp>\n\n/* Return the length of the shortest path from source to dest in the undirected graph defined by the adjacency matrix A.\n   A is an NxN adjacency matrix stored in row-major. A is an undirected graph.\n   Use HPX to compute in parallel.  Assume HPX has already been initialized.\n   Example:\n\n	 input: [[0, 1, 1, 0], [1, 0, 0, 1], [1, 0, 0, 1], [0, 1, 1, 0]], source=0, dest=3\n   output: 2\n*/\nint shortestPathLength(std::vector<int> const& A, size_t N, int source, int dest) {",19_graph_shortest_path,graph,cpp,hpx,0.2,0.95,True,2048,False,,False,False,,85,N/A,,,,,17.942149877548218,,,,,
"#include <hpx/hpx_main.hpp>\n\n/* Return the length of the shortest path from source to dest in the undirected graph defined by the adjacency matrix A.\n   A is an NxN adjacency matrix stored in row-major. A is an undirected graph.\n   Use HPX to compute in parallel.  Assume HPX has already been initialized.\n   Example:\n\n	 input: [[0, 1, 1, 0], [1, 0, 0, 1], [1, 0, 0, 1], [0, 1, 1, 0]], source=0, dest=3\n   output: 2\n*/\nint shortestPathLength(std::vector<int> const& A, size_t N, int source, int dest) {",19_graph_shortest_path,graph,cpp,hpx,0.2,0.95,True,2048,False,,False,False,,86,N/A,,,,,17.75883936882019,,,,,
"#include <hpx/hpx_main.hpp>\n\n/* Return the length of the shortest path from source to dest in the undirected graph defined by the adjacency matrix A.\n   A is an NxN adjacency matrix stored in row-major. A is an undirected graph.\n   Use HPX to compute in parallel.  Assume HPX has already been initialized.\n   Example:\n\n	 input: [[0, 1, 1, 0], [1, 0, 0, 1], [1, 0, 0, 1], [0, 1, 1, 0]], source=0, dest=3\n   output: 2\n*/\nint shortestPathLength(std::vector<int> const& A, size_t N, int source, int dest) {",19_graph_shortest_path,graph,cpp,hpx,0.2,0.95,True,2048,False,,False,False,,87,N/A,,,,,22.49964737892151,,,,,
"#include <hpx/hpx_main.hpp>\n\n/* Return the length of the shortest path from source to dest in the undirected graph defined by the adjacency matrix A.\n   A is an NxN adjacency matrix stored in row-major. A is an undirected graph.\n   Use HPX to compute in parallel.  Assume HPX has already been initialized.\n   Example:\n\n	 input: [[0, 1, 1, 0], [1, 0, 0, 1], [1, 0, 0, 1], [0, 1, 1, 0]], source=0, dest=3\n   output: 2\n*/\nint shortestPathLength(std::vector<int> const& A, size_t N, int source, int dest) {",19_graph_shortest_path,graph,cpp,hpx,0.2,0.95,True,2048,False,,False,False,,88,N/A,,,,,18.480425119400024,,,,,
"#include <hpx/hpx_main.hpp>\n\n/* Return the length of the shortest path from source to dest in the undirected graph defined by the adjacency matrix A.\n   A is an NxN adjacency matrix stored in row-major. A is an undirected graph.\n   Use HPX to compute in parallel.  Assume HPX has already been initialized.\n   Example:\n\n	 input: [[0, 1, 1, 0], [1, 0, 0, 1], [1, 0, 0, 1], [0, 1, 1, 0]], source=0, dest=3\n   output: 2\n*/\nint shortestPathLength(std::vector<int> const& A, size_t N, int source, int dest) {",19_graph_shortest_path,graph,cpp,hpx,0.2,0.95,True,2048,False,,False,False,,89,N/A,,,,,21.585614442825317,,,,,
"#include <hpx/hpx_main.hpp>\n\n/* Return the length of the shortest path from source to dest in the undirected graph defined by the adjacency matrix A.\n   A is an NxN adjacency matrix stored in row-major. A is an undirected graph.\n   Use HPX to compute in parallel.  Assume HPX has already been initialized.\n   Example:\n\n	 input: [[0, 1, 1, 0], [1, 0, 0, 1], [1, 0, 0, 1], [0, 1, 1, 0]], source=0, dest=3\n   output: 2\n*/\nint shortestPathLength(std::vector<int> const& A, size_t N, int source, int dest) {",19_graph_shortest_path,graph,cpp,hpx,0.2,0.95,True,2048,False,,False,False,,90,N/A,,,,,17.46301555633545,,,,,
"#include <hpx/hpx_main.hpp>\n\n/* Return the length of the shortest path from source to dest in the undirected graph defined by the adjacency matrix A.\n   A is an NxN adjacency matrix stored in row-major. A is an undirected graph.\n   Use HPX to compute in parallel.  Assume HPX has already been initialized.\n   Example:\n\n	 input: [[0, 1, 1, 0], [1, 0, 0, 1], [1, 0, 0, 1], [0, 1, 1, 0]], source=0, dest=3\n   output: 2\n*/\nint shortestPathLength(std::vector<int> const& A, size_t N, int source, int dest) {",19_graph_shortest_path,graph,cpp,hpx,0.2,0.95,True,2048,False,,False,False,,91,N/A,,,,,14.363092184066772,,,,,
"#include <hpx/hpx_main.hpp>\n\n/* Return the length of the shortest path from source to dest in the undirected graph defined by the adjacency matrix A.\n   A is an NxN adjacency matrix stored in row-major. A is an undirected graph.\n   Use HPX to compute in parallel.  Assume HPX has already been initialized.\n   Example:\n\n	 input: [[0, 1, 1, 0], [1, 0, 0, 1], [1, 0, 0, 1], [0, 1, 1, 0]], source=0, dest=3\n   output: 2\n*/\nint shortestPathLength(std::vector<int> const& A, size_t N, int source, int dest) {",19_graph_shortest_path,graph,cpp,hpx,0.2,0.95,True,2048,False,,False,False,,92,N/A,,,,,18.474803686141968,,,,,
"#include <hpx/hpx_main.hpp>\n\n/* Return the length of the shortest path from source to dest in the undirected graph defined by the adjacency matrix A.\n   A is an NxN adjacency matrix stored in row-major. A is an undirected graph.\n   Use HPX to compute in parallel.  Assume HPX has already been initialized.\n   Example:\n\n	 input: [[0, 1, 1, 0], [1, 0, 0, 1], [1, 0, 0, 1], [0, 1, 1, 0]], source=0, dest=3\n   output: 2\n*/\nint shortestPathLength(std::vector<int> const& A, size_t N, int source, int dest) {",19_graph_shortest_path,graph,cpp,hpx,0.2,0.95,True,2048,False,,False,False,,93,N/A,,,,,17.750566482543945,,,,,
"#include <hpx/hpx_main.hpp>\n\n/* Return the length of the shortest path from source to dest in the undirected graph defined by the adjacency matrix A.\n   A is an NxN adjacency matrix stored in row-major. A is an undirected graph.\n   Use HPX to compute in parallel.  Assume HPX has already been initialized.\n   Example:\n\n	 input: [[0, 1, 1, 0], [1, 0, 0, 1], [1, 0, 0, 1], [0, 1, 1, 0]], source=0, dest=3\n   output: 2\n*/\nint shortestPathLength(std::vector<int> const& A, size_t N, int source, int dest) {",19_graph_shortest_path,graph,cpp,hpx,0.2,0.95,True,2048,False,,False,False,,94,N/A,,,,,17.05750012397766,,,,,
"#include <hpx/hpx_main.hpp>\n\n/* Return the length of the shortest path from source to dest in the undirected graph defined by the adjacency matrix A.\n   A is an NxN adjacency matrix stored in row-major. A is an undirected graph.\n   Use HPX to compute in parallel.  Assume HPX has already been initialized.\n   Example:\n\n	 input: [[0, 1, 1, 0], [1, 0, 0, 1], [1, 0, 0, 1], [0, 1, 1, 0]], source=0, dest=3\n   output: 2\n*/\nint shortestPathLength(std::vector<int> const& A, size_t N, int source, int dest) {",19_graph_shortest_path,graph,cpp,hpx,0.2,0.95,True,2048,False,,False,False,,95,N/A,,,,,16.007288932800293,,,,,
"#include <hpx/hpx_main.hpp>\n\n/* Return the length of the shortest path from source to dest in the undirected graph defined by the adjacency matrix A.\n   A is an NxN adjacency matrix stored in row-major. A is an undirected graph.\n   Use HPX to compute in parallel.  Assume HPX has already been initialized.\n   Example:\n\n	 input: [[0, 1, 1, 0], [1, 0, 0, 1], [1, 0, 0, 1], [0, 1, 1, 0]], source=0, dest=3\n   output: 2\n*/\nint shortestPathLength(std::vector<int> const& A, size_t N, int source, int dest) {",19_graph_shortest_path,graph,cpp,hpx,0.2,0.95,True,2048,False,,False,False,,96,N/A,,,,,18.407808780670166,,,,,
"#include <hpx/hpx_main.hpp>\n\n/* Return the length of the shortest path from source to dest in the undirected graph defined by the adjacency matrix A.\n   A is an NxN adjacency matrix stored in row-major. A is an undirected graph.\n   Use HPX to compute in parallel.  Assume HPX has already been initialized.\n   Example:\n\n	 input: [[0, 1, 1, 0], [1, 0, 0, 1], [1, 0, 0, 1], [0, 1, 1, 0]], source=0, dest=3\n   output: 2\n*/\nint shortestPathLength(std::vector<int> const& A, size_t N, int source, int dest) {",19_graph_shortest_path,graph,cpp,hpx,0.2,0.95,True,2048,False,,False,False,,97,N/A,,,,,21.42370843887329,,,,,
"#include <hpx/hpx_main.hpp>\n\n/* Return the length of the shortest path from source to dest in the undirected graph defined by the adjacency matrix A.\n   A is an NxN adjacency matrix stored in row-major. A is an undirected graph.\n   Use HPX to compute in parallel.  Assume HPX has already been initialized.\n   Example:\n\n	 input: [[0, 1, 1, 0], [1, 0, 0, 1], [1, 0, 0, 1], [0, 1, 1, 0]], source=0, dest=3\n   output: 2\n*/\nint shortestPathLength(std::vector<int> const& A, size_t N, int source, int dest) {",19_graph_shortest_path,graph,cpp,hpx,0.2,0.95,True,2048,False,"int shortestPathLength(std::vector<int> const& A, size_t N, int source, int dest) {\n    if (source == dest) return 0;\n    if (N == 0) return -1;\n\n    std::vector<std::atomic<uint8_t>> visited(N);\n    for (size_t i = 0; i < N; ++i) visited[i].store(0, std::memory_order_relaxed);\n    visited[source].store(1, std::memory_order_relaxed);\n\n    std::vector<int> frontier;\n    frontier.push_back(source);\n\n    int depth = 0;\n    while (!frontier.empty()) {\n        ++depth;\n\n        std::vector<std::vector<int>> local(frontier.size());\n        hpx::for_loop(hpx::execution::par, size_t(0),",False,True,,98,N/A,,,,,16.17734694480896,,,,,
"#include <hpx/hpx_main.hpp>\n\n/* Return the length of the shortest path from source to dest in the undirected graph defined by the adjacency matrix A.\n   A is an NxN adjacency matrix stored in row-major. A is an undirected graph.\n   Use HPX to compute in parallel.  Assume HPX has already been initialized.\n   Example:\n\n	 input: [[0, 1, 1, 0], [1, 0, 0, 1], [1, 0, 0, 1], [0, 1, 1, 0]], source=0, dest=3\n   output: 2\n*/\nint shortestPathLength(std::vector<int> const& A, size_t N, int source, int dest) {",19_graph_shortest_path,graph,cpp,hpx,0.2,0.95,True,2048,False,,False,False,,99,N/A,,,,,15.427939653396606,,,,,
